city_id,city,city_ascii,country,iso2,iso3,admin_name,population,dist_km_nearest_region,access_score,nearest_provider,nearest_region,nearest_location_name,observed_ai_works_recent,priority_rank,priority_rule,priority_distance_threshold_km
1764068610,Bangkok,Bangkok,Thailand,TH,THA,Krung Thep Maha Nakhon,17066000.0,1423.4573056931054,49.07950494720321,gcp,asia-southeast1,"Jurong West, Singapore, APAC",0.0,1,zero_observed_ai_and_distance_gte_q75,1251.605776472141
1566593751,Lagos,Lagos,Nigeria,NG,NGA,Lagos,15279000.0,3842.645669085578,14.641315359320654,gcp,europe-southwest1,"Madrid, Spain, Europe",0.0,2,zero_observed_ai_and_distance_gte_q75,1251.605776472141
1180000363,Kinshasa,Kinshasa,Congo (Kinshasa),CD,COD,Kinshasa,13528000.0,2749.7330504605334,25.287334576390986,azure,southafricanorth,"Johannesburg, South Africa North, Africa",0.0,3,zero_observed_ai_and_distance_gte_q75,1251.605776472141
1604728603,Lima,Lima,Peru,PE,PER,Lima,9848000.0,2465.084239371826,29.155047861705345,gcp,southamerica-west1,"Santiago, Chile, South America",0.0,4,zero_observed_ai_and_distance_gte_q75,1251.605776472141
1170483426,Bogotá,Bogota,Colombia,CO,COL,Bogotá,9464000.0,3237.618917173912,19.81344459858409,gcp,us-east1,"Moncks Corner, South Carolina, North America",0.0,5,zero_observed_ai_and_distance_gte_q75,1251.605776472141
1024949724,Luanda,Luanda,Angola,AO,AGO,Luanda,8417000.0,2456.5001569536034,29.280451454764624,azure,southafricanorth,"Johannesburg, South Africa North, Africa",0.0,6,zero_observed_ai_and_distance_gte_q75,1251.605776472141
1729268475,Khartoum,Khartoum,Sudan,SD,SDN,Khartoum,7282000.0,1786.9655857866278,40.92280115217567,aws,il-central-1,Middle East (Israel) - ???,0.0,7,zero_observed_ai_and_distance_gte_q75,1251.605776472141
1834843853,Dar es Salaam,Dar es Salaam,Tanzania,TZ,TZA,Dar es Salaam,6698000.0,2410.3999498575567,29.963207461892623,azure,southafricanorth,"Johannesburg, South Africa North, Africa",0.0,8,zero_observed_ai_and_distance_gte_q75,1251.605776472141
1404000661,Nairobi,Nairobi,Kenya,KE,KEN,Nairobi City,5545000.0,2870.044949387855,23.811001250489834,azure,southafricanorth,"Johannesburg, South Africa North, Africa",0.0,9,zero_observed_ai_and_distance_gte_q75,1251.605776472141
1384207980,Abidjan,Abidjan,Côte D’Ivoire,CI,CIV,Abidjan,4980000.0,3900.8909197451844,14.221070831065767,gcp,europe-southwest1,"Madrid, Spain, Europe",0.0,10,zero_observed_ai_and_distance_gte_q75,1251.605776472141
1068129363,Santa Cruz,Santa Cruz,Bolivia,BO,BOL,Santa Cruz,3151676.0,1820.834268998646,40.235635230795666,gcp,southamerica-east1,"Osasco, São Paulo, Brazil, South America",0.0,11,zero_observed_ai_and_distance_gte_q75,1251.605776472141
1231824991,Addis Ababa,Addis Ababa,Ethiopia,ET,ETH,Ādīs Ābeba,3041002.0,2274.922111468955,32.06320561754603,aws,me-south-1,Middle East (Bahrain),0.0,12,zero_observed_ai_and_distance_gte_q75,1251.605776472141
1364123206,Mashhad,Mashhad,Iran,IR,IRN,Khorāsān-e Raẕavī,3001184.0,1293.7161512363168,52.36885845529466,azure,uaenorth,"Dubai, UAE North, Middle East",0.0,13,zero_observed_ai_and_distance_gte_q75,1251.605776472141
1887750814,Sanaa,Sanaa,Yemen,YE,YEM,Amānat al ‘Āşimah,2957000.0,1369.482845915291,50.422059258918374,aws,me-south-1,Middle East (Bahrain),0.0,14,zero_observed_ai_and_distance_gte_q75,1251.605776472141
1068000064,La Paz,La Paz,Bolivia,BO,BOL,La Paz,2867504.0,1900.6590770929827,38.6613598376654,gcp,southamerica-west1,"Santiago, Chile, South America",0.0,15,zero_observed_ai_and_distance_gte_q75,1251.605776472141
1566422868,Kano,Kano,Nigeria,NG,NGA,Kano,2828861.0,3378.7968251942216,18.4630562010398,gcp,europe-southwest1,"Madrid, Spain, Europe",0.0,16,zero_observed_ai_and_distance_gte_q75,1251.605776472141
1729912179,Omdurman,Omdurman,Sudan,SD,SDN,Khartoum,2805396.0,1778.9684930085612,41.08676045193134,aws,il-central-1,Middle East (Israel) - ???,0.0,17,zero_observed_ai_and_distance_gte_q75,1251.605776472141
1218802178,Guayaquil,Guayaquil,Ecuador,EC,ECU,Guayas,2723665.0,3605.81026553001,16.48193698748784,gcp,southamerica-west1,"Santiago, Chile, South America",0.0,18,zero_observed_ai_and_distance_gte_q75,1251.605776472141
1566366407,Ibadan,Ibadan,Nigeria,NG,NGA,Oyo,2628000.0,3748.932028931451,15.343687804658485,gcp,europe-southwest1,"Madrid, Spain, Europe",0.0,19,zero_observed_ai_and_distance_gte_q75,1251.605776472141
1450978461,Antananarivo,Antananarivo,Madagascar,MG,MDG,Antananarivo,2610000.0,2121.2754545128896,34.623493645278785,azure,southafricanorth,"Johannesburg, South Africa North, Africa",0.0,20,zero_observed_ai_and_distance_gte_q75,1251.605776472141
1214636202,Santo Domingo,Santo Domingo,Dominican Republic,DO,DOM,Ozama,2581827.0,1922.1284319436638,38.248562199720894,gcp,us-east1,"Moncks Corner, South Carolina, North America",0.0,21,zero_observed_ai_and_distance_gte_q75,1251.605776472141
1050830722,Chattogram,Chattogram,Bangladesh,BD,BGD,Chittagong,2581643.0,1322.4449091103588,51.621989325624185,azure,jioindiacentral,"Nagpur, Jio India Central, Asia Pacific",0.0,22,zero_observed_ai_and_distance_gte_q75,1251.605776472141
1170680389,Medellín,Medellin,Colombia,CO,COL,Antioquia,2529403.0,3031.840212930288,21.96060309316162,gcp,us-east1,"Moncks Corner, South Carolina, North America",0.0,23,zero_observed_ai_and_distance_gte_q75,1251.605776472141
1156546994,Baoshan,Baoshan,China,CN,CHN,Yunnan,2506491.0,1500.1825350652464,47.232344297854304,aws,cn-northwest-1,China (Ningxia),0.0,24,zero_observed_ai_and_distance_gte_q75,1251.605776472141
1170417589,Cali,Cali,Colombia,CO,COL,Valle del Cauca,2471474.0,3328.7126533471846,18.931247416283785,gcp,us-east1,"Moncks Corner, South Carolina, North America",0.0,25,zero_observed_ai_and_distance_gte_q75,1251.605776472141
1076567885,Fortaleza,Fortaleza,Brazil,BR,BRA,Ceará,2452185.0,2190.866485951112,33.43947014057727,azure,brazilsoutheast,"Rio, Brazil Southeast, South America",0.0,26,zero_observed_ai_and_distance_gte_q75,1251.605776472141
1320197916,Guatemala City,Guatemala City,Guatemala,GT,GTM,Guatemala,2450212.0,1838.7130892614575,39.8775552819333,azure,southcentralus,"Texas, South Central US, US",0.0,27,zero_observed_ai_and_distance_gte_q75,1251.605776472141
1120494607,Douala,Douala,Cameroon,CM,CMR,Littoral,2446945.0,3866.788840610067,14.46563397513558,azure,southafricanorth,"Johannesburg, South Africa North, Africa",0.0,28,zero_observed_ai_and_distance_gte_q75,1251.605776472141
1120298240,Yaoundé,Yaounde,Cameroon,CM,CMR,Centre,2440462.0,3750.440813341911,15.332117011186122,azure,southafricanorth,"Johannesburg, South Africa North, Africa",0.0,29,zero_observed_ai_and_distance_gte_q75,1251.605776472141
1156044130,Lincang,Lincang,China,CN,CHN,Yunnan,2429497.0,1450.261420753718,48.426126684564366,aws,ap-east-1,Asia Pacific (Hong Kong),0.0,30,zero_observed_ai_and_distance_gte_q75,1251.605776472141
1288299415,Accra,Accra,Ghana,GH,GHA,Greater Accra,2291352.0,3886.9277784957117,14.320703633461227,gcp,europe-southwest1,"Madrid, Spain, Europe",0.0,31,zero_observed_ai_and_distance_gte_q75,1251.605776472141
1031946365,Baku,Baku,Azerbaijan,AZ,AZE,Bakı,2181800.0,1581.5784130923162,45.34867592997333,aws,me-south-1,Middle East (Bahrain),0.0,32,zero_observed_ai_and_distance_gte_q75,1251.605776472141
1706893395,Mogadishu,Mogadishu,Somalia,SO,SOM,Banaadir,2120000.0,2613.2851671404223,27.07274771173287,aws,me-central-1,Middle East (United Arab Emirates) - ???,0.0,33,zero_observed_ai_and_distance_gte_q75,1251.605776472141
1288181103,Kumasi,Kumasi,Ghana,GH,GHA,Ashanti,2069350.0,3756.7385335023614,15.283914251685637,gcp,europe-southwest1,"Madrid, Spain, Europe",0.0,34,zero_observed_ai_and_distance_gte_q75,1251.605776472141
1036178956,Perth,Perth,Australia,AU,AUS,Western Australia,2059484.0,2721.6005788791103,25.64554562131804,azure,australiasoutheast,"Victoria, Australia Southeast, Asia Pacific",0.0,35,zero_observed_ai_and_distance_gte_q75,1251.605776472141
1218441993,Quito,Quito,Ecuador,EC,ECU,Pichincha,2011388.0,3719.0077588286986,15.574988192600484,gcp,us-east1,"Moncks Corner, South Carolina, North America",0.0,36,zero_observed_ai_and_distance_gte_q75,1251.605776472141
1466965925,Bamako,Bamako,Mali,ML,MLI,Bamako,2009109.0,3116.310265891198,21.052410213815417,gcp,europe-southwest1,"Madrid, Spain, Europe",0.0,37,zero_observed_ai_and_distance_gte_q75,1251.605776472141
1180172460,Kananga,Kananga,Congo (Kinshasa),CD,COD,Kasaï Central,1971704.0,2289.192180318798,31.835247752385214,azure,southafricanorth,"Johannesburg, South Africa North, Africa",0.0,38,zero_observed_ai_and_distance_gte_q75,1251.605776472141
1862748204,Caracas,Caracas,Venezuela,VE,VEN,Distrito Capital,1943901.0,2855.659207034222,23.982888154172116,gcp,us-east1,"Moncks Corner, South Carolina, North America",0.0,39,zero_observed_ai_and_distance_gte_q75,1251.605776472141
1398351701,Almaty,Almaty,Kazakhstan,KZ,KAZ,Almaty,1916822.0,1623.512195488641,44.40775375192402,gcp,asia-south2,"Delhi, India APAC",0.0,40,zero_observed_ai_and_distance_gte_q75,1251.605776472141
1454145012,Blantyre,Blantyre,Malawi,MW,MWI,Blantyre,1895973.0,1311.1535891496399,51.91425376139086,azure,southafricanorth,"Johannesburg, South Africa North, Africa",0.0,41,zero_observed_ai_and_distance_gte_q75,1251.605776472141
1404588252,Meru,Meru,Kenya,KE,KEN,Meru,1833000.0,3040.268151212934,21.868256498905403,azure,southafricanorth,"Johannesburg, South Africa North, Africa",0.0,42,zero_observed_ai_and_distance_gte_q75,1251.605776472141
1178340306,Brazzaville,Brazzaville,Congo (Brazzaville),CG,COG,Brazzaville,1827000.0,2756.57349595756,25.200993995599923,azure,southafricanorth,"Johannesburg, South Africa North, Africa",0.0,43,zero_observed_ai_and_distance_gte_q75,1251.605776472141
1076607274,Manaus,Manaus,Brazil,BR,BRA,Amazonas,1802014.0,2680.26411915789,26.181109163474343,gcp,southamerica-east1,"Osasco, São Paulo, Brazil, South America",0.0,44,zero_observed_ai_and_distance_gte_q75,1251.605776472141
1180506234,Lubumbashi,Lubumbashi,Congo (Kinshasa),CD,COD,Haut-Katanga,1786397.0,1565.6204350321023,45.71195990984495,azure,southafricanorth,"Johannesburg, South Africa North, Africa",0.0,45,zero_observed_ai_and_distance_gte_q75,1251.605776472141
1156339225,Heihe,Heihe,China,CN,CHN,Heilongjiang,1750000.0,1410.4393204253074,49.40000501812936,aws,ap-northeast-2,Asia Pacific (Seoul),0.0,46,zero_observed_ai_and_distance_gte_q75,1251.605776472141
1324568159,Conakry,Conakry,Guinea,GN,GIN,Conakry,1667864.0,3575.9695593268,16.729697044626356,gcp,europe-southwest1,"Madrid, Spain, Europe",0.0,47,zero_observed_ai_and_distance_gte_q75,1251.605776472141
1800406299,Kampala,Kampala,Uganda,UG,UGA,Kampala,1659600.0,2933.7158080844606,23.064906931438394,azure,southafricanorth,"Johannesburg, South Africa North, Africa",0.0,48,zero_observed_ai_and_distance_gte_q75,1251.605776472141
1360051337,Makassar,Makassar,Indonesia,ID,IDN,Sulawesi Selatan,1651146.0,1397.5052583929973,49.72051162884474,aws,ap-southeast-3,Asia Pacific (Jakarta),0.0,49,zero_observed_ai_and_distance_gte_q75,1251.605776472141
1608906877,Davao,Davao,Philippines,PH,PHL,Davao,1632991.0,1966.6189893135968,37.40710618548391,gcp,asia-east1,"Changhua County, Taiwan, APAC",0.0,50,zero_observed_ai_and_distance_gte_q75,1251.605776472141
1854029208,Ouagadougou,Ouagadougou,Burkina Faso,BF,BFA,Centre,1626950.0,3127.2833131194375,20.937221948560932,gcp,europe-southwest1,"Madrid, Spain, Europe",0.0,51,zero_observed_ai_and_distance_gte_q75,1251.605776472141
1643399240,Novosibirsk,Novosibirsk,Russia,RU,RUS,Novosibirskaya Oblast’,1602915.0,2627.39831353944,26.88237934988561,aws,cn-northwest-1,China (Ningxia),0.0,52,zero_observed_ai_and_distance_gte_q75,1251.605776472141
1364141756,Tabrīz,Tabriz,Iran,IR,IRN,Āz̄arbāyjān-e Sharqī,1558693.0,1270.097888994451,52.99095515262676,aws,il-central-1,Middle East (Israel) - ???,0.0,53,zero_observed_ai_and_distance_gte_q75,1251.605776472141
1076137337,Recife,Recife,Brazil,BR,BRA,Pernambuco,1555039.0,1875.3193964280708,39.15430929510076,azure,brazilsoutheast,"Rio, Brazil Southeast, South America",0.0,54,zero_observed_ai_and_distance_gte_q75,1251.605776472141
1862072711,Maracaibo,Maracaibo,Venezuela,VE,VEN,Zulia,1551539.0,2650.925839908088,26.567994207103336,gcp,us-east1,"Moncks Corner, South Carolina, North America",0.0,55,zero_observed_ai_and_distance_gte_q75,1251.605776472141
1076646823,Belém,Belem,Brazil,BR,BRA,Pará,1499641.0,2452.3932726277408,29.340638942945457,azure,brazilsoutheast,"Rio, Brazil Southeast, South America",0.0,56,zero_observed_ai_and_distance_gte_q75,1251.605776472141
1862309871,Valencia,Valencia,Venezuela,VE,VEN,Carabobo,1484430.0,2840.219535051246,24.168748600363514,gcp,us-east1,"Moncks Corner, South Carolina, North America",0.0,57,zero_observed_ai_and_distance_gte_q75,1251.605776472141
1566593483,Onitsha,Onitsha,Nigeria,NG,NGA,Anambra,1483000.0,3949.282920955493,13.881107257754435,gcp,europe-southwest1,"Madrid, Spain, Europe",0.0,58,zero_observed_ai_and_distance_gte_q75,1251.605776472141
1554435911,Auckland,Auckland,New Zealand,NZ,NZL,Auckland,1470100.0,2157.74439702028,33.997873803784664,gcp,australia-southeast1,"Sydney, Australia, APAC",0.0,59,zero_observed_ai_and_distance_gte_q75,1251.605776472141
1643582706,Yekaterinburg,Yekaterinburg,Russia,RU,RUS,Sverdlovskaya Oblast’,1468833.0,1952.1793405658473,37.6781562118795,gcp,europe-north1,"Hamina, Finland, Europe",0.0,60,zero_observed_ai_and_distance_gte_q75,1251.605776472141
1566679132,Owerri,Owerri,Nigeria,NG,NGA,Imo,1401873.0,4029.683038574015,13.334153375286645,gcp,europe-southwest1,"Madrid, Spain, Europe",0.0,61,zero_observed_ai_and_distance_gte_q75,1251.605776472141
1858107000,Montevideo,Montevideo,Uruguay,UY,URY,Montevideo,1319108.0,1341.0261723443236,51.14460945351254,gcp,southamerica-west1,"Santiago, Chile, South America",0.0,62,zero_observed_ai_and_distance_gte_q75,1251.605776472141
1180399586,Mbuji-Mayi,Mbuji-Mayi,Congo (Kinshasa),CD,COD,Kasaï Oriental,1295000.0,2235.2128457040412,32.70617058924585,azure,southafricanorth,"Johannesburg, South Africa North, Africa",0.0,63,zero_observed_ai_and_distance_gte_q75,1251.605776472141
1170179113,Barranquilla,Barranquilla,Colombia,CO,COL,Atlántico,1274250.0,2528.8794053372676,28.239747837536132,gcp,us-east1,"Moncks Corner, South Carolina, North America",0.0,64,zero_observed_ai_and_distance_gte_q75,1251.605776472141
1340762485,Comayagüela,Comayaguela,Honduras,HN,HND,Francisco Morazán,1250000.0,2062.1320174016196,35.662659081768346,azure,southcentralus,"Texas, South Central US, US",0.0,65,zero_observed_ai_and_distance_gte_q75,1251.605776472141
1156828380,Dayan,Dayan,China,CN,CHN,Yunnan,1244769.0,1278.7790389078993,52.76144240873876,aws,cn-northwest-1,China (Ningxia),0.0,66,zero_observed_ai_and_distance_gte_q75,1251.605776472141
1643101260,Kazan,Kazan,Russia,RU,RUS,Tatarstan,1243500.0,1382.6888319113684,50.09021952806481,gcp,europe-north1,"Hamina, Finland, Europe",0.0,67,zero_observed_ai_and_distance_gte_q75,1251.605776472141
1566342270,Abuja,Abuja,Nigeria,NG,NGA,Federal Capital Territory,1235880.0,3658.574360073711,16.052795453238073,gcp,europe-southwest1,"Madrid, Spain, Europe",0.0,68,zero_observed_ai_and_distance_gte_q75,1251.605776472141
1104468217,Mandalay,Mandalay,Myanmar,MM,MMR,Mandalay,1225546.0,1759.3570869605526,41.491626778575764,azure,jioindiacentral,"Nagpur, Jio India Central, Asia Pacific",0.0,69,zero_observed_ai_and_distance_gte_q75,1251.605776472141
1076575691,Vila Velha,Vila Velha,Brazil,BR,BRA,Amapá,1209091.0,3012.7726429377867,22.170971973858926,gcp,southamerica-east1,"Osasco, São Paulo, Brazil, South America",0.0,70,zero_observed_ai_and_distance_gte_q75,1251.605776472141
1643224011,Chelyabinsk,Chelyabinsk,Russia,RU,RUS,Chelyabinskaya Oblast’,1202371.0,2084.6179599989714,35.263950364479356,gcp,europe-north1,"Hamina, Finland, Europe",0.0,71,zero_observed_ai_and_distance_gte_q75,1251.605776472141
1404512373,Mombasa,Mombasa,Kenya,KE,KEN,Mombasa,1200000.0,2702.4831351924536,25.89185960641172,azure,southafricanorth,"Johannesburg, South Africa North, Africa",0.0,72,zero_observed_ai_and_distance_gte_q75,1251.605776472141
1566540296,Maiduguri,Maiduguri,Nigeria,NG,NGA,Borno,1197497.0,3122.625265051739,20.986042071232553,aws,il-central-1,Middle East (Israel) - ???,0.0,73,zero_observed_ai_and_distance_gte_q75,1251.605776472141
1566080151,Benin City,Benin City,Nigeria,NG,NGA,Edo,1190000.0,3903.6771190508175,14.201273255428006,gcp,europe-southwest1,"Madrid, Spain, Europe",0.0,74,zero_observed_ai_and_distance_gte_q75,1251.605776472141
1643360863,Omsk,Omsk,Russia,RU,RUS,Omskaya Oblast’,1178391.0,2748.136659821039,25.30752686612226,gcp,europe-north1,"Hamina, Finland, Europe",0.0,75,zero_observed_ai_and_distance_gte_q75,1251.605776472141
1686165071,Pikine,Pikine,Senegal,SN,SEN,Dakar,1170791.0,3147.9603783345246,20.721876890782774,gcp,europe-southwest1,"Madrid, Spain, Europe",0.0,76,zero_observed_ai_and_distance_gte_q75,1251.605776472141
1643205757,Samara,Samara,Russia,RU,RUS,Samarskaya Oblast’,1169719.0,1604.9070628960799,44.822787270681005,gcp,europe-north1,"Hamina, Finland, Europe",0.0,77,zero_observed_ai_and_distance_gte_q75,1251.605776472141
1104838105,Nay Pyi Taw,Nay Pyi Taw,Myanmar,MM,MMR,Nay Pyi Taw,1160242.0,1779.8882153952675,41.06787058892926,azure,jioindiacentral,"Nagpur, Jio India Central, Asia Pacific",0.0,78,zero_observed_ai_and_distance_gte_q75,1251.605776472141
1646923541,Kigali,Kigali,Rwanda,RW,RWA,Kigali,1156663.0,2651.3111730422715,26.56287593594064,azure,southafricanorth,"Johannesburg, South Africa North, Africa",0.0,79,zero_observed_ai_and_distance_gte_q75,1251.605776472141
1686604760,Dakar,Dakar,Senegal,SN,SEN,Dakar,1146053.0,3152.162962800471,20.678379887781652,gcp,europe-southwest1,"Madrid, Spain, Europe",0.0,80,zero_observed_ai_and_distance_gte_q75,1251.605776472141
1156901342,Dadukou,Dadukou,China,CN,CHN,Sichuan,1144000.0,1257.6096573953034,53.32287199811502,aws,cn-northwest-1,China (Ningxia),0.0,81,zero_observed_ai_and_distance_gte_q75,1251.605776472141
1214985348,Santiago,Santiago,Dominican Republic,DO,DOM,Cibao Norte,1142947.0,1786.1394665161488,40.939708201061904,gcp,us-east1,"Moncks Corner, South Carolina, North America",0.0,82,zero_observed_ai_and_distance_gte_q75,1251.605776472141
1604422141,Callao,Callao,Peru,PE,PER,Callao,1129854.0,2466.582012627618,29.133222209715555,gcp,southamerica-west1,"Santiago, Chile, South America",0.0,83,zero_observed_ai_and_distance_gte_q75,1251.605776472141
1340344059,Tegucigalpa,Tegucigalpa,Honduras,HN,HND,Francisco Morazán,1126534.0,2061.687172764329,35.67059213530175,azure,southcentralus,"Texas, South Central US, US",0.0,84,zero_observed_ai_and_distance_gte_q75,1251.605776472141
1434201852,Tripoli,Tripoli,Libya,LY,LBY,Ţarābulus,1126000.0,1441.1325295614968,48.64767033257109,aws,eu-south-1,EU (Milan),0.0,85,zero_observed_ai_and_distance_gte_q75,1251.605776472141
1643013518,Rostov,Rostov,Russia,RU,RUS,Rostovskaya Oblast’,1125299.0,1449.7894024100901,48.43755704339905,gcp,europe-central2,"Warsaw, Poland, Europe",0.0,86,zero_observed_ai_and_distance_gte_q75,1251.605776472141
1268203191,Tbilisi,Tbilisi,Georgia,GE,GEO,Tbilisi,1118035.0,1436.1468755386657,48.769091837744504,aws,il-central-1,Middle East (Israel) - ???,0.0,87,zero_observed_ai_and_distance_gte_q75,1251.605776472141
1643722928,Ufa,Ufa,Russia,RU,RUS,Bashkortostan,1115560.0,1813.1531150479573,40.390460403742324,gcp,europe-north1,"Hamina, Finland, Europe",0.0,88,zero_observed_ai_and_distance_gte_q75,1251.605776472141
1024079828,Huambo,Huambo,Angola,AO,AGO,Huambo,1100000.0,1945.5816023855016,37.8026567593787,azure,southafricanorth,"Johannesburg, South Africa North, Africa",0.0,89,zero_observed_ai_and_distance_gte_q75,1251.605776472141
1566683694,Ikare,Ikare,Nigeria,NG,NGA,Ondo,1099931.0,3775.6197833575343,15.140303504024383,gcp,europe-southwest1,"Madrid, Spain, Europe",0.0,90,zero_observed_ai_and_distance_gte_q75,1251.605776472141
1148708596,N’Djamena,N'Djamena,Chad,TD,TCD,Ville de N’Djaména,1092066.0,2963.575141544258,22.72311333865971,aws,il-central-1,Middle East (Israel) - ???,0.0,91,zero_observed_ai_and_distance_gte_q75,1251.605776472141
1643544975,Krasnoyarsk,Krasnoyarsk,Russia,RU,RUS,Krasnoyarskiy Kray,1083865.0,2298.728026633781,31.68382101978103,aws,cn-northwest-1,China (Ningxia),0.0,92,zero_observed_ai_and_distance_gte_q75,1251.605776472141
1398516045,Nur-Sultan,Nur-Sultan,Kazakhstan,KZ,KAZ,Astana,1078362.0,2546.2189093034444,27.995974481911716,gcp,asia-south2,"Delhi, India APAC",0.0,93,zero_observed_ai_and_distance_gte_q75,1251.605776472141
1478414984,Nouakchott,Nouakchott,Mauritania,MR,MRT,,1077169.0,2747.261181394959,25.318607388029157,gcp,europe-southwest1,"Madrid, Spain, Europe",0.0,94,zero_observed_ai_and_distance_gte_q75,1251.605776472141
1051074169,Yerevan,Yerevan,Armenia,AM,ARG,Yerevan,1075800.0,1294.9198675218572,52.33734931437341,aws,il-central-1,Middle East (Israel) - ???,0.0,95,zero_observed_ai_and_distance_gte_q75,1251.605776472141
1076819308,São Luís,Sao Luis,Brazil,BR,BRA,Maranhão,1073893.0,2268.4281607065473,32.16748325868019,azure,brazilsoutheast,"Rio, Brazil Southeast, South America",0.0,96,zero_observed_ai_and_distance_gte_q75,1251.605776472141
1340568412,San Pedro Sula,San Pedro Sula,Honduras,HN,HND,Cortés,1073824.0,1882.1328140663973,39.02114891242644,azure,southcentralus,"Texas, South Central US, US",0.0,97,zero_observed_ai_and_distance_gte_q75,1251.605776472141
1862860739,Barquisimeto,Barquisimeto,Venezuela,VE,VEN,Lara,1059092.0,2793.6940511847774,24.737570488790798,gcp,us-east1,"Moncks Corner, South Carolina, North America",0.0,98,zero_observed_ai_and_distance_gte_q75,1251.605776472141
1643294442,Perm,Perm,Russia,RU,RUS,Permskiy Kray,1048005.0,1660.2502455741728,43.599473003271264,gcp,europe-north1,"Hamina, Finland, Europe",0.0,99,zero_observed_ai_and_distance_gte_q75,1251.605776472141
1170886102,Cartagena,Cartagena,Colombia,CO,COL,Bolívar,1036412.0,2573.498685260051,27.61670500286863,gcp,us-east1,"Moncks Corner, South Carolina, North America",0.0,100,zero_observed_ai_and_distance_gte_q75,1251.605776472141
1566373448,Ogbomoso,Ogbomoso,Nigeria,NG,NGA,Oyo,1032000.0,3675.330693878569,15.918864285942691,gcp,europe-southwest1,"Madrid, Spain, Europe",0.0,101,zero_observed_ai_and_distance_gte_q75,1251.605776472141
1795049992,Ashgabat,Ashgabat,Turkmenistan,TM,TKM,Ahal,1031992.0,1439.6557212154578,48.68360524096273,azure,uaenorth,"Dubai, UAE North, Middle East",0.0,102,zero_observed_ai_and_distance_gte_q75,1251.605776472141
1076440479,Maceió,Maceio,Brazil,BR,BRA,Alagoas,1029129.0,1673.0031334828159,43.322347882597526,azure,brazilsoutheast,"Rio, Brazil Southeast, South America",0.0,103,zero_observed_ai_and_distance_gte_q75,1251.605776472141
1558296252,Managua,Managua,Nicaragua,NI,NIC,Managua,1028808.0,2298.9785606986266,31.67985233012425,azure,southcentralus,"Texas, South Central US, US",0.0,104,zero_observed_ai_and_distance_gte_q75,1251.605776472141
1417191971,Bishkek,Bishkek,Kyrgyzstan,KG,KGZ,Bishkek,1027200.0,1598.453826264396,44.96764687470291,gcp,asia-south2,"Delhi, India APAC",0.0,105,zero_observed_ai_and_distance_gte_q75,1251.605776472141
1562932886,Niamey,Niamey,Niger,NE,NER,Niamey,1026848.0,3045.233087917855,21.81403657169493,gcp,europe-southwest1,"Madrid, Spain, Europe",0.0,106,zero_observed_ai_and_distance_gte_q75,1251.605776472141
1430477826,Monrovia,Monrovia,Liberia,LR,LBR,Montserrado,1021762.0,3857.886946423356,14.530163248289101,gcp,europe-southwest1,"Madrid, Spain, Europe",0.0,107,zero_observed_ai_and_distance_gte_q75,1251.605776472141
1398791401,Shymkent,Shymkent,Kazakhstan,KZ,KAZ,Ongtüstik Qazaqstan,1018974.0,1665.4113714903376,43.487106864551464,gcp,asia-south2,"Delhi, India APAC",0.0,108,zero_observed_ai_and_distance_gte_q75,1251.605776472141
1643577201,Volgograd,Volgograd,Russia,RU,RUS,Volgogradskaya Oblast’,1015586.0,1701.06739323798,42.71868829045547,gcp,europe-central2,"Warsaw, Poland, Europe",0.0,109,zero_observed_ai_and_distance_gte_q75,1251.605776472141
1604723954,Arequipa,Arequipa,Peru,PE,PER,Arequipa,1008290.0,1896.7322673293913,38.73734230807509,gcp,southamerica-west1,"Santiago, Chile, South America",0.0,110,zero_observed_ai_and_distance_gte_q75,1251.605776472141
1566070649,Port Harcourt,Port Harcourt,Nigeria,NG,NGA,Rivers,1005904.0,4089.820617240569,12.939179478553584,azure,southafricanorth,"Johannesburg, South Africa North, Africa",0.0,111,zero_observed_ai_and_distance_gte_q75,1251.605776472141
1170512000,Soacha,Soacha,Colombia,CO,COL,Cundinamarca,995268.0,3238.5913207704325,19.803813607682798,gcp,us-east1,"Moncks Corner, South Carolina, North America",0.0,112,zero_observed_ai_and_distance_gte_q75,1251.605776472141
1332401940,Port-au-Prince,Port-au-Prince,Haiti,HT,HTI,Ouest,987310.0,1799.725071748599,40.66255523249363,gcp,us-east1,"Moncks Corner, South Carolina, North America",0.0,113,zero_observed_ai_and_distance_gte_q75,1251.605776472141
1076336975,Natal,Natal,Brazil,BR,BRA,Amazonas,980588.0,2336.2683671386353,31.094656957589777,gcp,southamerica-east1,"Osasco, São Paulo, Brazil, South America",0.0,114,zero_observed_ai_and_distance_gte_q75,1251.605776472141
1232791236,Asmara,Asmara,Eritrea,ER,ERI,Ma’ākel,963000.0,1703.1272326965939,42.67471411939527,aws,me-south-1,Middle East (Bahrain),0.0,115,zero_observed_ai_and_distance_gte_q75,1251.605776472141
1356593800,Guwāhāti,Guwahati,India,IN,IND,Assam,957352.0,1405.7521065163849,49.51591498408853,azure,jioindiacentral,"Nagpur, Jio India Central, Asia Pacific",0.0,116,zero_observed_ai_and_distance_gte_q75,1251.605776472141
1356960169,Dispur,Dispur,India,IN,IND,Assam,957352.0,1405.4040025447778,49.52453407748379,azure,jioindiacentral,"Nagpur, Jio India Central, Asia Pacific",0.0,117,zero_observed_ai_and_distance_gte_q75,1251.605776472141
1694085071,Freetown,Freetown,Sierra Leone,SL,SLE,Western Area,951000.0,3674.095958946733,15.928695109150157,gcp,europe-southwest1,"Madrid, Spain, Europe",0.0,118,zero_observed_ai_and_distance_gte_q75,1251.605776472141
1729318628,Khartoum North,Khartoum North,Sudan,SD,SDN,Khartoum,936349.0,1782.2259856687601,41.01989500983309,aws,il-central-1,Middle East (Israel) - ???,0.0,119,zero_observed_ai_and_distance_gte_q75,1251.605776472141
1180478201,Kisangani,Kisangani,Congo (Kinshasa),CD,COD,Tshopo,935977.0,2936.555010335958,23.032187193576505,azure,southafricanorth,"Johannesburg, South Africa North, Africa",0.0,120,zero_observed_ai_and_distance_gte_q75,1251.605776472141
1804963805,Donetsk,Donetsk,Ukraine,UA,UKR,Donets’ka Oblast’,929063.0,1282.6637737994,52.659059765159164,gcp,europe-central2,"Warsaw, Poland, Europe",0.0,121,zero_observed_ai_and_distance_gte_q75,1251.605776472141
1608136151,Cebu City,Cebu City,Philippines,PH,PHL,Cebu,922611.0,1572.4515018758348,45.55609551454401,gcp,asia-east1,"Changhua County, Taiwan, APAC",0.0,122,zero_observed_ai_and_distance_gte_q75,1251.605776472141
1604613706,Trujillo,Trujillo,Peru,PE,PER,La Libertad,919899.0,2944.6996507620015,22.938583473637042,gcp,southamerica-west1,"Santiago, Chile, South America",0.0,123,zero_observed_ai_and_distance_gte_q75,1251.605776472141
1156369972,Lhasa,Lhasa,China,CN,CHN,Tibet,902500.0,1351.4625585559284,50.878422117536914,gcp,asia-south2,"Delhi, India APAC",0.0,124,zero_observed_ai_and_distance_gte_q75,1251.605776472141
1484396779,Mérida,Merida,Mexico,MX,MEX,Yucatán,892363.0,1295.289173057488,52.32768597017149,azure,southcentralus,"Texas, South Central US, US",0.0,125,zero_observed_ai_and_distance_gte_q75,1251.605776472141
1140080881,Bangui,Bangui,Central African Republic,CF,CAF,Bangui,889231.0,3466.7133378132608,17.66903225385156,aws,il-central-1,Middle East (Israel) - ???,0.0,126,zero_observed_ai_and_distance_gte_q75,1251.605776472141
1566979497,Abeokuta,Abeokuta,Nigeria,NG,NGA,Ogun,888924.0,3764.9793689763874,15.221067706238825,gcp,europe-southwest1,"Madrid, Spain, Europe",0.0,127,zero_observed_ai_and_distance_gte_q75,1251.605776472141
1643438227,Krasnodar,Krasnodar,Russia,RU,RUS,Krasnodarskiy Kray,881476.0,1538.3886062319186,46.33862668198859,gcp,europe-central2,"Warsaw, Poland, Europe",0.0,128,zero_observed_ai_and_distance_gte_q75,1251.605776472141
1591672475,Panama City,Panama City,Panama,PA,PAN,Panamá,880691.0,2691.13409621322,26.03920111914526,gcp,us-east1,"Moncks Corner, South Carolina, North America",0.0,129,zero_observed_ai_and_distance_gte_q75,1251.605776472141
1076697777,Natal,Natal,Brazil,BR,BRA,Rio Grande do Norte,877662.0,2086.747266479603,35.22642646397302,azure,brazilsoutheast,"Rio, Brazil Southeast, South America",0.0,130,zero_observed_ai_and_distance_gte_q75,1251.605776472141
1566773679,Jos,Jos,Nigeria,NG,NGA,Plateau,873943.0,3595.612167075326,16.566193827878898,aws,il-central-1,Middle East (Israel) - ???,0.0,131,zero_observed_ai_and_distance_gte_q75,1251.605776472141
1076727667,Teresina,Teresina,Brazil,BR,BRA,Piauí,868075.0,1980.622103368816,37.14611294401606,azure,brazilsoutheast,"Rio, Brazil Southeast, South America",0.0,132,zero_observed_ai_and_distance_gte_q75,1251.605776472141
1608189351,Zamboanga City,Zamboanga City,Philippines,PH,PHL,Zamboanga,861799.0,1905.2490049958183,38.57273514466081,azure,eastasia,"Hong Kong, East Asia, Asia Pacific",0.0,133,zero_observed_ai_and_distance_gte_q75,1251.605776472141
1566480168,Ilorin,Ilorin,Nigeria,NG,NGA,Kwara,847582.0,3641.8809157362643,16.18734441718471,gcp,europe-southwest1,"Madrid, Spain, Europe",0.0,134,zero_observed_ai_and_distance_gte_q75,1251.605776472141
1643556540,Saratov,Saratov,Russia,RU,RUS,Saratovskaya Oblast’,845300.0,1531.0456279365083,46.50907114801119,gcp,europe-north1,"Hamina, Finland, Europe",0.0,135,zero_observed_ai_and_distance_gte_q75,1251.605776472141
1768409132,Lomé,Lome,Togo,TG,TGO,Maritime,837437.0,3843.8151895443393,14.632756203163657,gcp,europe-southwest1,"Madrid, Spain, Europe",0.0,136,zero_observed_ai_and_distance_gte_q75,1251.605776472141
1566325734,Warri,Warri,Nigeria,NG,NGA,Delta,830106.0,3993.87837445349,13.5750153796875,gcp,europe-southwest1,"Madrid, Spain, Europe",0.0,137,zero_observed_ai_and_distance_gte_q75,1251.605776472141
1178411563,Pointe-Noire,Pointe-Noire,Congo (Brazzaville),CG,COG,Pointe-Noire,829134.0,2908.035580220821,23.362972466857645,azure,southafricanorth,"Johannesburg, South Africa North, Africa",0.0,138,zero_observed_ai_and_distance_gte_q75,1251.605776472141
1840013305,Honolulu,Honolulu,United States,US,USA,Hawaii,820987.0,3851.5247734554964,14.57645854984685,aws,us-west-1,US West (N. California),0.0,139,zero_observed_ai_and_distance_gte_q75,1251.605776472141
1076922014,João Pessoa,Joao Pessoa,Brazil,BR,BRA,Paraíba,817511.0,1968.136676965281,37.378730801516554,azure,brazilsoutheast,"Rio, Brazil Southeast, South America",0.0,140,zero_observed_ai_and_distance_gte_q75,1251.605776472141
1170614290,Palermo,Palermo,Colombia,CO,COL,Huila,800000.0,3403.7099704169036,18.234496292780996,gcp,us-east1,"Moncks Corner, South Carolina, North America",0.0,141,zero_observed_ai_and_distance_gte_q75,1251.605776472141
1266952885,Libreville,Libreville,Gabon,GA,GAB,Estuaire,797003.0,3534.876197266519,17.076992459647705,azure,southafricanorth,"Johannesburg, South Africa North, Africa",0.0,142,zero_observed_ai_and_distance_gte_q75,1251.605776472141
1454688499,Lilongwe,Lilongwe,Malawi,MW,MWI,Lilongwe,781538.0,1429.5183628207835,48.93099325368847,azure,southafricanorth,"Johannesburg, South Africa North, Africa",0.0,143,zero_observed_ai_and_distance_gte_q75,1251.605776472141
1762930616,Dushanbe,Dushanbe,Tajikistan,TJ,TJK,Dushanbe,778500.0,1350.3294146680983,50.90725657168442,gcp,asia-south2,"Delhi, India APAC",0.0,144,zero_observed_ai_and_distance_gte_q75,1251.605776472141
1024669127,Lubango,Lubango,Angola,AO,AGO,Huíla,776249.0,1946.789154913607,37.77983930152216,azure,southafricanorth,"Johannesburg, South Africa North, Africa",0.0,145,zero_observed_ai_and_distance_gte_q75,1251.605776472141
1204955174,Cotonou,Cotonou,Benin,BJ,BEN,Littoral,762000.0,3832.9759689853545,14.712275325789456,gcp,europe-southwest1,"Madrid, Spain, Europe",0.0,146,zero_observed_ai_and_distance_gte_q75,1251.605776472141
1566368729,Kaduna,Kaduna,Nigeria,NG,NGA,Kaduna,760084.0,3500.225629310909,17.37543403086694,gcp,europe-southwest1,"Madrid, Spain, Europe",0.0,147,zero_observed_ai_and_distance_gte_q75,1251.605776472141
1418732714,Vientiane,Vientiane,Laos,LA,LAO,Viangchan,760000.0,1298.399515192077,52.24637071288873,aws,ap-east-1,Asia Pacific (Hong Kong),0.0,148,zero_observed_ai_and_distance_gte_q75,1251.605776472141
1360684979,Samarinda,Samarinda,Indonesia,ID,IDN,Kalimantan Timur,753370.0,1307.9943513208627,51.99632330079213,aws,ap-southeast-3,Asia Pacific (Jakarta),0.0,149,zero_observed_ai_and_distance_gte_q75,1251.605776472141
1862889027,Ciudad Guayana,Ciudad Guayana,Venezuela,VE,VEN,Bolívar,751331.0,3287.5326972293933,19.32508199421469,gcp,us-east1,"Moncks Corner, South Carolina, North America",0.0,150,zero_observed_ai_and_distance_gte_q75,1251.605776472141
1170743755,Cúcuta,Cucuta,Colombia,CO,COL,Norte de Santander,750000.0,2916.232072269959,23.267421187884707,gcp,us-east1,"Moncks Corner, South Carolina, North America",0.0,151,zero_observed_ai_and_distance_gte_q75,1251.605776472141
1643040435,Tyumen,Tyumen,Russia,RU,RUS,Tyumenskaya Oblast’,744554.0,2204.6148008403466,33.210390225745925,gcp,europe-north1,"Hamina, Finland, Europe",0.0,152,zero_observed_ai_and_distance_gte_q75,1251.605776472141
1484010310,Cancún,Cancun,Mexico,MX,MEX,Quintana Roo,743626.0,1486.7541441158053,47.550538503888696,azure,southcentralus,"Texas, South Central US, US",0.0,153,zero_observed_ai_and_distance_gte_q75,1251.605776472141
1566930579,Oyo,Oyo,Nigeria,NG,NGA,Oyo,736072.0,3701.507343559663,15.711870574443774,gcp,europe-southwest1,"Madrid, Spain, Europe",0.0,154,zero_observed_ai_and_distance_gte_q75,1251.605776472141
1566574518,Sokoto,Sokoto,Nigeria,NG,NGA,Sokoto,732178.0,3164.2680451033975,20.55360113774572,gcp,europe-southwest1,"Madrid, Spain, Europe",0.0,155,zero_observed_ai_and_distance_gte_q75,1251.605776472141
1032042035,Comodoro Rivadavia,Comodoro Rivadavia,Argentina,AR,ARG,Chubut,730266.0,1407.794807554198,49.465367696268785,gcp,southamerica-west1,"Santiago, Chile, South America",0.0,156,zero_observed_ai_and_distance_gte_q75,1251.605776472141
1566212729,Enugu,Enugu,Nigeria,NG,NGA,Enugu,715774.0,3939.1930021582994,13.951313826014749,gcp,europe-southwest1,"Madrid, Spain, Europe",0.0,157,zero_observed_ai_and_distance_gte_q75,1251.605776472141
1643256295,Tolyatti,Tolyatti,Russia,RU,RUS,Samarskaya Oblast’,707408.0,1545.4759131452033,46.174709252186716,gcp,europe-north1,"Hamina, Finland, Europe",0.0,158,zero_observed_ai_and_distance_gte_q75,1251.605776472141
1076000699,Jaboatão,Jaboatao,Brazil,BR,BRA,Pernambuco,702621.0,1856.74053040187,39.51972525425901,azure,brazilsoutheast,"Rio, Brazil Southeast, South America",0.0,159,zero_observed_ai_and_distance_gte_q75,1251.605776472141
1170765625,Soledad,Soledad,Colombia,CO,COL,Atlántico,698852.0,2534.23304189065,28.164256248105634,gcp,us-east1,"Moncks Corner, South Carolina, North America",0.0,160,zero_observed_ai_and_distance_gte_q75,1251.605776472141
1566483284,Bauchi,Bauchi,Nigeria,NG,NGA,Bauchi,693700.0,3491.9251144295145,17.44769640524296,aws,il-central-1,Middle East (Israel) - ???,0.0,161,zero_observed_ai_and_distance_gte_q75,1251.605776472141
1484463183,Acapulco de Juárez,Acapulco de Juarez,Mexico,MX,MEX,Guerrero,687608.0,1402.9383093206636,49.58562788344268,azure,southcentralus,"Texas, South Central US, US",0.0,162,zero_observed_ai_and_distance_gte_q75,1251.605776472141
1076527830,Aracaju,Aracaju,Brazil,BR,BRA,Sergipe,685356.0,1483.9466504774389,47.61733429228327,azure,brazilsoutheast,"Rio, Brazil Southeast, South America",0.0,163,zero_observed_ai_and_distance_gte_q75,1251.605776472141
1608831546,Cagayan de Oro,Cagayan de Oro,Philippines,PH,PHL,Cagayan de Oro,675950.0,1787.8858431383535,40.903975729259514,gcp,asia-east1,"Changhua County, Taiwan, APAC",0.0,164,zero_observed_ai_and_distance_gte_q75,1251.605776472141
1862657837,Catia La Mar,Catia La Mar,Venezuela,VE,VEN,Vargas,661897.0,2840.8843355500517,24.16071623735469,gcp,us-east1,"Moncks Corner, South Carolina, North America",0.0,165,zero_observed_ai_and_distance_gte_q75,1251.605776472141
1384983838,Bouaké,Bouake,Côte D’Ivoire,CI,CIV,Vallée du Bandama,659233.0,3642.1861115102147,16.184874451091506,gcp,europe-southwest1,"Madrid, Spain, Europe",0.0,166,zero_observed_ai_and_distance_gte_q75,1251.605776472141
1108101689,Bujumbura,Bujumbura,Burundi,BI,BDI,Bujumbura Mairie,658859.0,2488.0759733801133,28.821804439988558,azure,southafricanorth,"Johannesburg, South Africa North, Africa",0.0,167,zero_observed_ai_and_distance_gte_q75,1251.605776472141
1156840276,Dali,Dali,China,CN,CHN,Yunnan,652045.0,1402.4760096418188,49.59709091815388,aws,cn-northwest-1,China (Ningxia),0.0,168,zero_observed_ai_and_distance_gte_q75,1251.605776472141
1643983138,Izhevsk,Izhevsk,Russia,RU,RUS,Udmurtiya,646277.0,1547.598667743283,46.12572646320516,gcp,europe-north1,"Hamina, Finland, Europe",0.0,169,zero_observed_ai_and_distance_gte_q75,1251.605776472141
1156832866,Tengyue,Tengyue,China,CN,CHN,Yunnan,644765.0,1538.5818515399646,46.33414953719509,aws,cn-northwest-1,China (Ningxia),0.0,170,zero_observed_ai_and_distance_gte_q75,1251.605776472141
1484460894,Villahermosa,Villahermosa,Mexico,MX,MEX,Tabasco,640359.0,1390.9479546765076,49.883795405749815,azure,southcentralus,"Texas, South Central US, US",0.0,171,zero_observed_ai_and_distance_gte_q75,1251.605776472141
1180518247,Kikwit,Kikwit,Congo (Kinshasa),CD,COD,Kwilu,637736.0,2509.824706576125,28.510083528020385,azure,southafricanorth,"Johannesburg, South Africa North, Africa",0.0,172,zero_observed_ai_and_distance_gte_q75,1251.605776472141
1643318931,Barnaul,Barnaul,Russia,RU,RUS,Altayskiy Kray,633301.0,2467.5708279841388,29.118822081023026,aws,cn-northwest-1,China (Ningxia),0.0,173,zero_observed_ai_and_distance_gte_q75,1251.605776472141
1068793894,Cochabamba,Cochabamba,Bolivia,BO,BOL,Cochabamba,632013.0,1839.6250418192378,39.85937620759291,gcp,southamerica-west1,"Santiago, Chile, South America",0.0,174,zero_observed_ai_and_distance_gte_q75,1251.605776472141
1434915572,Benghazi,Benghazi,Libya,LY,LBY,Banghāzī,631555.0,1398.7166016819804,49.69040644265066,aws,il-central-1,Middle East (Israel) - ???,0.0,175,zero_observed_ai_and_distance_gte_q75,1251.605776472141
1643668944,Ulyanovsk,Ulyanovsk,Russia,RU,RUS,Ul’yanovskaya Oblast’,624518.0,1436.34637457756,48.764227386887164,gcp,europe-north1,"Hamina, Finland, Europe",0.0,176,zero_observed_ai_and_distance_gte_q75,1251.605776472141
1643439037,Irkutsk,Irkutsk,Russia,RU,RUS,Irkutskaya Oblast’,623736.0,1657.5206930826039,43.65901715133196,aws,cn-north-1,China (Beijing),0.0,177,zero_observed_ai_and_distance_gte_q75,1251.605776472141
1156573684,Turpan,Turpan,China,CN,CHN,Xinjiang,622903.0,1554.6808575364555,45.962679740957995,aws,cn-northwest-1,China (Ningxia),0.0,178,zero_observed_ai_and_distance_gte_q75,1251.605776472141
1320353009,Villa Nueva,Villa Nueva,Guatemala,GT,GTM,Guatemala,618397.0,1843.3906344860425,39.78439972508954,azure,southcentralus,"Texas, South Central US, US",0.0,179,zero_observed_ai_and_distance_gte_q75,1251.605776472141
1076112309,Cuiabá,Cuiaba,Brazil,BR,BRA,Mato Grosso,618124.0,1314.1742068566223,51.83590638357457,gcp,southamerica-east1,"Osasco, São Paulo, Brazil, South America",0.0,180,zero_observed_ai_and_distance_gte_q75,1251.605776472141
1076892244,Feira de Santana,Feira de Santana,Brazil,BR,BRA,Bahia,617528.0,1264.8968912229782,53.12893740604358,azure,brazilsoutheast,"Rio, Brazil Southeast, South America",0.0,181,zero_observed_ai_and_distance_gte_q75,1251.605776472141
1484832519,Tuxtla,Tuxtla,Mexico,MX,MEX,Chiapas,598710.0,1511.3602087889624,46.969106712119064,azure,southcentralus,"Texas, South Central US, US",0.0,182,zero_observed_ai_and_distance_gte_q75,1251.605776472141
1887324526,Ta‘izz,Ta`izz,Yemen,YE,YEM,Ta‘izz,596672.0,1554.5925072311518,45.964710194199306,aws,me-south-1,Middle East (Bahrain),0.0,183,zero_observed_ai_and_distance_gte_q75,1251.605776472141
1608171585,General Santos,General Santos,Philippines,PH,PHL,General Santos,594446.0,2057.06932197331,35.753048026975,gcp,asia-east1,"Changhua County, Taiwan, APAC",0.0,184,zero_observed_ai_and_distance_gte_q75,1251.605776472141
1032456103,Mar del Plata,Mar del Plata,Argentina,AR,ARG,Buenos Aires,593337.0,1285.3510162088483,52.58835344772885,gcp,southamerica-west1,"Santiago, Chile, South America",0.0,185,zero_observed_ai_and_distance_gte_q75,1251.605776472141
1643580480,Makhachkala,Makhachkala,Russia,RU,RUS,Dagestan,592976.0,1689.7098486096245,42.96196810637609,aws,il-central-1,Middle East (Israel) - ???,0.0,186,zero_observed_ai_and_distance_gte_q75,1251.605776472141
1170386718,Pereira,Pereira,Colombia,CO,COL,Risaralda,590554.0,3187.6049476478725,20.315166232727623,gcp,us-east1,"Moncks Corner, South Carolina, North America",0.0,187,zero_observed_ai_and_distance_gte_q75,1251.605776472141
1156225985,Chuxiong,Chuxiong,China,CN,CHN,Yunnan,588620.0,1320.9285369729887,51.661143239869226,aws,ap-east-1,Asia Pacific (Hong Kong),0.0,188,zero_observed_ai_and_distance_gte_q75,1251.605776472141
1170940590,Bucaramanga,Bucaramanga,Colombia,CO,COL,Santander,581130.0,2985.6729723304106,22.4734294898551,gcp,us-east1,"Moncks Corner, South Carolina, North America",0.0,189,zero_observed_ai_and_distance_gte_q75,1251.605776472141
1388709177,Kingston,Kingston,Jamaica,JM,JAM,Kingston,580000.0,1723.229511943097,42.24793302057711,gcp,us-east1,"Moncks Corner, South Carolina, North America",0.0,190,zero_observed_ai_and_distance_gte_q75,1251.605776472141
1643258928,Tomsk,Tomsk,Russia,RU,RUS,Tomskaya Oblast’,572740.0,2640.967634059078,26.70060886178979,aws,cn-northwest-1,China (Ningxia),0.0,191,zero_observed_ai_and_distance_gte_q75,1251.605776472141
1862318264,Ciudad Bolívar,Ciudad Bolivar,Venezuela,VE,VEN,Bolívar,567953.0,3262.061319417722,19.572774143735952,gcp,us-east1,"Moncks Corner, South Carolina, North America",0.0,192,zero_observed_ai_and_distance_gte_q75,1251.605776472141
1222647454,San Salvador,San Salvador,El Salvador,SV,SLV,San Salvador,567698.0,1993.1099027553623,36.91489893053333,azure,southcentralus,"Texas, South Central US, US",0.0,193,zero_observed_ai_and_distance_gte_q75,1251.605776472141
1643685056,Orenburg,Orenburg,Russia,RU,RUS,Orenburgskaya Oblast’,564443.0,1964.2658678474013,37.45114381915576,gcp,europe-north1,"Hamina, Finland, Europe",0.0,194,zero_observed_ai_and_distance_gte_q75,1251.605776472141
1262028958,Djibouti,Djibouti,Djibouti,DJ,DJI,Djibouti,562000.0,1793.1892297916063,40.795654610451145,aws,me-central-1,Middle East (United Arab Emirates) - ???,0.0,195,zero_observed_ai_and_distance_gte_q75,1251.605776472141
1608244137,Bacolod,Bacolod,Philippines,PH,PHL,Bacolod,561875.0,1511.5097481391215,46.96559497855864,gcp,asia-east1,"Changhua County, Taiwan, APAC",0.0,196,zero_observed_ai_and_distance_gte_q75,1251.605776472141
1643216311,Kemerovo,Kemerovo,Russia,RU,RUS,Kemerovskaya Oblast’,556920.0,2501.05117484687,28.63542531076237,aws,cn-northwest-1,China (Ningxia),0.0,197,zero_observed_ai_and_distance_gte_q75,1251.605776472141
1604799615,Chiclayo,Chiclayo,Peru,PE,PER,Lambayeque,552508.0,3113.5487248026216,21.081498839462135,gcp,southamerica-west1,"Santiago, Chile, South America",0.0,198,zero_observed_ai_and_distance_gte_q75,1251.605776472141
1643628717,Novokuznetsk,Novokuznetsk,Russia,RU,RUS,Kemerovskaya Oblast’,552105.0,2329.3014209546623,31.203163238037025,aws,cn-northwest-1,China (Ningxia),0.0,199,zero_observed_ai_and_distance_gte_q75,1251.605776472141
1024474012,Cabinda,Cabinda,Angola,AO,AGO,Cabinda,550000.0,2816.0415358490527,24.462697788462865,azure,southafricanorth,"Johannesburg, South Africa North, Africa",0.0,200,zero_observed_ai_and_distance_gte_q75,1251.605776472141
1156965620,Korla,Korla,China,CN,CHN,Xinjiang,549324.0,1666.3555945218318,43.466580946256634,gcp,asia-south2,"Delhi, India APAC",0.0,201,zero_observed_ai_and_distance_gte_q75,1251.605776472141
1887984890,Al Ḩudaydah,Al Hudaydah,Yemen,YE,YEM,Al Ḩudaydah,548433.0,1488.1609236567672,47.51710370175161,aws,me-south-1,Middle East (Bahrain),0.0,202,zero_observed_ai_and_distance_gte_q75,1251.605776472141
1170481949,Valledupar,Valledupar,Colombia,CO,COL,Cesar,544134.0,2620.703168252535,26.972520861037637,gcp,us-east1,"Moncks Corner, South Carolina, North America",0.0,203,zero_observed_ai_and_distance_gte_q75,1251.605776472141
1862546949,Maturín,Maturin,Venezuela,VE,VEN,Monagas,542259.0,3125.1928551102455,20.959117581198964,gcp,us-east1,"Moncks Corner, South Carolina, North America",0.0,204,zero_observed_ai_and_distance_gte_q75,1251.605776472141
1170245063,Ibagué,Ibague,Colombia,CO,COL,Tolima,541101.0,3236.6150177358013,19.823392447985107,gcp,us-east1,"Moncks Corner, South Carolina, North America",0.0,205,zero_observed_ai_and_distance_gte_q75,1251.605776472141
1729157224,Kassala,Kassala,Sudan,SD,SDN,Kassala,536009.0,1794.9154499759036,40.76045866041586,aws,il-central-1,Middle East (Israel) - ???,0.0,206,zero_observed_ai_and_distance_gte_q75,1251.605776472141
1156436913,Aksu,Aksu,China,CN,CHN,Xinjiang,535657.0,1418.4350931086772,49.20290366970668,gcp,asia-south2,"Delhi, India APAC",0.0,207,zero_observed_ai_and_distance_gte_q75,1251.605776472141
1076025295,Ananindeua,Ananindeua,Brazil,BR,BRA,Pará,535547.0,2458.8705750838444,29.245768555572866,azure,brazilsoutheast,"Rio, Brazil Southeast, South America",0.0,208,zero_observed_ai_and_distance_gte_q75,1251.605776472141
1643407929,Astrakhan,Astrakhan,Russia,RU,RUS,Astrakhanskaya Oblast’,532504.0,1994.7811644364501,36.88406458736971,aws,il-central-1,Middle East (Israel) - ???,0.0,209,zero_observed_ai_and_distance_gte_q75,1251.605776472141
1643008493,Naberezhnyye Chelny,Naberezhnyye Chelny,Russia,RU,RUS,Tatarstan,529797.0,1560.5477117391783,45.828049131635,gcp,europe-north1,"Hamina, Finland, Europe",0.0,210,zero_observed_ai_and_distance_gte_q75,1251.605776472141
1894032745,Ndola,Ndola,Zambia,ZM,ZMB,Copperbelt,528330.0,1419.8522398695711,49.168052150813075,azure,southafricanorth,"Johannesburg, South Africa North, Africa",0.0,211,zero_observed_ai_and_distance_gte_q75,1251.605776472141
1170426927,Villavicencio,Villavicencio,Colombia,CO,COL,Meta,527668.0,3297.9582971815857,19.22460631458844,gcp,us-east1,"Moncks Corner, South Carolina, North America",0.0,212,zero_observed_ai_and_distance_gte_q75,1251.605776472141
1156279608,Ailan Mubage,Ailan Mubage,China,CN,CHN,Xinjiang,526745.0,1736.0100815922374,41.9788174736179,gcp,asia-south2,"Delhi, India APAC",0.0,213,zero_observed_ai_and_distance_gte_q75,1251.605776472141
1862528581,Santa Teresa del Tuy,Santa Teresa del Tuy,Venezuela,VE,VEN,Miranda,525321.0,2895.902524357525,23.505135373517515,gcp,us-east1,"Moncks Corner, South Carolina, North America",0.0,214,zero_observed_ai_and_distance_gte_q75,1251.605776472141
1643492830,Penza,Penza,Russia,RU,RUS,Penzenskaya Oblast’,523726.0,1350.0536587541917,50.91427604411876,gcp,europe-north1,"Hamina, Finland, Europe",0.0,215,zero_observed_ai_and_distance_gte_q75,1251.605776472141
1356148992,Agartala,Agartala,India,IN,IND,Tripura,522613.0,1285.7977731379322,52.57660765401043,azure,jioindiacentral,"Nagpur, Jio India Central, Asia Pacific",0.0,216,zero_observed_ai_and_distance_gte_q75,1251.605776472141
1156181533,Jinghong,Jinghong,China,CN,CHN,Yunnan,519935.0,1376.718507019761,50.2399703743985,aws,ap-east-1,Asia Pacific (Hong Kong),0.0,217,zero_observed_ai_and_distance_gte_q75,1251.605776472141
1170715594,Santa Marta,Santa Marta,Colombia,CO,COL,Magdalena,515556.0,2512.811687113596,28.46753577594591,gcp,us-east1,"Moncks Corner, South Carolina, North America",0.0,218,zero_observed_ai_and_distance_gte_q75,1251.605776472141
1332000098,Carrefour,Carrefour,Haiti,HT,HTI,Ouest,511345.0,1798.0777420763875,40.696061346394465,gcp,us-east1,"Moncks Corner, South Carolina, North America",0.0,219,zero_observed_ai_and_distance_gte_q75,1251.605776472141
1340125981,Choloma,Choloma,Honduras,HN,HND,Cortés,510456.0,1871.6605558995227,39.22600454233226,azure,southcentralus,"Texas, South Central US, US",0.0,220,zero_observed_ai_and_distance_gte_q75,1251.605776472141
1887867886,Aden,Aden,Yemen,YE,YEM,‘Adan,507355.0,1562.6993551730152,45.778772832144405,aws,me-central-1,Middle East (United Arab Emirates) - ???,0.0,221,zero_observed_ai_and_distance_gte_q75,1251.605776472141
1170855299,Montería,Monteria,Colombia,CO,COL,Córdoba,505334.0,2750.1235832990565,25.28239729117428,gcp,us-east1,"Moncks Corner, South Carolina, North America",0.0,222,zero_observed_ai_and_distance_gte_q75,1251.605776472141
1860388706,Samarkand,Samarkand,Uzbekistan,UZ,UZB,Samarqand,504423.0,1543.1146360487635,46.22925708818542,gcp,asia-south2,"Delhi, India APAC",0.0,223,zero_observed_ai_and_distance_gte_q75,1251.605776472141
1894321752,Kitwe,Kitwe,Zambia,ZM,ZMB,Copperbelt,504194.0,1435.5886908505097,48.7827048174549,azure,southafricanorth,"Johannesburg, South Africa North, Africa",0.0,224,zero_observed_ai_and_distance_gte_q75,1251.605776472141
1566756897,Ile-Ife,Ile-Ife,Nigeria,NG,NGA,Osun,501952.0,3754.835877899429,15.298461182581278,gcp,europe-southwest1,"Madrid, Spain, Europe",0.0,225,zero_observed_ai_and_distance_gte_q75,1251.605776472141
1643106064,Kirov,Kirov,Russia,RU,RUS,Kirovskaya Oblast’,501468.0,1276.7473025712677,52.81506831240872,gcp,europe-north1,"Hamina, Finland, Europe",0.0,226,zero_observed_ai_and_distance_gte_q75,1251.605776472141
1398274508,Qaraghandy,Qaraghandy,Kazakhstan,KZ,KAZ,Qaraghandy,501129.0,2377.116382559067,30.46602092996787,gcp,asia-south2,"Delhi, India APAC",0.0,227,zero_observed_ai_and_distance_gte_q75,1251.605776472141
1566262000,Aba,Aba,Nigeria,NG,NGA,Abia,500183.0,4078.178003021137,13.014722081060734,gcp,europe-southwest1,"Madrid, Spain, Europe",0.0,228,zero_observed_ai_and_distance_gte_q75,1251.605776472141
1024196826,Belas,Belas,Angola,AO,AGO,Luanda,500000.0,2440.4635090132742,29.516175393015036,azure,southafricanorth,"Johannesburg, South Africa North, Africa",0.0,229,zero_observed_ai_and_distance_gte_q75,1251.605776472141
1604199858,Chimbote,Chimbote,Peru,PE,PER,Ancash,497875.0,2828.7060761003872,24.308282792768647,gcp,southamerica-west1,"Santiago, Chile, South America",0.0,230,zero_observed_ai_and_distance_gte_q75,1251.605776472141
1643163382,Cheboksary,Cheboksary,Russia,RU,RUS,Chuvashiya,489498.0,1263.78822255867,53.15839676449114,gcp,europe-north1,"Hamina, Finland, Europe",0.0,231,zero_observed_ai_and_distance_gte_q75,1251.605776472141
1729710259,Port Sudan,Port Sudan,Sudan,SD,SDN,Red Sea,489275.0,1345.6165697875358,51.02735702156694,aws,il-central-1,Middle East (Israel) - ???,0.0,232,zero_observed_ai_and_distance_gte_q75,1251.605776472141
1364437616,Ardabīl,Ardabil,Iran,IR,IRN,Ardabīl,482632.0,1361.091380674734,50.63406117840745,aws,me-south-1,Middle East (Bahrain),0.0,233,zero_observed_ai_and_distance_gte_q75,1251.605776472141
1050646703,Sylhet,Sylhet,Bangladesh,BD,BGD,Sylhet,479837.0,1371.9045149128838,50.36104343755278,azure,jioindiacentral,"Nagpur, Jio India Central, Asia Pacific",0.0,234,zero_observed_ai_and_distance_gte_q75,1251.605776472141
1508958445,Nampula,Nampula,Mozambique,MZ,MOZ,Nampula,477900.0,1647.023358685121,43.88877122647419,azure,southafricanorth,"Johannesburg, South Africa North, Africa",0.0,235,zero_observed_ai_and_distance_gte_q75,1251.605776472141
1231826873,Nazrēt,Nazret,Ethiopia,ET,ETH,Oromīya,476892.0,2290.5313819595453,31.81393797969027,aws,me-south-1,Middle East (Bahrain),0.0,236,zero_observed_ai_and_distance_gte_q75,1251.605776472141
1076189884,Macapá,Macapa,Brazil,BR,BRA,Amapá,474706.0,2660.6969256483426,26.438511686181027,gcp,southamerica-east1,"Osasco, São Paulo, Brazil, South America",0.0,237,zero_observed_ai_and_distance_gte_q75,1251.605776472141
1604331641,Piura,Piura,Peru,PE,PER,Piura,473025.0,3305.0061905078683,19.15697905472836,gcp,southamerica-west1,"Santiago, Chile, South America",0.0,238,zero_observed_ai_and_distance_gte_q75,1251.605776472141
1288890688,Tamale,Tamale,Ghana,GH,GHA,Northern,466723.0,3459.545068297933,17.732474070582526,gcp,europe-southwest1,"Madrid, Spain, Europe",0.0,239,zero_observed_ai_and_distance_gte_q75,1251.605776472141
1566495489,Calabar,Calabar,Nigeria,NG,NGA,Cross River,461796.0,4030.616585145841,13.327930801079473,azure,southafricanorth,"Johannesburg, South Africa North, Africa",0.0,240,zero_observed_ai_and_distance_gte_q75,1251.605776472141
1360771278,Manado,Manado,Indonesia,ID,IDN,Sulawesi Utara,461636.0,2174.0876976193413,33.72118710128477,aws,ap-southeast-3,Asia Pacific (Jakarta),0.0,241,zero_observed_ai_and_distance_gte_q75,1251.605776472141
1458441859,Kota Kinabalu,Kota Kinabalu,Malaysia,MY,MYS,Sabah,452058.0,1453.055461437575,48.358521634315636,aws,ap-southeast-1,Asia Pacific (Singapore),0.0,242,zero_observed_ai_and_distance_gte_q75,1251.605776472141
1804630021,Mariupol,Mariupol,Ukraine,UA,UKR,Donets’ka Oblast’,449498.0,1315.3899971841042,51.80440516246592,gcp,europe-central2,"Warsaw, Poland, Europe",0.0,243,zero_observed_ai_and_distance_gte_q75,1251.605776472141
1862418619,Barcelona,Barcelona,Venezuela,VE,VEN,Anzoátegui,448016.0,3005.622184686712,22.250380145220205,gcp,us-east1,"Moncks Corner, South Carolina, North America",0.0,244,zero_observed_ai_and_distance_gte_q75,1251.605776472141
1608875987,Iloilo,Iloilo,Philippines,PH,PHL,Iloilo,447992.0,1500.768222194872,47.2185146348384,gcp,asia-east1,"Changhua County, Taiwan, APAC",0.0,245,zero_observed_ai_and_distance_gte_q75,1251.605776472141
1566196391,Ado-Ekiti,Ado-Ekiti,Nigeria,NG,NGA,Ekiti,446749.0,3753.1813873600704,15.311121998305877,gcp,europe-southwest1,"Madrid, Spain, Europe",0.0,246,zero_observed_ai_and_distance_gte_q75,1251.605776472141
1192766111,Santiago de Cuba,Santiago de Cuba,Cuba,CU,CUB,Santiago de Cuba,444851.0,1521.9874079157112,46.720193585200605,gcp,us-east1,"Moncks Corner, South Carolina, North America",0.0,247,zero_observed_ai_and_distance_gte_q75,1251.605776472141
1860445095,Andijon,Andijon,Uzbekistan,UZ,UZB,Andijon,441700.0,1411.198273022872,49.3812624434716,gcp,asia-south2,"Delhi, India APAC",0.0,248,zero_observed_ai_and_distance_gte_q75,1251.605776472141
1214279422,Puerto Plata,Puerto Plata,Dominican Republic,DO,DOM,Cibao Norte,440508.0,1752.9958226260976,41.62380647744723,gcp,us-east1,"Moncks Corner, South Carolina, North America",0.0,249,zero_observed_ai_and_distance_gte_q75,1251.605776472141
1862252264,San Cristóbal,San Cristobal,Venezuela,VE,VEN,Táchira,438798.0,2938.5850313825035,23.00882114160142,gcp,us-east1,"Moncks Corner, South Carolina, North America",0.0,250,zero_observed_ai_and_distance_gte_q75,1251.605776472141
1180475821,Bukavu,Bukavu,Congo (Kinshasa),CD,COD,Sud-Kivu,436779.0,2584.14116860075,27.470140140774735,azure,southafricanorth,"Johannesburg, South Africa North, Africa",0.0,251,zero_observed_ai_and_distance_gte_q75,1251.605776472141
1170930654,Manizales,Manizales,Colombia,CO,COL,Caldas,434403.0,3163.0003009214165,20.56663362190391,gcp,us-east1,"Moncks Corner, South Carolina, North America",0.0,252,zero_observed_ai_and_distance_gte_q75,1251.605776472141
1360696757,Kupang,Kupang,Indonesia,ID,IDN,Nusa Tenggara Timur,433970.0,1895.7474582134616,38.756421448933494,aws,ap-southeast-3,Asia Pacific (Jakarta),0.0,253,zero_observed_ai_and_distance_gte_q75,1251.605776472141
1643947228,Stavropol,Stavropol,Russia,RU,RUS,Stavropol’skiy Kray,433577.0,1624.825092183264,44.37861192146548,aws,il-central-1,Middle East (Israel) - ???,0.0,254,zero_observed_ai_and_distance_gte_q75,1251.605776472141
1566777297,Katsina,Katsina,Nigeria,NG,NGA,Katsina,432149.0,3243.2723194622763,19.757516994617717,gcp,europe-southwest1,"Madrid, Spain, Europe",0.0,255,zero_observed_ai_and_distance_gte_q75,1251.605776472141
1643774900,Ulan-Ude,Ulan-Ude,Russia,RU,RUS,Buryatiya,431922.0,1487.3775152129717,47.53571999768676,aws,cn-north-1,China (Beijing),0.0,256,zero_observed_ai_and_distance_gte_q75,1251.605776472141
1566061694,Uyo,Uyo,Nigeria,NG,NGA,Akwa Ibom,429900.0,4062.732365544735,13.115621533224756,azure,southafricanorth,"Johannesburg, South Africa North, Africa",0.0,257,zero_observed_ai_and_distance_gte_q75,1251.605776472141
1804806030,Sevastopol,Sevastopol,Ukraine,UA,UKR,"Sevastopol’, Misto",428753.0,1251.7480121003643,53.4793811171998,gcp,europe-central2,"Warsaw, Poland, Europe",0.0,258,zero_observed_ai_and_distance_gte_q75,1251.605776472141
1076045591,Porto Velho,Porto Velho,Brazil,BR,BRA,Rondônia,428527.0,2452.131623073621,29.34447767658922,gcp,southamerica-east1,"Osasco, São Paulo, Brazil, South America",0.0,259,zero_observed_ai_and_distance_gte_q75,1251.605776472141
1604162901,Cusco,Cusco,Peru,PE,PER,Cusco,428450.0,2219.01721109768,32.97209443155647,gcp,southamerica-west1,"Santiago, Chile, South America",0.0,260,zero_observed_ai_and_distance_gte_q75,1251.605776472141
1004436363,Mazār-e Sharīf,Mazar-e Sharif,Afghanistan,AF,AFG,Balkh,427600.0,1300.5801932286613,52.189435501318215,gcp,asia-south2,"Delhi, India APAC",0.0,261,zero_observed_ai_and_distance_gte_q75,1251.605776472141
1156048097,Yan’an Beilu,Yan'an Beilu,China,CN,CHN,Xinjiang,426253.0,1736.9391059468767,41.95932232992829,aws,cn-northwest-1,China (Ningxia),0.0,262,zero_observed_ai_and_distance_gte_q75,1251.605776472141
1170287988,Buenaventura,Buenaventura,Colombia,CO,COL,Valle del Cauca,423927.0,3274.9534059135804,19.447012961596204,gcp,us-east1,"Moncks Corner, South Carolina, North America",0.0,263,zero_observed_ai_and_distance_gte_q75,1251.605776472141
1180978192,Likasi,Likasi,Congo (Kinshasa),CD,COD,Haut-Katanga,422535.0,1647.326975261044,43.88210905295294,azure,southafricanorth,"Johannesburg, South Africa North, Africa",0.0,264,zero_observed_ai_and_distance_gte_q75,1251.605776472141
1104494124,Hpa-An,Hpa-An,Myanmar,MM,MMR,Kayin State,421525.0,1830.926130109122,40.03312037721169,aws,ap-east-1,Asia Pacific (Hong Kong),0.0,265,zero_observed_ai_and_distance_gte_q75,1251.605776472141
1566568277,Akure,Akure,Nigeria,NG,NGA,Ondo,420594.0,3792.530989868418,15.01282282698327,gcp,europe-southwest1,"Madrid, Spain, Europe",0.0,266,zero_observed_ai_and_distance_gte_q75,1251.605776472141
1554772152,Wellington,Wellington,New Zealand,NZ,NZL,Wellington,418500.0,2225.9305345969988,32.85831781086354,gcp,australia-southeast1,"Sydney, Australia, APAC",0.0,267,zero_observed_ai_and_distance_gte_q75,1251.605776472141
1729215531,El Obeid,El Obeid,Sudan,SD,SDN,North Kordofan,418280.0,2094.7903435014928,35.08504650635939,aws,il-central-1,Middle East (Israel) - ???,0.0,268,zero_observed_ai_and_distance_gte_q75,1251.605776472141
1643987830,Magnitogorsk,Magnitogorsk,Russia,RU,RUS,Chelyabinskaya Oblast’,418241.0,2062.9937626064902,35.647296328972345,gcp,europe-north1,"Hamina, Finland, Europe",0.0,269,zero_observed_ai_and_distance_gte_q75,1251.605776472141
1180380965,Kolwezi,Kolwezi,Congo (Kinshasa),CD,COD,Lualaba,418000.0,1694.4704486742673,42.85982734336064,azure,southafricanorth,"Johannesburg, South Africa North, Africa",0.0,270,zero_observed_ai_and_distance_gte_q75,1251.605776472141
1804688214,Luhansk,Luhansk,Ukraine,UA,UKR,Luhans’ka Oblast’,417990.0,1356.3667775324413,50.75381549289493,gcp,europe-central2,"Warsaw, Poland, Europe",0.0,271,zero_observed_ai_and_distance_gte_q75,1251.605776472141
1834484937,Arusha,Arusha,Tanzania,TZ,TZA,Arusha,416442.0,2646.053061331739,26.632803101386955,azure,southafricanorth,"Johannesburg, South Africa North, Africa",0.0,272,zero_observed_ai_and_distance_gte_q75,1251.605776472141
1156260844,Nagqu,Nagqu,China,CN,CHN,Tibet,414554.0,1429.1014696270083,48.941193815813826,aws,cn-northwest-1,China (Ningxia),0.0,273,zero_observed_ai_and_distance_gte_q75,1251.605776472141
1076391263,Rio Branco,Rio Branco,Brazil,BR,BRA,Acre,413418.0,2624.693616915941,26.91875828316545,gcp,southamerica-west1,"Santiago, Chile, South America",0.0,274,zero_observed_ai_and_distance_gte_q75,1251.605776472141
1360517692,Jayapura,Jayapura,Indonesia,ID,IDN,Papua,413283.0,3649.8118868856536,16.123280841947846,azure,australiaeast,"New South Wales, Australia East, Asia Pacific",0.0,275,zero_observed_ai_and_distance_gte_q75,1251.605776472141
1643009782,Sochi,Sochi,Russia,RU,RUS,Krasnodarskiy Kray,411524.0,1406.2867923480715,49.50267902434491,aws,il-central-1,Middle East (Israel) - ???,0.0,276,zero_observed_ai_and_distance_gte_q75,1251.605776472141
1834288497,Dodoma,Dodoma,Tanzania,TZ,TZA,Dodoma,410956.0,2316.1149692002855,31.409572444882507,azure,southafricanorth,"Johannesburg, South Africa North, Africa",0.0,277,zero_observed_ai_and_distance_gte_q75,1251.605776472141
1404511920,Kisumu,Kisumu,Kenya,KE,KEN,Kisumu,409928.0,2935.017984579717,23.049894529332317,azure,southafricanorth,"Johannesburg, South Africa North, Africa",0.0,278,zero_observed_ai_and_distance_gte_q75,1251.605776472141
1795079064,Türkmenabat,Turkmenabat,Turkmenistan,TM,TKM,Lebap,408906.0,1710.6331673360278,42.514857467949824,gcp,asia-south2,"Delhi, India APAC",0.0,279,zero_observed_ai_and_distance_gte_q75,1251.605776472141
1860894033,Namangan,Namangan,Uzbekistan,UZ,UZB,Namangan,408500.0,1462.1837970144118,48.1383081554937,gcp,asia-south2,"Delhi, India APAC",0.0,280,zero_observed_ai_and_distance_gte_q75,1251.605776472141
1566395088,Osogbo,Osogbo,Nigeria,NG,NGA,Osun,408245.0,3722.136372197422,15.550643180958632,gcp,europe-southwest1,"Madrid, Spain, Europe",0.0,281,zero_observed_ai_and_distance_gte_q75,1251.605776472141
1566287704,Zaria,Zaria,Nigeria,NG,NGA,Kaduna,408198.0,3450.459027796246,17.813216327366447,gcp,europe-southwest1,"Madrid, Spain, Europe",0.0,282,zero_observed_ai_and_distance_gte_q75,1251.605776472141
1608430676,Lapu-Lapu City,Lapu-Lapu City,Philippines,PH,PHL,Lapu-Lapu,408112.0,1572.2503524627884,45.5606775358946,gcp,asia-east1,"Changhua County, Taiwan, APAC",0.0,283,zero_observed_ai_and_distance_gte_q75,1251.605776472141
1862284350,Maracay,Maracay,Venezuela,VE,VEN,Aragua,407109.0,2850.215623180953,24.048253500610606,gcp,us-east1,"Moncks Corner, South Carolina, North America",0.0,284,zero_observed_ai_and_distance_gte_q75,1251.605776472141
1398626276,Taraz,Taraz,Kazakhstan,KZ,KAZ,Zhambyl,406262.0,1667.2018450040327,43.4481930291842,gcp,asia-south2,"Delhi, India APAC",0.0,285,zero_observed_ai_and_distance_gte_q75,1251.605776472141
1076218697,Campina Grande,Campina Grande,Brazil,BR,BRA,Paraíba,405072.0,1910.747560600593,38.46683362320628,azure,brazilsoutheast,"Rio, Brazil Southeast, South America",0.0,286,zero_observed_ai_and_distance_gte_q75,1251.605776472141
1156064979,Ghulja,Ghulja,China,CN,CHN,Xinjiang,403489.0,1734.8284803852894,42.00362591201302,gcp,asia-south2,"Delhi, India APAC",0.0,287,zero_observed_ai_and_distance_gte_q75,1251.605776472141
1800265900,Mbale,Mbale,Uganda,UG,UGA,Mbale,402368.0,3049.326847653692,21.769431525557305,azure,southafricanorth,"Johannesburg, South Africa North, Africa",0.0,288,zero_observed_ai_and_distance_gte_q75,1251.605776472141
1458405180,Sandakan,Sandakan,Malaysia,MY,MYS,Sabah,396290.0,1662.7224899665603,43.54561202318436,aws,ap-southeast-1,Asia Pacific (Singapore),0.0,289,zero_observed_ai_and_distance_gte_q75,1251.605776472141
1624168850,Bissau,Bissau,Guinea-Bissau,GW,GNB,Bissau,395954.0,3382.437772301809,18.429475271375065,gcp,europe-southwest1,"Madrid, Spain, Europe",0.0,290,zero_observed_ai_and_distance_gte_q75,1251.605776472141
1024128946,Lobito,Lobito,Angola,AO,AGO,Benguela,393079.0,2139.601306116178,34.3076901933599,azure,southafricanorth,"Johannesburg, South Africa North, Africa",0.0,291,zero_observed_ai_and_distance_gte_q75,1251.605776472141
1024326839,Saurimo,Saurimo,Angola,AO,AGO,Lunda Sul,393000.0,1968.5345984310397,37.37129464161862,azure,southafricanorth,"Johannesburg, South Africa North, Africa",0.0,292,zero_observed_ai_and_distance_gte_q75,1251.605776472141
1566782065,Yola,Yola,Nigeria,NG,NGA,Adamawa,392854.0,3391.709369508759,18.344237660498745,aws,il-central-1,Middle East (Israel) - ???,0.0,293,zero_observed_ai_and_distance_gte_q75,1251.605776472141
1156892128,Karamay,Karamay,China,CN,CHN,Xinjiang,391008.0,1975.962112047363,37.23276413523668,aws,cn-northwest-1,China (Ningxia),0.0,294,zero_observed_ai_and_distance_gte_q75,1251.605776472141
1076784718,Olinda,Olinda,Brazil,BR,BRA,Pernambuco,389494.0,1881.0690247055131,39.04190957471116,azure,brazilsoutheast,"Rio, Brazil Southeast, South America",0.0,295,zero_observed_ai_and_distance_gte_q75,1251.605776472141
1398602716,Aqtöbe,Aqtobe,Kazakhstan,KZ,KAZ,Aqtöbe,387807.0,2180.7146841423005,33.60963708722667,gcp,europe-north1,"Hamina, Finland, Europe",0.0,296,zero_observed_ai_and_distance_gte_q75,1251.605776472141
1834011288,Mwanza,Mwanza,Tanzania,TZ,TZA,Mwanza,385810.0,2629.462132891809,26.85465347027763,azure,southafricanorth,"Johannesburg, South Africa North, Africa",0.0,297,zero_observed_ai_and_distance_gte_q75,1251.605776472141
1170320545,Pasto,Pasto,Colombia,CO,COL,Nariño,382236.0,3567.8355349644794,16.797875473568556,gcp,us-east1,"Moncks Corner, South Carolina, North America",0.0,298,zero_observed_ai_and_distance_gte_q75,1251.605776472141
1724501748,Las Palmas,Las Palmas,Spain,ES,ESP,Canary Islands,381223.0,1736.8861078628788,41.96043422650499,gcp,europe-southwest1,"Madrid, Spain, Europe",0.0,299,zero_observed_ai_and_distance_gte_q75,1251.605776472141
1156232270,Shihezi,Shihezi,China,CN,CHN,Xinjiang,380130.0,1842.264341748833,39.8068104749958,aws,cn-northwest-1,China (Ningxia),0.0,300,zero_observed_ai_and_distance_gte_q75,1251.605776472141
1222984157,Usulután,Usulutan,El Salvador,SV,SLV,Usulután,378606.0,2064.888491124296,35.61354134616048,azure,southcentralus,"Texas, South Central US, US",0.0,301,zero_observed_ai_and_distance_gte_q75,1251.605776472141
1604249985,Huancayo,Huancayo,Peru,PE,PER,Junín,378203.0,2421.239509557181,29.801252749735813,gcp,southamerica-west1,"Santiago, Chile, South America",0.0,302,zero_observed_ai_and_distance_gte_q75,1251.605776472141
1604493809,Iquitos,Iquitos,Peru,PE,PER,Loreto,377609.0,3313.992419989105,19.07109763177725,gcp,southamerica-west1,"Santiago, Chile, South America",0.0,303,zero_observed_ai_and_distance_gte_q75,1251.605776472141
1554377228,Christchurch,Christchurch,New Zealand,NZ,NZL,Canterbury,377200.0,2138.225941119967,34.331291105493314,gcp,australia-southeast1,"Sydney, Australia, APAC",0.0,304,zero_observed_ai_and_distance_gte_q75,1251.605776472141
1332051873,Pétion-Ville,Petion-Ville,Haiti,HT,HTI,Ouest,376834.0,1805.299006666579,40.54938778450815,gcp,us-east1,"Moncks Corner, South Carolina, North America",0.0,305,zero_observed_ai_and_distance_gte_q75,1251.605776472141
1554797148,Manukau City,Manukau City,New Zealand,NZ,NZL,Auckland,375600.0,2167.3546927053917,33.83490086194432,gcp,australia-southeast1,"Sydney, Australia, APAC",0.0,306,zero_observed_ai_and_distance_gte_q75,1251.605776472141
1862583279,Cumaná,Cumana,Venezuela,VE,VEN,Sucre,374706.0,3002.9964400533586,22.279611237495672,gcp,us-east1,"Moncks Corner, South Carolina, North America",0.0,307,zero_observed_ai_and_distance_gte_q75,1251.605776472141
1360756802,Ambon,Ambon,Indonesia,ID,IDN,Maluku,372249.0,2380.015039615545,30.421897638987943,aws,ap-southeast-3,Asia Pacific (Jakarta),0.0,308,zero_observed_ai_and_distance_gte_q75,1251.605776472141
1170423489,Bello,Bello,Colombia,CO,COL,Antioquia,371591.0,3022.5035455749257,22.06336218640955,gcp,us-east1,"Moncks Corner, South Carolina, North America",0.0,309,zero_observed_ai_and_distance_gte_q75,1251.605776472141
1598685395,Port Moresby,Port Moresby,Papua New Guinea,PG,PNG,National Capital,364125.0,2742.6093190780703,25.377565265243263,azure,australiaeast,"New South Wales, Australia East, Asia Pacific",0.0,310,zero_observed_ai_and_distance_gte_q75,1251.605776472141
1608794590,Mandaue City,Mandaue City,Philippines,PH,PHL,Mandaue,362654.0,1569.6409172998176,45.62016014846723,gcp,asia-east1,"Changhua County, Taiwan, APAC",0.0,311,zero_observed_ai_and_distance_gte_q75,1251.605776472141
1643007475,Surgut,Surgut,Russia,RU,RUS,Khanty-Mansiyskiy Avtonomnyy Okrug-Yugra,360590.0,2448.8384320088694,29.392835964775983,gcp,europe-north1,"Hamina, Finland, Europe",0.0,312,zero_observed_ai_and_distance_gte_q75,1251.605776472141
1854348796,Bobo-Dioulasso,Bobo-Dioulasso,Burkina Faso,BF,BFA,Hauts-Bassins,360106.0,3251.109484365672,19.68024702847536,gcp,europe-southwest1,"Madrid, Spain, Europe",0.0,313,zero_observed_ai_and_distance_gte_q75,1251.605776472141
1360518272,Palu,Palu,Indonesia,ID,IDN,Sulawesi Tengah,359350.0,1560.5050015332636,45.82902780479234,aws,ap-southeast-3,Asia Pacific (Jakarta),0.0,314,zero_observed_ai_and_distance_gte_q75,1251.605776472141
1566217980,Umuahia,Umuahia,Nigeria,NG,NGA,Abia,359230.0,4036.4810545011937,13.288907421017257,gcp,europe-southwest1,"Madrid, Spain, Europe",0.0,315,zero_observed_ai_and_distance_gte_q75,1251.605776472141
1024580158,Cubal,Cubal,Angola,AO,AGO,Benguela,357618.0,2032.7907395773843,36.18970970755772,azure,southafricanorth,"Johannesburg, South Africa North, Africa",0.0,316,zero_observed_ai_and_distance_gte_q75,1251.605776472141
1484735713,Minatitlán,Minatitlan,Mexico,MX,MEX,Veracruz,356020.0,1333.1121688710787,51.34738969823719,azure,southcentralus,"Texas, South Central US, US",0.0,317,zero_observed_ai_and_distance_gte_q75,1251.605776472141
1643992310,Nizhniy Tagil,Nizhniy Tagil,Russia,RU,RUS,Sverdlovskaya Oblast’,355693.0,1866.954237700138,39.31841826131352,gcp,europe-north1,"Hamina, Finland, Europe",0.0,318,zero_observed_ai_and_distance_gte_q75,1251.605776472141
1384683557,Yamoussoukro,Yamoussoukro,Côte D’Ivoire,CI,CIV,Yamoussoukro,355573.0,3739.4903951729043,15.416293789975485,gcp,europe-southwest1,"Madrid, Spain, Europe",0.0,319,zero_observed_ai_and_distance_gte_q75,1251.605776472141
1729215057,Gedaref,Gedaref,Sudan,SD,SDN,Al Gedaref,354927.0,1946.4046708599865,37.78710287256148,aws,il-central-1,Middle East (Israel) - ???,0.0,320,zero_observed_ai_and_distance_gte_q75,1251.605776472141
1398790087,Pavlodar,Pavlodar,Kazakhstan,KZ,KAZ,Pavlodar,353930.0,2631.3987270544717,26.828662773091043,gcp,asia-south2,"Delhi, India APAC",0.0,321,zero_observed_ai_and_distance_gte_q75,1251.605776472141
1170159963,Neiva,Neiva,Colombia,CO,COL,Huila,353033.0,3401.556718780358,18.25413859408004,gcp,us-east1,"Moncks Corner, South Carolina, North America",0.0,322,zero_observed_ai_and_distance_gte_q75,1251.605776472141
1032173097,Corrientes,Corrientes,Argentina,AR,ARG,Corrientes,352646.0,1283.49729625763,52.637118083226156,gcp,southamerica-east1,"Osasco, São Paulo, Brazil, South America",0.0,323,zero_observed_ai_and_distance_gte_q75,1251.605776472141
1862398719,Cabimas,Cabimas,Venezuela,VE,VEN,Zulia,351735.0,2682.2804039238745,26.15472817782213,gcp,us-east1,"Moncks Corner, South Carolina, North America",0.0,324,zero_observed_ai_and_distance_gte_q75,1251.605776472141
1192920574,Holguín,Holguin,Cuba,CU,CUB,Holguín,350191.0,1417.9212677330456,49.21554614387327,gcp,us-east1,"Moncks Corner, South Carolina, North America",0.0,325,zero_observed_ai_and_distance_gte_q75,1251.605776472141
1860403462,Qoqon,Qoqon,Uzbekistan,UZ,UZB,Farg‘ona,350000.0,1440.5635486798938,48.661512098579664,gcp,asia-south2,"Delhi, India APAC",0.0,326,zero_observed_ai_and_distance_gte_q75,1251.605776472141
1804926154,Makiivka,Makiivka,Ukraine,UA,UKR,Donets’ka Oblast’,347376.0,1290.6017215638515,52.450471546704115,gcp,europe-central2,"Warsaw, Poland, Europe",0.0,327,zero_observed_ai_and_distance_gte_q75,1251.605776472141
1076397475,Caruaru,Caruaru,Brazil,BR,BRA,Pernambuco,347088.0,1799.6177830256713,40.66473660781329,azure,brazilsoutheast,"Rio, Brazil Southeast, South America",0.0,328,zero_observed_ai_and_distance_gte_q75,1251.605776472141
1643036673,Chita,Chita,Russia,RU,RUS,Zabaykal’skiy Kray,347088.0,1366.5704019125628,50.495538458994304,aws,cn-north-1,China (Beijing),0.0,329,zero_observed_ai_and_distance_gte_q75,1251.605776472141
1729229371,Kūstī,Kusti,Sudan,SD,SDN,White Nile,345068.0,2054.0994870423897,35.8061777893272,aws,il-central-1,Middle East (Israel) - ???,0.0,330,zero_observed_ai_and_distance_gte_q75,1251.605776472141
1608000268,Iligan,Iligan,Philippines,PH,PHL,Iligan,342618.0,1805.144720403697,40.55251601191895,gcp,asia-east1,"Changhua County, Taiwan, APAC",0.0,331,zero_observed_ai_and_distance_gte_q75,1251.605776472141
1804665958,Simferopol,Simferopol,Ukraine,UA,UKR,"Krym, Avtonomna Respublika",341799.0,1254.971206859066,53.393263299006165,gcp,europe-central2,"Warsaw, Poland, Europe",0.0,332,zero_observed_ai_and_distance_gte_q75,1251.605776472141
1031630283,Sumqayıt,Sumqayit,Azerbaijan,AZ,AZE,Sumqayıt,341200.0,1607.39866750561,44.766981707560404,aws,me-south-1,Middle East (Bahrain),0.0,333,zero_observed_ai_and_distance_gte_q75,1251.605776472141
1860479627,Farg‘ona,Farg`ona,Uzbekistan,UZ,UZB,Farg‘ona,340600.0,1395.8649399836145,49.7613070912193,gcp,asia-south2,"Delhi, India APAC",0.0,334,zero_observed_ai_and_distance_gte_q75,1251.605776472141
1398405657,Semey,Semey,Kazakhstan,KZ,KAZ,Shyghys Qazaqstan,340000.0,2432.7226222287004,29.63063744558811,gcp,asia-south2,"Delhi, India APAC",0.0,335,zero_observed_ai_and_distance_gte_q75,1251.605776472141
1076843988,Petrolina,Petrolina,Brazil,BR,BRA,Pernambuco,337683.0,1529.5085930885932,46.54482791765088,azure,brazilsoutheast,"Rio, Brazil Southeast, South America",0.0,336,zero_observed_ai_and_distance_gte_q75,1251.605776472141
1608000722,Butuan,Butuan,Philippines,PH,PHL,Butuan,337063.0,1762.878712878447,41.41863206833188,gcp,asia-east1,"Changhua County, Taiwan, APAC",0.0,337,zero_observed_ai_and_distance_gte_q75,1251.605776472141
1180325051,Beni,Beni,Congo (Kinshasa),CD,COD,Nord-Kivu,332903.0,2919.876118629658,23.225066004925083,azure,southafricanorth,"Johannesburg, South Africa North, Africa",0.0,338,zero_observed_ai_and_distance_gte_q75,1251.605776472141
1729581572,Wad Medani,Wad Medani,Sudan,SD,SDN,Al Gazira,332714.0,1909.9172958077795,38.48280576707826,aws,il-central-1,Middle East (Israel) - ???,0.0,339,zero_observed_ai_and_distance_gte_q75,1251.605776472141
1031197327,Gəncə,Ganca,Azerbaijan,AZ,AZE,Gəncə,331400.0,1447.2601440085016,48.498851341561995,aws,il-central-1,Middle East (Israel) - ???,0.0,340,zero_observed_ai_and_distance_gte_q75,1251.605776472141
1360992102,Kendari,Kendari,Indonesia,ID,IDN,Sulawesi Tenggara,331013.0,1763.4260953580776,41.4072977026987,aws,ap-southeast-3,Asia Pacific (Jakarta),0.0,341,zero_observed_ai_and_distance_gte_q75,1251.605776472141
1218041020,Cuenca,Cuenca,Ecuador,EC,ECU,Azuay,329928.0,3505.2307401327653,17.332005408348245,gcp,southamerica-west1,"Santiago, Chile, South America",0.0,342,zero_observed_ai_and_distance_gte_q75,1251.605776472141
1076621300,Boa Vista,Boa Vista,Brazil,BR,BRA,Roraima,326419.0,3293.3662078116913,19.268797582886567,gcp,southamerica-east1,"Osasco, São Paulo, Brazil, South America",0.0,343,zero_observed_ai_and_distance_gte_q75,1251.605776472141
1643875527,Volzhskiy,Volzhskiy,Russia,RU,RUS,Volgogradskaya Oblast’,326055.0,1715.0759867025504,42.42051937246133,gcp,europe-central2,"Warsaw, Poland, Europe",0.0,344,zero_observed_ai_and_distance_gte_q75,1251.605776472141
1604478712,Pucallpa,Pucallpa,Peru,PE,PER,Ucayali,326040.0,2814.552103148494,24.480922344698094,gcp,southamerica-west1,"Santiago, Chile, South America",0.0,345,zero_observed_ai_and_distance_gte_q75,1251.605776472141
1076870058,Caucaia,Caucaia,Brazil,BR,BRA,Ceará,325441.0,2187.1588399047373,33.50151849577184,azure,brazilsoutheast,"Rio, Brazil Southeast, South America",0.0,346,zero_observed_ai_and_distance_gte_q75,1251.605776472141
1332384588,Gonaïves,Gonaives,Haiti,HT,HTI,Artibonite,324043.0,1693.0063932391124,42.891213411280845,gcp,us-east1,"Moncks Corner, South Carolina, North America",0.0,347,zero_observed_ai_and_distance_gte_q75,1251.605776472141
1231234833,Gonder,Gonder,Ethiopia,ET,ETH,Āmara,323900.0,2034.1745353606022,36.164678784133265,aws,me-south-1,Middle East (Bahrain),0.0,348,zero_observed_ai_and_distance_gte_q75,1251.605776472141
1231468531,Mekele,Mekele,Ethiopia,ET,ETH,Tigray,323700.0,1819.605545848626,40.26036205385482,aws,me-south-1,Middle East (Bahrain),0.0,349,zero_observed_ai_and_distance_gte_q75,1251.605776472141
1630035577,San Juan,San Juan,Puerto Rico,PR,PRI,Puerto Rico,323279.0,2152.9538639359694,34.0794053793579,gcp,us-east1,"Moncks Corner, South Carolina, North America",0.0,350,zero_observed_ai_and_distance_gte_q75,1251.605776472141
1562758258,Zinder,Zinder,Niger,NE,NER,Zinder,322935.0,3206.844627035758,20.120674579350446,gcp,europe-southwest1,"Madrid, Spain, Europe",0.0,351,zero_observed_ai_and_distance_gte_q75,1251.605776472141
1024666275,Uíge,Uige,Angola,AO,AGO,Uíge,322531.0,2450.1373607206747,29.37375256316332,azure,southafricanorth,"Johannesburg, South Africa North, Africa",0.0,352,zero_observed_ai_and_distance_gte_q75,1251.605776472141
1643201853,Kurgan,Kurgan,Russia,RU,RUS,Kurganskaya Oblast’,322042.0,2283.550119724001,31.925182745847092,gcp,europe-north1,"Hamina, Finland, Europe",0.0,353,zero_observed_ai_and_distance_gte_q75,1251.605776472141
1192667983,Camagüey,Camaguey,Cuba,CU,CUB,Camagüey,321992.0,1330.2472651123737,51.420995068599815,gcp,us-east1,"Moncks Corner, South Carolina, North America",0.0,354,zero_observed_ai_and_distance_gte_q75,1251.605776472141
1024725650,Menongue,Menongue,Angola,AO,AGO,Kuando Kubango,320914.0,1648.4084654103453,43.85838643314023,azure,southafricanorth,"Johannesburg, South Africa North, Africa",0.0,355,zero_observed_ai_and_distance_gte_q75,1251.605776472141
1484997178,Tapachula,Tapachula,Mexico,MX,MEX,Chiapas,320451.0,1736.1715525135464,41.97542843126122,azure,southcentralus,"Texas, South Central US, US",0.0,356,zero_observed_ai_and_distance_gte_q75,1251.605776472141
1120956931,Maroua,Maroua,Cameroon,CM,CMR,Extrême-Nord,319941.0,3144.66115605603,20.756088139598468,aws,il-central-1,Middle East (Israel) - ???,0.0,357,zero_observed_ai_and_distance_gte_q75,1251.605776472141
1484016854,Coatzacoalcos,Coatzacoalcos,Mexico,MX,MEX,Veracruz,319187.0,1319.0344260223883,51.71009238355347,azure,southcentralus,"Texas, South Central US, US",0.0,358,zero_observed_ai_and_distance_gte_q75,1251.605776472141
1398371414,Öskemen,Oskemen,Kazakhstan,KZ,KAZ,Shyghys Qazaqstan,319067.0,2332.1920115663333,31.158098026795646,aws,cn-northwest-1,China (Ningxia),0.0,359,zero_observed_ai_and_distance_gte_q75,1251.605776472141
1558023610,Boaco,Boaco,Nicaragua,NI,NIC,Boaco,317000.0,2304.0569523092327,31.59951302375558,azure,southcentralus,"Texas, South Central US, US",0.0,360,zero_observed_ai_and_distance_gte_q75,1251.605776472141
1728186782,Bor,Bor,South Sudan,SS,SSD,Jonglei,315351.0,2835.9348154519184,24.22058225912141,aws,il-central-1,Middle East (Israel) - ???,0.0,361,zero_observed_ai_and_distance_gte_q75,1251.605776472141
1591394184,San Miguelito,San Miguelito,Panama,PA,PAN,Panamá,315019.0,2685.5752651251505,26.11167555111512,gcp,us-east1,"Moncks Corner, South Carolina, North America",0.0,362,zero_observed_ai_and_distance_gte_q75,1251.605776472141
1643003229,Saransk,Saransk,Russia,RU,RUS,Mordoviya,314789.0,1284.9579720761749,52.59868923518554,gcp,europe-north1,"Hamina, Finland, Europe",0.0,363,zero_observed_ai_and_distance_gte_q75,1251.605776472141
1320020813,Cobán,Coban,Guatemala,GT,GTM,Alta Verapaz,310102.0,1758.877560421158,41.50157613937523,azure,southcentralus,"Texas, South Central US, US",0.0,364,zero_observed_ai_and_distance_gte_q75,1251.605776472141
1566310893,Sapele,Sapele,Nigeria,NG,NGA,Delta,309162.0,3951.6291135132274,13.864832930026788,gcp,europe-southwest1,"Madrid, Spain, Europe",0.0,365,zero_observed_ai_and_distance_gte_q75,1251.605776472141
1404140179,Nakuru,Nakuru,Kenya,KE,KEN,Nakuru,307990.0,2952.334303031131,22.85118633726868,azure,southafricanorth,"Johannesburg, South Africa North, Africa",0.0,366,zero_observed_ai_and_distance_gte_q75,1251.605776472141
1643163546,Yakutsk,Yakutsk,Russia,RU,RUS,Sakha (Yakutiya),307911.0,2619.125591099905,26.993804870555472,aws,cn-north-1,China (Beijing),0.0,367,zero_observed_ai_and_distance_gte_q75,1251.605776472141
1643438348,Vladikavkaz,Vladikavkaz,Russia,RU,RUS,North Ossetia,306978.0,1543.8149017361493,46.21307354030048,aws,il-central-1,Middle East (Israel) - ???,0.0,368,zero_observed_ai_and_distance_gte_q75,1251.605776472141
1862856141,Puerto La Cruz,Puerto La Cruz,Venezuela,VE,VEN,Anzoátegui,306261.0,3001.086012847835,22.300903192777678,gcp,us-east1,"Moncks Corner, South Carolina, North America",0.0,369,zero_observed_ai_and_distance_gte_q75,1251.605776472141
1180529604,Matadi,Matadi,Congo (Kinshasa),CD,COD,Kongo Central,306053.0,2712.49034473255,25.762630549358246,azure,southafricanorth,"Johannesburg, South Africa North, Africa",0.0,370,zero_observed_ai_and_distance_gte_q75,1251.605776472141
1566285237,Minna,Minna,Nigeria,NG,NGA,Niger,304113.0,3571.657291802011,16.765807424674207,gcp,europe-southwest1,"Madrid, Spain, Europe",0.0,371,zero_observed_ai_and_distance_gte_q75,1251.605776472141
1566560581,Awka,Awka,Nigeria,NG,NGA,Anambra,301657.0,3953.2594440664097,13.853535404957162,gcp,europe-southwest1,"Madrid, Spain, Europe",0.0,372,zero_observed_ai_and_distance_gte_q75,1251.605776472141
1170398459,Armenia,Armenia,Colombia,CO,COL,Quindío,301226.0,3218.284951242949,20.00590960916758,gcp,us-east1,"Moncks Corner, South Carolina, North America",0.0,373,zero_observed_ai_and_distance_gte_q75,1251.605776472141
1170764265,Popayán,Popayan,Colombia,CO,COL,Cauca,300837.0,3438.2818193870926,17.922004800095017,gcp,us-east1,"Moncks Corner, South Carolina, North America",0.0,374,zero_observed_ai_and_distance_gte_q75,1251.605776472141
1076461194,Mossoró,Mossoro,Brazil,BR,BRA,Rio Grande do Norte,300618.0,2067.955318762037,35.558972898419775,azure,brazilsoutheast,"Rio, Brazil Southeast, South America",0.0,375,zero_observed_ai_and_distance_gte_q75,1251.605776472141
1076183876,Paulista,Paulista,Brazil,BR,BRA,Pernambuco,300466.0,1886.8987632052072,38.928273211066475,azure,brazilsoutheast,"Rio, Brazil Southeast, South America",0.0,376,zero_observed_ai_and_distance_gte_q75,1251.605776472141
1231663122,Āwasa,Awasa,Ethiopia,ET,ETH,YeDebub Bihēroch Bihēreseboch na Hizboch,300100.0,2479.251106430443,28.949259721889366,aws,me-south-1,Middle East (Bahrain),0.0,377,zero_observed_ai_and_distance_gte_q75,1251.605776472141
1484301467,Oaxaca,Oaxaca,Mexico,MX,MEX,Oaxaca,300050.0,1382.9488947340312,50.083706649574246,azure,southcentralus,"Texas, South Central US, US",0.0,378,zero_observed_ai_and_distance_gte_q75,1251.605776472141
1204172060,Porto-Novo,Porto-Novo,Benin,BJ,BEN,Ouémé,300000.0,3825.385717381541,14.768216345944507,gcp,europe-southwest1,"Madrid, Spain, Europe",0.0,379,zero_observed_ai_and_distance_gte_q75,1251.605776472141
1862668122,Mérida,Merida,Venezuela,VE,VEN,Mérida,300000.0,2884.8484239864465,23.63540911947428,gcp,us-east1,"Moncks Corner, South Carolina, North America",0.0,380,zero_observed_ai_and_distance_gte_q75,1251.605776472141
1320672314,Coatepeque,Coatepeque,Guatemala,GT,GTM,Quetzaltenango,300000.0,1772.3643218773127,41.22265669759179,azure,southcentralus,"Texas, South Central US, US",0.0,381,zero_observed_ai_and_distance_gte_q75,1251.605776472141
1068823873,Sucre,Sucre,Bolivia,BO,BOL,Chuquisaca,300000.0,1687.7261425654651,43.004601203664976,gcp,southamerica-west1,"Santiago, Chile, South America",0.0,382,zero_observed_ai_and_distance_gte_q75,1251.605776472141
1480343099,Curepipe,Curepipe,Mauritius,MU,MUS,Plaines Wilhems,299975.0,3051.4671079573654,21.746147860991208,azure,southafricanorth,"Johannesburg, South Africa North, Africa",0.0,383,zero_observed_ai_and_distance_gte_q75,1251.605776472141
1608753128,Cotabato,Cotabato,Philippines,PH,PHL,Cotabato,299438.0,1915.783555977813,38.37009606863649,gcp,asia-east1,"Changhua County, Taiwan, APAC",0.0,384,zero_observed_ai_and_distance_gte_q75,1251.605776472141
1050609330,Comilla,Comilla,Bangladesh,BD,BGD,Chittagong,296010.0,1271.5936500015782,52.95133906629872,azure,jioindiacentral,"Nagpur, Jio India Central, Asia Pacific",0.0,385,zero_observed_ai_and_distance_gte_q75,1251.605776472141
1024863343,Vila Teixeira da Silva,Vila Teixeira da Silva,Angola,AO,AGO,Huambo,294494.0,1985.973391843169,37.046856008323516,azure,southafricanorth,"Johannesburg, South Africa North, Africa",0.0,386,zero_observed_ai_and_distance_gte_q75,1251.605776472141
1686527948,Thiès,Thies,Senegal,SN,SEN,Thiès,293001.0,3125.0513977186556,20.960600044676227,gcp,europe-southwest1,"Madrid, Spain, Europe",0.0,387,zero_observed_ai_and_distance_gte_q75,1251.605776472141
1566873994,Makurdi,Makurdi,Nigeria,NG,NGA,Benue,292645.0,3800.5920711260064,14.952434814546582,aws,il-central-1,Middle East (Israel) - ???,0.0,388,zero_observed_ai_and_distance_gte_q75,1251.605776472141
1032720891,Resistencia,Resistencia,Argentina,AR,ARG,Chaco,291720.0,1298.4834707816603,52.244177571492266,gcp,southamerica-east1,"Osasco, São Paulo, Brazil, South America",0.0,389,zero_observed_ai_and_distance_gte_q75,1251.605776472141
1643049853,Groznyy,Groznyy,Russia,RU,RUS,Chechnya,291687.0,1619.011022663381,44.50780978927947,aws,il-central-1,Middle East (Israel) - ???,0.0,390,zero_observed_ai_and_distance_gte_q75,1251.605776472141
1834396594,Mbeya,Mbeya,Tanzania,TZ,TZA,Mbeya,291649.0,1951.4828956656077,37.691278876422196,azure,southafricanorth,"Johannesburg, South Africa North, Africa",0.0,391,zero_observed_ai_and_distance_gte_q75,1251.605776472141
1604174464,Juliaca,Juliaca,Peru,PE,PER,Puno,291189.0,1996.3094219957181,36.855891177536115,gcp,southamerica-west1,"Santiago, Chile, South America",0.0,392,zero_observed_ai_and_distance_gte_q75,1251.605776472141
1120435460,Bafoussam,Bafoussam,Cameroon,CM,CMR,Ouest,290768.0,3857.735170785495,14.531265952527104,aws,il-central-1,Middle East (Israel) - ???,0.0,393,zero_observed_ai_and_distance_gte_q75,1251.605776472141
1188749877,San José,San Jose,Costa Rica,CR,CRI,San José,288054.0,2620.2106091219257,26.979164459808192,gcp,us-east1,"Moncks Corner, South Carolina, North America",0.0,394,zero_observed_ai_and_distance_gte_q75,1251.605776472141
1840023385,Anchorage,Anchorage,United States,US,USA,Alaska,288000.0,2417.8359752693273,29.85201071938605,azure,westus2,"Washington, West US 2, US",0.0,395,zero_observed_ai_and_distance_gte_q75,1251.605776472141
1862535644,Punto Fijo,Punto Fijo,Venezuela,VE,VEN,Falcón,287558.0,2589.6920882808117,27.394003575877555,gcp,us-east1,"Moncks Corner, South Carolina, North America",0.0,396,zero_observed_ai_and_distance_gte_q75,1251.605776472141
1170364198,Sincelejo,Sincelejo,Colombia,CO,COL,Sucre,286716.0,2699.130779664387,25.935295358604797,gcp,us-east1,"Moncks Corner, South Carolina, North America",0.0,397,zero_observed_ai_and_distance_gte_q75,1251.605776472141
1288186231,Sekondi,Sekondi,Ghana,GH,GHA,Western,286248.0,3949.535882507774,13.879351675560825,gcp,europe-southwest1,"Madrid, Spain, Europe",0.0,398,zero_observed_ai_and_distance_gte_q75,1251.605776472141
1604388134,Tacna,Tacna,Peru,PE,PER,Tacna,286240.0,1710.8915728108987,42.50936478682565,gcp,southamerica-west1,"Santiago, Chile, South America",0.0,399,zero_observed_ai_and_distance_gte_q75,1251.605776472141
1384205840,Korhogo,Korhogo,Côte D’Ivoire,CI,CIV,Savanes,286071.0,3447.727704066765,17.837559776269572,gcp,europe-southwest1,"Madrid, Spain, Europe",0.0,400,zero_observed_ai_and_distance_gte_q75,1251.605776472141
1862647790,Barinas,Barinas,Venezuela,VE,VEN,Barinas,284289.0,2913.271332505477,23.301891085252574,gcp,us-east1,"Moncks Corner, South Carolina, North America",0.0,401,zero_observed_ai_and_distance_gte_q75,1251.605776472141
1862429150,Coro,Coro,Venezuela,VE,VEN,Falcón,284266.0,2643.0175175067147,26.67325631349448,gcp,us-east1,"Moncks Corner, South Carolina, North America",0.0,402,zero_observed_ai_and_distance_gte_q75,1251.605776472141
1104027443,Bago,Bago,Myanmar,MM,MMR,Bago,284179.0,1818.025085438552,40.292189581896245,azure,southindia,"Chennai, South India, Asia Pacific",0.0,403,zero_observed_ai_and_distance_gte_q75,1251.605776472141
1332257532,Delmas,Delmas,Haiti,HT,HTI,Ouest,284079.0,1800.5959507336397,40.64485300448291,gcp,us-east1,"Moncks Corner, South Carolina, North America",0.0,404,zero_observed_ai_and_distance_gte_q75,1251.605776472141
1076974144,Marabá,Maraba,Brazil,BR,BRA,Pará,283542.0,2035.0175780236486,36.14943781300096,gcp,southamerica-east1,"Osasco, São Paulo, Brazil, South America",0.0,405,zero_observed_ai_and_distance_gte_q75,1251.605776472141
1356342768,Āīzawl,Aizawl,India,IN,IND,Mizoram,283021.0,1429.1231215452294,48.940663983318736,azure,jioindiacentral,"Nagpur, Jio India Central, Asia Pacific",0.0,406,zero_observed_ai_and_distance_gte_q75,1251.605776472141
1604607907,Ica,Ica,Peru,PE,PER,Ica,282407.0,2214.297855855628,33.04998981275491,gcp,southamerica-west1,"Santiago, Chile, South America",0.0,407,zero_observed_ai_and_distance_gte_q75,1251.605776472141
1643812452,Sterlitamak,Sterlitamak,Russia,RU,RUS,Bashkortostan,280233.0,1880.8865733663251,39.04547136151507,gcp,europe-north1,"Hamina, Finland, Europe",0.0,408,zero_observed_ai_and_distance_gte_q75,1251.605776472141
1320220558,San Pedro Carchá,San Pedro Carcha,Guatemala,GT,GTM,Alta Verapaz,279972.0,1762.1783908264094,41.433137798555705,azure,southcentralus,"Texas, South Central US, US",0.0,409,zero_observed_ai_and_distance_gte_q75,1251.605776472141
1024297937,Sumbe,Sumbe,Angola,AO,AGO,Kwanza Sul,279968.0,2211.423639800413,33.09752036351487,azure,southafricanorth,"Johannesburg, South Africa North, Africa",0.0,410,zero_observed_ai_and_distance_gte_q75,1251.605776472141
1024160241,Caála,Caala,Angola,AO,AGO,Huambo,279792.0,1951.502172066075,37.690915602079976,azure,southafricanorth,"Johannesburg, South Africa North, Africa",0.0,411,zero_observed_ai_and_distance_gte_q75,1251.605776472141
1643786132,Nizhnevartovsk,Nizhnevartovsk,Russia,RU,RUS,Khanty-Mansiyskiy Avtonomnyy Okrug-Yugra,277668.0,2620.3685067164092,26.977034571300674,gcp,europe-north1,"Hamina, Finland, Europe",0.0,412,zero_observed_ai_and_distance_gte_q75,1251.605776472141
1231089714,Dire Dawa,Dire Dawa,Ethiopia,ET,ETH,Dirē Dawa,277000.0,2055.804093601482,35.775673068052946,aws,me-central-1,Middle East (United Arab Emirates) - ???,0.0,413,zero_observed_ai_and_distance_gte_q75,1251.605776472141
1566833788,Owo,Owo,Nigeria,NG,NGA,Ondo,276574.0,3807.633719031456,14.899882491925515,gcp,europe-southwest1,"Madrid, Spain, Europe",0.0,414,zero_observed_ai_and_distance_gte_q75,1251.605776472141
1076912078,Juazeiro do Norte,Juazeiro do Norte,Brazil,BR,BRA,Ceará,276264.0,1793.6436464792052,40.78638655026307,azure,brazilsoutheast,"Rio, Brazil Southeast, South America",0.0,415,zero_observed_ai_and_distance_gte_q75,1251.605776472141
1214335207,San Cristóbal,San Cristobal,Dominican Republic,DO,DOM,Valdesia,275232.0,1915.518697606249,38.37517772568967,gcp,us-east1,"Moncks Corner, South Carolina, North America",0.0,416,zero_observed_ai_and_distance_gte_q75,1251.605776472141
1862282663,La Guaira,La Guaira,Venezuela,VE,VEN,Vargas,275000.0,2845.670580519139,24.102965813564786,gcp,us-east1,"Moncks Corner, South Carolina, North America",0.0,417,zero_observed_ai_and_distance_gte_q75,1251.605776472141
1180720887,Mbandaka,Mbandaka,Congo (Kinshasa),CD,COD,Équateur,274996.0,3059.399621145735,21.660067879132296,azure,southafricanorth,"Johannesburg, South Africa North, Africa",0.0,418,zero_observed_ai_and_distance_gte_q75,1251.605776472141
1076425706,Crato,Crato,Brazil,BR,BRA,Amazonas,273883.0,2489.512497966031,28.801110257459456,gcp,southamerica-east1,"Osasco, São Paulo, Brazil, South America",0.0,419,zero_observed_ai_and_distance_gte_q75,1251.605776472141
1076894967,Crato,Crato,Brazil,BR,BRA,Ceará,273883.0,1789.005404363981,40.88108488418267,azure,brazilsoutheast,"Rio, Brazil Southeast, South America",0.0,420,zero_observed_ai_and_distance_gte_q75,1251.605776472141
1076052802,Palmas,Palmas,Brazil,BR,BRA,Tocantins,272726.0,1490.405423837089,47.46380753924335,gcp,southamerica-east1,"Osasco, São Paulo, Brazil, South America",0.0,421,zero_observed_ai_and_distance_gte_q75,1251.605776472141
1860523678,Bukhara,Bukhara,Uzbekistan,UZ,UZB,Buxoro,272500.0,1703.3441253446802,42.67008645445059,gcp,asia-south2,"Delhi, India APAC",0.0,422,zero_observed_ai_and_distance_gte_q75,1251.605776472141
1360498576,Majene,Majene,Indonesia,ID,IDN,Sulawesi Barat,272377.0,1376.504665908405,50.24534234713022,aws,ap-southeast-3,Asia Pacific (Jakarta),0.0,423,zero_observed_ai_and_distance_gte_q75,1251.605776472141
1360018780,Sorong,Sorong,Indonesia,ID,IDN,Papua Barat,272349.0,2773.0646977466786,24.99405101408476,aws,ap-southeast-3,Asia Pacific (Jakarta),0.0,424,zero_observed_ai_and_distance_gte_q75,1251.605776472141
1398593972,Oral,Oral,Kazakhstan,KZ,KAZ,Batys Qazaqstan,271900.0,1813.4191310551994,40.38508850649926,gcp,europe-north1,"Hamina, Finland, Europe",0.0,425,zero_observed_ai_and_distance_gte_q75,1251.605776472141
1218148017,Santo Domingo de los Colorados,Santo Domingo de los Colorados,Ecuador,EC,ECU,Santo Domingo de los Tsáchilas,270875.0,3720.6817077884466,15.561957778781533,gcp,us-east1,"Moncks Corner, South Carolina, North America",0.0,426,zero_observed_ai_and_distance_gte_q75,1251.605776472141
1643087180,Novorossiysk,Novorossiysk,Russia,RU,RUS,Krasnodarskiy Kray,270774.0,1485.9740643257287,47.56908872836439,gcp,europe-central2,"Warsaw, Poland, Europe",0.0,427,zero_observed_ai_and_distance_gte_q75,1251.605776472141
1222021362,Santa Ana,Santa Ana,El Salvador,SV,SLV,Santa Ana,270413.0,1948.165394533431,37.75385118817675,azure,southcentralus,"Texas, South Central US, US",0.0,428,zero_observed_ai_and_distance_gte_q75,1251.605776472141
1566855445,Gombe,Gombe,Nigeria,NG,NGA,Gombe,270366.0,3394.886220988556,18.315122331111038,aws,il-central-1,Middle East (Israel) - ???,0.0,429,zero_observed_ai_and_distance_gte_q75,1251.605776472141
1214414901,Villa Altagracia,Villa Altagracia,Dominican Republic,DO,DOM,Valdesia,270000.0,1889.035591667863,38.886703900542535,gcp,us-east1,"Moncks Corner, South Carolina, North America",0.0,430,zero_observed_ai_and_distance_gte_q75,1251.605776472141
1120909610,Bamenda,Bamenda,Cameroon,CM,CMR,North-West,269530.0,3834.4838904015774,14.701187028862265,aws,il-central-1,Middle East (Israel) - ???,0.0,431,zero_observed_ai_and_distance_gte_q75,1251.605776472141
1050193121,Brāhmanbāria,Brahmanbaria,Bangladesh,BD,BGD,Chittagong,268279.0,1272.139332904382,52.93689371682887,azure,jioindiacentral,"Nagpur, Jio India Central, Asia Pacific",0.0,432,zero_observed_ai_and_distance_gte_q75,1251.605776472141
1356107172,Imphāl,Imphal,India,IN,IND,Manipur,268243.0,1574.169486371647,45.516979984026065,azure,jioindiacentral,"Nagpur, Jio India Central, Asia Pacific",0.0,433,zero_observed_ai_and_distance_gte_q75,1251.605776472141
1180581239,Tshikapa,Tshikapa,Congo (Kinshasa),CD,COD,Kasaï,267462.0,2287.6475795971373,31.859843622188556,azure,southafricanorth,"Johannesburg, South Africa North, Africa",0.0,434,zero_observed_ai_and_distance_gte_q75,1251.605776472141
1170331200,Floridablanca,Floridablanca,Colombia,CO,COL,Santander,267170.0,2991.423404827656,22.40890632370183,gcp,us-east1,"Moncks Corner, South Carolina, North America",0.0,435,zero_observed_ai_and_distance_gte_q75,1251.605776472141
1076600360,Parnamirim,Parnamirim,Brazil,BR,BRA,Rio Grande do Norte,267036.0,2072.0516186774194,35.486217322181176,azure,brazilsoutheast,"Rio, Brazil Southeast, South America",0.0,436,zero_observed_ai_and_distance_gte_q75,1251.605776472141
1104715655,Myeik,Myeik,Myanmar,MM,MMR,Taninthayi,266720.0,1356.0682598369838,50.76139151429329,gcp,asia-southeast1,"Jurong West, Singapore, APAC",0.0,437,zero_observed_ai_and_distance_gte_q75,1251.605776472141
1643701904,Yoshkar-Ola,Yoshkar-Ola,Russia,RU,RUS,Mariy-El,266675.0,1270.5033144272788,52.9802143008528,gcp,europe-north1,"Hamina, Finland, Europe",0.0,438,zero_observed_ai_and_distance_gte_q75,1251.605776472141
1643746064,Nalchik,Nalchik,Russia,RU,RUS,Kabardino-Balkariya,265162.0,1534.772115121043,46.42249410132338,aws,il-central-1,Middle East (Israel) - ???,0.0,439,zero_observed_ai_and_distance_gte_q75,1251.605776472141
1643653861,Engels,Engels,Russia,RU,RUS,Saratovskaya Oblast’,264990.0,1541.9489326480564,46.25620974322274,gcp,europe-north1,"Hamina, Finland, Europe",0.0,440,zero_observed_ai_and_distance_gte_q75,1251.605776472141
1068626742,Oruro,Oruro,Bolivia,BO,BOL,Oruro,264683.0,1755.9933406524253,41.56146914831284,gcp,southamerica-west1,"Santiago, Chile, South America",0.0,441,zero_observed_ai_and_distance_gte_q75,1251.605776472141
1180106925,Kindu,Kindu,Congo (Kinshasa),CD,COD,Maniema,262914.0,2545.088477347805,28.01180272677059,azure,southafricanorth,"Johannesburg, South Africa North, Africa",0.0,442,zero_observed_ai_and_distance_gte_q75,1251.605776472141
1024249088,Matala,Matala,Angola,AO,AGO,Huíla,262763.0,1838.0871224699288,39.89003824797887,azure,southafricanorth,"Johannesburg, South Africa North, Africa",0.0,443,zero_observed_ai_and_distance_gte_q75,1251.605776472141
1608755366,Tagum,Tagum,Philippines,PH,PHL,Davao del Norte,259444.0,1932.0962468440443,38.05840915181678,gcp,asia-east1,"Changhua County, Taiwan, APAC",0.0,444,zero_observed_ai_and_distance_gte_q75,1251.605776472141
1076486025,Imperatriz,Imperatriz,Brazil,BR,BRA,Maranhão,259337.0,1985.7647331993392,37.050721283317195,azure,brazilsoutheast,"Rio, Brazil Southeast, South America",0.0,445,zero_observed_ai_and_distance_gte_q75,1251.605776472141
1434518407,Mişrātah,Misratah,Libya,LY,LBY,Mişrātah,259056.0,1540.9593142139224,46.27910340568077,aws,eu-south-1,EU (Milan),0.0,446,zero_observed_ai_and_distance_gte_q75,1251.605776472141
1450791699,Antsirabe,Antsirabe,Madagascar,MG,MDG,Antananarivo,257163.0,2033.4647647392221,36.17751537502363,azure,southafricanorth,"Johannesburg, South Africa North, Africa",0.0,447,zero_observed_ai_and_distance_gte_q75,1251.605776472141
1566993724,Ondo,Ondo,Nigeria,NG,NGA,Ondo,257005.0,3801.843945048219,14.943078461486706,gcp,europe-southwest1,"Madrid, Spain, Europe",0.0,448,zero_observed_ai_and_distance_gte_q75,1251.605776472141
1804235146,Horlivka,Horlivka,Ukraine,UA,UKR,Donets’ka Oblast’,256714.0,1285.3799769414236,52.58759195462183,gcp,europe-central2,"Warsaw, Poland, Europe",0.0,449,zero_observed_ai_and_distance_gte_q75,1251.605776472141
1704613422,Ấp Đa Lợi,Ap Da Loi,Vietnam,VN,VNM,Lâm Đồng,256019.0,1280.5018288324486,52.716013536955195,aws,ap-southeast-1,Asia Pacific (Singapore),0.0,450,zero_observed_ai_and_distance_gte_q75,1251.605776472141
1566897107,Damaturu,Damaturu,Nigeria,NG,NGA,Yobe,255895.0,3216.752697855961,20.02124254328188,aws,il-central-1,Middle East (Israel) - ???,0.0,451,zero_observed_ai_and_distance_gte_q75,1251.605776472141
1764667935,Nonthaburi,Nonthaburi,Thailand,TH,THA,Nonthaburi,255671.0,1436.021950142358,48.772138181947646,gcp,asia-southeast1,"Jurong West, Singapore, APAC",0.0,452,zero_observed_ai_and_distance_gte_q75,1251.605776472141
1384564974,Daloa,Daloa,Côte D’Ivoire,CI,CIV,Sassandra-Marahoué,255168.0,3738.0071499585097,15.427731102529888,gcp,europe-southwest1,"Madrid, Spain, Europe",0.0,453,zero_observed_ai_and_distance_gte_q75,1251.605776472141
1608455700,Puerto Princesa,Puerto Princesa,Philippines,PH,PHL,Puerto Princesa,255116.0,1474.3646312264518,47.84601677177117,azure,eastasia,"Hong Kong, East Asia, Asia Pacific",0.0,454,zero_observed_ai_and_distance_gte_q75,1251.605776472141
1024785067,Moçâmedes,Mocamedes,Angola,AO,AGO,Namibe,255000.0,2039.8453734078387,36.06228200341812,azure,southafricanorth,"Johannesburg, South Africa North, Africa",0.0,455,zero_observed_ai_and_distance_gte_q75,1251.605776472141
1862335549,Turmero,Turmero,Venezuela,VE,VEN,Aragua,254880.0,2857.598180938125,23.95964832421276,gcp,us-east1,"Moncks Corner, South Carolina, North America",0.0,456,zero_observed_ai_and_distance_gte_q75,1251.605776472141
1860343319,Qarshi,Qarshi,Uzbekistan,UZ,UZB,Qashqadaryo,254600.0,1548.2362089524963,46.11102528076946,gcp,asia-south2,"Delhi, India APAC",0.0,457,zero_observed_ai_and_distance_gte_q75,1251.605776472141
1474969110,Fort-de-France,Fort-de-France,Martinique,MQ,MTQ,,253995.0,2813.8244311869616,24.489831005636862,gcp,us-east1,"Moncks Corner, South Carolina, North America",0.0,458,zero_observed_ai_and_distance_gte_q75,1251.605776472141
1104530702,Mawlamyine,Mawlamyine,Myanmar,MM,MMR,Mon State,253734.0,1810.502874480763,40.44401809944458,gcp,asia-southeast1,"Jurong West, Singapore, APAC",0.0,459,zero_observed_ai_and_distance_gte_q75,1251.605776472141
1729372385,El Fasher,El Fasher,Sudan,SD,SDN,North Darfur,252609.0,2214.674085390162,33.04377320634917,aws,il-central-1,Middle East (Israel) - ???,0.0,460,zero_observed_ai_and_distance_gte_q75,1251.605776472141
1484559458,Playa del Carmen,Playa del Carmen,Mexico,MX,MEX,Quintana Roo,252087.0,1507.9245029380068,47.04986207254842,azure,southcentralus,"Texas, South Central US, US",0.0,461,zero_observed_ai_and_distance_gte_q75,1251.605776472141
1862066931,Los Teques,Los Teques,Venezuela,VE,VEN,Miranda,251200.0,2866.476854658857,23.8535191201863,gcp,us-east1,"Moncks Corner, South Carolina, North America",0.0,462,zero_observed_ai_and_distance_gte_q75,1251.605776472141
1417797596,Osh,Osh,Kyrgyzstan,KG,KGZ,Osh,251000.0,1381.706486822332,50.114828511779706,gcp,asia-south2,"Delhi, India APAC",0.0,463,zero_observed_ai_and_distance_gte_q75,1251.605776472141
1226528087,Bata,Bata,Equatorial Guinea,GQ,GNQ,Litoral,250770.0,3654.293558834016,16.08719166428053,azure,southafricanorth,"Johannesburg, South Africa North, Africa",0.0,464,zero_observed_ai_and_distance_gte_q75,1251.605776472141
1566462707,Iwo,Iwo,Nigeria,NG,NGA,Osun,250443.0,3728.790652613658,15.498989987127674,gcp,europe-southwest1,"Madrid, Spain, Europe",0.0,465,zero_observed_ai_and_distance_gte_q75,1251.605776472141
1643228316,Taganrog,Taganrog,Russia,RU,RUS,Rostovskaya Oblast’,250287.0,1396.2494432989477,49.751741316990795,gcp,europe-central2,"Warsaw, Poland, Europe",0.0,466,zero_observed_ai_and_distance_gte_q75,1251.605776472141
1800812511,Arua,Arua,Uganda,UG,UGA,Arua,250000.0,3196.1881655184116,20.22816829788564,aws,il-central-1,Middle East (Israel) - ???,0.0,467,zero_observed_ai_and_distance_gte_q75,1251.605776472141
1729180375,Kurmuk,Kurmuk,Sudan,SD,SDN,Blue Nile,250000.0,2333.0872423524265,31.144154303446214,aws,il-central-1,Middle East (Israel) - ???,0.0,468,zero_observed_ai_and_distance_gte_q75,1251.605776472141
1180805022,Goma,Goma,Congo (Kinshasa),CD,COD,Nord-Kivu,249862.0,2676.666146592463,26.228251010780014,azure,southafricanorth,"Johannesburg, South Africa North, Africa",0.0,469,zero_observed_ai_and_distance_gte_q75,1251.605776472141
1643862307,Komsomol’sk-na-Amure,Komsomol'sk-na-Amure,Russia,RU,RUS,Khabarovskiy Kray,249810.0,1647.497563739191,43.878366321471304,aws,ap-northeast-2,Asia Pacific (Seoul),0.0,470,zero_observed_ai_and_distance_gte_q75,1251.605776472141
1076359879,Várzea Grande,Varzea Grande,Brazil,BR,BRA,Mato Grosso,249752.0,1313.3770311596786,51.85657166416485,gcp,southamerica-east1,"Osasco, São Paulo, Brazil, South America",0.0,471,zero_observed_ai_and_distance_gte_q75,1251.605776472141
1068271533,Oruro,Oruro,Bolivia,BO,BOL,Oruro,246501.0,1754.2755305018165,41.59718183981193,gcp,southamerica-west1,"Santiago, Chile, South America",0.0,472,zero_observed_ai_and_distance_gte_q75,1251.605776472141
1643573386,Syktyvkar,Syktyvkar,Russia,RU,RUS,Komi,245313.0,1267.8186193758852,53.051379914236875,gcp,europe-north1,"Hamina, Finland, Europe",0.0,473,zero_observed_ai_and_distance_gte_q75,1251.605776472141
1834004568,Tanga,Tanga,Tanzania,TZ,TZA,Tanga,243580.0,2573.375412536899,27.6184072485433,azure,southafricanorth,"Johannesburg, South Africa North, Africa",0.0,474,zero_observed_ai_and_distance_gte_q75,1251.605776472141
1231784118,Bahir Dar,Bahir Dar,Ethiopia,ET,ETH,Āmara,243300.0,2126.6813318023046,34.530034829911926,aws,me-south-1,Middle East (Bahrain),0.0,475,zero_observed_ai_and_distance_gte_q75,1251.605776472141
1104327329,Myitkyina,Myitkyina,Myanmar,MM,MMR,Kachin State,243031.0,1553.7542636093046,45.98397904449012,aws,cn-northwest-1,China (Ningxia),0.0,476,zero_observed_ai_and_distance_gte_q75,1251.605776472141
1608710592,Tacloban,Tacloban,Philippines,PH,PHL,Tacloban,242089.0,1502.556886584222,47.17630447478168,gcp,asia-east1,"Changhua County, Taiwan, APAC",0.0,477,zero_observed_ai_and_distance_gte_q75,1251.605776472141
1591599922,Colón,Colon,Panama,PA,PAN,Colón,241817.0,2650.639564694531,26.571797358391535,gcp,us-east1,"Moncks Corner, South Carolina, North America",0.0,478,zero_observed_ai_and_distance_gte_q75,1251.605776472141
1222702692,Soyapango,Soyapango,El Salvador,SV,SLV,San Salvador,241403.0,1989.7010618157979,36.97787109018468,azure,southcentralus,"Texas, South Central US, US",0.0,479,zero_observed_ai_and_distance_gte_q75,1251.605776472141
1862630716,Baruta,Baruta,Venezuela,VE,VEN,Miranda,240755.0,2865.0774328089706,23.87021552876157,gcp,us-east1,"Moncks Corner, South Carolina, North America",0.0,480,zero_observed_ai_and_distance_gte_q75,1251.605776472141
1604622202,Tarapoto,Tarapoto,Peru,PE,PER,San Martín,240453.0,3054.6472807311648,21.71159708394983,gcp,southamerica-west1,"Santiago, Chile, South America",0.0,481,zero_observed_ai_and_distance_gte_q75,1251.605776472141
1643493938,Nizhnekamsk,Nizhnekamsk,Russia,RU,RUS,Tatarstan,237250.0,1536.5058863436498,46.38226854714229,gcp,europe-north1,"Hamina, Finland, Europe",0.0,482,zero_observed_ai_and_distance_gte_q75,1251.605776472141
1104832430,Pathein,Pathein,Myanmar,MM,MMR,Ayeyawady,237089.0,1620.7505136594134,44.46911615133656,azure,southindia,"Chennai, South India, Asia Pacific",0.0,483,zero_observed_ai_and_distance_gte_q75,1251.605776472141
1120803808,Garoua,Garoua,Cameroon,CM,CMR,Nord,235996.0,3319.404902775813,19.01955641089836,aws,il-central-1,Middle East (Israel) - ???,0.0,484,zero_observed_ai_and_distance_gte_q75,1251.605776472141
1156784761,Bole,Bole,China,CN,CHN,Xinjiang,235585.0,1856.5331937125306,39.52382241112698,gcp,asia-south2,"Delhi, India APAC",0.0,485,zero_observed_ai_and_distance_gte_q75,1251.605776472141
1643542365,Shakhty,Shakhty,Russia,RU,RUS,Rostovskaya Oblast’,235492.0,1459.2782316164923,48.208293481165235,gcp,europe-central2,"Warsaw, Poland, Europe",0.0,486,zero_observed_ai_and_distance_gte_q75,1251.605776472141
1024320952,Ganda,Ganda,Angola,AO,AGO,Benguela,235486.0,2004.2730562141244,36.70942954469897,azure,southafricanorth,"Johannesburg, South Africa North, Africa",0.0,487,zero_observed_ai_and_distance_gte_q75,1251.605776472141
1192297857,Bayamo,Bayamo,Cuba,CU,CUB,Granma,235107.0,1463.4425233256036,48.10802120971151,gcp,us-east1,"Moncks Corner, South Carolina, North America",0.0,488,zero_observed_ai_and_distance_gte_q75,1251.605776472141
1170708072,Itagüí,Itagui,Colombia,CO,COL,Antioquia,235016.0,3039.2370134966054,21.879533997852405,gcp,us-east1,"Moncks Corner, South Carolina, North America",0.0,489,zero_observed_ai_and_distance_gte_q75,1251.605776472141
1887036494,Ibb,Ibb,Yemen,YE,YEM,Ibb,234837.0,1507.7846004915507,47.05315338306736,aws,me-south-1,Middle East (Bahrain),0.0,490,zero_observed_ai_and_distance_gte_q75,1251.605776472141
1562200314,Maradi,Maradi,Niger,NE,NER,Maradi,232555.0,3173.4805752978664,20.459143517636,gcp,europe-southwest1,"Madrid, Spain, Europe",0.0,491,zero_observed_ai_and_distance_gte_q75,1251.605776472141
1643485535,Bratsk,Bratsk,Russia,RU,RUS,Irkutskaya Oblast’,231602.0,2105.677282578637,34.8945809913696,aws,cn-north-1,China (Beijing),0.0,492,zero_observed_ai_and_distance_gte_q75,1251.605776472141
1218378191,Machala,Machala,Ecuador,EC,ECU,El Oro,231260.0,3491.6632894731774,17.44998067593421,gcp,southamerica-west1,"Santiago, Chile, South America",0.0,493,zero_observed_ai_and_distance_gte_q75,1251.605776472141
1218127217,Eloy Alfaro,Eloy Alfaro,Ecuador,EC,ECU,Guayas,230839.0,3605.442961251286,16.484964208445714,gcp,southamerica-west1,"Santiago, Chile, South America",0.0,494,zero_observed_ai_and_distance_gte_q75,1251.605776472141
1076256494,Santarém,Santarem,Brazil,BR,BRA,Pará,230428.0,2495.0416223305983,28.72159775650202,gcp,southamerica-east1,"Osasco, São Paulo, Brazil, South America",0.0,495,zero_observed_ai_and_distance_gte_q75,1251.605776472141
1643003114,Orsk,Orsk,Russia,RU,RUS,Orenburgskaya Oblast’,230414.0,2190.187803410388,33.45081945839206,gcp,europe-north1,"Hamina, Finland, Europe",0.0,496,zero_observed_ai_and_distance_gte_q75,1251.605776472141
1643129651,Noginsk,Noginsk,Russia,RU,RUS,Krasnoyarskiy Kray,229731.0,3171.4772272997484,20.47964717701752,gcp,europe-north1,"Hamina, Finland, Europe",0.0,497,zero_observed_ai_and_distance_gte_q75,1251.605776472141
1076848743,Maracanaú,Maracanau,Brazil,BR,BRA,Ceará,229458.0,2172.2508697265894,33.752171335805606,azure,brazilsoutheast,"Rio, Brazil Southeast, South America",0.0,498,zero_observed_ai_and_distance_gte_q75,1251.605776472141
1170785909,Envigado,Envigado,Colombia,CO,COL,Antioquia,228848.0,3039.7685741366768,21.87371962101192,gcp,us-east1,"Moncks Corner, South Carolina, North America",0.0,499,zero_observed_ai_and_distance_gte_q75,1251.605776472141
1192866062,Guantánamo,Guantanamo,Cuba,CU,CUB,Guantánamo,228436.0,1527.9977864368343,46.58000131884188,gcp,us-east1,"Moncks Corner, South Carolina, North America",0.0,500,zero_observed_ai_and_distance_gte_q75,1251.605776472141
1608040297,Talisay,Talisay,Philippines,PH,PHL,Cebu,227645.0,1576.3010950925323,45.46849363135776,gcp,asia-east1,"Changhua County, Taiwan, APAC",0.0,501,zero_observed_ai_and_distance_gte_q75,1251.605776472141
1795167397,Daşoguz,Dasoguz,Turkmenistan,TM,TKM,Daşoguz,227184.0,1889.608172776698,38.8755725979928,azure,uaenorth,"Dubai, UAE North, Middle East",0.0,502,zero_observed_ai_and_distance_gte_q75,1251.605776472141
1729833248,Nyala,Nyala,Sudan,SD,SDN,South Darfur,227183.0,2395.7192927474757,30.183956443080984,aws,il-central-1,Middle East (Israel) - ???,0.0,503,zero_observed_ai_and_distance_gte_q75,1251.605776472141
1398398278,Türkistan,Turkistan,Kazakhstan,KZ,KAZ,Ongtüstik Qazaqstan,227098.0,1815.521009623688,40.34266852480701,gcp,asia-south2,"Delhi, India APAC",0.0,504,zero_observed_ai_and_distance_gte_q75,1251.605776472141
1566383682,Gusau,Gusau,Nigeria,NG,NGA,Zamfara,226857.0,3300.5869456346695,19.19935554624668,gcp,europe-southwest1,"Madrid, Spain, Europe",0.0,505,zero_observed_ai_and_distance_gte_q75,1251.605776472141
1643989118,Angarsk,Angarsk,Russia,RU,RUS,Irkutskaya Oblast’,226374.0,1698.3653684781973,42.776440770562075,aws,cn-north-1,China (Beijing),0.0,506,zero_observed_ai_and_distance_gte_q75,1251.605776472141
1566265170,Mubi,Mubi,Nigeria,NG,NGA,Adamawa,225705.0,3245.45946439894,19.735922527699117,aws,il-central-1,Middle East (Israel) - ???,0.0,507,zero_observed_ai_and_distance_gte_q75,1251.605776472141
1887321491,Ibb,Ibb,Yemen,YE,YEM,Ibb,225611.0,1508.9032383198587,47.026843023036534,aws,me-south-1,Middle East (Bahrain),0.0,508,zero_observed_ai_and_distance_gte_q75,1251.605776472141
1646257566,Nyanza,Nyanza,Rwanda,RW,RWA,Southern Province,225209.0,2605.0251192166284,27.18479001794174,azure,southafricanorth,"Johannesburg, South Africa North, Africa",0.0,509,zero_observed_ai_and_distance_gte_q75,1251.605776472141
1450540529,Toamasina,Toamasina,Madagascar,MG,MDG,Toamasina,225116.0,2338.10297945252,31.066146715623987,azure,southafricanorth,"Johannesburg, South Africa North, Africa",0.0,510,zero_observed_ai_and_distance_gte_q75,1251.605776472141
1320083599,Quetzaltenango,Quetzaltenango,Guatemala,GT,GTM,Quetzaltenango,225000.0,1772.779753248925,41.214094994415895,azure,southcentralus,"Texas, South Central US, US",0.0,511,zero_observed_ai_and_distance_gte_q75,1251.605776472141
1192400731,Carlos Manuel de Céspedes,Carlos Manuel de Cespedes,Cuba,CU,CUB,Camagüey,224488.0,1303.3713476984444,52.11665191260347,gcp,us-east1,"Moncks Corner, South Carolina, North America",0.0,512,zero_observed_ai_and_distance_gte_q75,1251.605776472141
1643308239,Blagoveshchensk,Blagoveshchensk,Russia,RU,RUS,Amurskaya Oblast’,224419.0,1411.8872305640778,49.364254576487,aws,ap-northeast-2,Asia Pacific (Seoul),0.0,513,zero_observed_ai_and_distance_gte_q75,1251.605776472141
1740518660,Paramaribo,Paramaribo,Suriname,SR,SUR,Paramaribo,223757.0,3393.1359879156635,18.33115721270172,gcp,southamerica-east1,"Osasco, São Paulo, Brazil, South America",0.0,514,zero_observed_ai_and_distance_gte_q75,1251.605776472141
1626308942,Dili,Dili,Timor-Leste,TL,TLS,Díli,222323.0,2083.9101602425944,35.27643248079724,aws,ap-southeast-3,Asia Pacific (Jakarta),0.0,515,zero_observed_ai_and_distance_gte_q75,1251.605776472141
1188911724,Cartago,Cartago,Costa Rica,CR,CRI,Cartago,221733.0,2624.882287826797,26.916219009616903,gcp,us-east1,"Moncks Corner, South Carolina, North America",0.0,516,zero_observed_ai_and_distance_gte_q75,1251.605776472141
1324580681,Guéckédou,Gueckedou,Guinea,GN,GIN,N’Zérékoré,221715.0,3598.3300215235,16.54369686541613,gcp,europe-southwest1,"Madrid, Spain, Europe",0.0,517,zero_observed_ai_and_distance_gte_q75,1251.605776472141
1364706573,Neyshābūr,Neyshabur,Iran,IR,IRN,Khorāsān-e Raẕavī,221700.0,1262.8543309476174,53.18322465107646,azure,uaenorth,"Dubai, UAE North, Middle East",0.0,518,zero_observed_ai_and_distance_gte_q75,1251.605776472141
1686348669,Rufisque,Rufisque,Senegal,SN,SEN,Dakar,221066.0,3145.9632476887296,20.74257937314149,gcp,europe-southwest1,"Madrid, Spain, Europe",0.0,519,zero_observed_ai_and_distance_gte_q75,1251.605776472141
1484431512,Campeche,Campeche,Mexico,MX,MEX,Campeche,220389.0,1333.3461772283997,51.3413821905378,azure,southcentralus,"Texas, South Central US, US",0.0,520,zero_observed_ai_and_distance_gte_q75,1251.605776472141
1214691060,La Vega,La Vega,Dominican Republic,DO,DOM,Cibao Sur,220279.0,1816.8526622000954,40.31581625603216,gcp,us-east1,"Moncks Corner, South Carolina, North America",0.0,521,zero_observed_ai_and_distance_gte_q75,1251.605776472141
1076632040,Juazeiro,Juazeiro,Brazil,BR,BRA,Bahia,220253.0,1527.3021519087752,46.59620546533669,azure,brazilsoutheast,"Rio, Brazil Southeast, South America",0.0,522,zero_observed_ai_and_distance_gte_q75,1251.605776472141
1170721938,Tuluá,Tulua,Colombia,CO,COL,Valle del Cauca,219138.0,3261.284562842204,19.58037726059177,gcp,us-east1,"Moncks Corner, South Carolina, North America",0.0,523,zero_observed_ai_and_distance_gte_q75,1251.605776472141
1360695939,Bitung,Bitung,Indonesia,ID,IDN,Sulawesi Utara,218520.0,2208.570111253644,33.14477642672207,aws,ap-southeast-3,Asia Pacific (Jakarta),0.0,524,zero_observed_ai_and_distance_gte_q75,1251.605776472141
1222009747,San Miguel,San Miguel,El Salvador,SV,SLV,San Miguel,218410.0,2065.86063940012,35.59623473124237,azure,southcentralus,"Texas, South Central US, US",0.0,525,zero_observed_ai_and_distance_gte_q75,1251.605776472141
1504000319,Laâyoune,Laayoune,Morocco,MA,MAR,,217732.0,1714.0103634843408,42.443127540059464,gcp,europe-southwest1,"Madrid, Spain, Europe",0.0,526,zero_observed_ai_and_distance_gte_q75,1251.605776472141
1180446432,Butembo,Butembo,Congo (Kinshasa),CD,COD,Nord-Kivu,217625.0,2877.4485779684273,23.723020290851633,azure,southafricanorth,"Johannesburg, South Africa North, Africa",0.0,527,zero_observed_ai_and_distance_gte_q75,1251.605776472141
1218160109,Manta,Manta,Ecuador,EC,ECU,Manabí,217553.0,3762.070325901907,15.24322318594247,gcp,southamerica-west1,"Santiago, Chile, South America",0.0,528,zero_observed_ai_and_distance_gte_q75,1251.605776472141
1566625487,Apapa,Apapa,Nigeria,NG,NGA,Lagos,217362.0,3842.0146536934694,14.645935535809171,gcp,europe-southwest1,"Madrid, Spain, Europe",0.0,529,zero_observed_ai_and_distance_gte_q75,1251.605776472141
1860150082,Denov,Denov,Uzbekistan,UZ,UZB,Surxondaryo,217274.0,1375.0517183534205,50.28185753284302,gcp,asia-south2,"Delhi, India APAC",0.0,530,zero_observed_ai_and_distance_gte_q75,1251.605776472141
1214233006,San Pedro de Macorís,San Pedro de Macoris,Dominican Republic,DO,DOM,Higuamo,217141.0,1955.2278788957792,37.62076830858991,gcp,us-east1,"Moncks Corner, South Carolina, North America",0.0,531,zero_observed_ai_and_distance_gte_q75,1251.605776472141
1398455461,Qostanay,Qostanay,Kazakhstan,KZ,KAZ,Qostanay,217135.0,2323.1166358552982,31.299805017705996,gcp,europe-north1,"Hamina, Finland, Europe",0.0,532,zero_observed_ai_and_distance_gte_q75,1251.605776472141
1398252858,Petropavl,Petropavl,Kazakhstan,KZ,KAZ,Soltüstik Qazaqstan,216406.0,2523.7771667477687,28.311882776418095,gcp,europe-north1,"Hamina, Finland, Europe",0.0,533,zero_observed_ai_and_distance_gte_q75,1251.605776472141
1860419224,Marg‘ilon,Marg`ilon,Uzbekistan,UZ,UZB,Farg‘ona,215400.0,1406.3737438832634,49.50052690415915,gcp,asia-south2,"Delhi, India APAC",0.0,534,zero_observed_ai_and_distance_gte_q75,1251.605776472141
1608269612,Ormoc,Ormoc,Philippines,PH,PHL,Ormoc,215031.0,1514.5583989160193,46.89405866590962,gcp,asia-east1,"Changhua County, Taiwan, APAC",0.0,535,zero_observed_ai_and_distance_gte_q75,1251.605776472141
1862770169,Cúa,Cua,Venezuela,VE,VEN,Miranda,214823.0,2891.407168683614,23.558026764487316,gcp,us-east1,"Moncks Corner, South Carolina, North America",0.0,536,zero_observed_ai_and_distance_gte_q75,1251.605776472141
1862054455,La Victoria,La Victoria,Venezuela,VE,VEN,Aragua,214492.0,2864.1721016382376,23.88102319979254,gcp,us-east1,"Moncks Corner, South Carolina, North America",0.0,537,zero_observed_ai_and_distance_gte_q75,1251.605776472141
1068890339,Warnes,Warnes,Bolivia,BO,BOL,Santa Cruz,214216.0,1830.1389061694701,40.0488809941619,gcp,southamerica-east1,"Osasco, São Paulo, Brazil, South America",0.0,538,zero_observed_ai_and_distance_gte_q75,1251.605776472141
1466666150,Sikasso,Sikasso,Mali,ML,MLI,Sikasso,213977.0,3241.512617814102,19.774908311987865,gcp,europe-southwest1,"Madrid, Spain, Europe",0.0,539,zero_observed_ai_and_distance_gte_q75,1251.605776472141
1862428934,El Tigre,El Tigre,Venezuela,VE,VEN,Anzoátegui,213524.0,3149.4574724850413,20.706371394463282,gcp,us-east1,"Moncks Corner, South Carolina, North America",0.0,540,zero_observed_ai_and_distance_gte_q75,1251.605776472141
1170504978,Tumaco,Tumaco,Colombia,CO,COL,Nariño,212692.0,3492.902037683899,17.439175956191715,gcp,us-east1,"Moncks Corner, South Carolina, North America",0.0,541,zero_observed_ai_and_distance_gte_q75,1251.605776472141
1120635273,Limbe,Limbe,Cameroon,CM,CMR,South-West,212474.0,3890.753117965624,14.29333903510011,azure,southafricanorth,"Johannesburg, South Africa North, Africa",0.0,542,zero_observed_ai_and_distance_gte_q75,1251.605776472141
1170362340,Barrancabermeja,Barrancabermeja,Colombia,CO,COL,Santander,210729.0,2974.2012984477637,22.60270381070878,gcp,us-east1,"Moncks Corner, South Carolina, North America",0.0,543,zero_observed_ai_and_distance_gte_q75,1251.605776472141
1384436547,San-Pédro,San-Pedro,Côte D’Ivoire,CI,CIV,Bas-Sassandra,210273.0,3974.571219056106,13.706697424204014,gcp,europe-southwest1,"Madrid, Spain, Europe",0.0,544,zero_observed_ai_and_distance_gte_q75,1251.605776472141
1566686777,Burutu,Burutu,Nigeria,NG,NGA,Delta,209666.0,4006.01795287688,13.492867460274773,gcp,europe-southwest1,"Madrid, Spain, Europe",0.0,545,zero_observed_ai_and_distance_gte_q75,1251.605776472141
1170843027,Tunja,Tunja,Colombia,CO,COL,Boyacá,209263.0,3151.361271355197,20.68667038940578,gcp,us-east1,"Moncks Corner, South Carolina, North America",0.0,546,zero_observed_ai_and_distance_gte_q75,1251.605776472141
1724813158,Santa Cruz,Santa Cruz,Spain,ES,ESP,Canary Islands,209194.0,1753.8835500656241,41.60533527952401,gcp,europe-southwest1,"Madrid, Spain, Europe",0.0,547,zero_observed_ai_and_distance_gte_q75,1251.605776472141
1566495747,Ijebu-Ode,Ijebu-Ode,Nigeria,NG,NGA,Ogun,209175.0,3811.993002941194,14.867441450694274,gcp,europe-southwest1,"Madrid, Spain, Europe",0.0,548,zero_observed_ai_and_distance_gte_q75,1251.605776472141
1862031193,Puerto Cabello,Puerto Cabello,Venezuela,VE,VEN,Carabobo,209080.0,2808.9879862637104,24.549124528625953,gcp,us-east1,"Moncks Corner, South Carolina, North America",0.0,549,zero_observed_ai_and_distance_gte_q75,1251.605776472141
1795413265,Mary,Mary,Turkmenistan,TM,TKM,Mary,208682.0,1503.2537874249638,47.15986873534236,azure,uaenorth,"Dubai, UAE North, Middle East",0.0,550,zero_observed_ai_and_distance_gte_q75,1251.605776472141
1862083525,Guarenas,Guarenas,Venezuela,VE,VEN,Miranda,208663.0,2877.34437129207,23.724256371602152,gcp,us-east1,"Moncks Corner, South Carolina, North America",0.0,551,zero_observed_ai_and_distance_gte_q75,1251.605776472141
1554034359,Waitakere,Waitakere,New Zealand,NZ,NZL,Auckland,208100.0,2136.3704000468383,34.36315744590331,gcp,australia-southeast1,"Sydney, Australia, APAC",0.0,552,zero_observed_ai_and_distance_gte_q75,1251.605776472141
1104777345,Monywa,Monywa,Myanmar,MM,MMR,Sagaing,207489.0,1661.3977642001091,43.574464574690595,azure,jioindiacentral,"Nagpur, Jio India Central, Asia Pacific",0.0,553,zero_observed_ai_and_distance_gte_q75,1251.605776472141
1834185429,Morogoro,Morogoro,Tanzania,TZ,TZA,Morogoro,207000.0,2329.0608187278094,31.206917239117715,azure,southafricanorth,"Johannesburg, South Africa North, Africa",0.0,554,zero_observed_ai_and_distance_gte_q75,1251.605776472141
1218169586,Portoviejo,Portoviejo,Ecuador,EC,ECU,Manabí,206682.0,3743.3152314500294,15.38683956347765,gcp,southamerica-west1,"Santiago, Chile, South America",0.0,555,zero_observed_ai_and_distance_gte_q75,1251.605776472141
1508752825,Cidade de Nacala,Cidade de Nacala,Mozambique,MZ,MOZ,Nampula,206449.0,1797.4428320119478,40.7089825667051,azure,southafricanorth,"Johannesburg, South Africa North, Africa",0.0,556,zero_observed_ai_and_distance_gte_q75,1251.605776472141
1180574233,Kalemie,Kalemie,Congo (Kinshasa),CD,COD,Tanganyika,206257.0,2205.952304891271,33.1881881346902,azure,southafricanorth,"Johannesburg, South Africa North, Africa",0.0,557,zero_observed_ai_and_distance_gte_q75,1251.605776472141
1834823848,Zanzibar,Zanzibar,Tanzania,TZ,TZA,Zanzibar Urban/West,205870.0,2468.644306800744,29.10319705534743,azure,southafricanorth,"Johannesburg, South Africa North, Africa",0.0,558,zero_observed_ai_and_distance_gte_q75,1251.605776472141
1554717659,Northcote,Northcote,New Zealand,NZ,NZL,Auckland,205605.0,2156.881400312094,34.01254699587511,gcp,australia-southeast1,"Sydney, Australia, APAC",0.0,559,zero_observed_ai_and_distance_gte_q75,1251.605776472141
1686273643,Ziguinchor,Ziguinchor,Senegal,SN,SEN,Ziguinchor,205294.0,3329.5733486246295,18.923102151433575,gcp,europe-southwest1,"Madrid, Spain, Europe",0.0,560,zero_observed_ai_and_distance_gte_q75,1251.605776472141
1360041663,Ternate,Ternate,Indonesia,ID,IDN,Maluku Utara,204215.0,2407.648363741698,30.004459004998534,aws,ap-southeast-3,Asia Pacific (Jakarta),0.0,561,zero_observed_ai_and_distance_gte_q75,1251.605776472141
1643652314,Biysk,Biysk,Russia,RU,RUS,Altayskiy Kray,203108.0,2337.3004447575777,31.078615047312603,aws,cn-northwest-1,China (Ningxia),0.0,562,zero_observed_ai_and_distance_gte_q75,1251.605776472141
1204972666,Djougou,Djougou,Benin,BJ,BEN,Donga,202810.0,3456.569536321953,17.75887547707512,gcp,europe-southwest1,"Madrid, Spain, Europe",0.0,563,zero_observed_ai_and_distance_gte_q75,1251.605776472141
1214760518,La Romana,La Romana,Dominican Republic,DO,DOM,Yuma,202488.0,1976.2396546569194,37.22759765446506,gcp,us-east1,"Moncks Corner, South Carolina, North America",0.0,564,zero_observed_ai_and_distance_gte_q75,1251.605776472141
1152531089,Arica,Arica,Chile,CL,CHL,Arica y Parinacota,202131.0,1663.7316640082204,43.52364501514301,gcp,southamerica-west1,"Santiago, Chile, South America",0.0,565,zero_observed_ai_and_distance_gte_q75,1251.605776472141
1192626319,Las Tunas,Las Tunas,Cuba,CU,CUB,Las Tunas,202105.0,1393.1141134749787,49.82979654239706,gcp,us-east1,"Moncks Corner, South Carolina, North America",0.0,566,zero_observed_ai_and_distance_gte_q75,1251.605776472141
1434172839,Al Khums,Al Khums,Libya,LY,LBY,Al Marqab,201943.0,1488.6861776215487,47.504626066747996,aws,eu-south-1,EU (Milan),0.0,567,zero_observed_ai_and_distance_gte_q75,1251.605776472141
1608812117,Marawi City,Marawi City,Philippines,PH,PHL,Lanao del Sur,201785.0,1831.6638376926628,40.018356731944806,gcp,asia-east1,"Changhua County, Taiwan, APAC",0.0,568,zero_observed_ai_and_distance_gte_q75,1251.605776472141
1360080072,Tarakan,Tarakan,Indonesia,ID,IDN,Kalimantan Utara,201635.0,1549.529968695655,46.08120663223902,azure,southeastasia,"Singapore, Southeast Asia, Asia Pacific",0.0,569,zero_observed_ai_and_distance_gte_q75,1251.605776472141
1604091119,Cajamarca,Cajamarca,Peru,PE,PER,Cajamarca,201329.0,3031.5105208225004,21.964223510320195,gcp,southamerica-west1,"Santiago, Chile, South America",0.0,570,zero_observed_ai_and_distance_gte_q75,1251.605776472141
1566695464,Mai’Adua,Mai'Adua,Nigeria,NG,NGA,Katsina,201178.0,3242.7846299951643,19.762335348526232,gcp,europe-southwest1,"Madrid, Spain, Europe",0.0,571,zero_observed_ai_and_distance_gte_q75,1251.605776472141
1398248334,Qyzylorda,Qyzylorda,Kazakhstan,KZ,KAZ,Qyzylorda,200900.0,2076.832038326906,35.40149910438662,gcp,asia-south2,"Delhi, India APAC",0.0,572,zero_observed_ai_and_distance_gte_q75,1251.605776472141
1604316784,Huacho,Huacho,Peru,PE,PER,Lima,200585.0,2582.172414964804,27.497194423535547,gcp,southamerica-west1,"Santiago, Chile, South America",0.0,573,zero_observed_ai_and_distance_gte_q75,1251.605776472141
1328160906,Georgetown,Georgetown,Guyana,GY,GUY,Demerara-Mahaica,200500.0,3590.2701360529545,16.61050153549951,gcp,southamerica-east1,"Osasco, São Paulo, Brazil, South America",0.0,574,zero_observed_ai_and_distance_gte_q75,1251.605776472141
1862573240,Guacara,Guacara,Venezuela,VE,VEN,Carabobo,200212.0,2839.6474260022324,24.175663169177014,gcp,us-east1,"Moncks Corner, South Carolina, North America",0.0,575,zero_observed_ai_and_distance_gte_q75,1251.605776472141
1478009046,Néma,Nema,Mauritania,MR,MRT,Hodh ech Chargui,200000.0,2668.3700533591095,26.337272976422565,gcp,europe-southwest1,"Madrid, Spain, Europe",0.0,576,zero_observed_ai_and_distance_gte_q75,1251.605776472141
1340000062,Puerto Cortés,Puerto Cortes,Honduras,HN,HND,Cortés,200000.0,1851.4438141201122,39.62452635453047,azure,southcentralus,"Texas, South Central US, US",0.0,577,zero_observed_ai_and_distance_gte_q75,1251.605776472141
1894305215,Kasama,Kasama,Zambia,ZM,ZMB,Northern,200000.0,1755.0054951450202,41.582002374098764,azure,southafricanorth,"Johannesburg, South Africa North, Africa",0.0,578,zero_observed_ai_and_distance_gte_q75,1251.605776472141
1434421178,Az Zāwīyah,Az Zawiyah,Libya,LY,LBY,Az Zāwiyah,200000.0,1444.66741388339,48.56176432830351,aws,eu-south-1,EU (Milan),0.0,579,zero_observed_ai_and_distance_gte_q75,1251.605776472141
1458472057,Lahad Datu,Lahad Datu,Malaysia,MY,MYS,Sabah,199830.0,1662.7456506293918,43.54510775348523,aws,ap-southeast-1,Asia Pacific (Singapore),0.0,580,zero_observed_ai_and_distance_gte_q75,1251.605776472141
1004622920,Maīmanah,Maimanah,Afghanistan,AF,AFG,Fāryāb,199795.0,1421.047628127217,49.138673475322406,gcp,asia-south2,"Delhi, India APAC",0.0,581,zero_observed_ai_and_distance_gte_q75,1251.605776472141
1364981174,Bojnūrd,Bojnurd,Iran,IR,IRN,Khorāsān-e Shomālī,199791.0,1369.9214635630542,50.41100246887474,azure,uaenorth,"Dubai, UAE North, Middle East",0.0,582,zero_observed_ai_and_distance_gte_q75,1251.605776472141
1608329397,Pagadian,Pagadian,Philippines,PH,PHL,Zamboanga del Sur,199060.0,1832.0597975729793,40.01043468430292,gcp,asia-east1,"Changhua County, Taiwan, APAC",0.0,583,zero_observed_ai_and_distance_gte_q75,1251.605776472141
1180000163,Gemena,Gemena,Congo (Kinshasa),CD,COD,Sud-Ubangi,198056.0,3348.7637109305742,18.742399880226284,azure,southafricanorth,"Johannesburg, South Africa North, Africa",0.0,584,zero_observed_ai_and_distance_gte_q75,1251.605776472141
1180474388,Mbanza-Ngungu,Mbanza-Ngungu,Congo (Kinshasa),CD,COD,Kongo Central,197545.0,2684.810266624817,26.12166515782076,azure,southafricanorth,"Johannesburg, South Africa North, Africa",0.0,585,zero_observed_ai_and_distance_gte_q75,1251.605776472141
1862659974,Tocuyito,Tocuyito,Venezuela,VE,VEN,Carabobo,197446.0,2844.0825513173095,24.122111520325586,gcp,us-east1,"Moncks Corner, South Carolina, North America",0.0,586,zero_observed_ai_and_distance_gte_q75,1251.605776472141
1340870189,La Ceiba,La Ceiba,Honduras,HN,HND,Atlántida,196856.0,1932.2934271636975,38.05465715213393,azure,southcentralus,"Texas, South Central US, US",0.0,587,zero_observed_ai_and_distance_gte_q75,1251.605776472141
1608693683,Legazpi City,Legazpi City,Philippines,PH,PHL,Albay,196639.0,1262.097898178767,53.203343222362875,gcp,asia-east1,"Changhua County, Taiwan, APAC",0.0,588,zero_observed_ai_and_distance_gte_q75,1251.605776472141
1604589102,Huánuco,Huanuco,Peru,PE,PER,Huánuco,196627.0,2675.7476928032743,26.240298495095015,gcp,southamerica-west1,"Santiago, Chile, South America",0.0,589,zero_observed_ai_and_distance_gte_q75,1251.605776472141
1170798590,Zipaquirá,Zipaquira,Colombia,CO,COL,Cundinamarca,196409.0,3193.9241100022045,20.251080111852367,gcp,us-east1,"Moncks Corner, South Carolina, North America",0.0,590,zero_observed_ai_and_distance_gte_q75,1251.605776472141
1643653477,Prokopyevsk,Prokopyevsk,Russia,RU,RUS,Kemerovskaya Oblast’,196406.0,2358.510970350626,30.750759736112926,aws,cn-northwest-1,China (Ningxia),0.0,591,zero_observed_ai_and_distance_gte_q75,1251.605776472141
1862134462,Acarigua,Acarigua,Venezuela,VE,VEN,Portuguesa,195637.0,2852.093804627918,24.025680609487456,gcp,us-east1,"Moncks Corner, South Carolina, North America",0.0,592,zero_observed_ai_and_distance_gte_q75,1251.605776472141
1860285858,Iskandar,Iskandar,Uzbekistan,UZ,UZB,Toshkent,195633.0,1588.3055140435229,45.19639960759383,gcp,asia-south2,"Delhi, India APAC",0.0,593,zero_observed_ai_and_distance_gte_q75,1251.605776472141
1270953861,Brikama,Brikama,"Gambia, The",GM,GMB,Western,195136.0,3271.139417138672,19.484133689427015,gcp,europe-southwest1,"Madrid, Spain, Europe",0.0,594,zero_observed_ai_and_distance_gte_q75,1251.605776472141
1643703767,Yuzhno-Sakhalinsk,Yuzhno-Sakhalinsk,Russia,RU,RUS,Sakhalinskaya Oblast’,194882.0,1276.97198065932,52.809135451376534,gcp,asia-northeast1,"Tokyo, Japan, APAC",0.0,595,zero_observed_ai_and_distance_gte_q75,1251.605776472141
1404676289,Eldoret,Eldoret,Kenya,KE,KEN,Uasin Gishu,193830.0,3015.6845813354576,22.138715209682573,azure,southafricanorth,"Johannesburg, South Africa North, Africa",0.0,596,zero_observed_ai_and_distance_gte_q75,1251.605776472141
1320451247,San Juan Sacatepéquez,San Juan Sacatepequez,Guatemala,GT,GTM,Guatemala,193000.0,1822.3135689396315,40.20588594776888,azure,southcentralus,"Texas, South Central US, US",0.0,597,zero_observed_ai_and_distance_gte_q75,1251.605776472141
1608418474,Valencia,Valencia,Philippines,PH,PHL,Bukidnon,192993.0,1862.40429589441,39.40796834209657,gcp,asia-east1,"Changhua County, Taiwan, APAC",0.0,598,zero_observed_ai_and_distance_gte_q75,1251.605776472141
1862645590,Guanare,Guanare,Venezuela,VE,VEN,Portuguesa,192644.0,2884.7094554667888,23.637051465440635,gcp,us-east1,"Moncks Corner, South Carolina, North America",0.0,599,zero_observed_ai_and_distance_gte_q75,1251.605776472141
1076216938,Castanhal,Castanhal,Brazil,BR,BRA,Pará,192571.0,2455.8131529005723,29.290511076827997,azure,brazilsoutheast,"Rio, Brazil Southeast, South America",0.0,600,zero_observed_ai_and_distance_gte_q75,1251.605776472141
1360408580,Gorontalo,Gorontalo,Indonesia,ID,IDN,Gorontalo,191897.0,1950.3621558774332,37.71240585328223,aws,ap-southeast-3,Asia Pacific (Jakarta),0.0,601,zero_observed_ai_and_distance_gte_q75,1251.605776472141
1643480033,Balakovo,Balakovo,Russia,RU,RUS,Saratovskaya Oblast’,191260.0,1574.4263782582934,45.511133888056484,gcp,europe-north1,"Hamina, Finland, Europe",0.0,602,zero_observed_ai_and_distance_gte_q75,1251.605776472141
1862735261,Valera,Valera,Venezuela,VE,VEN,Trujillo,191167.0,2824.53576065611,24.3590222778764,gcp,us-east1,"Moncks Corner, South Carolina, North America",0.0,603,zero_observed_ai_and_distance_gte_q75,1251.605776472141
1643809754,Armavir,Armavir,Russia,RU,RUS,Krasnodarskiy Kray,190709.0,1592.6820433331475,45.097606056899544,aws,il-central-1,Middle East (Israel) - ???,0.0,604,zero_observed_ai_and_distance_gte_q75,1251.605776472141
1332333795,Cap-Haïtien,Cap-Haitien,Haiti,HT,HTI,Nord,190289.0,1683.8233868147133,43.0886013623636,gcp,us-east1,"Moncks Corner, South Carolina, North America",0.0,605,zero_observed_ai_and_distance_gte_q75,1251.605776472141
1638024662,Saint-Denis,Saint-Denis,Reunion,RE,REU,,190047.0,2827.2640149848985,24.32581612774406,azure,southafricanorth,"Johannesburg, South Africa North, Africa",0.0,606,zero_observed_ai_and_distance_gte_q75,1251.605776472141
1120011020,Ngaoundéré,Ngaoundere,Cameroon,CM,CMR,Adamaoua,189800.0,3481.220516072622,17.54133205585401,aws,il-central-1,Middle East (Israel) - ???,0.0,607,zero_observed_ai_and_distance_gte_q75,1251.605776472141
1068933987,Potosí,Potosi,Bolivia,BO,BOL,Potosí,189652.0,1615.2395693209073,44.59181853715134,gcp,southamerica-west1,"Santiago, Chile, South America",0.0,608,zero_observed_ai_and_distance_gte_q75,1251.605776472141
1180134137,Mwene-Ditu,Mwene-Ditu,Congo (Kinshasa),CD,COD,Lomami,189177.0,2143.3809976146154,34.24291517755536,azure,southafricanorth,"Johannesburg, South Africa North, Africa",0.0,609,zero_observed_ai_and_distance_gte_q75,1251.605776472141
1204807468,Parakou,Parakou,Benin,BJ,BEN,Borgou,188853.0,3511.5847203494895,17.277029174324493,gcp,europe-southwest1,"Madrid, Spain, Europe",0.0,610,zero_observed_ai_and_distance_gte_q75,1251.605776472141
1192216820,Pinar del Río,Pinar del Rio,Cuba,CU,CUB,Pinar del Río,188614.0,1251.8590251758278,53.47641274429675,gcp,us-east1,"Moncks Corner, South Carolina, North America",0.0,611,zero_observed_ai_and_distance_gte_q75,1251.605776472141
1694780903,Kenema,Kenema,Sierra Leone,SL,SLE,Eastern,188463.0,3692.8791336401623,15.77979965445127,gcp,europe-southwest1,"Madrid, Spain, Europe",0.0,612,zero_observed_ai_and_distance_gte_q75,1251.605776472141
1214710545,San Francisco de Macorís,San Francisco de Macoris,Dominican Republic,DO,DOM,Cibao Nordeste,188118.0,1824.0310164738416,40.17137501772665,gcp,us-east1,"Moncks Corner, South Carolina, North America",0.0,613,zero_observed_ai_and_distance_gte_q75,1251.605776472141
1152234625,Iquique,Iquique,Chile,CL,CHL,Tarapacá,188003.0,1471.23142801716,47.92103116191178,gcp,southamerica-west1,"Santiago, Chile, South America",0.0,614,zero_observed_ai_and_distance_gte_q75,1251.605776472141
1231359719,Desē,Dese,Ethiopia,ET,ETH,Āmara,187900.0,2024.5137585183186,36.33979081887341,aws,me-south-1,Middle East (Bahrain),0.0,615,zero_observed_ai_and_distance_gte_q75,1251.605776472141
1434507846,Gharyān,Gharyan,Libya,LY,LBY,Al Jabal al Gharbī,187854.0,1514.8297885608067,46.887695816660255,aws,eu-south-1,EU (Milan),0.0,616,zero_observed_ai_and_distance_gte_q75,1251.605776472141
1076615737,Arapiraca,Arapiraca,Brazil,BR,BRA,Alagoas,187668.0,1619.6987051375866,44.492508799607144,azure,brazilsoutheast,"Rio, Brazil Southeast, South America",0.0,617,zero_observed_ai_and_distance_gte_q75,1251.605776472141
1226861333,Malabo,Malabo,Equatorial Guinea,GQ,GNQ,Bioko Norte,187302.0,3890.9919467983564,14.291632306267354,azure,southafricanorth,"Johannesburg, South Africa North, Africa",0.0,618,zero_observed_ai_and_distance_gte_q75,1251.605776472141
1862199442,Guatire,Guatire,Venezuela,VE,VEN,Miranda,187262.0,2877.4509128904574,23.722992595166446,gcp,us-east1,"Moncks Corner, South Carolina, North America",0.0,619,zero_observed_ai_and_distance_gte_q75,1251.605776472141
1484290575,Chilpancingo,Chilpancingo,Mexico,MX,MEX,Guerrero,187251.0,1323.431956398108,51.59651893898414,azure,southcentralus,"Texas, South Central US, US",0.0,620,zero_observed_ai_and_distance_gte_q75,1251.605776472141
1862530883,San Diego,San Diego,Venezuela,VE,VEN,Carabobo,187215.0,2833.2049430922475,24.25366438049961,gcp,us-east1,"Moncks Corner, South Carolina, North America",0.0,621,zero_observed_ai_and_distance_gte_q75,1251.605776472141
1729244380,Shendi,Shendi,Sudan,SD,SDN,River Nile,186611.0,1657.7947774904392,43.65303443335245,aws,il-central-1,Middle East (Israel) - ???,0.0,622,zero_observed_ai_and_distance_gte_q75,1251.605776472141
1729684147,Ed Damazin,Ed Damazin,Sudan,SD,SDN,Blue Nile,186051.0,2197.955568325018,33.32115237636474,aws,il-central-1,Middle East (Israel) - ???,0.0,623,zero_observed_ai_and_distance_gte_q75,1251.605776472141
1706288768,Jamaame,Jamaame,Somalia,SO,SOM,Jubbada Hoose,185270.0,2924.1561935958066,23.175416637829482,aws,me-central-1,Middle East (United Arab Emirates) - ???,0.0,624,zero_observed_ai_and_distance_gte_q75,1251.605776472141
1398081646,Temirtaū,Temirtau,Kazakhstan,KZ,KAZ,Qaraghandy,185082.0,2408.189949517561,29.996335110889767,gcp,asia-south2,"Delhi, India APAC",0.0,625,zero_observed_ai_and_distance_gte_q75,1251.605776472141
1728607274,Yei,Yei,South Sudan,SS,SSD,Central Equatoria,185000.0,3082.513603159632,21.41118361619702,aws,il-central-1,Middle East (Israel) - ???,0.0,626,zero_observed_ai_and_distance_gte_q75,1251.605776472141
1156305822,Luzhang,Luzhang,China,CN,CHN,Yunnan,184835.0,1439.692195404341,48.68271740155202,aws,cn-northwest-1,China (Ningxia),0.0,627,zero_observed_ai_and_distance_gte_q75,1251.605776472141
1608577408,Panabo,Panabo,Philippines,PH,PHL,Davao del Norte,184599.0,1944.0973046914894,37.830722370648786,gcp,asia-east1,"Changhua County, Taiwan, APAC",0.0,628,zero_observed_ai_and_distance_gte_q75,1251.605776472141
1484223913,Manzanillo,Manzanillo,Mexico,MX,MEX,Colima,184541.0,1293.9782117035757,52.361997001075146,azure,southcentralus,"Texas, South Central US, US",0.0,629,zero_observed_ai_and_distance_gte_q75,1251.605776472141
1764165203,Pak Kret,Pak Kret,Thailand,TH,THA,Nonthaburi,184501.0,1441.4623665891036,48.63964809260597,gcp,asia-southeast1,"Jurong West, Singapore, APAC",0.0,630,zero_observed_ai_and_distance_gte_q75,1251.605776472141
1450070223,Fianarantsoa,Fianarantsoa,Madagascar,MG,MDG,Fianarantsoa,184184.0,1978.9643437372972,37.17691537126084,azure,southafricanorth,"Johannesburg, South Africa North, Africa",0.0,631,zero_observed_ai_and_distance_gte_q75,1251.605776472141
1324494896,Siguiri,Siguiri,Guinea,GN,GIN,Kankan,183875.0,3268.648757014194,19.508412981575557,gcp,europe-southwest1,"Madrid, Spain, Europe",0.0,632,zero_observed_ai_and_distance_gte_q75,1251.605776472141
1608088739,Calbayog City,Calbayog City,Philippines,PH,PHL,Samar,183851.0,1402.1391769613028,49.60544458212077,gcp,asia-east1,"Changhua County, Taiwan, APAC",0.0,633,zero_observed_ai_and_distance_gte_q75,1251.605776472141
1076632868,Araguaína,Araguaina,Brazil,BR,BRA,Tocantins,183381.0,1823.3872998174434,40.184306590286845,gcp,southamerica-east1,"Osasco, São Paulo, Brazil, South America",0.0,634,zero_observed_ai_and_distance_gte_q75,1251.605776472141
1398046759,Aqtaū,Aqtau,Kazakhstan,KZ,KAZ,Mangghystaū,183350.0,1946.1381879360981,37.792138016828396,aws,me-south-1,Middle East (Bahrain),0.0,635,zero_observed_ai_and_distance_gte_q75,1251.605776472141
1360941841,Pinrang,Pinrang,Indonesia,ID,IDN,Sulawesi Selatan,182731.0,1445.2048644224321,48.54871630834083,aws,ap-southeast-3,Asia Pacific (Jakarta),0.0,636,zero_observed_ai_and_distance_gte_q75,1251.605776472141
1608697923,Kabankalan,Kabankalan,Philippines,PH,PHL,Negros Occidental,181977.0,1585.3844700716309,45.26245817115595,gcp,asia-east1,"Changhua County, Taiwan, APAC",0.0,637,zero_observed_ai_and_distance_gte_q75,1251.605776472141
1643946203,Abakan,Abakan,Russia,RU,RUS,Khakasiya,181709.0,2138.4488215171896,34.32746543276476,aws,cn-northwest-1,China (Ningxia),0.0,638,zero_observed_ai_and_distance_gte_q75,1251.605776472141
1762372787,Khŭjand,Khujand,Tajikistan,TJ,TJK,Sughd,181600.0,1467.8714045750999,48.001606720937794,gcp,asia-south2,"Delhi, India APAC",0.0,639,zero_observed_ai_and_distance_gte_q75,1251.605776472141
1566461573,Epe,Epe,Nigeria,NG,NGA,Lagos,181409.0,3839.5157354222965,14.664246470763906,gcp,europe-southwest1,"Madrid, Spain, Europe",0.0,640,zero_observed_ai_and_distance_gte_q75,1251.605776472141
1643129247,Petropavlovsk-Kamchatskiy,Petropavlovsk-Kamchatskiy,Russia,RU,RUS,Kamchatskiy Kray,181216.0,2427.5890283911344,29.706790967987235,azure,japaneast,"Tokyo, Saitama, Japan East, Asia Pacific",0.0,641,zero_observed_ai_and_distance_gte_q75,1251.605776472141
1170426476,Turbo,Turbo,Colombia,CO,COL,Antioquia,181000.0,2811.8092470929387,24.514519200316396,gcp,us-east1,"Moncks Corner, South Carolina, North America",0.0,642,zero_observed_ai_and_distance_gte_q75,1251.605776472141
1104269305,Sittwe,Sittwe,Myanmar,MM,MMR,Rakhine State,181000.0,1440.6395609626366,48.659662697416024,azure,jioindiacentral,"Nagpur, Jio India Central, Asia Pacific",0.0,643,zero_observed_ai_and_distance_gte_q75,1251.605776472141
1036500020,Townsville,Townsville,Australia,AU,AUS,Queensland,180820.0,1681.0118534877197,43.149216477107124,azure,australiaeast,"New South Wales, Australia East, Asia Pacific",0.0,644,zero_observed_ai_and_distance_gte_q75,1251.605776472141
1604300430,Ayacucho,Ayacucho,Peru,PE,PER,Ayacucho,180766.0,2283.3216842893703,31.92882937559609,gcp,southamerica-west1,"Santiago, Chile, South America",0.0,645,zero_observed_ai_and_distance_gte_q75,1251.605776472141
1104524588,Hinthada,Hinthada,Myanmar,MM,MMR,Ayeyawady,180728.0,1720.5260319590245,42.30507985635199,azure,southindia,"Chennai, South India, Asia Pacific",0.0,646,zero_observed_ai_and_distance_gte_q75,1251.605776472141
1566877863,Funtua,Funtua,Nigeria,NG,NGA,Katsina,180475.0,3390.1748452338866,18.358317900422527,gcp,europe-southwest1,"Madrid, Spain, Europe",0.0,647,zero_observed_ai_and_distance_gte_q75,1251.605776472141
1288615192,Obuase,Obuase,Ghana,GH,GHA,Ashanti,180460.0,3810.056370219697,14.881844809872197,gcp,europe-southwest1,"Madrid, Spain, Europe",0.0,648,zero_observed_ai_and_distance_gte_q75,1251.605776472141
1360740288,Palopo,Palopo,Indonesia,ID,IDN,Sulawesi Selatan,180130.0,1523.493021417805,46.68503554332547,aws,ap-southeast-3,Asia Pacific (Jakarta),0.0,649,zero_observed_ai_and_distance_gte_q75,1251.605776472141
1704094609,Phan Rang-Tháp Chàm,Phan Rang-Thap Cham,Vietnam,VN,VNM,Ninh Thuận,179773.0,1270.2321388999446,52.987398256645704,aws,ap-southeast-1,Asia Pacific (Singapore),0.0,650,zero_observed_ai_and_distance_gte_q75,1251.605776472141
1068356085,Tarija,Tarija,Bolivia,BO,BOL,Tarija,179528.0,1446.1556150130573,48.5256429326796,gcp,southamerica-west1,"Santiago, Chile, South America",0.0,651,zero_observed_ai_and_distance_gte_q75,1251.605776472141
1170295059,Yopal,Yopal,Colombia,CO,COL,Casanare,179355.0,3197.4896642803633,20.215009112017928,gcp,us-east1,"Moncks Corner, South Carolina, North America",0.0,652,zero_observed_ai_and_distance_gte_q75,1251.605776472141
1604588759,Paita,Paita,Peru,PE,PER,Piura,179346.0,3334.867262334728,18.873079749251552,gcp,southamerica-west1,"Santiago, Chile, South America",0.0,653,zero_observed_ai_and_distance_gte_q75,1251.605776472141
1170184135,Dosquebradas,Dosquebradas,Colombia,CO,COL,Risaralda,179301.0,3185.471748654612,20.336845938531763,gcp,us-east1,"Moncks Corner, South Carolina, North America",0.0,654,zero_observed_ai_and_distance_gte_q75,1251.605776472141
1076976057,São José de Ribamar,Sao Jose de Ribamar,Brazil,BR,BRA,Maranhão,179028.0,2263.6453922378773,32.244500122757366,azure,brazilsoutheast,"Rio, Brazil Southeast, South America",0.0,655,zero_observed_ai_and_distance_gte_q75,1251.605776472141
1180611452,Boma,Boma,Congo (Kinshasa),CD,COD,Kongo Central,178638.0,2736.286609941914,25.457919694619502,azure,southafricanorth,"Johannesburg, South Africa North, Africa",0.0,656,zero_observed_ai_and_distance_gte_q75,1251.605776472141
1231214366,Jīma,Jima,Ethiopia,ET,ETH,Oromīya,177900.0,2515.263903152108,28.432652891504805,aws,me-south-1,Middle East (Bahrain),0.0,657,zero_observed_ai_and_distance_gte_q75,1251.605776472141
1643832764,Norilsk,Norilsk,Russia,RU,RUS,Krasnoyarskiy Kray,177428.0,2889.4981745040536,23.580523567333405,gcp,europe-north1,"Hamina, Finland, Europe",0.0,658,zero_observed_ai_and_distance_gte_q75,1251.605776472141
1076881156,Nossa Senhora do Socorro,Nossa Senhora do Socorro,Brazil,BR,BRA,Sergipe,177344.0,1487.0892563769908,47.54257178710414,azure,brazilsoutheast,"Rio, Brazil Southeast, South America",0.0,659,zero_observed_ai_and_distance_gte_q75,1251.605776472141
1729757472,Kadugli,Kadugli,Sudan,SD,SDN,South Kordofan,176931.0,2342.872818880819,30.992144729353164,aws,il-central-1,Middle East (Israel) - ???,0.0,660,zero_observed_ai_and_distance_gte_q75,1251.605776472141
1104882792,Letpandan,Letpandan,Myanmar,MM,MMR,Bago,176571.0,1753.4975150724313,41.613366612253664,azure,southindia,"Chennai, South India, Asia Pacific",0.0,661,zero_observed_ai_and_distance_gte_q75,1251.605776472141
1686542859,Saint-Louis,Saint-Louis,Senegal,SN,SEN,Saint-Louis,176000.0,2979.4129540759714,22.54388172983724,gcp,europe-southwest1,"Madrid, Spain, Europe",0.0,662,zero_observed_ai_and_distance_gte_q75,1251.605776472141
1024821574,Catumbela,Catumbela,Angola,AO,AGO,Benguela,175805.0,2134.8481599374727,34.389321890056095,azure,southafricanorth,"Johannesburg, South Africa North, Africa",0.0,663,zero_observed_ai_and_distance_gte_q75,1251.605776472141
1004805783,Shibirghān,Shibirghan,Afghanistan,AF,AFG,Jowzjān,175599.0,1393.409715788648,49.82243218506694,gcp,asia-south2,"Delhi, India APAC",0.0,664,zero_observed_ai_and_distance_gte_q75,1251.605776472141
1332587854,Les Cayes,Les Cayes,Haiti,HT,HTI,Sud,175457.0,1780.5835826882847,41.05359444386346,gcp,us-east1,"Moncks Corner, South Carolina, North America",0.0,665,zero_observed_ai_and_distance_gte_q75,1251.605776472141
1231785978,Harar,Harar,Ethiopia,ET,ETH,Hārerī Hizb,174994.0,2060.694808887597,35.688295630564184,aws,me-central-1,Middle East (United Arab Emirates) - ???,0.0,666,zero_observed_ai_and_distance_gte_q75,1251.605776472141
1608000651,Koronadal,Koronadal,Philippines,PH,PHL,South Cotabato,174942.0,2007.6265096735638,36.64792943679453,gcp,asia-east1,"Changhua County, Taiwan, APAC",0.0,667,zero_observed_ai_and_distance_gte_q75,1251.605776472141
1608859265,Malaybalay,Malaybalay,Philippines,PH,PHL,Bukidnon,174625.0,1835.9514270680693,39.93265748498921,gcp,asia-east1,"Changhua County, Taiwan, APAC",0.0,668,zero_observed_ai_and_distance_gte_q75,1251.605776472141
1694651111,Bo,Bo,Sierra Leone,SL,SLE,Southern,174354.0,3696.3949355900563,15.752084696467175,gcp,europe-southwest1,"Madrid, Spain, Europe",0.0,669,zero_observed_ai_and_distance_gte_q75,1251.605776472141
1558654236,León,Leon,Nicaragua,NI,NIC,León,174051.0,2237.408865706965,32.670278595319516,azure,southcentralus,"Texas, South Central US, US",0.0,670,zero_observed_ai_and_distance_gte_q75,1251.605776472141
1862777685,Carúpano,Carupano,Venezuela,VE,VEN,Sucre,173877.0,3033.9692765810214,21.93723777103573,gcp,us-east1,"Moncks Corner, South Carolina, North America",0.0,671,zero_observed_ai_and_distance_gte_q75,1251.605776472141
1566468363,Bida,Bida,Nigeria,NG,NGA,Niger,173849.0,3614.3175667155415,16.411977483578298,gcp,europe-southwest1,"Madrid, Spain, Europe",0.0,672,zero_observed_ai_and_distance_gte_q75,1251.605776472141
1643711617,Syzran,Syzran,Russia,RU,RUS,Samarskaya Oblast’,173260.0,1522.4259382381665,46.70995059742778,gcp,europe-north1,"Hamina, Finland, Europe",0.0,673,zero_observed_ai_and_distance_gte_q75,1251.605776472141
1120406967,Bertoua,Bertoua,Cameroon,CM,CMR,Est,173000.0,3717.6308475607298,15.585714572865717,azure,southafricanorth,"Johannesburg, South Africa North, Africa",0.0,674,zero_observed_ai_and_distance_gte_q75,1251.605776472141
1068288609,Sacaba,Sacaba,Bolivia,BO,BOL,Cochabamba,172466.0,1841.333909010306,39.825333563124765,gcp,southamerica-west1,"Santiago, Chile, South America",0.0,675,zero_observed_ai_and_distance_gte_q75,1251.605776472141
1686256343,Kaolack,Kaolack,Senegal,SN,SEN,Kaolack,172305.0,3158.2788404005655,20.615243250785838,gcp,europe-southwest1,"Madrid, Spain, Europe",0.0,676,zero_observed_ai_and_distance_gte_q75,1251.605776472141
1214863528,Moca,Moca,Dominican Republic,DO,DOM,Cibao Norte,172294.0,1802.0530544042633,40.61525190650697,gcp,us-east1,"Moncks Corner, South Carolina, North America",0.0,677,zero_observed_ai_and_distance_gte_q75,1251.605776472141
1643784914,Volgodonsk,Volgodonsk,Russia,RU,RUS,Rostovskaya Oblast’,171471.0,1596.4273456215035,45.013232998626236,gcp,europe-central2,"Warsaw, Poland, Europe",0.0,678,zero_observed_ai_and_distance_gte_q75,1251.605776472141
1608943172,Bago,Bago,Philippines,PH,PHL,Negros Occidental,170981.0,1524.6769570934318,46.657407681986115,gcp,asia-east1,"Changhua County, Taiwan, APAC",0.0,679,zero_observed_ai_and_distance_gte_q75,1251.605776472141
1180205443,Uvira,Uvira,Congo (Kinshasa),CD,COD,Sud-Kivu,170391.0,2484.587287200717,28.872123429427898,azure,southafricanorth,"Johannesburg, South Africa North, Africa",0.0,680,zero_observed_ai_and_distance_gte_q75,1251.605776472141
1860620079,Nukus,Nukus,Uzbekistan,UZ,UZB,Qoraqalpog‘iston,170362.0,1952.1265756143932,37.67915026803397,azure,uaenorth,"Dubai, UAE North, Middle East",0.0,681,zero_observed_ai_and_distance_gte_q75,1251.605776472141
1608665464,Toledo,Toledo,Philippines,PH,PHL,Cebu,170335.0,1557.6130039057468,45.89534445998094,gcp,asia-east1,"Changhua County, Taiwan, APAC",0.0,682,zero_observed_ai_and_distance_gte_q75,1251.605776472141
1218739896,Loja,Loja,Ecuador,EC,ECU,Loja,170280.0,3392.469501301862,18.337266966111272,gcp,southamerica-west1,"Santiago, Chile, South America",0.0,683,zero_observed_ai_and_distance_gte_q75,1251.605776472141
1076758286,Timon,Timon,Brazil,BR,BRA,Maranhão,170222.0,1980.6596204144578,37.14541614434418,azure,brazilsoutheast,"Rio, Brazil Southeast, South America",0.0,684,zero_observed_ai_and_distance_gte_q75,1251.605776472141
1388926551,Portmore,Portmore,Jamaica,JM,JAM,Saint Catherine,170000.0,1722.3909674381555,42.26565012050153,gcp,us-east1,"Moncks Corner, South Carolina, North America",0.0,685,zero_observed_ai_and_distance_gte_q75,1251.605776472141
1484955658,Comitán,Comitan,Mexico,MX,MEX,Chiapas,170000.0,1601.8116035815397,44.89221454132502,azure,southcentralus,"Texas, South Central US, US",0.0,686,zero_observed_ai_and_distance_gte_q75,1251.605776472141
1788442482,Métouia,Metouia,Tunisia,TN,TUN,Gabès,170000.0,1281.0671054103032,52.70111607848531,aws,eu-south-1,EU (Milan),0.0,687,zero_observed_ai_and_distance_gte_q75,1251.605776472141
1643640451,Kamensk-Ural’skiy,Kamensk-Ural'skiy,Russia,RU,RUS,Sverdlovskaya Oblast’,169929.0,2046.1332464025022,35.94908251808901,gcp,europe-north1,"Hamina, Finland, Europe",0.0,688,zero_observed_ai_and_distance_gte_q75,1251.605776472141
1434742923,Al Marj,Al Marj,Libya,LY,LBY,Al Marj,169540.0,1326.8356394056855,51.50878451781755,aws,il-central-1,Middle East (Israel) - ???,0.0,689,zero_observed_ai_and_distance_gte_q75,1251.605776472141
1484192447,Ciudad del Carmen,Ciudad del Carmen,Mexico,MX,MEX,Campeche,169466.0,1376.2049014745369,50.25287379483275,azure,southcentralus,"Texas, South Central US, US",0.0,690,zero_observed_ai_and_distance_gte_q75,1251.605776472141
1608635653,Digos,Digos,Philippines,PH,PHL,Davao del Sur,169393.0,1993.5729314383927,36.906353591237796,gcp,asia-east1,"Changhua County, Taiwan, APAC",0.0,691,zero_observed_ai_and_distance_gte_q75,1251.605776472141
1554873040,Hamilton,Hamilton,New Zealand,NZ,NZL,Waikato,169300.0,2207.214230630949,33.167254225214286,gcp,australia-southeast1,"Sydney, Australia, APAC",0.0,692,zero_observed_ai_and_distance_gte_q75,1251.605776472141
1862408122,Santa Rita,Santa Rita,Venezuela,VE,VEN,Aragua,169158.0,2856.949233337354,23.967423863771632,gcp,us-east1,"Moncks Corner, South Carolina, North America",0.0,693,zero_observed_ai_and_distance_gte_q75,1251.605776472141
1214608846,San Juan,San Juan,Dominican Republic,DO,DOM,El Valle,169032.0,1822.6932589680684,40.19825378526638,gcp,us-east1,"Moncks Corner, South Carolina, North America",0.0,694,zero_observed_ai_and_distance_gte_q75,1251.605776472141
1643990727,Novocherkassk,Novocherkassk,Russia,RU,RUS,Rostovskaya Oblast’,168766.0,1464.4940608555253,48.082734162967554,gcp,europe-central2,"Warsaw, Poland, Europe",0.0,695,zero_observed_ai_and_distance_gte_q75,1251.605776472141
1214313712,Higüey,Higuey,Dominican Republic,DO,DOM,Yuma,168501.0,1973.0318230146218,37.28735549779078,gcp,us-east1,"Moncks Corner, South Carolina, North America",0.0,696,zero_observed_ai_and_distance_gte_q75,1251.605776472141
1324336588,N’Zérékoré,N'Zerekore,Guinea,GN,GIN,N’Zérékoré,168121.0,3666.738408514012,15.987401114838473,gcp,europe-southwest1,"Madrid, Spain, Europe",0.0,697,zero_observed_ai_and_distance_gte_q75,1251.605776472141
1608265953,Sorsogon,Sorsogon,Philippines,PH,PHL,Sorsogon,168110.0,1287.6439099657941,52.52809824037152,gcp,asia-east1,"Changhua County, Taiwan, APAC",0.0,698,zero_observed_ai_and_distance_gte_q75,1251.605776472141
1643000102,Zlatoust,Zlatoust,Russia,RU,RUS,Chelyabinskaya Oblast’,167978.0,1989.0398593474076,36.990098041016154,gcp,europe-north1,"Hamina, Finland, Europe",0.0,699,zero_observed_ai_and_distance_gte_q75,1251.605776472141
1170903069,Ríohacha,Riohacha,Colombia,CO,COL,La Guajira,167865.0,2514.1585070961073,28.44837190622283,gcp,us-east1,"Moncks Corner, South Carolina, North America",0.0,700,zero_observed_ai_and_distance_gte_q75,1251.605776472141
1024321158,Catape,Catape,Angola,AO,AGO,Huíla,167820.0,1910.2744596547222,38.47593404720454,azure,southafricanorth,"Johannesburg, South Africa North, Africa",0.0,701,zero_observed_ai_and_distance_gte_q75,1251.605776472141
1608344583,Roxas City,Roxas City,Philippines,PH,PHL,Capiz,167003.0,1408.4607442572396,49.44890003608657,gcp,asia-east1,"Changhua County, Taiwan, APAC",0.0,702,zero_observed_ai_and_distance_gte_q75,1251.605776472141
1706091701,Kismaayo,Kismaayo,Somalia,SO,SOM,Jubbada Hoose,166667.0,2977.207583170528,22.56875425103202,aws,me-central-1,Middle East (United Arab Emirates) - ???,0.0,703,zero_observed_ai_and_distance_gte_q75,1251.605776472141
1156287095,Kuytun,Kuytun,China,CN,CHN,Xinjiang,166261.0,1880.6048301775925,39.050972146761644,gcp,asia-south2,"Delhi, India APAC",0.0,704,zero_observed_ai_and_distance_gte_q75,1251.605776472141
1566192714,Offa,Offa,Nigeria,NG,NGA,Kwara,166112.0,3683.899982052186,15.850803530390706,gcp,europe-southwest1,"Madrid, Spain, Europe",0.0,705,zero_observed_ai_and_distance_gte_q75,1251.605776472141
1076005200,Carpina,Carpina,Brazil,BR,BRA,Pernambuco,165579.0,1876.9897641283717,39.121621900205895,azure,brazilsoutheast,"Rio, Brazil Southeast, South America",0.0,706,zero_observed_ai_and_distance_gte_q75,1251.605776472141
1076325693,Caxias,Caxias,Brazil,BR,BRA,Maranhão,165525.0,2006.453922352537,36.669422185409736,azure,brazilsoutheast,"Rio, Brazil Southeast, South America",0.0,707,zero_observed_ai_and_distance_gte_q75,1251.605776472141
1218046148,Ambato,Ambato,Ecuador,EC,ECU,Tungurahua,165185.0,3675.258405427641,15.919439671360944,gcp,southamerica-west1,"Santiago, Chile, South America",0.0,708,zero_observed_ai_and_distance_gte_q75,1251.605776472141
1156761099,Fukang,Fukang,China,CN,CHN,Xinjiang,165006.0,1690.4945373475487,42.94511552633365,aws,cn-northwest-1,China (Ningxia),0.0,709,zero_observed_ai_and_distance_gte_q75,1251.605776472141
1104162015,Myingyan,Myingyan,Myanmar,MM,MMR,Mandalay,163812.0,1688.48958783666,42.98818850669897,azure,jioindiacentral,"Nagpur, Jio India Central, Asia Pacific",0.0,710,zero_observed_ai_and_distance_gte_q75,1251.605776472141
1728877501,Wau,Wau,South Sudan,SS,SSD,Western Bahr el Ghazal,163442.0,2744.346228065662,25.35553557192473,aws,il-central-1,Middle East (Israel) - ???,0.0,711,zero_observed_ai_and_distance_gte_q75,1251.605776472141
1788285135,Kebili,Kebili,Tunisia,TN,TUN,Kébili,163257.0,1268.909506778495,53.02245126340952,azure,francesouth,"Marseille, France South, Europe",0.0,712,zero_observed_ai_and_distance_gte_q75,1251.605776472141
1398169063,Atyraū,Atyrau,Kazakhstan,KZ,KAZ,Atyraū,163221.0,2180.8416915653393,33.60750281829654,gcp,europe-north1,"Hamina, Finland, Europe",0.0,713,zero_observed_ai_and_distance_gte_q75,1251.605776472141
1860218891,Jizzax,Jizzax,Uzbekistan,UZ,UZB,Jizzax,163200.0,1535.7103158377768,46.40072239965994,gcp,asia-south2,"Delhi, India APAC",0.0,714,zero_observed_ai_and_distance_gte_q75,1251.605776472141
1729642412,El Geneina,El Geneina,Sudan,SD,SDN,West Darfur,162981.0,2377.1323931084244,30.46577704207816,aws,il-central-1,Middle East (Israel) - ???,0.0,715,zero_observed_ai_and_distance_gte_q75,1251.605776472141
1156008347,Simao,Simao,China,CN,CHN,Yunnan,162725.0,1354.872861002338,50.79174063734695,aws,ap-east-1,Asia Pacific (Hong Kong),0.0,716,zero_observed_ai_and_distance_gte_q75,1251.605776472141
1862074247,Anaco,Anaco,Venezuela,VE,VEN,Anzoátegui,162704.0,3085.2184279582234,21.3822464379008,gcp,us-east1,"Moncks Corner, South Carolina, North America",0.0,717,zero_observed_ai_and_distance_gte_q75,1251.605776472141
1604666111,Sullana,Sullana,Peru,PE,PER,Piura,162434.0,3338.5249567655437,18.83859531290028,gcp,southamerica-west1,"Santiago, Chile, South America",0.0,718,zero_observed_ai_and_distance_gte_q75,1251.605776472141
1320264119,Jutiapa,Jutiapa,Guatemala,GT,GTM,Jutiapa,162312.0,1901.0559774067613,38.65368824597953,azure,southcentralus,"Texas, South Central US, US",0.0,719,zero_observed_ai_and_distance_gte_q75,1251.605776472141
1288205885,Tema,Tema,Ghana,GH,GHA,Greater Accra,161612.0,3881.521085267388,14.359469834771804,gcp,europe-southwest1,"Madrid, Spain, Europe",0.0,720,zero_observed_ai_and_distance_gte_q75,1251.605776472141
1024645515,Ndalatando,Ndalatando,Angola,AO,AGO,Kwanza Norte,161584.0,2304.1620186747004,31.597853044365987,azure,southafricanorth,"Johannesburg, South Africa North, Africa",0.0,721,zero_observed_ai_and_distance_gte_q75,1251.605776472141
1360692406,Bontang,Bontang,Indonesia,ID,IDN,Kalimantan Timur,161413.0,1376.645047044148,50.24181572178734,aws,ap-southeast-3,Asia Pacific (Jakarta),0.0,722,zero_observed_ai_and_distance_gte_q75,1251.605776472141
1156191514,Tacheng,Tacheng,China,CN,CHN,Xinjiang,161037.0,2073.3949825513623,35.462389874123474,gcp,asia-south2,"Delhi, India APAC",0.0,723,zero_observed_ai_and_distance_gte_q75,1251.605776472141
1630035622,Bayamón,Bayamon,Puerto Rico,PR,PRI,Puerto Rico,161034.0,2148.7141928398564,34.15172473983146,gcp,us-east1,"Moncks Corner, South Carolina, North America",0.0,724,zero_observed_ai_and_distance_gte_q75,1251.605776472141
1170575968,Girón,Giron,Colombia,CO,COL,Santander,160403.0,2989.3360987832943,22.43230565477773,gcp,us-east1,"Moncks Corner, South Carolina, North America",0.0,725,zero_observed_ai_and_distance_gte_q75,1251.605776472141
1332084366,Saint-Marc,Saint-Marc,Haiti,HT,HTI,Artibonite,160181.0,1725.9996339631164,42.189457561184476,gcp,us-east1,"Moncks Corner, South Carolina, North America",0.0,726,zero_observed_ai_and_distance_gte_q75,1251.605776472141
1104364374,Taunggyi,Taunggyi,Myanmar,MM,MMR,Shan State,160115.0,1785.4755497641586,40.95330073606314,aws,ap-east-1,Asia Pacific (Hong Kong),0.0,727,zero_observed_ai_and_distance_gte_q75,1251.605776472141
1887135215,Dhamār,Dhamar,Yemen,YE,YEM,Dhamār,160114.0,1439.4348725457728,48.6889813925127,aws,me-south-1,Middle East (Bahrain),0.0,728,zero_observed_ai_and_distance_gte_q75,1251.605776472141
1604578883,Huaycan,Huaycan,Peru,PE,PER,Lima,160000.0,2463.4985593984843,29.178172315247803,gcp,southamerica-west1,"Santiago, Chile, South America",0.0,729,zero_observed_ai_and_distance_gte_q75,1251.605776472141
1398583266,Ekibastuz,Ekibastuz,Kazakhstan,KZ,KAZ,Pavlodar,159760.0,2570.997945479741,27.651257696591724,gcp,asia-south2,"Delhi, India APAC",0.0,730,zero_observed_ai_and_distance_gte_q75,1251.605776472141
1860343195,Chirchiq,Chirchiq,Uzbekistan,UZ,UZB,Toshkent,159400.0,1583.8786320947381,45.29654996794683,gcp,asia-south2,"Delhi, India APAC",0.0,731,zero_observed_ai_and_distance_gte_q75,1251.605776472141
1231737909,Jijiga,Jijiga,Ethiopia,ET,ETH,Sumalē,159300.0,2016.5966779043104,36.48392844465857,aws,me-central-1,Middle East (United Arab Emirates) - ???,0.0,732,zero_observed_ai_and_distance_gte_q75,1251.605776472141
1076974632,Abaetetuba,Abaetetuba,Brazil,BR,BRA,Pará,159080.0,2433.9924355694648,29.611830727113492,azure,brazilsoutheast,"Rio, Brazil Southeast, South America",0.0,733,zero_observed_ai_and_distance_gte_q75,1251.605776472141
1724625025,La Laguna,La Laguna,Spain,ES,ESP,Canary Islands,158911.0,1756.2185047816477,41.556790335687985,gcp,europe-southwest1,"Madrid, Spain, Europe",0.0,734,zero_observed_ai_and_distance_gte_q75,1251.605776472141
1214793175,Bonao,Bonao,Dominican Republic,DO,DOM,Cibao Sur,158034.0,1851.6621723856142,39.62020041926264,gcp,us-east1,"Moncks Corner, South Carolina, North America",0.0,735,zero_observed_ai_and_distance_gte_q75,1251.605776472141
1484451215,San Cristóbal,San Cristobal,Mexico,MX,MEX,Chiapas,158027.0,1531.4088715384291,46.500624853787095,azure,southcentralus,"Texas, South Central US, US",0.0,736,zero_observed_ai_and_distance_gte_q75,1251.605776472141
1076577102,Sobral,Sobral,Brazil,BR,BRA,Ceará,157996.0,2158.820188327134,33.97959141269001,azure,brazilsoutheast,"Rio, Brazil Southeast, South America",0.0,737,zero_observed_ai_and_distance_gte_q75,1251.605776472141
1340079427,Villanueva,Villanueva,Honduras,HN,HND,Cortés,157615.0,1900.2324510294152,38.669607689201094,azure,southcentralus,"Texas, South Central US, US",0.0,738,zero_observed_ai_and_distance_gte_q75,1251.605776472141
1180183850,Isiro,Isiro,Congo (Kinshasa),CD,COD,Haut-Uélé,157196.0,3171.3497036860545,20.480953037956695,azure,southafricanorth,"Johannesburg, South Africa North, Africa",0.0,739,zero_observed_ai_and_distance_gte_q75,1251.605776472141
1558728443,Matagalpa,Matagalpa,Nicaragua,NI,NIC,Matagalpa,156218.0,2247.3711841766717,32.507947369876575,azure,southcentralus,"Texas, South Central US, US",0.0,740,zero_observed_ai_and_distance_gte_q75,1251.605776472141
1214790716,Bajos de Haina,Bajos de Haina,Dominican Republic,DO,DOM,Valdesia,155985.0,1920.5011427991967,38.27969559879345,gcp,us-east1,"Moncks Corner, South Carolina, North America",0.0,741,zero_observed_ai_and_distance_gte_q75,1251.605776472141
1076738662,Camarajibe,Camarajibe,Brazil,BR,BRA,Pernambuco,155054.0,1873.4488698627276,39.19094601276068,azure,brazilsoutheast,"Rio, Brazil Southeast, South America",0.0,742,zero_observed_ai_and_distance_gte_q75,1251.605776472141
1566483135,Zango,Zango,Nigeria,NG,NGA,Katsina,154743.0,3281.1661595723576,19.386696941776684,gcp,europe-southwest1,"Madrid, Spain, Europe",0.0,743,zero_observed_ai_and_distance_gte_q75,1251.605776472141
1608224037,Cadiz,Cadiz,Philippines,PH,PHL,Negros Occidental,154723.0,1488.2974384583497,47.5138604184501,gcp,asia-east1,"Changhua County, Taiwan, APAC",0.0,744,zero_observed_ai_and_distance_gte_q75,1251.605776472141
1450421961,Mahajanga,Mahajanga,Madagascar,MG,MDG,Mahajanga,154657.0,2188.561374453584,33.478033212899874,azure,southafricanorth,"Johannesburg, South Africa North, Africa",0.0,745,zero_observed_ai_and_distance_gte_q75,1251.605776472141
1268193611,Batumi,Batumi,Georgia,GE,GEO,Ajaria,154600.0,1275.976106543636,52.83543762478035,aws,il-central-1,Middle East (Israel) - ???,0.0,746,zero_observed_ai_and_distance_gte_q75,1251.605776472141
1608218990,Pikit,Pikit,Philippines,PH,PHL,Cotabato,154441.0,1943.515826120149,37.84172284690503,gcp,asia-east1,"Changhua County, Taiwan, APAC",0.0,747,zero_observed_ai_and_distance_gte_q75,1251.605776472141
1180466776,Gandajika,Gandajika,Congo (Kinshasa),CD,COD,Lomami,154425.0,2158.335217912866,33.987831960017076,azure,southafricanorth,"Johannesburg, South Africa North, Africa",0.0,748,zero_observed_ai_and_distance_gte_q75,1251.605776472141
1024056286,Lucapa,Lucapa,Angola,AO,AGO,Lunda Norte,154305.0,2080.83914612045,35.33064130032247,azure,southafricanorth,"Johannesburg, South Africa North, Africa",0.0,749,zero_observed_ai_and_distance_gte_q75,1251.605776472141
1643421011,Almetyevsk,Almetyevsk,Russia,RU,RUS,Tatarstan,154262.0,1605.8015312317773,44.802745470738266,gcp,europe-north1,"Hamina, Finland, Europe",0.0,750,zero_observed_ai_and_distance_gte_q75,1251.605776472141
1608611556,Surigao,Surigao,Philippines,PH,PHL,Surigao del Norte,154137.0,1673.2670673104333,43.31663114326703,gcp,asia-east1,"Changhua County, Taiwan, APAC",0.0,751,zero_observed_ai_and_distance_gte_q75,1251.605776472141
1218601363,Esmeraldas,Esmeraldas,Ecuador,EC,ECU,Esmeraldas,154035.0,3585.9240364260454,16.646636229788513,gcp,us-east1,"Moncks Corner, South Carolina, North America",0.0,752,zero_observed_ai_and_distance_gte_q75,1251.605776472141
1356100193,Dibrugarh,Dibrugarh,India,IN,IND,Assam,154019.0,1498.739724541397,47.26643025297925,aws,cn-northwest-1,China (Ningxia),0.0,753,zero_observed_ai_and_distance_gte_q75,1251.605776472141
1180108441,Moanda,Moanda,Congo (Kinshasa),CD,COD,Kongo Central,153915.0,2773.8578598759095,24.98414081195368,azure,southafricanorth,"Johannesburg, South Africa North, Africa",0.0,754,zero_observed_ai_and_distance_gte_q75,1251.605776472141
1862061949,Palo Negro,Palo Negro,Venezuela,VE,VEN,Aragua,153706.0,2860.7145096848094,23.92234432422551,gcp,us-east1,"Moncks Corner, South Carolina, North America",0.0,755,zero_observed_ai_and_distance_gte_q75,1251.605776472141
1076568871,Parnaíba,Parnaiba,Brazil,BR,BRA,Piauí,153482.0,2228.9908232494113,32.80807828895858,azure,brazilsoutheast,"Rio, Brazil Southeast, South America",0.0,756,zero_observed_ai_and_distance_gte_q75,1251.605776472141
1643996483,Salavat,Salavat,Russia,RU,RUS,Bashkortostan,153181.0,1897.4194706465678,38.724034379452846,gcp,europe-north1,"Hamina, Finland, Europe",0.0,757,zero_observed_ai_and_distance_gte_q75,1251.605776472141
1566855083,Dutse,Dutse,Nigeria,NG,NGA,Jigawa,153000.0,3413.539358321788,18.14509918378354,aws,il-central-1,Middle East (Israel) - ???,0.0,758,zero_observed_ai_and_distance_gte_q75,1251.605776472141
1036016939,Cairns,Cairns,Australia,AU,AUS,Queensland,152729.0,1959.2389181505198,37.5453947262131,azure,australiaeast,"New South Wales, Australia East, Asia Pacific",0.0,759,zero_observed_ai_and_distance_gte_q75,1251.605776472141
1608490461,Polomolok,Polomolok,Philippines,PH,PHL,South Cotabato,152589.0,2043.7044175115439,35.992766122832286,gcp,asia-east1,"Changhua County, Taiwan, APAC",0.0,760,zero_observed_ai_and_distance_gte_q75,1251.605776472141
1356102467,Silchar,Silchar,India,IN,IND,Assam,152393.0,1459.2176966810825,48.20975264621378,azure,jioindiacentral,"Nagpur, Jio India Central, Asia Pacific",0.0,761,zero_observed_ai_and_distance_gte_q75,1251.605776472141
1104174785,Mudon,Mudon,Myanmar,MM,MMR,Mon State,152300.0,1783.6971766026047,40.989732056236306,gcp,asia-southeast1,"Jurong West, Singapore, APAC",0.0,762,zero_observed_ai_and_distance_gte_q75,1251.605776472141
1360789994,Baubau,Baubau,Indonesia,ID,IDN,Sulawesi Tenggara,152143.0,1750.172454235579,41.68260764176998,aws,ap-southeast-3,Asia Pacific (Jakarta),0.0,763,zero_observed_ai_and_distance_gte_q75,1251.605776472141
1364336980,Gonbad-e Kāvūs,Gonbad-e Kavus,Iran,IR,IRN,Golestān,151910.0,1308.7280098895912,51.97725302470783,aws,me-south-1,Middle East (Bahrain),0.0,764,zero_observed_ai_and_distance_gte_q75,1251.605776472141
1643043679,Miass,Miass,Russia,RU,RUS,Chelyabinskaya Oblast’,151856.0,2019.35125393122,36.43371415503531,gcp,europe-north1,"Hamina, Finland, Europe",0.0,765,zero_observed_ai_and_distance_gte_q75,1251.605776472141
1729742500,Al Manāqil,Al Manaqil,Sudan,SD,SDN,Al Gazira,151827.0,1931.135028806561,38.07670476265973,aws,il-central-1,Middle East (Israel) - ???,0.0,766,zero_observed_ai_and_distance_gte_q75,1251.605776472141
1558172276,Chinandega,Chinandega,Nicaragua,NI,NIC,Chinandega,151707.0,2205.5376919033174,33.195068974810624,azure,southcentralus,"Texas, South Central US, US",0.0,767,zero_observed_ai_and_distance_gte_q75,1251.605776472141
1608454598,Midsayap,Midsayap,Philippines,PH,PHL,Cotabato,151684.0,1924.9523255873746,38.194595371993564,gcp,asia-east1,"Changhua County, Taiwan, APAC",0.0,768,zero_observed_ai_and_distance_gte_q75,1251.605776472141
1484338031,Chetumal,Chetumal,Mexico,MX,MEX,Quintana Roo,151243.0,1593.7431913379694,45.07368478611814,azure,southcentralus,"Texas, South Central US, US",0.0,769,zero_observed_ai_and_distance_gte_q75,1251.605776472141
1024141961,Benguela,Benguela,Angola,AO,AGO,Benguela,151226.0,2133.054209930962,34.4201820905155,azure,southafricanorth,"Johannesburg, South Africa North, Africa",0.0,770,zero_observed_ai_and_distance_gte_q75,1251.605776472141
1192805452,Manzanillo,Manzanillo,Cuba,CU,CUB,Granma,150999.0,1458.238953824043,48.23335089541836,gcp,us-east1,"Moncks Corner, South Carolina, North America",0.0,771,zero_observed_ai_and_distance_gte_q75,1251.605776472141
1218928435,Quevedo,Quevedo,Ecuador,EC,ECU,Los Ríos,150827.0,3718.3394374048257,15.580193611418117,gcp,southamerica-west1,"Santiago, Chile, South America",0.0,772,zero_observed_ai_and_distance_gte_q75,1251.605776472141
1454525586,Mzuzu,Mzuzu,Malawi,MW,MWI,Mzimba,150100.0,1701.3923236518865,42.71174855366974,azure,southafricanorth,"Johannesburg, South Africa North, Africa",0.0,773,zero_observed_ai_and_distance_gte_q75,1251.605776472141
1800214991,Tororo,Tororo,Uganda,UG,UGA,Tororo,150000.0,3007.2474851045567,22.232305714236343,azure,southafricanorth,"Johannesburg, South Africa North, Africa",0.0,774,zero_observed_ai_and_distance_gte_q75,1251.605776472141
1862015576,Ocumare del Tuy,Ocumare del Tuy,Venezuela,VE,VEN,Miranda,150000.0,2901.5709592226112,23.43861102585186,gcp,us-east1,"Moncks Corner, South Carolina, North America",0.0,775,zero_observed_ai_and_distance_gte_q75,1251.605776472141
1531000000,Willemstad,Willemstad,Curaçao,CW,CUW,,150000.0,2601.5451926473847,27.232131728948794,gcp,us-east1,"Moncks Corner, South Carolina, North America",0.0,776,zero_observed_ai_and_distance_gte_q75,1251.605776472141
1894795016,Kashikishi,Kashikishi,Zambia,ZM,ZMB,Luapula,150000.0,1825.9802195771306,40.132243005460076,azure,southafricanorth,"Johannesburg, South Africa North, Africa",0.0,777,zero_observed_ai_and_distance_gte_q75,1251.605776472141
1232693598,Keren,Keren,Eritrea,ER,ERI,Ānseba,150000.0,1710.2630225693704,42.52272652209814,aws,me-south-1,Middle East (Bahrain),0.0,778,zero_observed_ai_and_distance_gte_q75,1251.605776472141
1804577024,Sievierodonetsk,Sievierodonetsk,Ukraine,UA,UKR,Luhans’ka Oblast’,150000.0,1282.9303699910554,52.65204088057677,gcp,europe-central2,"Warsaw, Poland, Europe",0.0,779,zero_observed_ai_and_distance_gte_q75,1251.605776472141
1480131261,Port Louis,Port Louis,Mauritius,MU,MUS,Port Louis,149194.0,3054.6975700813987,21.71105115975846,azure,southafricanorth,"Johannesburg, South Africa North, Africa",0.0,780,zero_observed_ai_and_distance_gte_q75,1251.605776472141
1792000752,Lüleburgaz,Luleburgaz,Turkey,TR,TUR,Kırklareli,148037.0,1285.81992001909,52.57602545329322,aws,il-central-1,Middle East (Israel) - ???,0.0,781,zero_observed_ai_and_distance_gte_q75,1251.605776472141
1894890604,Nchelenge,Nchelenge,Zambia,ZM,ZMB,Luapula,147927.0,1822.7054068841023,40.198009623502045,azure,southafricanorth,"Johannesburg, South Africa North, Africa",0.0,782,zero_observed_ai_and_distance_gte_q75,1251.605776472141
1268369835,Kutaisi,Kutaisi,Georgia,GE,GEO,Imereti,147900.0,1379.0360598964417,50.18178719762343,aws,il-central-1,Middle East (Israel) - ???,0.0,783,zero_observed_ai_and_distance_gte_q75,1251.605776472141
1116263015,Siem Reap,Siem Reap,Cambodia,KH,KHM,Siem Reap,147866.0,1334.914612651361,51.30113515257473,aws,ap-southeast-1,Asia Pacific (Singapore),0.0,784,zero_observed_ai_and_distance_gte_q75,1251.605776472141
1643343511,Kopeysk,Kopeysk,Russia,RU,RUS,Chelyabinskaya Oblast’,147573.0,2099.299948218041,35.0060257822935,gcp,europe-north1,"Hamina, Finland, Europe",0.0,785,zero_observed_ai_and_distance_gte_q75,1251.605776472141
1834684278,Sumbawanga,Sumbawanga,Tanzania,TZ,TZA,Rukwa,147483.0,2007.8401287506756,36.64401529739978,azure,southafricanorth,"Johannesburg, South Africa North, Africa",0.0,786,zero_observed_ai_and_distance_gte_q75,1251.605776472141
1728299711,Malakal,Malakal,South Sudan,SS,SSD,Upper Nile,147450.0,2468.4997841525137,29.105300166888526,aws,il-central-1,Middle East (Israel) - ???,0.0,787,zero_observed_ai_and_distance_gte_q75,1251.605776472141
1894202007,Chingola,Chingola,Zambia,ZM,ZMB,Copperbelt,147448.0,1466.7412796158976,48.02873829265104,azure,southafricanorth,"Johannesburg, South Africa North, Africa",0.0,788,zero_observed_ai_and_distance_gte_q75,1251.605776472141
1398790140,Mangghystaū,Mangghystau,Kazakhstan,KZ,KAZ,Mangghystaū,147443.0,1950.6180720715847,37.707580554317715,aws,me-south-1,Middle East (Bahrain),0.0,789,zero_observed_ai_and_distance_gte_q75,1251.605776472141
1384112524,Man,Man,Côte D’Ivoire,CI,CIV,Montagnes,146974.0,3691.0885790403977,15.793933276690138,gcp,europe-southwest1,"Madrid, Spain, Europe",0.0,790,zero_observed_ai_and_distance_gte_q75,1251.605776472141
1180866253,Wamba,Wamba,Congo (Kinshasa),CD,COD,Haut-Uélé,146871.0,3099.297813492515,21.232250574153475,azure,southafricanorth,"Johannesburg, South Africa North, Africa",0.0,791,zero_observed_ai_and_distance_gte_q75,1251.605776472141
1800406007,Gulu,Gulu,Uganda,UG,UGA,Gulu,146858.0,3199.265278524134,20.197070047352284,azure,southafricanorth,"Johannesburg, South Africa North, Africa",0.0,792,zero_observed_ai_and_distance_gte_q75,1251.605776472141
1704104189,Cam Ranh,Cam Ranh,Vietnam,VN,VNM,Khánh Hòa,146771.0,1267.319128005364,53.064630922089705,azure,eastasia,"Hong Kong, East Asia, Asia Pacific",0.0,793,zero_observed_ai_and_distance_gte_q75,1251.605776472141
1218552075,Riobamba,Riobamba,Ecuador,EC,ECU,Chimborazo,146324.0,3628.946060967436,16.292374161777463,gcp,southamerica-west1,"Santiago, Chile, South America",0.0,794,zero_observed_ai_and_distance_gte_q75,1251.605776472141
1608284971,Sagay,Sagay,Philippines,PH,PHL,Negros Occidental,146264.0,1496.2130893076885,47.326180500827356,gcp,asia-east1,"Changhua County, Taiwan, APAC",0.0,795,zero_observed_ai_and_distance_gte_q75,1251.605776472141
1076363089,Santo Agostinho,Santo Agostinho,Brazil,BR,BRA,Pernambuco,146219.0,1844.4563953202462,39.76320504518636,azure,brazilsoutheast,"Rio, Brazil Southeast, South America",0.0,796,zero_observed_ai_and_distance_gte_q75,1251.605776472141
1076876295,Sinop,Sinop,Brazil,BR,BRA,Mato Grosso,146005.0,1590.9844243898474,45.13590158257258,gcp,southamerica-east1,"Osasco, São Paulo, Brazil, South America",0.0,797,zero_observed_ai_and_distance_gte_q75,1251.605776472141
1643815630,Pyatigorsk,Pyatigorsk,Russia,RU,RUS,Stavropol’skiy Kray,145836.0,1563.214457955776,45.7669839636907,aws,il-central-1,Middle East (Israel) - ???,0.0,798,zero_observed_ai_and_distance_gte_q75,1251.605776472141
1214720035,Baní,Bani,Dominican Republic,DO,DOM,Valdesia,145595.0,1917.9235779558246,38.32906160177419,gcp,us-east1,"Moncks Corner, South Carolina, North America",0.0,799,zero_observed_ai_and_distance_gte_q75,1251.605776472141
1364255116,Qūchān,Quchan,Iran,IR,IRN,Khorāsān-e Raẕavī,145531.0,1351.255750305299,50.8836834282893,azure,uaenorth,"Dubai, UAE North, Middle East",0.0,800,zero_observed_ai_and_distance_gte_q75,1251.605776472141
1312460524,Pointe-à-Pitre,Pointe-a-Pitre,Guadeloupe,GP,GLP,,145511.0,2644.0455858235914,26.65954887198097,gcp,us-east1,"Moncks Corner, South Carolina, North America",0.0,801,zero_observed_ai_and_distance_gte_q75,1251.605776472141
1643450182,Rubtsovsk,Rubtsovsk,Russia,RU,RUS,Altayskiy Kray,145333.0,2501.3656771728965,28.630922710857682,aws,cn-northwest-1,China (Ningxia),0.0,802,zero_observed_ai_and_distance_gte_q75,1251.605776472141
1643757810,Berezniki,Berezniki,Russia,RU,RUS,Permskiy Kray,145115.0,1636.7429135666375,44.11495008526027,gcp,europe-north1,"Hamina, Finland, Europe",0.0,803,zero_observed_ai_and_distance_gte_q75,1251.605776472141
1862979204,Villa de Cura,Villa de Cura,Venezuela,VE,VEN,Aragua,145098.0,2876.1229638724344,23.738749287969412,gcp,us-east1,"Moncks Corner, South Carolina, North America",0.0,804,zero_observed_ai_and_distance_gte_q75,1251.605776472141
1320651129,Flores,Flores,Guatemala,GT,GTM,Petén,144932.0,1642.452572010178,43.98918903521347,azure,southcentralus,"Texas, South Central US, US",0.0,805,zero_observed_ai_and_distance_gte_q75,1251.605776472141
1591487342,David,David,Panama,PA,PAN,Chiriquí,144858.0,2764.8659680970277,25.096721044819066,gcp,us-east1,"Moncks Corner, South Carolina, North America",0.0,806,zero_observed_ai_and_distance_gte_q75,1251.605776472141
1340015594,Comayagua,Comayagua,Honduras,HN,HND,Comayagua,144785.0,2001.7981883886237,36.75488315485459,azure,southcentralus,"Texas, South Central US, US",0.0,807,zero_observed_ai_and_distance_gte_q75,1251.605776472141
1834217168,Moshi,Moshi,Tanzania,TZ,TZA,Kilimanjaro,144739.0,2674.150254493116,26.261265496396163,azure,southafricanorth,"Johannesburg, South Africa North, Africa",0.0,808,zero_observed_ai_and_distance_gte_q75,1251.605776472141
1300003141,Lárisa,Larisa,Greece,GR,GRC,Thessalía,144651.0,1260.1699759170378,53.254653904039394,aws,eu-south-1,EU (Milan),0.0,809,zero_observed_ai_and_distance_gte_q75,1251.605776472141
1484448356,Tuxtepec,Tuxtepec,Mexico,MX,MEX,Oaxaca,144555.0,1281.4057180620043,52.69219420144026,azure,southcentralus,"Texas, South Central US, US",0.0,810,zero_observed_ai_and_distance_gte_q75,1251.605776472141
1604547675,Barranca,Barranca,Peru,PE,PER,Lima,144381.0,2624.5419932088466,26.920799121484983,gcp,southamerica-west1,"Santiago, Chile, South America",0.0,811,zero_observed_ai_and_distance_gte_q75,1251.605776472141
1120492761,Kumba,Kumba,Cameroon,CM,CMR,South-West,144268.0,3936.8093942642563,13.967950969035813,azure,southafricanorth,"Johannesburg, South Africa North, Africa",0.0,812,zero_observed_ai_and_distance_gte_q75,1251.605776472141
1170606634,Florencia,Florencia,Colombia,CO,COL,Caquetá,143871.0,3541.752639087253,17.018378808168926,gcp,us-east1,"Moncks Corner, South Carolina, North America",0.0,813,zero_observed_ai_and_distance_gte_q75,1251.605776472141
1434401280,Ajdābiyā,Ajdabiya,Libya,LY,LBY,Al Wāḩāt,143833.0,1395.3421649200413,49.77431577653835,aws,il-central-1,Middle East (Israel) - ???,0.0,814,zero_observed_ai_and_distance_gte_q75,1251.605776472141
1192302618,Ciego de Ávila,Ciego de Avila,Cuba,CU,CUB,Ciego de Ávila,143449.0,1267.9272563411805,53.048498322040125,gcp,us-east1,"Moncks Corner, South Carolina, North America",0.0,815,zero_observed_ai_and_distance_gte_q75,1251.605776472141
1608355709,San Jose,San Jose,Philippines,PH,PHL,Occidental Mindoro,143430.0,1304.6791614581111,52.08258361532487,gcp,asia-east1,"Changhua County, Taiwan, APAC",0.0,816,zero_observed_ai_and_distance_gte_q75,1251.605776472141
1340231948,El Progreso,El Progreso,Honduras,HN,HND,Yoro,143360.0,1905.1057417159448,38.57549827189855,azure,southcentralus,"Texas, South Central US, US",0.0,817,zero_observed_ai_and_distance_gte_q75,1251.605776472141
1356533936,Shillong,Shillong,India,IN,IND,Meghālaya,143229.0,1394.481847718578,49.79573123225618,azure,jioindiacentral,"Nagpur, Jio India Central, Asia Pacific",0.0,818,zero_observed_ai_and_distance_gte_q75,1251.605776472141
1288506097,Cape Coast,Cape Coast,Ghana,GH,GHA,Central,143015.0,3934.6990994914363,13.982696994241165,gcp,europe-southwest1,"Madrid, Spain, Europe",0.0,819,zero_observed_ai_and_distance_gte_q75,1251.605776472141
1148369114,Moundou,Moundou,Chad,TD,TCD,Logone Occidental,142462.0,3208.3473629487803,20.10556222738762,aws,il-central-1,Middle East (Israel) - ???,0.0,820,zero_observed_ai_and_distance_gte_q75,1251.605776472141
1508041628,Lichinga,Lichinga,Mozambique,MZ,MOZ,Niassa,142253.0,1565.3077043345347,45.71910823526048,azure,southafricanorth,"Johannesburg, South Africa North, Africa",0.0,821,zero_observed_ai_and_distance_gte_q75,1251.605776472141
1214362164,Boca Chica,Boca Chica,Dominican Republic,DO,DOM,Ozama,142019.0,1939.4095408439032,37.91949711509436,gcp,us-east1,"Moncks Corner, South Carolina, North America",0.0,822,zero_observed_ai_and_distance_gte_q75,1251.605776472141
1156855629,Altay,Altay,China,CN,CHN,Xinjiang,142000.0,1866.2159365654793,39.33293535705339,aws,cn-northwest-1,China (Ningxia),0.0,823,zero_observed_ai_and_distance_gte_q75,1251.605776472141
1643584159,Maykop,Maykop,Russia,RU,RUS,Adygeya,141970.0,1522.3793368116987,46.71103898527188,aws,il-central-1,Middle East (Israel) - ???,0.0,824,zero_observed_ai_and_distance_gte_q75,1251.605776472141
1608100412,Ozamiz City,Ozamiz City,Philippines,PH,PHL,Misamis Occidental,141828.0,1805.4295697575355,40.54674074420777,gcp,asia-east1,"Changhua County, Taiwan, APAC",0.0,825,zero_observed_ai_and_distance_gte_q75,1251.605776472141
1508872233,Pemba,Pemba,Mozambique,MZ,MOZ,Cabo Delgado,141316.0,1915.526123295627,38.375035244879356,azure,southafricanorth,"Johannesburg, South Africa North, Africa",0.0,826,zero_observed_ai_and_distance_gte_q75,1251.605776472141
1643734694,Khasavyurt,Khasavyurt,Russia,RU,RUS,Dagestan,141259.0,1660.6411000143062,43.590953311982766,aws,il-central-1,Middle East (Israel) - ???,0.0,827,zero_observed_ai_and_distance_gte_q75,1251.605776472141
1608000731,Mati,Mati,Philippines,PH,PHL,Davao Oriental,141141.0,1998.590278480393,36.813883636186844,gcp,asia-east1,"Changhua County, Taiwan, APAC",0.0,828,zero_observed_ai_and_distance_gte_q75,1251.605776472141
1222243504,Mejicanos,Mejicanos,El Salvador,SV,SLV,San Salvador,140751.0,1987.944036431472,37.010370892920925,azure,southcentralus,"Texas, South Central US, US",0.0,829,zero_observed_ai_and_distance_gte_q75,1251.605776472141
1862905123,Yaritagua,Yaritagua,Venezuela,VE,VEN,Yaracuy,140256.0,2801.3197005463935,24.6434300540227,gcp,us-east1,"Moncks Corner, South Carolina, North America",0.0,830,zero_observed_ai_and_distance_gte_q75,1251.605776472141
1608883158,Kidapawan,Kidapawan,Philippines,PH,PHL,Cotabato,140195.0,1958.7042121046409,37.55543394293828,gcp,asia-east1,"Changhua County, Taiwan, APAC",0.0,831,zero_observed_ai_and_distance_gte_q75,1251.605776472141
1104373474,Dawei,Dawei,Myanmar,MM,MMR,Taninthayi,139900.0,1536.3643919309254,46.385550079144984,gcp,asia-southeast1,"Jurong West, Singapore, APAC",0.0,832,zero_observed_ai_and_distance_gte_q75,1251.605776472141
1170322047,Fusagasugá,Fusagasuga,Colombia,CO,COL,Cundinamarca,139805.0,3262.1436281134447,19.571968655555015,gcp,us-east1,"Moncks Corner, South Carolina, North America",0.0,833,zero_observed_ai_and_distance_gte_q75,1251.605776472141
1729042522,Atbara,Atbara,Sudan,SD,SDN,River Nile,139768.0,1538.6899637190054,46.33164496195423,aws,il-central-1,Middle East (Israel) - ???,0.0,834,zero_observed_ai_and_distance_gte_q75,1251.605776472141
1484390572,Kanasín,Kanasin,Mexico,MX,MEX,Yucatán,139753.0,1302.544996515866,52.13818969020908,azure,southcentralus,"Texas, South Central US, US",0.0,835,zero_observed_ai_and_distance_gte_q75,1251.605776472141
1558765329,Masaya,Masaya,Nicaragua,NI,NIC,Masaya,139582.0,2325.833370969395,31.25731724156941,azure,southcentralus,"Texas, South Central US, US",0.0,836,zero_observed_ai_and_distance_gte_q75,1251.605776472141
1320482609,Momostenango,Momostenango,Guatemala,GT,GTM,Totonicapán,139552.0,1755.7154235832793,41.567244870444036,azure,southcentralus,"Texas, South Central US, US",0.0,837,zero_observed_ai_and_distance_gte_q75,1251.605776472141
1076010069,Cametá,Cameta,Brazil,BR,BRA,Pará,139364.0,2385.0229316714203,30.34581813846397,gcp,southamerica-east1,"Osasco, São Paulo, Brazil, South America",0.0,838,zero_observed_ai_and_distance_gte_q75,1251.605776472141
1398375387,Kökshetaū,Kokshetau,Kazakhstan,KZ,KAZ,Aqmola,139063.0,2633.970672584704,26.794184017562188,gcp,europe-north1,"Hamina, Finland, Europe",0.0,839,zero_observed_ai_and_distance_gte_q75,1251.605776472141
1192600260,Sancti Spíritus,Sancti Spiritus,Cuba,CU,CUB,Sancti Spíritus,138504.0,1253.676630959732,53.42783530274663,gcp,us-east1,"Moncks Corner, South Carolina, North America",0.0,840,zero_observed_ai_and_distance_gte_q75,1251.605776472141
1214900129,Barahona,Barahona,Dominican Republic,DO,DOM,Enriquillo,138159.0,1888.7061382135366,38.89311010762851,gcp,us-east1,"Moncks Corner, South Carolina, North America",0.0,841,zero_observed_ai_and_distance_gte_q75,1251.605776472141
1024978551,Negage,Negage,Angola,AO,AGO,Uíge,137559.0,2423.1328269489827,29.77305448384419,azure,southafricanorth,"Johannesburg, South Africa North, Africa",0.0,842,zero_observed_ai_and_distance_gte_q75,1251.605776472141
1068265899,Quillacollo,Quillacollo,Bolivia,BO,BOL,Cochabamba,137182.0,1836.193229324153,39.927829873491284,gcp,southamerica-west1,"Santiago, Chile, South America",0.0,843,zero_observed_ai_and_distance_gte_q75,1251.605776472141
1024818756,Porto Amboim,Porto Amboim,Angola,AO,AGO,Kwanza Sul,137000.0,2258.968907114499,32.319983800507316,azure,southafricanorth,"Johannesburg, South Africa North, Africa",0.0,844,zero_observed_ai_and_distance_gte_q75,1251.605776472141
1076673653,Garanhuns,Garanhuns,Brazil,BR,BRA,Pernambuco,136949.0,1714.6832978869961,42.428849221948035,azure,brazilsoutheast,"Rio, Brazil Southeast, South America",0.0,845,zero_observed_ai_and_distance_gte_q75,1251.605776472141
1646226936,Gisenyi,Gisenyi,Rwanda,RW,RWA,Western Province,136830.0,2675.249217282419,26.2468393834092,azure,southafricanorth,"Johannesburg, South Africa North, Africa",0.0,846,zero_observed_ai_and_distance_gte_q75,1251.605776472141
1036497565,Darwin,Darwin,Australia,AU,AUS,Northern Territory,136828.0,2723.6730783330777,25.61898419618121,aws,ap-southeast-3,Asia Pacific (Jakarta),0.0,847,zero_observed_ai_and_distance_gte_q75,1251.605776472141
1630035637,Carolina,Carolina,Puerto Rico,PR,PRI,Puerto Rico,136771.0,2158.2309866305663,33.98960330382793,gcp,us-east1,"Moncks Corner, South Carolina, North America",0.0,848,zero_observed_ai_and_distance_gte_q75,1251.605776472141
1360521866,Bima,Bima,Indonesia,ID,IDN,Nusa Tenggara Barat,136492.0,1335.7055310831247,51.28085165680546,aws,ap-southeast-3,Asia Pacific (Jakarta),0.0,849,zero_observed_ai_and_distance_gte_q75,1251.605776472141
1608547808,Danao,Danao,Philippines,PH,PHL,Cebu,136471.0,1547.960907640527,46.11737293051654,gcp,asia-east1,"Changhua County, Taiwan, APAC",0.0,850,zero_observed_ai_and_distance_gte_q75,1251.605776472141
1558697688,Jinotega,Jinotega,Nicaragua,NI,NIC,Jinotega,136342.0,2226.935542462185,32.84181052478063,azure,southcentralus,"Texas, South Central US, US",0.0,851,zero_observed_ai_and_distance_gte_q75,1251.605776472141
1860617243,Termiz,Termiz,Uzbekistan,UZ,UZB,Surxondaryo,136200.0,1328.7029011831294,51.460716767810865,gcp,asia-south2,"Delhi, India APAC",0.0,852,zero_observed_ai_and_distance_gte_q75,1251.605776472141
1222613306,Santa Tecla,Santa Tecla,El Salvador,SV,SLV,La Libertad,135483.0,1990.7055150985532,36.95930448089493,azure,southcentralus,"Texas, South Central US, US",0.0,853,zero_observed_ai_and_distance_gte_q75,1251.605776472141
1800877735,Lira,Lira,Uganda,UG,UGA,Lira,135445.0,3151.804748692363,20.68208386318012,azure,southafricanorth,"Johannesburg, South Africa North, Africa",0.0,854,zero_observed_ai_and_distance_gte_q75,1251.605776472141
1104978348,Pyay,Pyay,Myanmar,MM,MMR,Bago,135308.0,1703.8280404616723,42.659763353437775,azure,jioindiacentral,"Nagpur, Jio India Central, Asia Pacific",0.0,855,zero_observed_ai_and_distance_gte_q75,1251.605776472141
1834583327,Kigoma,Kigoma,Tanzania,TZ,TZA,Kigoma,135234.0,2323.093826244097,31.30016198793315,azure,southafricanorth,"Johannesburg, South Africa North, Africa",0.0,856,zero_observed_ai_and_distance_gte_q75,1251.605776472141
1388671677,May Pen,May Pen,Jamaica,JM,JAM,Clarendon,135142.0,1717.6710368337497,42.365513378824765,gcp,us-east1,"Moncks Corner, South Carolina, North America",0.0,857,zero_observed_ai_and_distance_gte_q75,1251.605776472141
1554759867,Tauranga,Tauranga,New Zealand,NZ,NZL,Bay of Plenty,135000.0,2284.0683953122366,31.916910796247194,gcp,australia-southeast1,"Sydney, Australia, APAC",0.0,858,zero_observed_ai_and_distance_gte_q75,1251.605776472141
1076661082,Santa Rita,Santa Rita,Brazil,BR,BRA,Paraíba,134940.0,1964.0344219982655,37.45547802582562,azure,brazilsoutheast,"Rio, Brazil Southeast, South America",0.0,859,zero_observed_ai_and_distance_gte_q75,1251.605776472141
1170225267,Cartago,Cartago,Colombia,CO,COL,Valle del Cauca,134827.0,3191.6422828507443,20.274198029340447,gcp,us-east1,"Moncks Corner, South Carolina, North America",0.0,860,zero_observed_ai_and_distance_gte_q75,1251.605776472141
1682515652,Jāzān,Jazan,Saudi Arabia,SA,SAU,Jāzān,134764.0,1318.9042906275076,51.713457149666894,aws,me-south-1,Middle East (Bahrain),0.0,861,zero_observed_ai_and_distance_gte_q75,1251.605776472141
1496482400,Mörön,Moron,Mongolia,MN,MNG,Hövsgöl,134530.0,1447.3749411868812,48.49606765580824,aws,cn-northwest-1,China (Ningxia),0.0,862,zero_observed_ai_and_distance_gte_q75,1251.605776472141
1764752197,Nakhon Ratchasima,Nakhon Ratchasima,Thailand,TH,THA,Nakhon Ratchasima,134440.0,1508.8116339108478,47.02899700544611,aws,ap-east-1,Asia Pacific (Hong Kong),0.0,863,zero_observed_ai_and_distance_gte_q75,1251.605776472141
1860291734,Navoiy,Navoiy,Uzbekistan,UZ,UZB,Navoiy,134100.0,1669.0432225269008,43.40820917532447,gcp,asia-south2,"Delhi, India APAC",0.0,864,zero_observed_ai_and_distance_gte_q75,1251.605776472141
1218568564,Milagro,Milagro,Ecuador,EC,ECU,Guayas,133508.0,3602.961239241172,16.505432454199426,gcp,southamerica-west1,"Santiago, Chile, South America",0.0,865,zero_observed_ai_and_distance_gte_q75,1251.605776472141
1466684950,Ségou,Segou,Mali,ML,MLI,Ségou,133501.0,3008.9558942513663,22.21332288578161,gcp,europe-southwest1,"Madrid, Spain, Europe",0.0,866,zero_observed_ai_and_distance_gte_q75,1251.605776472141
1170820158,Pitalito,Pitalito,Colombia,CO,COL,Huila,133205.0,3509.609067495631,17.294104312569626,gcp,us-east1,"Moncks Corner, South Carolina, North America",0.0,867,zero_observed_ai_and_distance_gte_q75,1251.605776472141
1608048026,San Carlos,San Carlos,Philippines,PH,PHL,Negros Occidental,132536.0,1540.4720888143538,46.29037895638294,gcp,asia-east1,"Changhua County, Taiwan, APAC",0.0,868,zero_observed_ai_and_distance_gte_q75,1251.605776472141
1320642245,San Luis,San Luis,Guatemala,GT,GTM,Petén,132470.0,1736.6854092753856,41.964645137722364,azure,southcentralus,"Texas, South Central US, US",0.0,869,zero_observed_ai_and_distance_gte_q75,1251.605776472141
1608573791,Minglanilla,Minglanilla,Philippines,PH,PHL,Cebu,132135.0,1575.9855423991348,45.475668050134715,gcp,asia-east1,"Changhua County, Taiwan, APAC",0.0,870,zero_observed_ai_and_distance_gte_q75,1251.605776472141
1862623441,Calabozo,Calabozo,Venezuela,VE,VEN,Guárico,131989.0,2992.1616841703153,22.400635833963488,gcp,us-east1,"Moncks Corner, South Carolina, North America",0.0,871,zero_observed_ai_and_distance_gte_q75,1251.605776472141
1218479054,Ibarra,Ibarra,Ecuador,EC,ECU,Imbabura,131856.0,3656.33172601698,16.07080582191208,gcp,us-east1,"Moncks Corner, South Carolina, North America",0.0,872,zero_observed_ai_and_distance_gte_q75,1251.605776472141
1258907380,Papeete,Papeete,French Polynesia,PF,PYF,Îles du Vent,131695.0,6120.088574700338,4.688561873419303,azure,australiaeast,"New South Wales, Australia East, Asia Pacific",0.0,873,zero_observed_ai_and_distance_gte_q75,1251.605776472141
1076313540,Ji-Paraná,Ji-Parana,Brazil,BR,BRA,Rondônia,131560.0,2134.40389011344,34.39696180756323,gcp,southamerica-east1,"Osasco, São Paulo, Brazil, South America",0.0,874,zero_observed_ai_and_distance_gte_q75,1251.605776472141
1608199695,Consolacion,Consolacion,Philippines,PH,PHL,Cebu,131528.0,1562.8158759294508,45.77610582121615,gcp,asia-east1,"Changhua County, Taiwan, APAC",0.0,875,zero_observed_ai_and_distance_gte_q75,1251.605776472141
1608682936,Dumaguete City,Dumaguete City,Philippines,PH,PHL,Negros Oriental,131377.0,1667.819231002862,43.43478294606476,gcp,asia-east1,"Changhua County, Taiwan, APAC",0.0,876,zero_observed_ai_and_distance_gte_q75,1251.605776472141
1120497849,Buea,Buea,Cameroon,CM,CMR,South-West,131325.0,3904.155205613233,14.197878942181752,azure,southafricanorth,"Johannesburg, South Africa North, Africa",0.0,877,zero_observed_ai_and_distance_gte_q75,1251.605776472141
1222101845,Apopa,Apopa,El Salvador,SV,SLV,San Salvador,131286.0,1983.524354513997,37.09224836118965,azure,southcentralus,"Texas, South Central US, US",0.0,878,zero_observed_ai_and_distance_gte_q75,1251.605776472141
1170825751,Ciénaga,Cienaga,Colombia,CO,COL,Magdalena,131171.0,2536.150081949592,28.137273178348998,gcp,us-east1,"Moncks Corner, South Carolina, North America",0.0,879,zero_observed_ai_and_distance_gte_q75,1251.605776472141
1170000109,Sogamoso,Sogamoso,Colombia,CO,COL,Boyacá,131105.0,3142.2786956422074,20.780828151366773,gcp,us-east1,"Moncks Corner, South Carolina, North America",0.0,880,zero_observed_ai_and_distance_gte_q75,1251.605776472141
1388689196,Spanish Town,Spanish Town,Jamaica,JM,JAM,Saint Catherine,131056.0,1717.5899325847224,42.36723142523337,gcp,us-east1,"Moncks Corner, South Carolina, North America",0.0,881,zero_observed_ai_and_distance_gte_q75,1251.605776472141
1598466091,Lae,Lae,Papua New Guinea,PG,PNG,Morobe,131052.0,3047.6118137428116,21.78810718840513,azure,australiaeast,"New South Wales, Australia East, Asia Pacific",0.0,882,zero_observed_ai_and_distance_gte_q75,1251.605776472141
1170186734,Quibdó,Quibdo,Colombia,CO,COL,Chocó,130825.0,3078.026227249164,21.459277564714537,gcp,us-east1,"Moncks Corner, South Carolina, North America",0.0,883,zero_observed_ai_and_distance_gte_q75,1251.605776472141
1364567639,Marand,Marand,Iran,IR,IRN,Āz̄arbāyjān-e Sharqī,130825.0,1252.4364543063136,53.46097555361866,aws,il-central-1,Middle East (Israel) - ???,0.0,884,zero_observed_ai_and_distance_gte_q75,1251.605776472141
1608664300,Dipolog,Dipolog,Philippines,PH,PHL,Zamboanga del Norte,130759.0,1749.806058305977,41.690244510165556,gcp,asia-east1,"Changhua County, Taiwan, APAC",0.0,885,zero_observed_ai_and_distance_gte_q75,1251.605776472141
1320214238,Nueva Concepción,Nueva Concepcion,Guatemala,GT,GTM,Escuintla,130754.0,1846.80285043095,39.71658111292729,azure,southcentralus,"Texas, South Central US, US",0.0,886,zero_observed_ai_and_distance_gte_q75,1251.605776472141
1076980375,Itapipoca,Itapipoca,Brazil,BR,BRA,Ceará,130539.0,2193.237421546858,33.39985221307602,azure,brazilsoutheast,"Rio, Brazil Southeast, South America",0.0,887,zero_observed_ai_and_distance_gte_q75,1251.605776472141
1076845536,Maranguape,Maranguape,Brazil,BR,BRA,Ceará,130346.0,2169.37338951005,33.80076688825019,azure,brazilsoutheast,"Rio, Brazil Southeast, South America",0.0,888,zero_observed_ai_and_distance_gte_q75,1251.605776472141
1764676047,Udon Thani,Udon Thani,Thailand,TH,THA,Udon Thani,130274.0,1305.5045762243428,52.061093183470064,aws,ap-east-1,Asia Pacific (Hong Kong),0.0,889,zero_observed_ai_and_distance_gte_q75,1251.605776472141
1729986512,Sannār,Sannar,Sudan,SD,SDN,Sennar,130122.0,2003.6086162333977,36.721627177065024,aws,il-central-1,Middle East (Israel) - ???,0.0,890,zero_observed_ai_and_distance_gte_q75,1251.605776472141
1116106237,Battambang,Battambang,Cambodia,KH,KHM,Battambang,130000.0,1307.5324090327156,52.00833433812064,aws,ap-southeast-1,Asia Pacific (Singapore),0.0,891,zero_observed_ai_and_distance_gte_q75,1251.605776472141
1076843224,Vitória de Santo Antão,Vitoria de Santo Antao,Brazil,BR,BRA,Pernambuco,129974.0,1846.92050966105,39.71424467047599,azure,brazilsoutheast,"Rio, Brazil Southeast, South America",0.0,892,zero_observed_ai_and_distance_gte_q75,1251.605776472141
1398112507,Taldyqorghan,Taldyqorghan,Kazakhstan,KZ,KAZ,Almaty,129960.0,1822.5030884044781,40.202076229281424,gcp,asia-south2,"Delhi, India APAC",0.0,893,zero_observed_ai_and_distance_gte_q75,1251.605776472141
1558801854,Estelí,Esteli,Nicaragua,NI,NIC,Estelí,129924.0,2206.2621166683925,33.18304748708605,azure,southcentralus,"Texas, South Central US, US",0.0,894,zero_observed_ai_and_distance_gte_q75,1251.605776472141
1706563100,Baidoa,Baidoa,Somalia,SO,SOM,Bay,129839.0,2574.3775130062395,27.6045725053503,aws,me-central-1,Middle East (United Arab Emirates) - ???,0.0,895,zero_observed_ai_and_distance_gte_q75,1251.605776472141
1170838212,Girardot,Girardot,Colombia,CO,COL,Cundinamarca,129834.0,3257.9546851316372,19.613004545174,gcp,us-east1,"Moncks Corner, South Carolina, North America",0.0,896,zero_observed_ai_and_distance_gte_q75,1251.605776472141
1360021476,Parepare,Parepare,Indonesia,ID,IDN,Sulawesi Selatan,129542.0,1437.3495587561563,48.739773769572366,aws,ap-southeast-3,Asia Pacific (Jakarta),0.0,897,zero_observed_ai_and_distance_gte_q75,1251.605776472141
1024191137,Chinguar,Chinguar,Angola,AO,AGO,Bié,129370.0,1922.7694619154647,38.2363049267715,azure,southafricanorth,"Johannesburg, South Africa North, Africa",0.0,898,zero_observed_ai_and_distance_gte_q75,1251.605776472141
1894038366,Mansa,Mansa,Zambia,ZM,ZMB,Luapula,129185.0,1619.301367943219,44.50134894201582,azure,southafricanorth,"Johannesburg, South Africa North, Africa",0.0,899,zero_observed_ai_and_distance_gte_q75,1251.605776472141
1180363197,Kamina,Kamina,Congo (Kinshasa),CD,COD,Haut-Lomami,128803.0,1920.306613756158,38.28341903614601,azure,southafricanorth,"Johannesburg, South Africa North, Africa",0.0,900,zero_observed_ai_and_distance_gte_q75,1251.605776472141
1352327190,Reykjavík,Reykjavik,Iceland,IS,ISL,,128793.0,1494.4419173055,47.36811046731948,aws,eu-west-1,EU (Ireland),0.0,901,zero_observed_ai_and_distance_gte_q75,1251.605776472141
1643705192,Kislovodsk,Kislovodsk,Russia,RU,RUS,Stavropol’skiy Kray,128779.0,1538.2612676883414,46.341577122530325,aws,il-central-1,Middle East (Israel) - ???,0.0,902,zero_observed_ai_and_distance_gte_q75,1251.605776472141
1268562807,Rustavi,Rustavi,Georgia,GE,GEO,Kvemo Kartli,128680.0,1431.9083314467441,48.87255640684333,aws,il-central-1,Middle East (Israel) - ???,0.0,903,zero_observed_ai_and_distance_gte_q75,1251.605776472141
1604227042,Puno,Puno,Peru,PE,PER,Puno,128637.0,1957.431497032918,37.579340232007276,gcp,southamerica-west1,"Santiago, Chile, South America",0.0,904,zero_observed_ai_and_distance_gte_q75,1251.605776472141
1862780259,Táriba,Tariba,Venezuela,VE,VEN,Táchira,128590.0,2933.9785211491253,23.061877404223758,gcp,us-east1,"Moncks Corner, South Carolina, North America",0.0,905,zero_observed_ai_and_distance_gte_q75,1251.605776472141
1214004418,Azua,Azua,Dominican Republic,DO,DOM,Valdesia,128264.0,1880.937273671536,39.044481565403295,gcp,us-east1,"Moncks Corner, South Carolina, North America",0.0,906,zero_observed_ai_and_distance_gte_q75,1251.605776472141
1862834503,Guasdualito,Guasdualito,Venezuela,VE,VEN,Apure,128025.0,3039.9871914236596,21.87132876506503,gcp,us-east1,"Moncks Corner, South Carolina, North America",0.0,907,zero_observed_ai_and_distance_gte_q75,1251.605776472141
1834712235,Tabora,Tabora,Tanzania,TZ,TZA,Tabora,127880.0,2354.4744933149823,30.812884774349424,azure,southafricanorth,"Johannesburg, South Africa North, Africa",0.0,908,zero_observed_ai_and_distance_gte_q75,1251.605776472141
1384831436,Divo,Divo,Côte D’Ivoire,CI,CIV,Gôh-Djiboua,127867.0,3848.610126196982,14.59771665352852,gcp,europe-southwest1,"Madrid, Spain, Europe",0.0,909,zero_observed_ai_and_distance_gte_q75,1251.605776472141
1132398770,Praia,Praia,Cabo Verde,CV,CPV,Praia,127832.0,3423.3767550576877,18.056068052181338,gcp,europe-southwest1,"Madrid, Spain, Europe",0.0,910,zero_observed_ai_and_distance_gte_q75,1251.605776472141
1834960117,Tukuyu,Tukuyu,Tanzania,TZ,TZA,Mbeya,127570.0,1919.1181063959216,38.30617585978916,azure,southafricanorth,"Johannesburg, South Africa North, Africa",0.0,911,zero_observed_ai_and_distance_gte_q75,1251.605776472141
1356161713,Port Blair,Port Blair,India,IN,IND,Andaman and Nicobar Islands,127562.0,1374.9356697804776,50.28477518639539,azure,southindia,"Chennai, South India, Asia Pacific",0.0,912,zero_observed_ai_and_distance_gte_q75,1251.605776472141
1288961962,Koforidua,Koforidua,Ghana,GH,GHA,Eastern,127334.0,3831.2084997504135,14.72528281953631,gcp,europe-southwest1,"Madrid, Spain, Europe",0.0,913,zero_observed_ai_and_distance_gte_q75,1251.605776472141
1643009656,Nefteyugansk,Nefteyugansk,Russia,RU,RUS,Khanty-Mansiyskiy Avtonomnyy Okrug-Yugra,127255.0,2411.920184427639,29.94044056383811,gcp,europe-north1,"Hamina, Finland, Europe",0.0,914,zero_observed_ai_and_distance_gte_q75,1251.605776472141
1566042542,Lafia,Lafia,Nigeria,NG,NGA,Nasarawa,127236.0,3739.1934557446807,15.418582812628209,aws,il-central-1,Middle East (Israel) - ???,0.0,915,zero_observed_ai_and_distance_gte_q75,1251.605776472141
1076791102,Barcarena Nova,Barcarena Nova,Brazil,BR,BRA,Pará,127027.0,2450.0865224599934,29.374499227898067,azure,brazilsoutheast,"Rio, Brazil Southeast, South America",0.0,916,zero_observed_ai_and_distance_gte_q75,1251.605776472141
1860045958,Angren,Angren,Uzbekistan,UZ,UZB,Toshkent,126962.0,1518.166908840654,46.80952610993208,gcp,asia-south2,"Delhi, India APAC",0.0,917,zero_observed_ai_and_distance_gte_q75,1251.605776472141
1104161315,Pakokku,Pakokku,Myanmar,MM,MMR,Magway,126938.0,1657.4565831582545,43.66041666190584,azure,jioindiacentral,"Nagpur, Jio India Central, Asia Pacific",0.0,918,zero_observed_ai_and_distance_gte_q75,1251.605776472141
1608362038,Silay,Silay,Philippines,PH,PHL,Negros Occidental,126930.0,1498.2475945988776,47.27806229684157,gcp,asia-east1,"Changhua County, Taiwan, APAC",0.0,919,zero_observed_ai_and_distance_gte_q75,1251.605776472141
1643718660,Neftekamsk,Neftekamsk,Russia,RU,RUS,Bashkortostan,126805.0,1643.311518934363,43.97030090217015,gcp,europe-north1,"Hamina, Finland, Europe",0.0,920,zero_observed_ai_and_distance_gte_q75,1251.605776472141
1643522051,Bataysk,Bataysk,Russia,RU,RUS,Rostovskaya Oblast’,126769.0,1457.472585692421,48.25183668842662,gcp,europe-central2,"Warsaw, Poland, Europe",0.0,921,zero_observed_ai_and_distance_gte_q75,1251.605776472141
1170695532,Duitama,Duitama,Colombia,CO,COL,Boyacá,126670.0,3128.4499106905564,20.925012853546658,gcp,us-east1,"Moncks Corner, South Carolina, North America",0.0,922,zero_observed_ai_and_distance_gte_q75,1251.605776472141
1024994288,Catabola,Catabola,Angola,AO,AGO,Bié,126631.0,1897.875152734252,38.71521246007388,azure,southafricanorth,"Johannesburg, South Africa North, Africa",0.0,923,zero_observed_ai_and_distance_gte_q75,1251.605776472141
1643839131,Novocheboksarsk,Novocheboksarsk,Russia,RU,RUS,Chuvashiya,126626.0,1278.002038016775,52.78194423484949,gcp,europe-north1,"Hamina, Finland, Europe",0.0,924,zero_observed_ai_and_distance_gte_q75,1251.605776472141
1608571209,Daraga,Daraga,Philippines,PH,PHL,Albay,126595.0,1257.9285065229658,53.31437170010065,gcp,asia-east1,"Changhua County, Taiwan, APAC",0.0,925,zero_observed_ai_and_distance_gte_q75,1251.605776472141
1104246517,Magway,Magway,Myanmar,MM,MMR,Magway,125973.0,1653.4149962361507,43.748734552456256,azure,jioindiacentral,"Nagpur, Jio India Central, Asia Pacific",0.0,926,zero_observed_ai_and_distance_gte_q75,1251.605776472141
1024774947,Malanje,Malanje,Angola,AO,AGO,Malanje,125856.0,2192.961175890574,33.40446581373766,azure,southafricanorth,"Johannesburg, South Africa North, Africa",0.0,927,zero_observed_ai_and_distance_gte_q75,1251.605776472141
1566925429,Gashua,Gashua,Nigeria,NG,NGA,Yobe,125817.0,3198.415178177834,20.205656640210147,aws,il-central-1,Middle East (Israel) - ???,0.0,928,zero_observed_ai_and_distance_gte_q75,1251.605776472141
1608685440,Jolo,Jolo,Philippines,PH,PHL,Sulu,125564.0,1945.9686793179023,37.795341199115185,azure,eastasia,"Hong Kong, East Asia, Asia Pacific",0.0,929,zero_observed_ai_and_distance_gte_q75,1251.605776472141
1120679288,Kumbo,Kumbo,Cameroon,CM,CMR,North-West,125486.0,3777.172543480851,15.128553436105843,aws,il-central-1,Middle East (Israel) - ???,0.0,930,zero_observed_ai_and_distance_gte_q75,1251.605776472141
1320110674,Santa Lucía Cotzumalguapa,Santa Lucia Cotzumalguapa,Guatemala,GT,GTM,Escuintla,125473.0,1845.004061206224,39.75231806040174,azure,southcentralus,"Texas, South Central US, US",0.0,931,zero_observed_ai_and_distance_gte_q75,1251.605776472141
1704516746,Cam Ranh,Cam Ranh,Vietnam,VN,VNM,Khánh Hòa,125311.0,1269.8663777656277,52.99708950823492,azure,eastasia,"Hong Kong, East Asia, Asia Pacific",0.0,932,zero_observed_ai_and_distance_gte_q75,1251.605776472141
1320637423,Amatitlán,Amatitlan,Guatemala,GT,GTM,Guatemala,125000.0,1847.901983883192,39.694760198045905,azure,southcentralus,"Texas, South Central US, US",0.0,933,zero_observed_ai_and_distance_gte_q75,1251.605776472141
1320957558,Petapa,Petapa,Guatemala,GT,GTM,Guatemala,124898.0,1848.928542588757,39.67439092523339,azure,southcentralus,"Texas, South Central US, US",0.0,934,zero_observed_ai_and_distance_gte_q75,1251.605776472141
1608630986,Gingoog,Gingoog,Philippines,PH,PHL,Misamis Oriental,124648.0,1764.3930858196277,41.38728231080333,gcp,asia-east1,"Changhua County, Taiwan, APAC",0.0,935,zero_observed_ai_and_distance_gte_q75,1251.605776472141
1643845220,Pervouralsk,Pervouralsk,Russia,RU,RUS,Sverdlovskaya Oblast’,124447.0,1912.0374725770444,38.44203220728348,gcp,europe-north1,"Hamina, Finland, Europe",0.0,936,zero_observed_ai_and_distance_gte_q75,1251.605776472141
1140257478,Bimbo,Bimbo,Central African Republic,CF,CAF,Ombella-Mpoko,124176.0,3473.228582460028,17.611566871024827,aws,il-central-1,Middle East (Israel) - ???,0.0,937,zero_observed_ai_and_distance_gte_q75,1251.605776472141
1076155953,Alagoinhas,Alagoinhas,Brazil,BR,BRA,Bahia,124070.0,1300.0861311832148,52.20232950348915,azure,brazilsoutheast,"Rio, Brazil Southeast, South America",0.0,938,zero_observed_ai_and_distance_gte_q75,1251.605776472141
1398701954,Rudnyy,Rudnyy,Kazakhstan,KZ,KAZ,Qostanay,124000.0,2313.035255405797,31.457975949321966,gcp,europe-north1,"Hamina, Finland, Europe",0.0,939,zero_observed_ai_and_distance_gte_q75,1251.605776472141
1804368412,Khrustalnyi,Khrustalnyi,Ukraine,UA,UKR,Luhans’ka Oblast’,124000.0,1352.469105892184,50.85282278968341,gcp,europe-central2,"Warsaw, Poland, Europe",0.0,940,zero_observed_ai_and_distance_gte_q75,1251.605776472141
1643020514,Kaspiysk,Kaspiysk,Russia,RU,RUS,Dagestan,123988.0,1690.6492923339083,42.94179266950873,aws,il-central-1,Middle East (Israel) - ???,0.0,941,zero_observed_ai_and_distance_gte_q75,1251.605776472141
1170903510,Magangué,Magangue,Colombia,CO,COL,Bolívar,123906.0,2717.087574563741,25.703480190505125,gcp,us-east1,"Moncks Corner, South Carolina, North America",0.0,942,zero_observed_ai_and_distance_gte_q75,1251.605776472141
1170370871,Maicao,Maicao,Colombia,CO,COL,La Guajira,123757.0,2552.2073865397238,27.912273227265093,gcp,us-east1,"Moncks Corner, South Carolina, North America",0.0,943,zero_observed_ai_and_distance_gte_q75,1251.605776472141
1643003556,Derbent,Derbent,Russia,RU,RUS,Dagestan,123720.0,1670.180592068859,43.38353060565946,aws,il-central-1,Middle East (Israel) - ???,0.0,944,zero_observed_ai_and_distance_gte_q75,1251.605776472141
1152262933,Punta Arenas,Punta Arenas,Chile,CL,CHL,Magallanes y de la Antártica Chilena,123403.0,2193.41003794822,33.39696965632443,gcp,southamerica-west1,"Santiago, Chile, South America",0.0,945,zero_observed_ai_and_distance_gte_q75,1251.605776472141
1384138010,Gagnoa,Gagnoa,Côte D’Ivoire,CI,CIV,Gôh-Djiboua,123184.0,3818.6235574940015,14.818233374174225,gcp,europe-southwest1,"Madrid, Spain, Europe",0.0,946,zero_observed_ai_and_distance_gte_q75,1251.605776472141
1862003182,Machiques,Machiques,Venezuela,VE,VEN,Zulia,122734.0,2682.4042105674475,26.153109163379202,gcp,us-east1,"Moncks Corner, South Carolina, North America",0.0,947,zero_observed_ai_and_distance_gte_q75,1251.605776472141
1862404343,San Fernando,San Fernando,Venezuela,VE,VEN,Apure,122701.0,3095.1757441597624,21.27605610548466,gcp,us-east1,"Moncks Corner, South Carolina, North America",0.0,948,zero_observed_ai_and_distance_gte_q75,1251.605776472141
1862805374,Cagua,Cagua,Venezuela,VE,VEN,Aragua,122571.0,2862.3687533448933,23.902565811756464,gcp,us-east1,"Moncks Corner, South Carolina, North America",0.0,949,zero_observed_ai_and_distance_gte_q75,1251.605776472141
1320108089,Jalapa,Jalapa,Guatemala,GT,GTM,Jalapa,122483.0,1861.0095566829302,39.43545984619784,azure,southcentralus,"Texas, South Central US, US",0.0,950,zero_observed_ai_and_distance_gte_q75,1251.605776472141
1316874021,Maina,Maina,Guam,GU,GUM,,122411.0,2519.1819528342894,28.377007141691667,azure,japaneast,"Tokyo, Saitama, Japan East, Asia Pacific",0.0,951,zero_observed_ai_and_distance_gte_q75,1251.605776472141
1643955713,Cherkessk,Cherkessk,Russia,RU,RUS,Karachayevo-Cherkesiya,122395.0,1544.3170757488303,46.201471494633864,aws,il-central-1,Middle East (Israel) - ???,0.0,952,zero_observed_ai_and_distance_gte_q75,1251.605776472141
1894907880,Mufulira,Mufulira,Zambia,ZM,ZMB,Copperbelt,122336.0,1465.1952735874918,48.065879005211606,azure,southafricanorth,"Johannesburg, South Africa North, Africa",0.0,953,zero_observed_ai_and_distance_gte_q75,1251.605776472141
1120546542,Edéa,Edea,Cameroon,CM,CMR,Littoral,122300.0,3818.7226424720507,14.817499260194985,azure,southafricanorth,"Johannesburg, South Africa North, Africa",0.0,954,zero_observed_ai_and_distance_gte_q75,1251.605776472141
1862967909,Ciudad Ojeda,Ciudad Ojeda,Venezuela,VE,VEN,Zulia,122124.0,2707.9178805277766,25.821597282497027,gcp,us-east1,"Moncks Corner, South Carolina, North America",0.0,955,zero_observed_ai_and_distance_gte_q75,1251.605776472141
1051341374,Gyumri,Gyumri,Armenia,AM,ARG,Shirak,121976.0,1304.7155030880638,52.08163724093274,aws,il-central-1,Middle East (Israel) - ???,0.0,956,zero_observed_ai_and_distance_gte_q75,1251.605776472141
1156812271,Xiangcheng,Xiangcheng,China,CN,CHN,Yunnan,121959.0,1411.7707560452766,49.36712949909888,aws,cn-northwest-1,China (Ningxia),0.0,957,zero_observed_ai_and_distance_gte_q75,1251.605776472141
1320517532,Puerto Barrios,Puerto Barrios,Guatemala,GT,GTM,Izabal,121562.0,1827.9937554853386,40.09185948110596,azure,southcentralus,"Texas, South Central US, US",0.0,958,zero_observed_ai_and_distance_gte_q75,1251.605776472141
1024504085,Ondjiva,Ondjiva,Angola,AO,AGO,Cunene,121537.0,1610.4247586796785,44.69929844028968,azure,southafricanorth,"Johannesburg, South Africa North, Africa",0.0,959,zero_observed_ai_and_distance_gte_q75,1251.605776472141
1332536650,Port-de-Paix,Port-de-Paix,Haiti,HT,HTI,Nord-Ouest,121220.0,1635.615941836565,44.13981524099406,gcp,us-east1,"Moncks Corner, South Carolina, North America",0.0,960,zero_observed_ai_and_distance_gte_q75,1251.605776472141
1862693736,Porlamar,Porlamar,Venezuela,VE,VEN,Nueva Esparta,120924.0,2972.4406395731685,22.622610397127275,gcp,us-east1,"Moncks Corner, South Carolina, North America",0.0,961,zero_observed_ai_and_distance_gte_q75,1251.605776472141
1484562441,Chilapa de Álvarez,Chilapa de Alvarez,Mexico,MX,MEX,Guerrero,120790.0,1316.3870680645468,51.77858526713405,azure,southcentralus,"Texas, South Central US, US",0.0,962,zero_observed_ai_and_distance_gte_q75,1251.605776472141
1360015626,Kotamobagu,Kotamobagu,Indonesia,ID,IDN,Sulawesi Utara,120597.0,2087.8206037618015,35.20752661748289,aws,ap-southeast-3,Asia Pacific (Jakarta),0.0,963,zero_observed_ai_and_distance_gte_q75,1251.605776472141
1222858341,Delgado,Delgado,El Salvador,SV,SLV,San Salvador,120200.0,1992.5742480445074,36.92478707438836,azure,southcentralus,"Texas, South Central US, US",0.0,964,zero_observed_ai_and_distance_gte_q75,1251.605776472141
1764009212,Ban Bang Pu Mai,Ban Bang Pu Mai,Thailand,TH,THA,Samut Prakan,120058.0,1398.5703261319934,49.69404082131996,gcp,asia-southeast1,"Jurong West, Singapore, APAC",0.0,965,zero_observed_ai_and_distance_gte_q75,1251.605776472141
1862109303,San Carlos,San Carlos,Venezuela,VE,VEN,Cojedes,120000.0,2867.9900441316913,23.83547849875514,gcp,us-east1,"Moncks Corner, South Carolina, North America",0.0,966,zero_observed_ai_and_distance_gte_q75,1251.605776472141
1340256619,Ciudad Choluteca,Ciudad Choluteca,Honduras,HN,HND,Choluteca,120000.0,2134.573715440482,34.39404119391942,azure,southcentralus,"Texas, South Central US, US",0.0,967,zero_observed_ai_and_distance_gte_q75,1251.605776472141
1608778175,Carcar,Carcar,Philippines,PH,PHL,Cebu,119664.0,1586.2775101589455,45.24225208790364,gcp,asia-east1,"Changhua County, Taiwan, APAC",0.0,968,zero_observed_ai_and_distance_gte_q75,1251.605776472141
1076084498,Paulo Afonso,Paulo Afonso,Brazil,BR,BRA,Bahia,119214.0,1591.7306727850387,45.11906342706881,azure,brazilsoutheast,"Rio, Brazil Southeast, South America",0.0,969,zero_observed_ai_and_distance_gte_q75,1251.605776472141
1320223386,Totonicapán,Totonicapan,Guatemala,GT,GTM,Totonicapán,118960.0,1771.3871670900169,41.24280207664799,azure,southcentralus,"Texas, South Central US, US",0.0,970,zero_observed_ai_and_distance_gte_q75,1251.605776472141
1604026500,Huaraz,Huaraz,Peru,PE,PER,Ancash,118836.0,2749.821049897885,25.28622196526103,gcp,southamerica-west1,"Santiago, Chile, South America",0.0,971,zero_observed_ai_and_distance_gte_q75,1251.605776472141
1608456191,Poblacion,Poblacion,Philippines,PH,PHL,Cebu,118753.0,1561.4151625412676,45.8081766525573,gcp,asia-east1,"Changhua County, Taiwan, APAC",0.0,972,zero_observed_ai_and_distance_gte_q75,1251.605776472141
1608792041,Santo Tomas,Santo Tomas,Philippines,PH,PHL,Davao del Norte,118750.0,1917.1361009560715,38.34415620045826,gcp,asia-east1,"Changhua County, Taiwan, APAC",0.0,973,zero_observed_ai_and_distance_gte_q75,1251.605776472141
1076739866,Igarassu,Igarassu,Brazil,BR,BRA,Pernambuco,118370.0,1895.8245019718738,38.75492850750363,azure,brazilsoutheast,"Rio, Brazil Southeast, South America",0.0,974,zero_observed_ai_and_distance_gte_q75,1251.605776472141
1504110861,Guelmim,Guelmim,Morocco,MA,MAR,Guelmim-Oued Noun,118318.0,1397.0775191891958,49.73114647206741,gcp,europe-southwest1,"Madrid, Spain, Europe",0.0,975,zero_observed_ai_and_distance_gte_q75,1251.605776472141
1608947570,Glan,Glan,Philippines,PH,PHL,Sarangani,118263.0,2090.376694053087,35.16255855072995,gcp,asia-east1,"Changhua County, Taiwan, APAC",0.0,976,zero_observed_ai_and_distance_gte_q75,1251.605776472141
1180219776,Bandundu,Bandundu,Congo (Kinshasa),CD,COD,Kwilu,118211.0,2748.7576348088523,25.299670415256603,azure,southafricanorth,"Johannesburg, South Africa North, Africa",0.0,977,zero_observed_ai_and_distance_gte_q75,1251.605776472141
1566590565,Bama,Bama,Nigeria,NG,NGA,Borno,118121.0,3109.656259518375,21.12256829304031,aws,il-central-1,Middle East (Israel) - ???,0.0,978,zero_observed_ai_and_distance_gte_q75,1251.605776472141
1076537068,Codó,Codo,Brazil,BR,BRA,Maranhão,118038.0,2052.597680672118,35.83307485956077,azure,brazilsoutheast,"Rio, Brazil Southeast, South America",0.0,979,zero_observed_ai_and_distance_gte_q75,1251.605776472141
1478176283,Nouadhibou,Nouadhibou,Mauritania,MR,MRT,Dakhlet Nouadhibou,118000.0,2505.208115726908,28.575969235967918,gcp,europe-southwest1,"Madrid, Spain, Europe",0.0,980,zero_observed_ai_and_distance_gte_q75,1251.605776472141
1643123780,Nazran,Nazran,Russia,RU,RUS,Ingushetiya,117936.0,1563.8452746077367,45.752550952159204,aws,il-central-1,Middle East (Israel) - ???,0.0,981,zero_observed_ai_and_distance_gte_q75,1251.605776472141
1608189345,Bayawan,Bayawan,Philippines,PH,PHL,Negros Oriental,117900.0,1652.975262693402,43.758354502989,gcp,asia-east1,"Changhua County, Taiwan, APAC",0.0,982,zero_observed_ai_and_distance_gte_q75,1251.605776472141
1562789067,Agadez,Agadez,Niger,NE,NER,Agadez,117770.0,2836.476016887006,24.2140290388758,gcp,europe-southwest1,"Madrid, Spain, Europe",0.0,983,zero_observed_ai_and_distance_gte_q75,1251.605776472141
1566732241,Jalingo,Jalingo,Nigeria,NG,NGA,Taraba,117757.0,3496.788301623214,17.405322237640124,aws,il-central-1,Middle East (Israel) - ???,0.0,984,zero_observed_ai_and_distance_gte_q75,1251.605776472141
1608802375,Malita,Malita,Philippines,PH,PHL,Davao Occidental,117746.0,2038.1974032965306,36.09200903049281,gcp,asia-east1,"Changhua County, Taiwan, APAC",0.0,985,zero_observed_ai_and_distance_gte_q75,1251.605776472141
1862753487,Charallave,Charallave,Venezuela,VE,VEN,Miranda,117707.0,2884.7577351692285,23.636480877421963,gcp,us-east1,"Moncks Corner, South Carolina, North America",0.0,986,zero_observed_ai_and_distance_gte_q75,1251.605776472141
1170046204,Uribia,Uribia,Colombia,CO,COL,La Guajira,117674.0,2515.683911521081,28.426682542342636,gcp,us-east1,"Moncks Corner, South Carolina, North America",0.0,987,zero_observed_ai_and_distance_gte_q75,1251.605776472141
1894410334,Luanshya,Luanshya,Zambia,ZM,ZMB,Copperbelt,117579.0,1400.96881933112,49.634481132361856,azure,southafricanorth,"Johannesburg, South Africa North, Africa",0.0,988,zero_observed_ai_and_distance_gte_q75,1251.605776472141
1894711746,Kabwe,Kabwe,Zambia,ZM,ZMB,Central,117517.0,1256.5182782450381,53.35197767409024,azure,southafricanorth,"Johannesburg, South Africa North, Africa",0.0,989,zero_observed_ai_and_distance_gte_q75,1251.605776472141
1643869152,Nevinnomyssk,Nevinnomyssk,Russia,RU,RUS,Stavropol’skiy Kray,117446.0,1581.1666675565573,45.35801294849265,aws,il-central-1,Middle East (Israel) - ???,0.0,990,zero_observed_ai_and_distance_gte_q75,1251.605776472141
1170759043,Piedecuesta,Piedecuesta,Colombia,CO,COL,Santander,117364.0,3001.3832721313606,22.297588863835006,gcp,us-east1,"Moncks Corner, South Carolina, North America",0.0,991,zero_observed_ai_and_distance_gte_q75,1251.605776472141
1170830205,Facatativá,Facatativa,Colombia,CO,COL,Cundinamarca,117133.0,3209.986420119133,20.089091894297447,gcp,us-east1,"Moncks Corner, South Carolina, North America",0.0,992,zero_observed_ai_and_distance_gte_q75,1251.605776472141
1120972098,Nkongsamba,Nkongsamba,Cameroon,CM,CMR,Littoral,117063.0,3937.1439811958253,13.965614417558642,aws,il-central-1,Middle East (Israel) - ???,0.0,993,zero_observed_ai_and_distance_gte_q75,1251.605776472141
1324348910,Kindia,Kindia,Guinea,GN,GIN,Kindia,117062.0,3494.3136454980377,17.426871660386585,gcp,europe-southwest1,"Madrid, Spain, Europe",0.0,994,zero_observed_ai_and_distance_gte_q75,1251.605776472141
1024511668,Cassongue,Cassongue,Angola,AO,AGO,Kwanza Sul,117000.0,2079.748436674459,35.34991428725162,azure,southafricanorth,"Johannesburg, South Africa North, Africa",0.0,995,zero_observed_ai_and_distance_gte_q75,1251.605776472141
1170472765,Guadalajara de Buga,Guadalajara de Buga,Colombia,CO,COL,Valle del Cauca,116893.0,3280.055513211881,19.397465813802096,gcp,us-east1,"Moncks Corner, South Carolina, North America",0.0,996,zero_observed_ai_and_distance_gte_q75,1251.605776472141
1266383028,Port-Gentil,Port-Gentil,Gabon,GA,GAB,Ogooué-Maritime,116836.0,3475.321206882505,17.593149310488123,azure,southafricanorth,"Johannesburg, South Africa North, Africa",0.0,997,zero_observed_ai_and_distance_gte_q75,1251.605776472141
1788064276,Gabès,Gabes,Tunisia,TN,TUN,Gabès,116323.0,1290.2710585293717,52.45914397963837,aws,eu-south-1,EU (Milan),0.0,998,zero_observed_ai_and_distance_gte_q75,1251.605776472141
1324037897,Boké,Boke,Guinea,GN,GIN,Boké,116270.0,3439.109080642065,17.914593242932934,gcp,europe-southwest1,"Madrid, Spain, Europe",0.0,999,zero_observed_ai_and_distance_gte_q75,1251.605776472141
1643039639,Dimitrovgrad,Dimitrovgrad,Russia,RU,RUS,Ul’yanovskaya Oblast’,116055.0,1504.91102011787,47.1208074828428,gcp,europe-north1,"Hamina, Finland, Europe",0.0,1000,zero_observed_ai_and_distance_gte_q75,1251.605776472141
1434044820,Sabhā,Sabha,Libya,LY,LBY,Sabhā,116016.0,2040.4912413633706,36.050638147442996,aws,il-central-1,Middle East (Israel) - ???,0.0,1001,zero_observed_ai_and_distance_gte_q75,1251.605776472141
1643780385,Kyzyl,Kyzyl,Russia,RU,RUS,Tyva,116015.0,1838.7252394407212,39.87731302294653,aws,cn-northwest-1,China (Ningxia),0.0,1002,zero_observed_ai_and_distance_gte_q75,1251.605776472141
1076710878,Altamira,Altamira,Brazil,BR,BRA,Pará,115969.0,2334.300357326197,31.125269311476377,gcp,southamerica-east1,"Osasco, São Paulo, Brazil, South America",0.0,1003,zero_observed_ai_and_distance_gte_q75,1251.605776472141
1562214493,Tahoua,Tahoua,Niger,NE,NER,Tahoua,115956.0,2967.4442986053687,22.679196185734952,gcp,europe-southwest1,"Madrid, Spain, Europe",0.0,1004,zero_observed_ai_and_distance_gte_q75,1251.605776472141
1764003406,Khon Kaen,Khon Kaen,Thailand,TH,THA,Khon Kaen,115928.0,1354.4512656814577,50.80244854600438,aws,ap-east-1,Asia Pacific (Hong Kong),0.0,1005,zero_observed_ai_and_distance_gte_q75,1251.605776472141
1862904072,Valle de La Pascua,Valle de La Pascua,Venezuela,VE,VEN,Guárico,115902.0,3029.6176592318416,21.985020967970645,gcp,us-east1,"Moncks Corner, South Carolina, North America",0.0,1006,zero_observed_ai_and_distance_gte_q75,1251.605776472141
1764492695,Phatthaya,Phatthaya,Thailand,TH,THA,Chon Buri,115840.0,1327.2090613908929,51.49916815930028,gcp,asia-southeast1,"Jurong West, Singapore, APAC",0.0,1007,zero_observed_ai_and_distance_gte_q75,1251.605776472141
1608928299,Naga,Naga,Philippines,PH,PHL,Cebu,115750.0,1577.996604595451,45.42996383405701,gcp,asia-east1,"Changhua County, Taiwan, APAC",0.0,1008,zero_observed_ai_and_distance_gte_q75,1251.605776472141
1450593748,Toliara,Toliara,Madagascar,MG,MDG,Toliara,115319.0,1583.891934749688,45.29624868676147,azure,southafricanorth,"Johannesburg, South Africa North, Africa",0.0,1009,zero_observed_ai_and_distance_gte_q75,1251.605776472141
1076000076,Tucuruí,Tucurui,Brazil,BR,BRA,Pará,115144.0,2219.420077152242,32.96545343164014,gcp,southamerica-east1,"Osasco, São Paulo, Brazil, South America",0.0,1010,zero_observed_ai_and_distance_gte_q75,1251.605776472141
1231961383,Giyon,Giyon,Ethiopia,ET,ETH,Oromīya,114534.0,2366.5120149154136,30.62798637910379,aws,me-south-1,Middle East (Bahrain),0.0,1011,zero_observed_ai_and_distance_gte_q75,1251.605776472141
1231110370,Shashemenē,Shashemene,Ethiopia,ET,ETH,Oromīya,114350.0,2457.989235196691,29.25865912678715,aws,me-south-1,Middle East (Bahrain),0.0,1012,zero_observed_ai_and_distance_gte_q75,1251.605776472141
1804599785,Berdiansk,Berdiansk,Ukraine,UA,UKR,Zaporiz’ka Oblast’,114205.0,1287.9827257800323,52.51920031889408,gcp,europe-central2,"Warsaw, Poland, Europe",0.0,1013,zero_observed_ai_and_distance_gte_q75,1251.605776472141
1404746781,Machakos,Machakos,Kenya,KE,KEN,Machakos,114109.0,2861.6448956685304,23.911218405347388,azure,southafricanorth,"Johannesburg, South Africa North, Africa",0.0,1014,zero_observed_ai_and_distance_gte_q75,1251.605776472141
1324495325,Kankan,Kankan,Guinea,GN,GIN,Kankan,114009.0,3384.151175273116,18.413693473640283,gcp,europe-southwest1,"Madrid, Spain, Europe",0.0,1015,zero_observed_ai_and_distance_gte_q75,1251.605776472141
1024939858,Cuito,Cuito,Angola,AO,AGO,Bié,114000.0,1897.5162055874857,38.72216144115896,azure,southafricanorth,"Johannesburg, South Africa North, Africa",0.0,1016,zero_observed_ai_and_distance_gte_q75,1251.605776472141
1643301615,Oktyabr’skiy,Oktyabr'skiy,Russia,RU,RUS,Bashkortostan,113929.0,1694.7784493346958,42.853227424004764,gcp,europe-north1,"Hamina, Finland, Europe",0.0,1017,zero_observed_ai_and_distance_gte_q75,1251.605776472141
1024895987,Quilengues,Quilengues,Angola,AO,AGO,Huíla,113825.0,1962.7595145894784,37.47936177062506,azure,southafricanorth,"Johannesburg, South Africa North, Africa",0.0,1018,zero_observed_ai_and_distance_gte_q75,1251.605776472141
1458745722,Tawau,Tawau,Malaysia,MY,MYS,Sabah,113809.0,1595.5888806487035,45.03210796444012,aws,ap-southeast-1,Asia Pacific (Singapore),0.0,1019,zero_observed_ai_and_distance_gte_q75,1251.605776472141
1630023669,Ponce,Ponce,Puerto Rico,PR,PRI,Puerto Rico,113401.0,2152.864237752044,34.08093261710507,gcp,us-east1,"Moncks Corner, South Carolina, North America",0.0,1020,zero_observed_ai_and_distance_gte_q75,1251.605776472141
1180810333,Kipushi,Kipushi,Congo (Kinshasa),CD,COD,Haut-Katanga,113347.0,1556.8646103056985,45.91252156462223,azure,southafricanorth,"Johannesburg, South Africa North, Africa",0.0,1021,zero_observed_ai_and_distance_gte_q75,1251.605776472141
1643427847,Novyy Urengoy,Novyy Urengoy,Russia,RU,RUS,Yamalo-Nenetskiy Avtonomnyy Okrug,113254.0,2473.672753482261,29.03011702627444,gcp,europe-north1,"Hamina, Finland, Europe",0.0,1022,zero_observed_ai_and_distance_gte_q75,1251.605776472141
1076993685,Açailandia,Acailandia,Brazil,BR,BRA,Tocantins,113121.0,2049.2592116583646,35.892938614026086,azure,brazilsoutheast,"Rio, Brazil Southeast, South America",0.0,1023,zero_observed_ai_and_distance_gte_q75,1251.605776472141
1768875145,Sokodé,Sokode,Togo,TG,TGO,Centrale,113000.0,3527.820516877003,17.137343752317864,gcp,europe-southwest1,"Madrid, Spain, Europe",0.0,1024,zero_observed_ai_and_distance_gte_q75,1251.605776472141
1068836323,Montero,Montero,Bolivia,BO,BOL,Santa Cruz,112837.0,1859.3829321622793,39.46754623554055,gcp,southamerica-east1,"Osasco, São Paulo, Brazil, South America",0.0,1025,zero_observed_ai_and_distance_gte_q75,1251.605776472141
1608621038,City of Isabela,City of Isabela,Philippines,PH,PHL,Basilan,112788.0,1921.5512854693693,38.25960130384949,azure,eastasia,"Hong Kong, East Asia, Asia Pacific",0.0,1026,zero_observed_ai_and_distance_gte_q75,1251.605776472141
1484348795,Tecomán,Tecoman,Mexico,MX,MEX,Colima,112726.0,1288.8555598413825,52.49628504610884,azure,southcentralus,"Texas, South Central US, US",0.0,1027,zero_observed_ai_and_distance_gte_q75,1251.605776472141
1862485109,Carora,Carora,Venezuela,VE,VEN,Lara,112600.0,2754.750213298566,25.223978738599694,gcp,us-east1,"Moncks Corner, South Carolina, North America",0.0,1028,zero_observed_ai_and_distance_gte_q75,1251.605776472141
1858042396,Ciudad de la Costa,Ciudad de la Costa,Uruguay,UY,URY,Canelones,112449.0,1360.5428520413589,50.64795019914199,gcp,southamerica-west1,"Santiago, Chile, South America",0.0,1029,zero_observed_ai_and_distance_gte_q75,1251.605776472141
1404617601,Kisii,Kisii,Kenya,KE,KEN,Kisii,112417.0,2873.857639092382,23.76565250973165,azure,southafricanorth,"Johannesburg, South Africa North, Africa",0.0,1030,zero_observed_ai_and_distance_gte_q75,1251.605776472141
1862614387,Santa Lucía,Santa Lucia,Venezuela,VE,VEN,Miranda,112357.0,2892.5073027786484,23.545071833626583,gcp,us-east1,"Moncks Corner, South Carolina, North America",0.0,1031,zero_observed_ai_and_distance_gte_q75,1251.605776472141
1170693388,Madrid,Madrid,Colombia,CO,COL,Cundinamarca,112254.0,3220.9398533647513,19.97937036190569,gcp,us-east1,"Moncks Corner, South Carolina, North America",0.0,1032,zero_observed_ai_and_distance_gte_q75,1251.605776472141
1076974952,Santana,Santana,Brazil,BR,BRA,Amapá,112218.0,2655.3298264730515,26.50955602618399,gcp,southamerica-east1,"Osasco, São Paulo, Brazil, South America",0.0,1033,zero_observed_ai_and_distance_gte_q75,1251.605776472141
1860946502,Olmaliq,Olmaliq,Uzbekistan,UZ,UZB,Toshkent,112078.0,1523.1489231307153,46.693068354706405,gcp,asia-south2,"Delhi, India APAC",0.0,1034,zero_observed_ai_and_distance_gte_q75,1251.605776472141
1620995356,Funchal,Funchal,Portugal,PT,PRT,Madeira,111892.0,1460.0248372942317,48.19030054696731,gcp,europe-southwest1,"Madrid, Spain, Europe",0.0,1035,zero_observed_ai_and_distance_gte_q75,1251.605776472141
1834453478,Iringa,Iringa,Tanzania,TZ,TZA,Iringa,111820.0,2148.273306338782,34.15925408691095,azure,southafricanorth,"Johannesburg, South Africa North, Africa",0.0,1036,zero_observed_ai_and_distance_gte_q75,1251.605776472141
1076090375,Parintins,Parintins,Brazil,BR,BRA,Amazonas,111575.0,2558.9375769144585,27.81850363125385,gcp,southamerica-east1,"Osasco, São Paulo, Brazil, South America",0.0,1037,zero_observed_ai_and_distance_gte_q75,1251.605776472141
1156894895,Kuqa,Kuqa,China,CN,CHN,Xinjiang,111499.0,1542.9649147416233,46.23271797012543,gcp,asia-south2,"Delhi, India APAC",0.0,1038,zero_observed_ai_and_distance_gte_q75,1251.605776472141
1174793581,Moroni,Moroni,Comoros,KM,COM,Grande Comore,111329.0,2218.528611829816,32.980150486161605,azure,southafricanorth,"Johannesburg, South Africa North, Africa",0.0,1039,zero_observed_ai_and_distance_gte_q75,1251.605776472141
1706737655,Jawhar,Jawhar,Somalia,SO,SOM,Shabeellaha Dhexe,111308.0,2529.7806369504633,28.227025427461022,aws,me-central-1,Middle East (United Arab Emirates) - ???,0.0,1040,zero_observed_ai_and_distance_gte_q75,1251.605776472141
1643117920,Kamyshin,Kamyshin,Russia,RU,RUS,Volgogradskaya Oblast’,111100.0,1628.5646891308252,44.295710389358305,gcp,europe-north1,"Hamina, Finland, Europe",0.0,1041,zero_observed_ai_and_distance_gte_q75,1251.605776472141
1566882360,Nsukka,Nsukka,Nigeria,NG,NGA,Enugu,111017.0,3891.651129052044,14.286922687238052,gcp,europe-southwest1,"Madrid, Spain, Europe",0.0,1042,zero_observed_ai_and_distance_gte_q75,1251.605776472141
1566737779,Nguru,Nguru,Nigeria,NG,NGA,Yobe,111014.0,3243.649861917945,19.75378769587891,aws,il-central-1,Middle East (Israel) - ???,0.0,1043,zero_observed_ai_and_distance_gte_q75,1251.605776472141
1478465771,Kiffa,Kiffa,Mauritania,MR,MRT,Assaba,110714.0,2748.504591926812,25.302871568517872,gcp,europe-southwest1,"Madrid, Spain, Europe",0.0,1044,zero_observed_ai_and_distance_gte_q75,1251.605776472141
1364759228,Bandar-e Anzalī,Bandar-e Anzali,Iran,IR,IRN,Gīlān,110643.0,1261.803441348448,53.21117684291832,aws,me-south-1,Middle East (Bahrain),0.0,1045,zero_observed_ai_and_distance_gte_q75,1251.605776472141
1104118838,Yenangyaung,Yenangyaung,Myanmar,MM,MMR,Magway,110553.0,1641.83615794183,44.0027489022176,azure,jioindiacentral,"Nagpur, Jio India Central, Asia Pacific",0.0,1046,zero_observed_ai_and_distance_gte_q75,1251.605776472141
1862178539,Quíbor,Quibor,Venezuela,VE,VEN,Lara,110536.0,2799.0607231841964,24.671280254614523,gcp,us-east1,"Moncks Corner, South Carolina, North America",0.0,1047,zero_observed_ai_and_distance_gte_q75,1251.605776472141
1170277699,Santander de Quilichao,Santander de Quilichao,Colombia,CO,COL,Cauca,110535.0,3376.8706321281966,18.480846471954838,gcp,us-east1,"Moncks Corner, South Carolina, North America",0.0,1048,zero_observed_ai_and_distance_gte_q75,1251.605776472141
1862619610,Socopó,Socopo,Venezuela,VE,VEN,Barinas,110512.0,2932.3664595088126,23.080473481681217,gcp,us-east1,"Moncks Corner, South Carolina, North America",0.0,1049,zero_observed_ai_and_distance_gte_q75,1251.605776472141
1222480039,Ahuachapán,Ahuachapan,El Salvador,SV,SLV,Ahuachapán,110511.0,1939.3911792501563,37.91984524789298,azure,southcentralus,"Texas, South Central US, US",0.0,1050,zero_observed_ai_and_distance_gte_q75,1251.605776472141
1222380208,Sonsonate,Sonsonate,El Salvador,SV,SLV,Sonsonate,110501.0,1965.920139196623,37.42017944968063,azure,southcentralus,"Texas, South Central US, US",0.0,1051,zero_observed_ai_and_distance_gte_q75,1251.605776472141
1156133257,Genhe,Genhe,China,CN,CHN,Inner Mongolia,110438.0,1273.2898071744628,52.906451206419945,aws,cn-north-1,China (Beijing),0.0,1052,zero_observed_ai_and_distance_gte_q75,1251.605776472141
1388955058,Montego Bay,Montego Bay,Jamaica,JM,JAM,Saint James,110115.0,1651.2035734009157,43.79713478116881,gcp,us-east1,"Moncks Corner, South Carolina, North America",0.0,1053,zero_observed_ai_and_distance_gte_q75,1251.605776472141
1231347519,Āsela,Asela,Ethiopia,ET,ETH,Oromīya,110088.0,2356.854251483137,30.776242971217076,aws,me-south-1,Middle East (Bahrain),0.0,1054,zero_observed_ai_and_distance_gte_q75,1251.605776472141
1052274244,Bridgetown,Bridgetown,Barbados,BB,BRB,Saint Michael,110000.0,3044.08726554472,21.826537657935187,gcp,us-east1,"Moncks Corner, South Carolina, North America",0.0,1055,zero_observed_ai_and_distance_gte_q75,1251.605776472141
1604438126,Pisco,Pisco,Peru,PE,PER,Ica,109965.0,2264.340375125821,32.23329738139067,gcp,southamerica-west1,"Santiago, Chile, South America",0.0,1056,zero_observed_ai_and_distance_gte_q75,1251.605776472141
1204875413,Kandi,Kandi,Benin,BJ,BEN,Alibori,109701.0,3321.2393595949493,19.002119131627378,gcp,europe-southwest1,"Madrid, Spain, Europe",0.0,1057,zero_observed_ai_and_distance_gte_q75,1251.605776472141
1170152591,Aguachica,Aguachica,Colombia,CO,COL,Cesar,109621.0,2844.718603788733,24.11444127573551,gcp,us-east1,"Moncks Corner, South Carolina, North America",0.0,1058,zero_observed_ai_and_distance_gte_q75,1251.605776472141
1076442639,Ariquemes,Ariquemes,Brazil,BR,BRA,Rondônia,109523.0,2295.004011245008,31.742871497468307,gcp,southamerica-east1,"Osasco, São Paulo, Brazil, South America",0.0,1059,zero_observed_ai_and_distance_gte_q75,1251.605776472141
1608960920,Baybay,Baybay,Philippines,PH,PHL,Leyte,109432.0,1555.7324460398208,45.93851918045681,gcp,asia-east1,"Changhua County, Taiwan, APAC",0.0,1060,zero_observed_ai_and_distance_gte_q75,1251.605776472141
1788240639,Medenine,Medenine,Tunisia,TN,TUN,Médenine,109409.0,1351.1985813288065,50.88513793312822,aws,eu-south-1,EU (Milan),0.0,1061,zero_observed_ai_and_distance_gte_q75,1251.605776472141
1170309931,Ipiales,Ipiales,Colombia,CO,COL,Nariño,109116.0,3607.720081200806,16.466205768843295,gcp,us-east1,"Moncks Corner, South Carolina, North America",0.0,1062,zero_observed_ai_and_distance_gte_q75,1251.605776472141
1384745470,Soubré,Soubre,Côte D’Ivoire,CI,CIV,Bas-Sassandra,108933.0,3861.8197097373377,14.501619474978128,gcp,europe-southwest1,"Madrid, Spain, Europe",0.0,1063,zero_observed_ai_and_distance_gte_q75,1251.605776472141
1124741456,St. John's,St. John's,Canada,CA,CAN,Newfoundland and Labrador,108860.0,1391.6528644458554,49.866216716422414,azure,canadaeast,"Quebec, Canada East, Canada",0.0,1064,zero_observed_ai_and_distance_gte_q75,1251.605776472141
1643737725,Yessentuki,Yessentuki,Russia,RU,RUS,Stavropol’skiy Kray,108679.0,1556.8201360087953,45.9135425395318,aws,il-central-1,Middle East (Israel) - ???,0.0,1065,zero_observed_ai_and_distance_gte_q75,1251.605776472141
1558753915,Tipitapa,Tipitapa,Nicaragua,NI,NIC,Managua,108457.0,2304.196973937078,31.59730079357015,azure,southcentralus,"Texas, South Central US, US",0.0,1066,zero_observed_ai_and_distance_gte_q75,1251.605776472141
1466352252,Mopti,Mopti,Mali,ML,MLI,Mopti,108456.0,2883.2933084508745,23.65379416222003,gcp,europe-southwest1,"Madrid, Spain, Europe",0.0,1067,zero_observed_ai_and_distance_gte_q75,1251.605776472141
1152536354,Alto Hospicio,Alto Hospicio,Chile,CL,CHL,Tarapacá,108375.0,1467.3641197225381,48.01378350914164,gcp,southamerica-west1,"Santiago, Chile, South America",0.0,1068,zero_observed_ai_and_distance_gte_q75,1251.605776472141
1643535469,Novoshakhtinsk,Novoshakhtinsk,Russia,RU,RUS,Rostovskaya Oblast’,108345.0,1434.836561477903,48.80105372001,gcp,europe-central2,"Warsaw, Poland, Europe",0.0,1069,zero_observed_ai_and_distance_gte_q75,1251.605776472141
1214655701,Samaná,Samana,Dominican Republic,DO,DOM,Cibao Nordeste,108179.0,1882.673770356331,39.01059597168839,gcp,us-east1,"Moncks Corner, South Carolina, North America",0.0,1070,zero_observed_ai_and_distance_gte_q75,1251.605776472141
1566191812,Birnin Kebbi,Birnin Kebbi,Nigeria,NG,NGA,Kebbi,108164.0,3204.33598502299,20.145928198899686,gcp,europe-southwest1,"Madrid, Spain, Europe",0.0,1071,zero_observed_ai_and_distance_gte_q75,1251.605776472141
1148442794,Sarh,Sarh,Chad,TD,TCD,Moyen-Chari,108061.0,3015.164212564991,22.144476107104534,aws,il-central-1,Middle East (Israel) - ???,0.0,1072,zero_observed_ai_and_distance_gte_q75,1251.605776472141
1729223651,An Nuhūd,An Nuhud,Sudan,SD,SDN,Western Kordofan,108008.0,2196.389667689324,33.34725139899462,aws,il-central-1,Middle East (Israel) - ???,0.0,1073,zero_observed_ai_and_distance_gte_q75,1251.605776472141
1643818456,Seversk,Seversk,Russia,RU,RUS,Tomskaya Oblast’,107922.0,2654.1513755850387,26.525180733889535,aws,cn-northwest-1,China (Ningxia),0.0,1074,zero_observed_ai_and_distance_gte_q75,1251.605776472141
1324900784,Labé,Labe,Guinea,GN,GIN,Labé,107695.0,3343.586786320948,18.790976718352557,gcp,europe-southwest1,"Madrid, Spain, Europe",0.0,1075,zero_observed_ai_and_distance_gte_q75,1251.605776472141
1320838903,Escuintla,Escuintla,Guatemala,GT,GTM,Escuintla,107638.0,1858.6075272473415,39.48285086683621,azure,southcentralus,"Texas, South Central US, US",0.0,1076,zero_observed_ai_and_distance_gte_q75,1251.605776472141
1484508510,Escuintla,Escuintla,Mexico,MX,MEX,Chiapas,107638.0,1677.8705677040002,43.21704173794483,azure,southcentralus,"Texas, South Central US, US",0.0,1077,zero_observed_ai_and_distance_gte_q75,1251.605776472141
1860234026,Kogon Shahri,Kogon Shahri,Uzbekistan,UZ,UZB,Buxoro,107566.0,1691.9394883089533,42.914099938699835,gcp,asia-south2,"Delhi, India APAC",0.0,1078,zero_observed_ai_and_distance_gte_q75,1251.605776472141
1834972707,Shinyanga,Shinyanga,Tanzania,TZ,TZA,Shinyanga,107362.0,2516.1188791977115,28.420500870543975,azure,southafricanorth,"Johannesburg, South Africa North, Africa",0.0,1079,zero_observed_ai_and_distance_gte_q75,1251.605776472141
1320948769,Chichicastenango,Chichicastenango,Guatemala,GT,GTM,Quiché,107193.0,1778.7460209968342,41.09133103325978,azure,southcentralus,"Texas, South Central US, US",0.0,1080,zero_observed_ai_and_distance_gte_q75,1251.605776472141
1180788280,Ilebo,Ilebo,Congo (Kinshasa),CD,COD,Kasaï,107093.0,2514.8839805618595,28.438054508104692,azure,southafricanorth,"Johannesburg, South Africa North, Africa",0.0,1081,zero_observed_ai_and_distance_gte_q75,1251.605776472141
1104269989,Taungoo,Taungoo,Myanmar,MM,MMR,Bago,106945.0,1825.616957141764,40.13953293564493,azure,jioindiacentral,"Nagpur, Jio India Central, Asia Pacific",0.0,1082,zero_observed_ai_and_distance_gte_q75,1251.605776472141
1608765297,Himamaylan,Himamaylan,Philippines,PH,PHL,Negros Occidental,106880.0,1573.369710767608,45.535185308907515,gcp,asia-east1,"Changhua County, Taiwan, APAC",0.0,1083,zero_observed_ai_and_distance_gte_q75,1251.605776472141
1643340196,Noyabrsk,Noyabrsk,Russia,RU,RUS,Yamalo-Nenetskiy Avtonomnyy Okrug,106879.0,2485.085959045983,28.864925469286558,gcp,europe-north1,"Hamina, Finland, Europe",0.0,1084,zero_observed_ai_and_distance_gte_q75,1251.605776472141
1214217168,Mao,Mao,Dominican Republic,DO,DOM,Cibao Noroeste,106818.0,1755.3610619642575,41.574610441038935,gcp,us-east1,"Moncks Corner, South Carolina, North America",0.0,1085,zero_observed_ai_and_distance_gte_q75,1251.605776472141
1496374417,Erdenet,Erdenet,Mongolia,MN,MNG,Orhon,106810.0,1312.3720225296404,51.88263636345165,aws,cn-northwest-1,China (Ningxia),0.0,1086,zero_observed_ai_and_distance_gte_q75,1251.605776472141
1076232522,Patos,Patos,Brazil,BR,BRA,Paraíba,106314.0,1876.0634189976743,39.13974615918776,azure,brazilsoutheast,"Rio, Brazil Southeast, South America",0.0,1087,zero_observed_ai_and_distance_gte_q75,1251.605776472141
1862210475,El Limón,El Limon,Venezuela,VE,VEN,Aragua,106206.0,2842.597733696081,24.140026637796563,gcp,us-east1,"Moncks Corner, South Carolina, North America",0.0,1088,zero_observed_ai_and_distance_gte_q75,1251.605776472141
1554475997,Dunedin,Dunedin,New Zealand,NZ,NZL,Otago,106200.0,2109.26689815109,34.83200809566674,gcp,australia-southeast1,"Sydney, Australia, APAC",0.0,1089,zero_observed_ai_and_distance_gte_q75,1251.605776472141
1360014952,Raba,Raba,Indonesia,ID,IDN,Nusa Tenggara Barat,106101.0,1338.849172782287,51.20031065957854,aws,ap-southeast-3,Asia Pacific (Jakarta),0.0,1090,zero_observed_ai_and_distance_gte_q75,1251.605776472141
1156317956,Aihua,Aihua,China,CN,CHN,Yunnan,106054.0,1451.5970001800795,48.39379901056066,aws,ap-east-1,Asia Pacific (Hong Kong),0.0,1091,zero_observed_ai_and_distance_gte_q75,1251.605776472141
1192844279,Contramaestre,Contramaestre,Cuba,CU,CUB,Santiago de Cuba,106002.0,1481.575325737815,47.673825857047696,gcp,us-east1,"Moncks Corner, South Carolina, North America",0.0,1092,zero_observed_ai_and_distance_gte_q75,1251.605776472141
1566322480,Azare,Azare,Nigeria,NG,NGA,Bauchi,105687.0,3357.111109201359,18.664337759272986,aws,il-central-1,Middle East (Israel) - ???,0.0,1093,zero_observed_ai_and_distance_gte_q75,1251.605776472141
1804025187,Alchevsk,Alchevsk,Ukraine,UA,UKR,Luhans’ka Oblast’,105398.0,1325.9592712807855,51.531359791970885,gcp,europe-central2,"Warsaw, Poland, Europe",0.0,1094,zero_observed_ai_and_distance_gte_q75,1251.605776472141
1643890929,Achinsk,Achinsk,Russia,RU,RUS,Krasnoyarskiy Kray,105264.0,2403.0091521464847,30.07413830507193,aws,cn-northwest-1,China (Ningxia),0.0,1095,zero_observed_ai_and_distance_gte_q75,1251.605776472141
1887195126,Ash Shaykh ‘Uthmān,Ash Shaykh `Uthman,Yemen,YE,YEM,‘Adan,105248.0,1555.2537037807217,45.94951685189287,aws,me-central-1,Middle East (United Arab Emirates) - ???,0.0,1096,zero_observed_ai_and_distance_gte_q75,1251.605776472141
1180814807,Kongolo,Kongolo,Congo (Kinshasa),CD,COD,Tanganyika,105202.0,2266.858776422633,32.19273473604204,azure,southafricanorth,"Johannesburg, South Africa North, Africa",0.0,1097,zero_observed_ai_and_distance_gte_q75,1251.605776472141
1320759841,Malacatán,Malacatan,Guatemala,GT,GTM,San Marcos,105178.0,1742.8099778789451,41.83633402650885,azure,southcentralus,"Texas, South Central US, US",0.0,1098,zero_observed_ai_and_distance_gte_q75,1251.605776472141
1558101678,Granada,Granada,Nicaragua,NI,NIC,Granada,105171.0,2337.533807442482,31.07498896433955,azure,southcentralus,"Texas, South Central US, US",0.0,1099,zero_observed_ai_and_distance_gte_q75,1251.605776472141
1076632637,Paço do Lumiar,Paco do Lumiar,Brazil,BR,BRA,Maranhão,105121.0,2267.2200075108,32.18692075280584,azure,brazilsoutheast,"Rio, Brazil Southeast, South America",0.0,1100,zero_observed_ai_and_distance_gte_q75,1251.605776472141
1608573250,Tagbilaran City,Tagbilaran City,Philippines,PH,PHL,Bohol,105051.0,1641.9123153268017,44.001073366974914,gcp,asia-east1,"Changhua County, Taiwan, APAC",0.0,1101,zero_observed_ai_and_distance_gte_q75,1251.605776472141
1466253368,Koutiala,Koutiala,Mali,ML,MLI,Sikasso,104927.0,3121.9457310310722,20.99317364747439,gcp,europe-southwest1,"Madrid, Spain, Europe",0.0,1102,zero_observed_ai_and_distance_gte_q75,1251.605776472141
1484489217,Zihuatanejo,Zihuatanejo,Mexico,MX,MEX,Guerrero,104609.0,1345.2715743716162,51.03615988291129,azure,southcentralus,"Texas, South Central US, US",0.0,1103,zero_observed_ai_and_distance_gte_q75,1251.605776472141
1360776014,Maumere,Maumere,Indonesia,ID,IDN,Nusa Tenggara Timur,104285.0,1717.9140046824127,42.360366962612936,aws,ap-southeast-3,Asia Pacific (Jakarta),0.0,1104,zero_observed_ai_and_distance_gte_q75,1251.605776472141
1608425228,Samal,Samal,Philippines,PH,PHL,Davao del Norte,104123.0,1972.3493049377912,37.30008231632041,gcp,asia-east1,"Changhua County, Taiwan, APAC",0.0,1105,zero_observed_ai_and_distance_gte_q75,1251.605776472141
1608600962,Quezon,Quezon,Philippines,PH,PHL,Bukidnon,104116.0,1880.811907341579,39.04692907379074,gcp,asia-east1,"Changhua County, Taiwan, APAC",0.0,1106,zero_observed_ai_and_distance_gte_q75,1251.605776472141
1231492773,Ādīgrat,Adigrat,Ethiopia,ET,ETH,Tigray,104021.0,1751.8994401961381,41.64663053789533,aws,me-south-1,Middle East (Bahrain),0.0,1107,zero_observed_ai_and_distance_gte_q75,1251.605776472141
1384295898,Abengourou,Abengourou,Côte D’Ivoire,CI,CIV,Comoé,104020.0,3745.885970202994,15.367074496529076,gcp,europe-southwest1,"Madrid, Spain, Europe",0.0,1108,zero_observed_ai_and_distance_gte_q75,1251.605776472141
1729791168,EdDamer,EdDamer,Sudan,SD,SDN,River Nile,103941.0,1552.893553932891,46.00377273120084,aws,il-central-1,Middle East (Israel) - ???,0.0,1109,zero_observed_ai_and_distance_gte_q75,1251.605776472141
1178045241,Dolisie,Dolisie,Congo (Brazzaville),CG,COG,Niari,103894.0,2912.324997580713,23.31291939083801,azure,southafricanorth,"Johannesburg, South Africa North, Africa",0.0,1110,zero_observed_ai_and_distance_gte_q75,1251.605776472141
1608878798,Catbalogan,Catbalogan,Philippines,PH,PHL,Samar,103879.0,1441.486382962533,48.63906402213675,gcp,asia-east1,"Changhua County, Taiwan, APAC",0.0,1111,zero_observed_ai_and_distance_gte_q75,1251.605776472141
1222852644,Ilopango,Ilopango,El Salvador,SV,SLV,San Salvador,103862.0,1996.7072358044973,36.84856101534758,azure,southcentralus,"Texas, South Central US, US",0.0,1112,zero_observed_ai_and_distance_gte_q75,1251.605776472141
1360911386,Biak,Biak,Indonesia,ID,IDN,Papua,103610.0,3267.55747815789,19.519060445452862,gcp,asia-east1,"Changhua County, Taiwan, APAC",0.0,1113,zero_observed_ai_and_distance_gte_q75,1251.605776472141
1608972592,Maluñgun,Malungun,Philippines,PH,PHL,Sarangani,103604.0,2043.8952760478826,35.989331523385054,gcp,asia-east1,"Changhua County, Taiwan, APAC",0.0,1114,zero_observed_ai_and_distance_gte_q75,1251.605776472141
1643751718,Berdsk,Berdsk,Russia,RU,RUS,Novosibirskaya Oblast’,103578.0,2598.484393165676,27.27383968307035,aws,cn-northwest-1,China (Ningxia),0.0,1115,zero_observed_ai_and_distance_gte_q75,1251.605776472141
1834100025,Musoma,Musoma,Tanzania,TZ,TZA,Mara,103497.0,2759.2848634155152,25.166852565805442,azure,southafricanorth,"Johannesburg, South Africa North, Africa",0.0,1116,zero_observed_ai_and_distance_gte_q75,1251.605776472141
1076061751,Breves,Breves,Brazil,BR,BRA,Pará,103497.0,2461.9661585073895,29.200537210778325,gcp,southamerica-east1,"Osasco, São Paulo, Brazil, South America",0.0,1117,zero_observed_ai_and_distance_gte_q75,1251.605776472141
1554623632,Lower Hutt,Lower Hutt,New Zealand,NZ,NZL,Wellington,103400.0,2235.3170670225722,32.70446629354077,gcp,australia-southeast1,"Sydney, Australia, APAC",0.0,1118,zero_observed_ai_and_distance_gte_q75,1251.605776472141
1180549980,Bumba,Bumba,Congo (Kinshasa),CD,COD,Mongala,103328.0,3165.9641921630355,20.53617756195934,azure,southafricanorth,"Johannesburg, South Africa North, Africa",0.0,1119,zero_observed_ai_and_distance_gte_q75,1251.605776472141
1320123250,Mazatenango,Mazatenango,Guatemala,GT,GTM,Suchitepéquez,103276.0,1804.2860099851564,40.56993118429764,azure,southcentralus,"Texas, South Central US, US",0.0,1120,zero_observed_ai_and_distance_gte_q75,1251.605776472141
1608483872,Bayugan,Bayugan,Philippines,PH,PHL,Agusan del Sur,103202.0,1795.3760479565317,40.75107264877761,gcp,asia-east1,"Changhua County, Taiwan, APAC",0.0,1121,zero_observed_ai_and_distance_gte_q75,1251.605776472141
1604790735,Talara,Talara,Peru,PE,PER,Piura,103200.0,3391.6884505072658,18.344429533069693,gcp,southamerica-west1,"Santiago, Chile, South America",0.0,1122,zero_observed_ai_and_distance_gte_q75,1251.605776472141
1643581064,Elista,Elista,Russia,RU,RUS,Kalmykiya,103132.0,1801.3542327125233,40.62944579563584,gcp,europe-central2,"Warsaw, Poland, Europe",0.0,1123,zero_observed_ai_and_distance_gte_q75,1251.605776472141
1156405666,Dongguazhen,Dongguazhen,China,CN,CHN,Yunnan,103115.0,1325.7357486615213,51.53711932606889,aws,ap-east-1,Asia Pacific (Hong Kong),0.0,1124,zero_observed_ai_and_distance_gte_q75,1251.605776472141
1156696271,Mengdingjie,Mengdingjie,China,CN,CHN,Yunnan,102992.0,1552.0118627710558,46.02405776206952,aws,ap-east-1,Asia Pacific (Hong Kong),0.0,1125,zero_observed_ai_and_distance_gte_q75,1251.605776472141
1792182918,Kırklareli,Kirklareli,Turkey,TR,TUR,Kırklareli,102909.0,1257.814811473796,53.31740257630469,gcp,europe-central2,"Warsaw, Poland, Europe",0.0,1126,zero_observed_ai_and_distance_gte_q75,1251.605776472141
1076714150,São Lourenço da Mata,Sao Lourenco da Mata,Brazil,BR,BRA,Pernambuco,102895.0,1873.582108457142,39.188335226445766,azure,brazilsoutheast,"Rio, Brazil Southeast, South America",0.0,1127,zero_observed_ai_and_distance_gte_q75,1251.605776472141
1192527369,Mayarí,Mayari,Cuba,CU,CUB,Holguín,102354.0,1458.3962350878803,48.229557943366416,gcp,us-east1,"Moncks Corner, South Carolina, North America",0.0,1128,zero_observed_ai_and_distance_gte_q75,1251.605776472141
1764800579,Ban Mangkon,Ban Mangkon,Thailand,TH,THA,Samut Prakan,102291.0,1406.2700895818848,49.503092441907896,gcp,asia-southeast1,"Jurong West, Singapore, APAC",0.0,1129,zero_observed_ai_and_distance_gte_q75,1251.605776472141
1608509888,Talisay,Talisay,Philippines,PH,PHL,Negros Occidental,102214.0,1505.5623893405093,47.105463459764415,gcp,asia-east1,"Changhua County, Taiwan, APAC",0.0,1130,zero_observed_ai_and_distance_gte_q75,1251.605776472141
1076196581,Vilhena,Vilhena,Brazil,BR,BRA,Rondônia,102211.0,1850.0388673959362,39.6523713078038,gcp,southamerica-east1,"Osasco, São Paulo, Brazil, South America",0.0,1131,zero_observed_ai_and_distance_gte_q75,1251.605776472141
1608006603,Cawayan,Cawayan,Philippines,PH,PHL,Negros Occidental,102165.0,1584.1330987331387,45.290787104168004,gcp,asia-east1,"Changhua County, Taiwan, APAC",0.0,1132,zero_observed_ai_and_distance_gte_q75,1251.605776472141
1608275407,Maramag,Maramag,Philippines,PH,PHL,Bukidnon,102089.0,1874.4924928039259,39.17050106225634,gcp,asia-east1,"Changhua County, Taiwan, APAC",0.0,1133,zero_observed_ai_and_distance_gte_q75,1251.605776472141
1643467643,Novokuybyshevsk,Novokuybyshevsk,Russia,RU,RUS,Samarskaya Oblast’,102075.0,1600.6467040064215,44.918369618417806,gcp,europe-north1,"Hamina, Finland, Europe",0.0,1134,zero_observed_ai_and_distance_gte_q75,1251.605776472141
1434908655,Şabrātah,Sabratah,Libya,LY,LBY,An Nuqāţ al Khams,102038.0,1437.0890522702546,48.746122696641734,aws,eu-south-1,EU (Milan),0.0,1135,zero_observed_ai_and_distance_gte_q75,1251.605776472141
1068929509,Trinidad,Trinidad,Bolivia,BO,BOL,El Beni,101454.0,2130.626088240675,34.461995662848885,gcp,southamerica-east1,"Osasco, São Paulo, Brazil, South America",0.0,1136,zero_observed_ai_and_distance_gte_q75,1251.605776472141
1076849673,Itaituba,Itaituba,Brazil,BR,BRA,Pará,101395.0,2357.591147017447,30.764905621951684,gcp,southamerica-east1,"Osasco, São Paulo, Brazil, South America",0.0,1137,zero_observed_ai_and_distance_gte_q75,1251.605776472141
1120996697,Kousséri,Kousseri,Cameroon,CM,CMR,Extrême-Nord,101246.0,2967.0156964194966,22.68405688307224,aws,il-central-1,Middle East (Israel) - ???,0.0,1138,zero_observed_ai_and_distance_gte_q75,1251.605776472141
1454072947,Zomba,Zomba,Malawi,MW,MWI,Zomba,101140.0,1367.6700283611844,50.467782975046106,azure,southafricanorth,"Johannesburg, South Africa North, Africa",0.0,1139,zero_observed_ai_and_distance_gte_q75,1251.605776472141
1364602437,Ahar,Ahar,Iran,IR,IRN,Āz̄arbāyjān-e Sharqī,100641.0,1350.6797403904113,50.89834029189303,aws,il-central-1,Middle East (Israel) - ???,0.0,1140,zero_observed_ai_and_distance_gte_q75,1251.605776472141
1608490585,Bongao,Bongao,Philippines,PH,PHL,Tawi-Tawi,100527.0,1817.3475627672544,40.30584133006689,aws,ap-southeast-1,Asia Pacific (Singapore),0.0,1141,zero_observed_ai_and_distance_gte_q75,1251.605776472141
1834433264,Bukoba,Bukoba,Tanzania,TZ,TZA,Kagera,100504.0,2740.1974456084904,25.408187463942188,azure,southafricanorth,"Johannesburg, South Africa North, Africa",0.0,1142,zero_observed_ai_and_distance_gte_q75,1251.605776472141
1768253626,Kpalimé,Kpalime,Togo,TG,TGO,Plateaux,100479.0,3750.624339748856,15.330710151563121,gcp,europe-southwest1,"Madrid, Spain, Europe",0.0,1143,zero_observed_ai_and_distance_gte_q75,1251.605776472141
1686087214,Diourbel,Diourbel,Senegal,SN,SEN,Diourbel,100445.0,3111.7722944323855,21.100232065192582,gcp,europe-southwest1,"Madrid, Spain, Europe",0.0,1144,zero_observed_ai_and_distance_gte_q75,1251.605776472141
1320701049,Morales,Morales,Guatemala,GT,GTM,Izabal,100361.0,1838.9500827018471,39.87283020238174,azure,southcentralus,"Texas, South Central US, US",0.0,1145,zero_observed_ai_and_distance_gte_q75,1251.605776472141
1860513278,Shahrisabz,Shahrisabz,Uzbekistan,UZ,UZB,Qashqadaryo,100300.0,1500.1710651888534,47.232615173206455,gcp,asia-south2,"Delhi, India APAC",0.0,1146,zero_observed_ai_and_distance_gte_q75,1251.605776472141
1608811201,Manolo Fortich,Manolo Fortich,Philippines,PH,PHL,Bukidnon,100210.0,1805.8283019990258,40.5386579035458,gcp,asia-east1,"Changhua County, Taiwan, APAC",0.0,1147,zero_observed_ai_and_distance_gte_q75,1251.605776472141
1608516439,Bulan,Bulan,Philippines,PH,PHL,Sorsogon,100076.0,1315.6831757004902,51.79681174971198,gcp,asia-east1,"Changhua County, Taiwan, APAC",0.0,1148,zero_observed_ai_and_distance_gte_q75,1251.605776472141
1076125117,Bacabal,Bacabal,Brazil,BR,BRA,Maranhão,100014.0,2083.7490042294535,35.27927509993021,azure,brazilsoutheast,"Rio, Brazil Southeast, South America",0.0,1149,zero_observed_ai_and_distance_gte_q75,1251.605776472141
1562695011,Arlit,Arlit,Niger,NE,NER,Agadez,100000.0,2622.3902575180105,26.949777929521403,gcp,europe-southwest1,"Madrid, Spain, Europe",0.0,1150,zero_observed_ai_and_distance_gte_q75,1251.605776472141
1404232773,Mumias,Mumias,Kenya,KE,KEN,Kakamega,99987.0,2975.314904837975,22.590122056114584,azure,southafricanorth,"Johannesburg, South Africa North, Africa",0.0,1151,zero_observed_ai_and_distance_gte_q75,1251.605776472141
1834461509,Songea,Songea,Tanzania,TZ,TZA,Ruvuma,99961.0,1846.9545571035428,39.71356859199991,azure,southafricanorth,"Johannesburg, South Africa North, Africa",0.0,1152,zero_observed_ai_and_distance_gte_q75,1251.605776472141
1231675489,Debre Zeyit,Debre Zeyit,Ethiopia,ET,ETH,Oromīya,99928.0,2287.2515089382046,31.86615362159781,aws,me-south-1,Middle East (Bahrain),0.0,1153,zero_observed_ai_and_distance_gte_q75,1251.605776472141
1860562788,Urgut Shahri,Urgut Shahri,Uzbekistan,UZ,UZB,Samarqand,99675.0,1504.9129768545736,47.12076138135861,gcp,asia-south2,"Delhi, India APAC",0.0,1154,zero_observed_ai_and_distance_gte_q75,1251.605776472141
1608537090,Sindangan,Sindangan,Philippines,PH,PHL,Zamboanga del Norte,99435.0,1780.84316850753,41.04826632417368,gcp,asia-east1,"Changhua County, Taiwan, APAC",0.0,1155,zero_observed_ai_and_distance_gte_q75,1251.605776472141
1404482650,Thika,Thika,Kenya,KE,KEN,Kiambu,99322.0,2905.588906634719,23.391570739764553,azure,southafricanorth,"Johannesburg, South Africa North, Africa",0.0,1156,zero_observed_ai_and_distance_gte_q75,1251.605776472141
1356332206,Kohīma,Kohima,India,IN,IND,Nāgāland,99039.0,1612.7822756415908,44.64663980516408,azure,jioindiacentral,"Nagpur, Jio India Central, Asia Pacific",0.0,1157,zero_observed_ai_and_distance_gte_q75,1251.605776472141
1404924901,Nyeri,Nyeri,Kenya,KE,KEN,Nyeri,98908.0,2966.615190680667,22.68859988541249,azure,southafricanorth,"Johannesburg, South Africa North, Africa",0.0,1158,zero_observed_ai_and_distance_gte_q75,1251.605776472141
1643201261,Tobolsk,Tobolsk,Russia,RU,RUS,Tyumenskaya Oblast’,98886.0,2302.3120914818865,31.627093429217666,gcp,europe-north1,"Hamina, Finland, Europe",0.0,1159,zero_observed_ai_and_distance_gte_q75,1251.605776472141
1031509213,Mingəçevir,Mingacevir,Azerbaijan,AZ,AZE,Mingəçevir,98800.0,1497.795475647788,47.28875115892293,aws,il-central-1,Middle East (Israel) - ???,0.0,1160,zero_observed_ai_and_distance_gte_q75,1251.605776472141
1566599231,Kontagora,Kontagora,Nigeria,NG,NGA,Niger,98754.0,3457.692779945959,17.7489045054702,gcp,europe-southwest1,"Madrid, Spain, Europe",0.0,1161,zero_observed_ai_and_distance_gte_q75,1251.605776472141
1643001221,Khanty-Mansiysk,Khanty-Mansiysk,Russia,RU,RUS,Khanty-Mansiyskiy Avtonomnyy Okrug-Yugra,98692.0,2231.107376015502,32.77337663973886,gcp,europe-north1,"Hamina, Finland, Europe",0.0,1162,zero_observed_ai_and_distance_gte_q75,1251.605776472141
1214181927,Sabaneta,Sabaneta,Dominican Republic,DO,DOM,Cibao Noroeste,98453.0,1750.3796642993732,41.67828933757858,gcp,us-east1,"Moncks Corner, South Carolina, North America",0.0,1163,zero_observed_ai_and_distance_gte_q75,1251.605776472141
1894816262,Chipata,Chipata,Zambia,ZM,ZMB,Eastern,98416.0,1421.8976692955885,49.11779296525343,azure,southafricanorth,"Johannesburg, South Africa North, Africa",0.0,1164,zero_observed_ai_and_distance_gte_q75,1251.605776472141
1608479806,Tacurong,Tacurong,Philippines,PH,PHL,Sultan Kudarat,98316.0,1983.3250345525964,37.09594515815375,gcp,asia-east1,"Changhua County, Taiwan, APAC",0.0,1165,zero_observed_ai_and_distance_gte_q75,1251.605776472141
1566714777,Iseyin,Iseyin,Nigeria,NG,NGA,Oyo,98071.0,3680.2812025252697,15.87950977460163,gcp,europe-southwest1,"Madrid, Spain, Europe",0.0,1166,zero_observed_ai_and_distance_gte_q75,1251.605776472141
1643320672,Sarapul,Sarapul,Russia,RU,RUS,Udmurtiya,97910.0,1598.688908424923,44.962361639534556,gcp,europe-north1,"Hamina, Finland, Europe",0.0,1167,zero_observed_ai_and_distance_gte_q75,1251.605776472141
1170046785,Chía,Chia,Colombia,CO,COL,Cundinamarca,97896.0,3210.5431471875067,20.083500601921205,gcp,us-east1,"Moncks Corner, South Carolina, North America",0.0,1168,zero_observed_ai_and_distance_gte_q75,1251.605776472141
1643278883,Serov,Serov,Russia,RU,RUS,Sverdlovskaya Oblast’,97762.0,1834.2028473509056,39.96758546882072,gcp,europe-north1,"Hamina, Finland, Europe",0.0,1169,zero_observed_ai_and_distance_gte_q75,1251.605776472141
1643007991,Votkinsk,Votkinsk,Russia,RU,RUS,Udmurtiya,97550.0,1580.6169581282488,45.370481525621315,gcp,europe-north1,"Hamina, Finland, Europe",0.0,1170,zero_observed_ai_and_distance_gte_q75,1251.605776472141
1214331828,El Seibo,El Seibo,Dominican Republic,DO,DOM,Yuma,97144.0,1940.2383434373392,37.903786481797205,gcp,us-east1,"Moncks Corner, South Carolina, North America",0.0,1171,zero_observed_ai_and_distance_gte_q75,1251.605776472141
1076759384,Itacoatiara,Itacoatiara,Brazil,BR,BRA,Amazonas,97122.0,2590.3257065145867,27.38532628039241,gcp,southamerica-east1,"Osasco, São Paulo, Brazil, South America",0.0,1172,zero_observed_ai_and_distance_gte_q75,1251.605776472141
1643005165,Ukhta,Ukhta,Russia,RU,RUS,Komi,97087.0,1409.4248244119258,49.425069428604026,gcp,europe-north1,"Hamina, Finland, Europe",0.0,1173,zero_observed_ai_and_distance_gte_q75,1251.605776472141
1170503987,Jamundí,Jamundi,Colombia,CO,COL,Valle del Cauca,96993.0,3348.3137134819763,18.746617370736836,gcp,us-east1,"Moncks Corner, South Carolina, North America",0.0,1174,zero_observed_ai_and_distance_gte_q75,1251.605776472141
1222369620,Colón,Colon,El Salvador,SV,SLV,La Libertad,96989.0,1982.7366063494965,37.106860914035515,azure,southcentralus,"Texas, South Central US, US",0.0,1175,zero_observed_ai_and_distance_gte_q75,1251.605776472141
1604505281,Tumbes,Tumbes,Peru,PE,PER,Tumbes,96946.0,3473.8116841707997,17.606432952074496,gcp,southamerica-west1,"Santiago, Chile, South America",0.0,1176,zero_observed_ai_and_distance_gte_q75,1251.605776472141
1170322340,Arauca,Arauca,Colombia,CO,COL,Arauca,96814.0,3055.567158800675,21.701613369070138,gcp,us-east1,"Moncks Corner, South Carolina, North America",0.0,1177,zero_observed_ai_and_distance_gte_q75,1251.605776472141
1180006418,Bunia,Bunia,Congo (Kinshasa),CD,COD,Ituri,96764.0,3042.4858751644815,21.84402106015882,azure,southafricanorth,"Johannesburg, South Africa North, Africa",0.0,1178,zero_observed_ai_and_distance_gte_q75,1251.605776472141
1388715163,Half Way Tree,Half Way Tree,Jamaica,JM,JAM,Saint Andrew,96494.0,1718.8567726095162,42.34040367049413,gcp,us-east1,"Moncks Corner, South Carolina, North America",0.0,1179,zero_observed_ai_and_distance_gte_q75,1251.605776472141
1156881466,Wujiaqu,Wujiaqu,China,CN,CHN,Xinjiang,96436.0,1724.445218320279,42.22226028319728,aws,cn-northwest-1,China (Ningxia),0.0,1180,zero_observed_ai_and_distance_gte_q75,1251.605776472141
1360014714,Tomohon,Tomohon,Indonesia,ID,IDN,Sulawesi Utara,96411.0,2164.8189223941486,33.8778268373422,aws,ap-southeast-3,Asia Pacific (Jakarta),0.0,1181,zero_observed_ai_and_distance_gte_q75,1251.605776472141
1643201199,Mezhdurechensk,Mezhdurechensk,Russia,RU,RUS,Kemerovskaya Oblast’,96299.0,2279.871995555603,31.983949159945034,aws,cn-northwest-1,China (Ningxia),0.0,1182,zero_observed_ai_and_distance_gte_q75,1251.605776472141
1148149571,Kelo,Kelo,Chad,TD,TCD,Tandjilé,96224.0,3158.1576629942474,20.61649233947966,aws,il-central-1,Middle East (Israel) - ???,0.0,1183,zero_observed_ai_and_distance_gte_q75,1251.605776472141
1804673535,Lysychansk,Lysychansk,Ukraine,UA,UKR,Luhans’ka Oblast’,96161.0,1280.843565982253,52.707006796353994,gcp,europe-central2,"Warsaw, Poland, Europe",0.0,1184,zero_observed_ai_and_distance_gte_q75,1251.605776472141
1076607187,Bayeux,Bayeux,Brazil,BR,BRA,Paraíba,96140.0,1964.2321644112678,37.4517749405904,azure,brazilsoutheast,"Rio, Brazil Southeast, South America",0.0,1185,zero_observed_ai_and_distance_gte_q75,1251.605776472141
1643591516,Leninsk-Kuznetskiy,Leninsk-Kuznetskiy,Russia,RU,RUS,Kemerovskaya Oblast’,96139.0,2443.27480252074,29.474715222894567,aws,cn-northwest-1,China (Ningxia),0.0,1186,zero_observed_ai_and_distance_gte_q75,1251.605776472141
1608628412,Guihulñgan,Guihulngan,Philippines,PH,PHL,Negros Oriental,95969.0,1578.7230556123407,45.41346550883244,gcp,asia-east1,"Changhua County, Taiwan, APAC",0.0,1187,zero_observed_ai_and_distance_gte_q75,1251.605776472141
1608666262,Carmen,Carmen,Philippines,PH,PHL,Cotabato,95921.0,1930.1147394304123,38.09613434686199,gcp,asia-east1,"Changhua County, Taiwan, APAC",0.0,1188,zero_observed_ai_and_distance_gte_q75,1251.605776472141
1032471024,Río Gallegos,Rio Gallegos,Argentina,AR,ARG,Santa Cruz,95796.0,2026.4826662952935,36.30403357406214,gcp,southamerica-west1,"Santiago, Chile, South America",0.0,1189,zero_observed_ai_and_distance_gte_q75,1251.605776472141
1788300169,Tataouine,Tataouine,Tunisia,TN,TUN,Tataouine,95775.0,1397.5495418773087,49.71941074228422,aws,eu-south-1,EU (Milan),0.0,1190,zero_observed_ai_and_distance_gte_q75,1251.605776472141
1156482594,Jinbi,Jinbi,China,CN,CHN,Yunnan,95639.0,1358.835780503919,50.69119849060554,aws,ap-east-1,Asia Pacific (Hong Kong),0.0,1191,zero_observed_ai_and_distance_gte_q75,1251.605776472141
1608802236,Masbate,Masbate,Philippines,PH,PHL,Masbate,95389.0,1341.6128378472413,51.12960926463014,gcp,asia-east1,"Changhua County, Taiwan, APAC",0.0,1192,zero_observed_ai_and_distance_gte_q75,1251.605776472141
1120371347,Bogo,Bogo,Cameroon,CM,CMR,Extrême-Nord,95230.0,3111.8759366086647,21.09913865653802,aws,il-central-1,Middle East (Israel) - ???,0.0,1193,zero_observed_ai_and_distance_gte_q75,1251.605776472141
1608836609,Sultan Kudarat,Sultan Kudarat,Philippines,PH,PHL,Maguindanao,95201.0,1913.9747510218,38.404813775626,gcp,asia-east1,"Changhua County, Taiwan, APAC",0.0,1194,zero_observed_ai_and_distance_gte_q75,1251.605776472141
1031145251,Xırdalan,Xirdalan,Azerbaijan,AZ,AZE,Abşeron,95200.0,1590.988527154885,45.13580899166807,aws,me-south-1,Middle East (Bahrain),0.0,1195,zero_observed_ai_and_distance_gte_q75,1251.605776472141
1804768565,Dovzhansk,Dovzhansk,Ukraine,UA,UKR,Luhans’ka Oblast’,95153.0,1401.2964708939799,49.626350390735205,gcp,europe-central2,"Warsaw, Poland, Europe",0.0,1196,zero_observed_ai_and_distance_gte_q75,1251.605776472141
1608858911,M’lang,M'lang,Philippines,PH,PHL,Cotabato,95070.0,1959.693510127486,37.53686177839496,gcp,asia-east1,"Changhua County, Taiwan, APAC",0.0,1197,zero_observed_ai_and_distance_gte_q75,1251.605776472141
1156913383,Jinshan,Jinshan,China,CN,CHN,Yunnan,95044.0,1270.847519217471,52.97109706365061,aws,ap-east-1,Asia Pacific (Hong Kong),0.0,1198,zero_observed_ai_and_distance_gte_q75,1251.605776472141
1862078206,Rubio,Rubio,Venezuela,VE,VEN,Táchira,95041.0,2942.82015516025,22.96015008901411,gcp,us-east1,"Moncks Corner, South Carolina, North America",0.0,1199,zero_observed_ai_and_distance_gte_q75,1251.605776472141
1566675681,Biu,Biu,Nigeria,NG,NGA,Borno,95005.0,3292.9393181957685,19.272910846648074,aws,il-central-1,Middle East (Israel) - ???,0.0,1200,zero_observed_ai_and_distance_gte_q75,1251.605776472141
1608856677,Monkayo,Monkayo,Philippines,PH,PHL,Compostela Valley,94908.0,1900.5496081639874,38.663476004405965,gcp,asia-east1,"Changhua County, Taiwan, APAC",0.0,1201,zero_observed_ai_and_distance_gte_q75,1251.605776472141
1031943755,Naxçıvan,Naxcivan,Azerbaijan,AZ,AZE,Naxçıvan,94788.0,1280.1697895959162,52.724766155932244,aws,il-central-1,Middle East (Israel) - ???,0.0,1202,zero_observed_ai_and_distance_gte_q75,1251.605776472141
1643137756,Solikamsk,Solikamsk,Russia,RU,RUS,Permskiy Kray,94628.0,1628.8693762175726,44.28896273787496,gcp,europe-north1,"Hamina, Finland, Europe",0.0,1203,zero_observed_ai_and_distance_gte_q75,1251.605776472141
1608693408,Bislig,Bislig,Philippines,PH,PHL,Surigao del Sur,94535.0,1871.9619050648641,39.22009462571629,gcp,asia-east1,"Changhua County, Taiwan, APAC",0.0,1204,zero_observed_ai_and_distance_gte_q75,1251.605776472141
1608433743,Escalante,Escalante,Philippines,PH,PHL,Negros Occidental,94070.0,1505.290619992721,47.1118648052178,gcp,asia-east1,"Changhua County, Taiwan, APAC",0.0,1205,zero_observed_ai_and_distance_gte_q75,1251.605776472141
1608432162,Catarman,Catarman,Philippines,PH,PHL,Northern Samar,94037.0,1363.1446735263435,50.5821045755685,gcp,asia-east1,"Changhua County, Taiwan, APAC",0.0,1206,zero_observed_ai_and_distance_gte_q75,1251.605776472141
1404380224,Malindi,Malindi,Kenya,KE,KEN,Kilifi,94016.0,2807.5021298580846,24.567369542120993,azure,southafricanorth,"Johannesburg, South Africa North, Africa",0.0,1207,zero_observed_ai_and_distance_gte_q75,1251.605776472141
1156343176,Yunnanyi,Yunnanyi,China,CN,CHN,Yunnan,93671.0,1413.1298614805162,49.33359332817528,aws,ap-east-1,Asia Pacific (Hong Kong),0.0,1208,zero_observed_ai_and_distance_gte_q75,1251.605776472141
1643773075,Mikhaylovsk,Mikhaylovsk,Russia,RU,RUS,Stavropol’skiy Kray,93658.0,1634.1221823430794,44.172794689330466,aws,il-central-1,Middle East (Israel) - ???,0.0,1209,zero_observed_ai_and_distance_gte_q75,1251.605776472141
1484706021,Santa Cruz Xoxocotlán,Santa Cruz Xoxocotlan,Mexico,MX,MEX,Oaxaca,93188.0,1389.4470213718348,49.92124558149014,azure,southcentralus,"Texas, South Central US, US",0.0,1210,zero_observed_ai_and_distance_gte_q75,1251.605776472141
1120889812,Bafang,Bafang,Cameroon,CM,CMR,Ouest,93145.0,3899.8335175008197,14.228591515094644,aws,il-central-1,Middle East (Israel) - ???,0.0,1211,zero_observed_ai_and_distance_gte_q75,1251.605776472141
1540958092,Nouméa,Noumea,New Caledonia,NC,NCL,Province Sud,93060.0,1969.9376847006897,37.34508626065304,azure,australiaeast,"New South Wales, Australia East, Asia Pacific",0.0,1212,zero_observed_ai_and_distance_gte_q75,1251.605776472141
1643380964,Glazov,Glazov,Russia,RU,RUS,Udmurtiya,93056.0,1458.7976960317487,48.21987777302434,gcp,europe-north1,"Hamina, Finland, Europe",0.0,1213,zero_observed_ai_and_distance_gte_q75,1251.605776472141
1566025302,Wukari,Wukari,Nigeria,NG,NGA,Taraba,92933.0,3697.207678968628,15.74568479565662,aws,il-central-1,Middle East (Israel) - ???,0.0,1214,zero_observed_ai_and_distance_gte_q75,1251.605776472141
1643216966,Magadan,Magadan,Russia,RU,RUS,Magadanskaya Oblast’,92782.0,2773.155958085832,24.992910557318393,gcp,asia-northeast1,"Tokyo, Japan, APAC",0.0,1215,zero_observed_ai_and_distance_gte_q75,1251.605776472141
1076873169,Sorriso,Sorriso,Brazil,BR,BRA,Mato Grosso,92769.0,1542.1377885589457,46.25184207012854,gcp,southamerica-east1,"Osasco, São Paulo, Brazil, South America",0.0,1216,zero_observed_ai_and_distance_gte_q75,1251.605776472141
1120088650,Foumban,Foumban,Cameroon,CM,CMR,Ouest,92673.0,3801.691692082164,14.944216068796056,aws,il-central-1,Middle East (Israel) - ???,0.0,1217,zero_observed_ai_and_distance_gte_q75,1251.605776472141
1834044142,Mtwara,Mtwara,Tanzania,TZ,TZA,Mtwara,92602.0,2131.159289555788,34.45280929674449,azure,southafricanorth,"Johannesburg, South Africa North, Africa",0.0,1218,zero_observed_ai_and_distance_gte_q75,1251.605776472141
1170917722,Yumbo,Yumbo,Colombia,CO,COL,Valle del Cauca,92192.0,3313.759335220088,19.073320352488523,gcp,us-east1,"Moncks Corner, South Carolina, North America",0.0,1219,zero_observed_ai_and_distance_gte_q75,1251.605776472141
1222402975,Acajutla,Acajutla,El Salvador,SV,SLV,Sonsonate,92000.0,1973.1275420412287,37.28557098580756,azure,southcentralus,"Texas, South Central US, US",0.0,1220,zero_observed_ai_and_distance_gte_q75,1251.605776472141
1834242035,Kilosa,Kilosa,Tanzania,TZ,TZA,Morogoro,91889.0,2297.6471025248443,31.700949551026447,azure,southafricanorth,"Johannesburg, South Africa North, Africa",0.0,1221,zero_observed_ai_and_distance_gte_q75,1251.605776472141
1404614327,Kakamega,Kakamega,Kenya,KE,KEN,Kakamega,91778.0,2976.506400977888,22.576668042498817,azure,southafricanorth,"Johannesburg, South Africa North, Africa",0.0,1222,zero_observed_ai_and_distance_gte_q75,1251.605776472141
1156210684,Weiyuan,Weiyuan,China,CN,CHN,Yunnan,91536.0,1384.5125183724222,50.04456591810339,aws,ap-east-1,Asia Pacific (Hong Kong),0.0,1223,zero_observed_ai_and_distance_gte_q75,1251.605776472141
1148655909,Yao,Yao,Chad,TD,TCD,Batha,91507.0,2728.297807569351,25.55981220355063,aws,il-central-1,Middle East (Israel) - ???,0.0,1224,zero_observed_ai_and_distance_gte_q75,1251.605776472141
1076909404,São Félix do Xingu,Sao Felix do Xingu,Brazil,BR,BRA,Pará,91340.0,1958.4313981308535,37.56055711593427,gcp,southamerica-east1,"Osasco, São Paulo, Brazil, South America",0.0,1225,zero_observed_ai_and_distance_gte_q75,1251.605776472141
1170751552,Mosquera,Mosquera,Colombia,CO,COL,Cundinamarca,91282.0,3224.0343405806466,19.948481311427642,gcp,us-east1,"Moncks Corner, South Carolina, North America",0.0,1226,zero_observed_ai_and_distance_gte_q75,1251.605776472141
1076422654,Cáceres,Caceres,Brazil,BR,BRA,Mato Grosso,91271.0,1408.0922867839256,49.45801078367428,gcp,southamerica-east1,"Osasco, São Paulo, Brazil, South America",0.0,1227,zero_observed_ai_and_distance_gte_q75,1251.605776472141
1404600696,Kendu Bay,Kendu Bay,Kenya,KE,KEN,Homa Bay,91248.0,2904.1140913279096,23.408826224434527,azure,southafricanorth,"Johannesburg, South Africa North, Africa",0.0,1228,zero_observed_ai_and_distance_gte_q75,1251.605776472141
1608664930,Santa Cruz,Santa Cruz,Philippines,PH,PHL,Davao del Sur,90987.0,1986.4517617923273,37.037996016641614,gcp,asia-east1,"Changhua County, Taiwan, APAC",0.0,1229,zero_observed_ai_and_distance_gte_q75,1251.605776472141
1222948232,Tonacatepeque,Tonacatepeque,El Salvador,SV,SLV,San Salvador,90896.0,1988.4833419939685,37.00039228891425,azure,southcentralus,"Texas, South Central US, US",0.0,1230,zero_observed_ai_and_distance_gte_q75,1251.605776472141
1104898616,Chauk,Chauk,Myanmar,MM,MMR,Magway,90870.0,1632.600256067918,44.20642135047508,azure,jioindiacentral,"Nagpur, Jio India Central, Asia Pacific",0.0,1231,zero_observed_ai_and_distance_gte_q75,1251.605776472141
1608085930,Isulan,Isulan,Philippines,PH,PHL,Sultan Kudarat,90682.0,1987.1937561859722,37.024257572563215,gcp,asia-east1,"Changhua County, Taiwan, APAC",0.0,1232,zero_observed_ai_and_distance_gte_q75,1251.605776472141
1894950283,Chililabombwe,Chililabombwe,Zambia,ZM,ZMB,Copperbelt,90530.0,1486.629856493372,47.553493567395236,azure,southafricanorth,"Johannesburg, South Africa North, Africa",0.0,1233,zero_observed_ai_and_distance_gte_q75,1251.605776472141
1051691929,Vanadzor,Vanadzor,Armenia,AM,ARG,Lorri,90525.0,1343.9353548268816,51.070269033132675,aws,il-central-1,Middle East (Israel) - ???,0.0,1234,zero_observed_ai_and_distance_gte_q75,1251.605776472141
1170906059,Fundación,Fundacion,Colombia,CO,COL,Magdalena,90514.0,2591.0632244229223,27.375229557856546,gcp,us-east1,"Moncks Corner, South Carolina, North America",0.0,1235,zero_observed_ai_and_distance_gte_q75,1251.605776472141
1608177821,Palimbang,Palimbang,Philippines,PH,PHL,Sultan Kudarat,90424.0,2023.8304234919617,36.35220906616695,gcp,asia-east1,"Changhua County, Taiwan, APAC",0.0,1236,zero_observed_ai_and_distance_gte_q75,1251.605776472141
1218156392,Babahoyo,Babahoyo,Ecuador,EC,ECU,Los Ríos,90191.0,3635.4073249233234,16.23982442694574,gcp,southamerica-west1,"Santiago, Chile, South America",0.0,1237,zero_observed_ai_and_distance_gte_q75,1251.605776472141
1170754105,Ocaña,Ocana,Colombia,CO,COL,Norte de Santander,90037.0,2857.5796534605797,23.959870281163997,gcp,us-east1,"Moncks Corner, South Carolina, North America",0.0,1238,zero_observed_ai_and_distance_gte_q75,1251.605776472141
1222559007,Chalchuapa,Chalchuapa,El Salvador,SV,SLV,Santa Ana,90000.0,1940.91371239744,37.89098912222362,azure,southcentralus,"Texas, South Central US, US",0.0,1239,zero_observed_ai_and_distance_gte_q75,1251.605776472141
1024699465,Luau,Luau,Angola,AO,AGO,Moxico,90000.0,1786.102031043162,40.940474506903854,azure,southafricanorth,"Johannesburg, South Africa North, Africa",0.0,1240,zero_observed_ai_and_distance_gte_q75,1251.605776472141
1643153158,Kiselëvsk,Kiselevsk,Russia,RU,RUS,Kemerovskaya Oblast’,89867.0,2366.9764715670085,30.620874518924072,aws,cn-northwest-1,China (Ningxia),0.0,1241,zero_observed_ai_and_distance_gte_q75,1251.605776472141
1795885709,Balkanabat,Balkanabat,Turkmenistan,TM,TKM,Balkan,89785.0,1527.2874627067338,46.596547697131676,aws,me-south-1,Middle East (Bahrain),0.0,1242,zero_observed_ai_and_distance_gte_q75,1251.605776472141
1795429041,Serdar,Serdar,Turkmenistan,TM,TKM,Balkan,89582.0,1522.9022066859688,46.69882868390048,aws,me-south-1,Middle East (Bahrain),0.0,1243,zero_observed_ai_and_distance_gte_q75,1251.605776472141
1862715472,Cantaura,Cantaura,Venezuela,VE,VEN,Anzoátegui,89552.0,3103.989376366331,21.182502726493883,gcp,us-east1,"Moncks Corner, South Carolina, North America",0.0,1244,zero_observed_ai_and_distance_gte_q75,1251.605776472141
1643874419,Kansk,Kansk,Russia,RU,RUS,Krasnoyarskiy Kray,89508.0,2235.5996909982077,32.69984508692195,aws,cn-northwest-1,China (Ningxia),0.0,1245,zero_observed_ai_and_distance_gte_q75,1251.605776472141
1076053036,Santa Inês,Santa Ines,Brazil,BR,BRA,Maranhão,89489.0,2151.6762964856957,34.101181703316776,azure,brazilsoutheast,"Rio, Brazil Southeast, South America",0.0,1246,zero_observed_ai_and_distance_gte_q75,1251.605776472141
1231400775,Hosaina,Hosaina,Ethiopia,ET,ETH,YeDebub Bihēroch Bihēreseboch na Hizboch,89300.0,2465.921694847997,29.14284239002355,aws,me-south-1,Middle East (Bahrain),0.0,1247,zero_observed_ai_and_distance_gte_q75,1251.605776472141
1504999983,Ad Dakhla,Ad Dakhla,Morocco,MA,MAR,,89292.0,2180.868437498575,33.607053389288346,gcp,europe-southwest1,"Madrid, Spain, Europe",0.0,1248,zero_observed_ai_and_distance_gte_q75,1251.605776472141
1608326061,Parang,Parang,Philippines,PH,PHL,Maguindanao,89194.0,1899.015893847063,38.69313673907078,gcp,asia-east1,"Changhua County, Taiwan, APAC",0.0,1249,zero_observed_ai_and_distance_gte_q75,1251.605776472141
1608578355,Kabacan,Kabacan,Philippines,PH,PHL,Cotabato,89161.0,1939.971254427146,37.90884866220986,gcp,asia-east1,"Changhua County, Taiwan, APAC",0.0,1250,zero_observed_ai_and_distance_gte_q75,1251.605776472141
1608471718,Oton,Oton,Philippines,PH,PHL,Iloilo,89115.0,1501.997139058016,47.189509732460714,gcp,asia-east1,"Changhua County, Taiwan, APAC",0.0,1251,zero_observed_ai_and_distance_gte_q75,1251.605776472141
1417653652,Jalal-Abad,Jalal-Abad,Kyrgyzstan,KG,KGZ,Jalal-Abad,89004.0,1419.3156861561988,49.18124457082484,gcp,asia-south2,"Delhi, India APAC",0.0,1252,zero_observed_ai_and_distance_gte_q75,1251.605776472141
1643408575,Kamensk-Shakhtinskiy,Kamensk-Shakhtinskiy,Russia,RU,RUS,Rostovskaya Oblast’,88997.0,1431.2988442052624,48.88745227623292,gcp,europe-central2,"Warsaw, Poland, Europe",0.0,1253,zero_observed_ai_and_distance_gte_q75,1251.605776472141
1104118052,Shwebo,Shwebo,Myanmar,MM,MMR,Sagaing,88914.0,1719.9826770543266,42.31657475405034,azure,jioindiacentral,"Nagpur, Jio India Central, Asia Pacific",0.0,1254,zero_observed_ai_and_distance_gte_q75,1251.605776472141
1608705741,Salaman,Salaman,Philippines,PH,PHL,Sultan Kudarat,88868.0,1975.5806655391432,37.2398659663927,gcp,asia-east1,"Changhua County, Taiwan, APAC",0.0,1255,zero_observed_ai_and_distance_gte_q75,1251.605776472141
1170283887,Montelíbano,Montelibano,Colombia,CO,COL,Córdoba,88674.0,2844.5513920133503,24.1164574692862,gcp,us-east1,"Moncks Corner, South Carolina, North America",0.0,1256,zero_observed_ai_and_distance_gte_q75,1251.605776472141
1604040866,Chosica,Chosica,Peru,PE,PER,Lima,88606.0,2468.6352383289595,29.103329016407265,gcp,southamerica-west1,"Santiago, Chile, South America",0.0,1257,zero_observed_ai_and_distance_gte_q75,1251.605776472141
1192042203,San Luis,San Luis,Cuba,CU,CUB,Santiago de Cuba,88496.0,1504.0675931671658,47.14068315295219,gcp,us-east1,"Moncks Corner, South Carolina, North America",0.0,1258,zero_observed_ai_and_distance_gte_q75,1251.605776472141
1156868763,Dongchuan,Dongchuan,China,CN,CHN,Yunnan,88481.0,1361.7098188732537,50.61840658009312,aws,ap-east-1,Asia Pacific (Hong Kong),0.0,1259,zero_observed_ai_and_distance_gte_q75,1251.605776472141
1862682610,La Grita,La Grita,Venezuela,VE,VEN,Táchira,88450.0,2906.6775746501894,23.378841377143353,gcp,us-east1,"Moncks Corner, South Carolina, North America",0.0,1260,zero_observed_ai_and_distance_gte_q75,1251.605776472141
1320608933,Tacaná,Tacana,Guatemala,GT,GTM,San Marcos,87998.0,1708.4027550086532,42.56229674641762,azure,southcentralus,"Texas, South Central US, US",0.0,1261,zero_observed_ai_and_distance_gte_q75,1251.605776472141
1608236440,Victorias,Victorias,Philippines,PH,PHL,Negros Occidental,87933.0,1489.4559124398388,47.486346602202,gcp,asia-east1,"Changhua County, Taiwan, APAC",0.0,1262,zero_observed_ai_and_distance_gte_q75,1251.605776472141
1862822831,Maiquetía,Maiquetia,Venezuela,VE,VEN,Vargas,87909.0,2843.980557673662,24.123341702716225,gcp,us-east1,"Moncks Corner, South Carolina, North America",0.0,1263,zero_observed_ai_and_distance_gte_q75,1251.605776472141
1076046408,Cacoal,Cacoal,Brazil,BR,BRA,Rondônia,87877.0,2052.189215598985,35.840393886698614,gcp,southamerica-east1,"Osasco, São Paulo, Brazil, South America",0.0,1264,zero_observed_ai_and_distance_gte_q75,1251.605776472141
1120924207,Ébolowa,Ebolowa,Cameroon,CM,CMR,Sud,87875.0,3676.1707164800646,15.912179586970352,azure,southafricanorth,"Johannesburg, South Africa North, Africa",0.0,1265,zero_observed_ai_and_distance_gte_q75,1251.605776472141
1862865294,San Juan de los Morros,San Juan de los Morros,Venezuela,VE,VEN,Guárico,87739.0,2896.2108574540575,23.50151194724319,gcp,us-east1,"Moncks Corner, South Carolina, North America",0.0,1266,zero_observed_ai_and_distance_gte_q75,1251.605776472141
1694028641,Makeni,Makeni,Sierra Leone,SL,SLE,Northern,87679.0,3602.2832316478816,16.5110288070055,gcp,europe-southwest1,"Madrid, Spain, Europe",0.0,1267,zero_observed_ai_and_distance_gte_q75,1251.605776472141
1076732684,São Gonçalo do Amarante,Sao Goncalo do Amarante,Brazil,BR,BRA,Rio Grande do Norte,87668.0,2081.715993445656,35.315154906210346,azure,brazilsoutheast,"Rio, Brazil Southeast, South America",0.0,1268,zero_observed_ai_and_distance_gte_q75,1251.605776472141
1646038255,Gitarama,Gitarama,Rwanda,RW,RWA,Southern Province,87613.0,2636.237060230947,26.763838210825607,azure,southafricanorth,"Johannesburg, South Africa North, Africa",0.0,1269,zero_observed_ai_and_distance_gte_q75,1251.605776472141
1076235057,Santa Cruz do Capibaribe,Santa Cruz do Capibaribe,Brazil,BR,BRA,Pernambuco,87582.0,1822.4225015451132,40.203696141448745,azure,brazilsoutheast,"Rio, Brazil Southeast, South America",0.0,1270,zero_observed_ai_and_distance_gte_q75,1251.605776472141
1076649238,Gurupi,Gurupi,Brazil,BR,BRA,Tocantins,87545.0,1334.4005275974155,51.31432342089121,gcp,southamerica-east1,"Osasco, São Paulo, Brazil, South America",0.0,1271,zero_observed_ai_and_distance_gte_q75,1251.605776472141
1694104584,Koidu-Bulma,Koidu-Bulma,Sierra Leone,SL,SLE,Eastern,87539.0,3625.371018653759,16.321523169759512,gcp,europe-southwest1,"Madrid, Spain, Europe",0.0,1272,zero_observed_ai_and_distance_gte_q75,1251.605776472141
1608079890,Compostela,Compostela,Philippines,PH,PHL,Compostela Valley,87474.0,1917.564981609055,38.33593454864194,gcp,asia-east1,"Changhua County, Taiwan, APAC",0.0,1273,zero_observed_ai_and_distance_gte_q75,1251.605776472141
1854839075,Koudougou,Koudougou,Burkina Faso,BF,BFA,Centre-Ouest,87347.0,3134.7312968140327,20.859396904574623,gcp,europe-southwest1,"Madrid, Spain, Europe",0.0,1274,zero_observed_ai_and_distance_gte_q75,1251.605776472141
1608443221,Balamban,Balamban,Philippines,PH,PHL,Cebu,87177.0,1551.5929606850837,46.03369855857243,gcp,asia-east1,"Changhua County, Taiwan, APAC",0.0,1275,zero_observed_ai_and_distance_gte_q75,1251.605776472141
1729364292,Ad Diwem,Ad Diwem,Sudan,SD,SDN,White Nile,87068.0,1967.9281928156063,37.382627441063455,aws,il-central-1,Middle East (Israel) - ???,0.0,1276,zero_observed_ai_and_distance_gte_q75,1251.605776472141
1076642686,São Cristóvão,Sao Cristovao,Brazil,BR,BRA,Sergipe,86979.0,1467.2740635580274,48.015945526410256,azure,brazilsoutheast,"Rio, Brazil Southeast, South America",0.0,1277,zero_observed_ai_and_distance_gte_q75,1251.605776472141
1204036358,Lokossa,Lokossa,Benin,BJ,BEN,Mono,86971.0,3797.1119579687975,14.978475546714945,gcp,europe-southwest1,"Madrid, Spain, Europe",0.0,1278,zero_observed_ai_and_distance_gte_q75,1251.605776472141
1156671398,Menglang,Menglang,China,CN,CHN,Yunnan,86877.0,1462.4019437045065,48.13305783553844,aws,ap-east-1,Asia Pacific (Hong Kong),0.0,1279,zero_observed_ai_and_distance_gte_q75,1251.605776472141
1860782136,Kattagan,Kattagan,Uzbekistan,UZ,UZB,Navoiy,86745.0,1706.101557474111,42.6112970570289,gcp,asia-south2,"Delhi, India APAC",0.0,1280,zero_observed_ai_and_distance_gte_q75,1251.605776472141
1484393519,Paraíso,Paraiso,Mexico,MX,MEX,Tabasco,86632.0,1337.5799448744833,51.23281340342378,azure,southcentralus,"Texas, South Central US, US",0.0,1281,zero_observed_ai_and_distance_gte_q75,1251.605776472141
1862849758,Tucupita,Tucupita,Venezuela,VE,VEN,Delta Amacuro,86487.0,3255.558997362455,19.636511939010113,gcp,us-east1,"Moncks Corner, South Carolina, North America",0.0,1282,zero_observed_ai_and_distance_gte_q75,1251.605776472141
1643186193,Novotroitsk,Novotroitsk,Russia,RU,RUS,Orenburgskaya Oblast’,86474.0,2173.2723508985077,33.73493713351808,gcp,europe-north1,"Hamina, Finland, Europe",0.0,1283,zero_observed_ai_and_distance_gte_q75,1251.605776472141
1764821078,Nakhon Sawan,Nakhon Sawan,Thailand,TH,THA,Nakhon Sawan,86439.0,1644.333995727493,43.94782734120356,aws,ap-east-1,Asia Pacific (Hong Kong),0.0,1284,zero_observed_ai_and_distance_gte_q75,1251.605776472141
1643877351,Buzuluk,Buzuluk,Russia,RU,RUS,Orenburgskaya Oblast’,86316.0,1745.2322807495825,41.785694562724,gcp,europe-north1,"Hamina, Finland, Europe",0.0,1285,zero_observed_ai_and_distance_gte_q75,1251.605776472141
1398121545,Zhezqazghan,Zhezqazghan,Kazakhstan,KZ,KAZ,Qaraghandy,86227.0,2280.0067007750617,31.981795030043607,gcp,asia-south2,"Delhi, India APAC",0.0,1286,zero_observed_ai_and_distance_gte_q75,1251.605776472141
1608024101,Aroroy,Aroroy,Philippines,PH,PHL,Masbate,86168.0,1320.444298414868,51.6736529129813,gcp,asia-east1,"Changhua County, Taiwan, APAC",0.0,1287,zero_observed_ai_and_distance_gte_q75,1251.605776472141
1643987882,Bugulma,Bugulma,Russia,RU,RUS,Tatarstan,86085.0,1654.2641364247004,43.73016409061324,gcp,europe-north1,"Hamina, Finland, Europe",0.0,1288,zero_observed_ai_and_distance_gte_q75,1251.605776472141
1156428919,Longchuan,Longchuan,China,CN,CHN,Yunnan,86060.0,1350.5419914444408,50.90184600898229,aws,ap-east-1,Asia Pacific (Hong Kong),0.0,1289,zero_observed_ai_and_distance_gte_q75,1251.605776472141
1300109851,Vólos,Volos,Greece,GR,GRC,Thessalía,86046.0,1314.646534718941,51.82366605756646,aws,eu-south-1,EU (Milan),0.0,1290,zero_observed_ai_and_distance_gte_q75,1251.605776472141
1566461523,Potiskum,Potiskum,Nigeria,NG,NGA,Yobe,86002.0,3286.6749461844784,19.333371826377476,aws,il-central-1,Middle East (Israel) - ???,0.0,1291,zero_observed_ai_and_distance_gte_q75,1251.605776472141
1566364417,Keffi,Keffi,Nigeria,NG,NGA,Nasarawa,85911.0,3692.2264943285745,15.784949753486583,gcp,europe-southwest1,"Madrid, Spain, Europe",0.0,1292,zero_observed_ai_and_distance_gte_q75,1251.605776472141
1031616606,Qaraçuxur,Qaracuxur,Azerbaijan,AZ,AZE,Bakı,85900.0,1584.4641656690114,45.28329058359273,aws,me-south-1,Middle East (Bahrain),0.0,1293,zero_observed_ai_and_distance_gte_q75,1251.605776472141
1608561205,Pongotan,Pongotan,Philippines,PH,PHL,Compostela Valley,85899.0,1968.287059263586,37.37592035745531,gcp,asia-east1,"Changhua County, Taiwan, APAC",0.0,1294,zero_observed_ai_and_distance_gte_q75,1251.605776472141
1643587963,Yeysk,Yeysk,Russia,RU,RUS,Krasnodarskiy Kray,85760.0,1386.1415246360507,50.003821058093415,gcp,europe-central2,"Warsaw, Poland, Europe",0.0,1295,zero_observed_ai_and_distance_gte_q75,1251.605776472141
1608738002,Hinigaran,Hinigaran,Philippines,PH,PHL,Negros Occidental,85602.0,1554.7707257733316,45.96061449486314,gcp,asia-east1,"Changhua County, Taiwan, APAC",0.0,1296,zero_observed_ai_and_distance_gte_q75,1251.605776472141
1076392685,Redenção,Redencao,Brazil,BR,BRA,Pará,85563.0,1758.1600189287813,41.51646836210194,gcp,southamerica-east1,"Osasco, São Paulo, Brazil, South America",0.0,1297,zero_observed_ai_and_distance_gte_q75,1251.605776472141
1608244406,Maasin,Maasin,Philippines,PH,PHL,Southern Leyte,85560.0,1616.0155592655785,44.57452049174596,gcp,asia-east1,"Changhua County, Taiwan, APAC",0.0,1298,zero_observed_ai_and_distance_gte_q75,1251.605776472141
1170668478,Chiquinquirá,Chiquinquira,Colombia,CO,COL,Boyacá,85274.0,3132.9920837233735,20.87754426204128,gcp,us-east1,"Moncks Corner, South Carolina, North America",0.0,1299,zero_observed_ai_and_distance_gte_q75,1251.605776472141
1686269931,Louga,Louga,Senegal,SN,SEN,Louga,85075.0,3011.3233164540493,22.187044285088117,gcp,europe-southwest1,"Madrid, Spain, Europe",0.0,1300,zero_observed_ai_and_distance_gte_q75,1251.605776472141
1604871130,Puerto Maldonado,Puerto Maldonado,Peru,PE,PER,Madre de Dios,85024.0,2321.8350700326855,31.31986782515416,gcp,southamerica-west1,"Santiago, Chile, South America",0.0,1301,zero_observed_ai_and_distance_gte_q75,1251.605776472141
1156221385,Korgas,Korgas,China,CN,CHN,Xinjiang,85000.0,1743.8109916878986,41.8153998917471,gcp,asia-south2,"Delhi, India APAC",0.0,1302,zero_observed_ai_and_distance_gte_q75,1251.605776472141
1516267898,Walvisbaai,Walvisbaai,Namibia,,NAM,Erongo,85000.0,1279.014836573551,52.755222262941736,aws,af-south-1,Africa (Cape Town),0.0,1303,zero_observed_ai_and_distance_gte_q75,1251.605776472141
1076945288,Araripina,Araripina,Brazil,BR,BRA,Pernambuco,84864.0,1730.3361707591732,42.098078596485955,azure,brazilsoutheast,"Rio, Brazil Southeast, South America",0.0,1304,zero_observed_ai_and_distance_gte_q75,1251.605776472141
1076049373,Jacobina,Jacobina,Brazil,BR,BRA,Bahia,84811.0,1334.2863909830385,51.31725192602499,azure,brazilsoutheast,"Rio, Brazil Southeast, South America",0.0,1305,zero_observed_ai_and_distance_gte_q75,1251.605776472141
1076214495,Gravatá,Gravata,Brazil,BR,BRA,Pernambuco,84699.0,1827.068605581889,40.11040926107101,azure,brazilsoutheast,"Rio, Brazil Southeast, South America",0.0,1306,zero_observed_ai_and_distance_gte_q75,1251.605776472141
1120662630,Guider,Guider,Cameroon,CM,CMR,Nord,84647.0,3226.7582719771535,19.921330657475835,aws,il-central-1,Middle East (Israel) - ???,0.0,1307,zero_observed_ai_and_distance_gte_q75,1251.605776472141
1608974893,Surallah,Surallah,Philippines,PH,PHL,South Cotabato,84539.0,2019.2883261699583,36.43486051910286,gcp,asia-east1,"Changhua County, Taiwan, APAC",0.0,1308,zero_observed_ai_and_distance_gte_q75,1251.605776472141
1090737486,Honiara,Honiara,Solomon Islands,SB,SLB,Honiara,84520.0,2859.174386131981,23.94077310192978,azure,australiaeast,"New South Wales, Australia East, Asia Pacific",0.0,1309,zero_observed_ai_and_distance_gte_q75,1251.605776472141
1608517986,Daanbantayan,Daanbantayan,Philippines,PH,PHL,Cebu,84430.0,1463.5886830546967,48.104505610499224,gcp,asia-east1,"Changhua County, Taiwan, APAC",0.0,1310,zero_observed_ai_and_distance_gte_q75,1251.605776472141
1170724527,Sabanalarga,Sabanalarga,Colombia,CO,COL,Atlántico,84410.0,2562.6253125445282,27.76725724804323,gcp,us-east1,"Moncks Corner, South Carolina, North America",0.0,1311,zero_observed_ai_and_distance_gte_q75,1251.605776472141
1076913729,Serra Talhada,Serra Talhada,Brazil,BR,BRA,Pernambuco,84352.0,1739.6730345625988,41.9020046184794,azure,brazilsoutheast,"Rio, Brazil Southeast, South America",0.0,1312,zero_observed_ai_and_distance_gte_q75,1251.605776472141
1170787746,Chigorodó,Chigorodo,Colombia,CO,COL,Antioquia,84183.0,2859.1715798053333,23.940806694768106,gcp,us-east1,"Moncks Corner, South Carolina, North America",0.0,1313,zero_observed_ai_and_distance_gte_q75,1251.605776472141
1608545440,Banga,Banga,Philippines,PH,PHL,South Cotabato,83989.0,2027.7189272176277,36.28159987923614,gcp,asia-east1,"Changhua County, Taiwan, APAC",0.0,1314,zero_observed_ai_and_distance_gte_q75,1251.605776472141
1170926689,Cereté,Cerete,Colombia,CO,COL,Córdoba,83917.0,2737.7001170315525,25.439933576256728,gcp,us-east1,"Moncks Corner, South Carolina, North America",0.0,1315,zero_observed_ai_and_distance_gte_q75,1251.605776472141
1643824002,Zheleznogorsk,Zheleznogorsk,Russia,RU,RUS,Krasnoyarskiy Kray,83857.0,2300.682333931597,31.65287617985408,aws,cn-northwest-1,China (Ningxia),0.0,1316,zero_observed_ai_and_distance_gte_q75,1251.605776472141
1608709784,Makilala,Makilala,Philippines,PH,PHL,Cotabato,83851.0,1963.0355888341787,37.4741885844328,gcp,asia-east1,"Changhua County, Taiwan, APAC",0.0,1317,zero_observed_ai_and_distance_gte_q75,1251.605776472141
1484349924,Acayucan,Acayucan,Mexico,MX,MEX,Veracruz,83817.0,1326.9724144021104,51.505262081355085,azure,southcentralus,"Texas, South Central US, US",0.0,1318,zero_observed_ai_and_distance_gte_q75,1251.605776472141
1076349995,Pinheiro,Pinheiro,Brazil,BR,BRA,Maranhão,83777.0,2275.3750958979585,32.05594437344036,azure,brazilsoutheast,"Rio, Brazil Southeast, South America",0.0,1319,zero_observed_ai_and_distance_gte_q75,1251.605776472141
1288938914,Ho,Ho,Ghana,GH,GHA,Volta,83715.0,3781.891097671005,15.0929030575995,gcp,europe-southwest1,"Madrid, Spain, Europe",0.0,1320,zero_observed_ai_and_distance_gte_q75,1251.605776472141
1800554483,Mbarara,Mbarara,Uganda,UG,UGA,Mbarara,83700.0,2806.6687361451586,24.57760882097025,azure,southafricanorth,"Johannesburg, South Africa North, Africa",0.0,1321,zero_observed_ai_and_distance_gte_q75,1251.605776472141
1204541753,Ouidah,Ouidah,Benin,BJ,BEN,Atlantique,83503.0,3830.6426236895772,14.729449751518587,gcp,europe-southwest1,"Madrid, Spain, Europe",0.0,1322,zero_observed_ai_and_distance_gte_q75,1251.605776472141
1780795054,Chaguanas,Chaguanas,Trinidad And Tobago,TT,TTO,Chaguanas,83489.0,3157.729832721913,20.620902990981488,gcp,us-east1,"Moncks Corner, South Carolina, North America",0.0,1323,zero_observed_ai_and_distance_gte_q75,1251.605776472141
1484698021,Nacajuca,Nacajuca,Mexico,MX,MEX,Tabasco,83356.0,1368.7411078305677,50.440762707800346,azure,southcentralus,"Texas, South Central US, US",0.0,1324,zero_observed_ai_and_distance_gte_q75,1251.605776472141
1484768624,Jalpa de Méndez,Jalpa de Mendez,Mexico,MX,MEX,Tabasco,83356.0,1366.2198143204914,50.504390789470285,azure,southcentralus,"Texas, South Central US, US",0.0,1325,zero_observed_ai_and_distance_gte_q75,1251.605776472141
1076020210,Moju,Moju,Brazil,BR,BRA,Pará,83182.0,2413.001293747416,29.924260492672627,azure,brazilsoutheast,"Rio, Brazil Southeast, South America",0.0,1326,zero_observed_ai_and_distance_gte_q75,1251.605776472141
1076899406,Coari,Coari,Brazil,BR,BRA,Amazonas,83078.0,2784.988432536768,24.84548310740936,gcp,southamerica-east1,"Osasco, São Paulo, Brazil, South America",0.0,1327,zero_observed_ai_and_distance_gte_q75,1251.605776472141
1643089795,Chaykovskiy,Chaykovskiy,Russia,RU,RUS,Permskiy Kray,83077.0,1600.7909559273464,44.91512995469999,gcp,europe-north1,"Hamina, Finland, Europe",0.0,1328,zero_observed_ai_and_distance_gte_q75,1251.605776472141
1404993573,Lodwar,Lodwar,Kenya,KE,KEN,Turkana,82970.0,3016.8153251037857,22.126202140153666,aws,me-south-1,Middle East (Bahrain),0.0,1329,zero_observed_ai_and_distance_gte_q75,1251.605776472141
1360221504,Tual,Tual,Indonesia,ID,IDN,Maluku,82955.0,2866.9782527180187,23.847539815625023,aws,ap-southeast-3,Asia Pacific (Jakarta),0.0,1330,zero_observed_ai_and_distance_gte_q75,1251.605776472141
1450106928,Antsiranana,Antsiranana,Madagascar,MG,MDG,Antsiranana,82937.0,2668.225050885507,26.33918253050901,azure,southafricanorth,"Johannesburg, South Africa North, Africa",0.0,1331,zero_observed_ai_and_distance_gte_q75,1251.605776472141
1364402242,Shīrvān,Shirvan,Iran,IR,IRN,Khorāsān-e Shomālī,82790.0,1371.2598742280552,50.37727844261355,azure,uaenorth,"Dubai, UAE North, Middle East",0.0,1332,zero_observed_ai_and_distance_gte_q75,1251.605776472141
1724300501,Arona,Arona,Spain,ES,ESP,Canary Islands,82777.0,1811.9553546182476,40.414656695964155,gcp,europe-southwest1,"Madrid, Spain, Europe",0.0,1333,zero_observed_ai_and_distance_gte_q75,1251.605776472141
1608461552,Prosperidad,Prosperidad,Philippines,PH,PHL,Agusan del Sur,82631.0,1812.4262007075706,40.40514327431913,gcp,asia-east1,"Changhua County, Taiwan, APAC",0.0,1334,zero_observed_ai_and_distance_gte_q75,1251.605776472141
1076881427,Cruzeiro do Sul,Cruzeiro do Sul,Brazil,BR,BRA,Acre,82622.0,2877.1179328145445,23.726942565910324,gcp,southamerica-west1,"Santiago, Chile, South America",0.0,1335,zero_observed_ai_and_distance_gte_q75,1251.605776472141
1608014287,Dapitan,Dapitan,Philippines,PH,PHL,Zamboanga del Norte,82418.0,1741.8052842776115,41.85735565469046,gcp,asia-east1,"Changhua County, Taiwan, APAC",0.0,1336,zero_observed_ai_and_distance_gte_q75,1251.605776472141
1608966710,Guinobatan,Guinobatan,Philippines,PH,PHL,Albay,82361.0,1253.0601464264794,53.44430655823943,gcp,asia-east1,"Changhua County, Taiwan, APAC",0.0,1337,zero_observed_ai_and_distance_gte_q75,1251.605776472141
1643787798,Kuznetsk,Kuznetsk,Russia,RU,RUS,Penzenskaya Oblast’,82276.0,1433.6350368886851,48.83038036131029,gcp,europe-north1,"Hamina, Finland, Europe",0.0,1338,zero_observed_ai_and_distance_gte_q75,1251.605776472141
1608879246,Nabunturan,Nabunturan,Philippines,PH,PHL,Compostela Valley,82234.0,1920.0380022690338,38.2885610645,gcp,asia-east1,"Changhua County, Taiwan, APAC",0.0,1339,zero_observed_ai_and_distance_gte_q75,1251.605776472141
1204597697,Abomey,Abomey,Benin,BJ,BEN,Zou,82154.0,3738.2896334310026,15.42555221688104,gcp,europe-southwest1,"Madrid, Spain, Europe",0.0,1340,zero_observed_ai_and_distance_gte_q75,1251.605776472141
1860881451,Bekobod,Bekobod,Uzbekistan,UZ,UZB,Toshkent,82082.0,1479.489549034908,47.72357026912862,gcp,asia-south2,"Delhi, India APAC",0.0,1341,zero_observed_ai_and_distance_gte_q75,1251.605776472141
1643673948,Ust’-Ilimsk,Ust'-Ilimsk,Russia,RU,RUS,Irkutskaya Oblast’,81976.0,2237.8260459068656,32.66346460933163,aws,cn-north-1,China (Beijing),0.0,1342,zero_observed_ai_and_distance_gte_q75,1251.605776472141
1076176042,Macaíba,Macaiba,Brazil,BR,BRA,Rio Grande do Norte,81821.0,2073.9831722169197,35.45196210195563,azure,brazilsoutheast,"Rio, Brazil Southeast, South America",0.0,1343,zero_observed_ai_and_distance_gte_q75,1251.605776472141
1076495439,Quixeramobim,Quixeramobim,Brazil,BR,BRA,Ceará,81778.0,2012.9440513777142,36.550620408746404,azure,brazilsoutheast,"Rio, Brazil Southeast, South America",0.0,1344,zero_observed_ai_and_distance_gte_q75,1251.605776472141
1384823872,Agboville,Agboville,Côte D’Ivoire,CI,CIV,Lagunes,81770.0,3834.726658610342,14.699402646741412,gcp,europe-southwest1,"Madrid, Spain, Europe",0.0,1345,zero_observed_ai_and_distance_gte_q75,1251.605776472141
1643047994,Yurga,Yurga,Russia,RU,RUS,Kemerovskaya Oblast’,81759.0,2584.6650324539155,27.46294577630217,aws,cn-northwest-1,China (Ningxia),0.0,1346,zero_observed_ai_and_distance_gte_q75,1251.605776472141
1156746567,Xindian,Xindian,China,CN,CHN,Yunnan,81667.0,1326.8387614461537,51.508704111625434,aws,ap-east-1,Asia Pacific (Hong Kong),0.0,1347,zero_observed_ai_and_distance_gte_q75,1251.605776472141
1360956480,Watampone,Watampone,Indonesia,ID,IDN,Sulawesi Selatan,81629.0,1506.3041731753478,47.087995663633336,aws,ap-southeast-3,Asia Pacific (Jakarta),0.0,1348,zero_observed_ai_and_distance_gte_q75,1251.605776472141
1554138183,Palmerston North,Palmerston North,New Zealand,NZ,NZL,Manawatu-Wanganui,81500.0,2272.0246856005638,32.10968966112359,gcp,australia-southeast1,"Sydney, Australia, APAC",0.0,1349,zero_observed_ai_and_distance_gte_q75,1251.605776472141
1398997742,Kentaū,Kentau,Kazakhstan,KZ,KAZ,Ongtüstik Qazaqstan,81484.0,1826.6095306664972,40.119617159178276,gcp,asia-south2,"Delhi, India APAC",0.0,1350,zero_observed_ai_and_distance_gte_q75,1251.605776472141
1643287068,Anapa,Anapa,Russia,RU,RUS,Krasnodarskiy Kray,81447.0,1446.0987837591351,48.52702183883837,gcp,europe-central2,"Warsaw, Poland, Europe",0.0,1351,zero_observed_ai_and_distance_gte_q75,1251.605776472141
1484076708,Cunduacán,Cunduacan,Mexico,MX,MEX,Tabasco,81392.0,1373.2915246349305,50.32612991687008,azure,southcentralus,"Texas, South Central US, US",0.0,1352,zero_observed_ai_and_distance_gte_q75,1251.605776472141
1170279867,Caldas,Caldas,Colombia,CO,COL,Antioquia,81381.0,3048.0784065959347,21.783024693743513,gcp,us-east1,"Moncks Corner, South Carolina, North America",0.0,1353,zero_observed_ai_and_distance_gte_q75,1251.605776472141
1404232217,Athi River,Athi River,Kenya,KE,KEN,Machakos,81302.0,2858.5443247424446,23.94831636843122,azure,southafricanorth,"Johannesburg, South Africa North, Africa",0.0,1354,zero_observed_ai_and_distance_gte_q75,1251.605776472141
1608306618,Murcia,Murcia,Philippines,PH,PHL,Negros Occidental,81286.0,1521.388180937769,46.73419368261035,gcp,asia-east1,"Changhua County, Taiwan, APAC",0.0,1355,zero_observed_ai_and_distance_gte_q75,1251.605776472141
1608519654,Maco,Maco,Philippines,PH,PHL,Compostela Valley,81277.0,1942.7347572875003,37.856504228180945,gcp,asia-east1,"Changhua County, Taiwan, APAC",0.0,1356,zero_observed_ai_and_distance_gte_q75,1251.605776472141
1643155652,Novouralsk,Novouralsk,Russia,RU,RUS,Sverdlovskaya Oblast’,81202.0,1903.396313353358,38.60848339173879,gcp,europe-north1,"Hamina, Finland, Europe",0.0,1357,zero_observed_ai_and_distance_gte_q75,1251.605776472141
1484364230,Salina Cruz,Salina Cruz,Mexico,MX,MEX,Oaxaca,81063.0,1511.370012246551,46.96887648286051,azure,southcentralus,"Texas, South Central US, US",0.0,1358,zero_observed_ai_and_distance_gte_q75,1251.605776472141
1170562658,Funza,Funza,Colombia,CO,COL,Cundinamarca,80937.0,3223.4238762677583,19.954571158757446,gcp,us-east1,"Moncks Corner, South Carolina, North America",0.0,1359,zero_observed_ai_and_distance_gte_q75,1251.605776472141
1204752595,Natitingou,Natitingou,Benin,BJ,BEN,Atacora,80892.0,3383.9523584955214,18.415524040225637,gcp,europe-southwest1,"Madrid, Spain, Europe",0.0,1360,zero_observed_ai_and_distance_gte_q75,1251.605776472141
1608021703,Indanan,Indanan,Philippines,PH,PHL,Sulu,80883.0,1949.8079089461628,37.72285829413116,azure,eastasia,"Hong Kong, East Asia, Asia Pacific",0.0,1361,zero_observed_ai_and_distance_gte_q75,1251.605776472141
1643548776,Azov,Azov,Russia,RU,RUS,Rostovskaya Oblast’,80721.0,1437.4760559243093,48.73669114538007,gcp,europe-central2,"Warsaw, Poland, Europe",0.0,1362,zero_observed_ai_and_distance_gte_q75,1251.605776472141
1768070717,Atakpamé,Atakpame,Togo,TG,TGO,Plateaux,80683.0,3688.087075116011,15.817653847940738,gcp,europe-southwest1,"Madrid, Spain, Europe",0.0,1363,zero_observed_ai_and_distance_gte_q75,1251.605776472141
1608680606,Calatrava,Calatrava,Philippines,PH,PHL,Negros Occidental,80624.0,1530.3510175537144,46.52522679517561,gcp,asia-east1,"Changhua County, Taiwan, APAC",0.0,1364,zero_observed_ai_and_distance_gte_q75,1251.605776472141
1608268539,Kalibo,Kalibo,Philippines,PH,PHL,Aklan,80605.0,1389.4781760077149,49.920467948432496,gcp,asia-east1,"Changhua County, Taiwan, APAC",0.0,1365,zero_observed_ai_and_distance_gte_q75,1251.605776472141
1076173437,Quixadá,Quixada,Brazil,BR,BRA,Ceará,80604.0,2044.152528508591,35.98470264904194,azure,brazilsoutheast,"Rio, Brazil Southeast, South America",0.0,1366,zero_observed_ai_and_distance_gte_q75,1251.605776472141
1608905309,Passi,Passi,Philippines,PH,PHL,Iloilo,80544.0,1459.6150970932492,48.20017431006795,gcp,asia-east1,"Changhua County, Taiwan, APAC",0.0,1367,zero_observed_ai_and_distance_gte_q75,1251.605776472141
1608955515,Tanjay,Tanjay,Philippines,PH,PHL,Negros Oriental,80532.0,1642.4501393020223,43.98924254167548,gcp,asia-east1,"Changhua County, Taiwan, APAC",0.0,1368,zero_observed_ai_and_distance_gte_q75,1251.605776472141
1608579431,Alabel,Alabel,Philippines,PH,PHL,Sarangani,80359.0,2061.7413933921935,35.66962510745908,gcp,asia-east1,"Changhua County, Taiwan, APAC",0.0,1369,zero_observed_ai_and_distance_gte_q75,1251.605776472141
1834561245,Uvinza,Uvinza,Tanzania,TZ,TZA,Kigoma,80350.0,2305.3406136139083,31.579237994961485,azure,southafricanorth,"Johannesburg, South Africa North, Africa",0.0,1370,zero_observed_ai_and_distance_gte_q75,1251.605776472141
1404002930,Kilifi,Kilifi,Kenya,KE,KEN,Kilifi,80339.0,2753.052732843199,25.245396431800575,azure,southafricanorth,"Johannesburg, South Africa North, Africa",0.0,1371,zero_observed_ai_and_distance_gte_q75,1251.605776472141
1434206265,Zuwārah,Zuwarah,Libya,LY,LBY,An Nuqāţ al Khams,80310.0,1415.2444896393947,49.281459790978246,aws,eu-south-1,EU (Milan),0.0,1372,zero_observed_ai_and_distance_gte_q75,1251.605776472141
1608300985,Talipao,Talipao,Philippines,PH,PHL,Sulu,80255.0,1958.0328156295968,37.56804335228213,azure,eastasia,"Hong Kong, East Asia, Asia Pacific",0.0,1373,zero_observed_ai_and_distance_gte_q75,1251.605776472141
1170225535,Los Patios,Los Patios,Colombia,CO,COL,Norte de Santander,80235.0,2924.1218686740654,23.175814388423866,gcp,us-east1,"Moncks Corner, South Carolina, North America",0.0,1374,zero_observed_ai_and_distance_gte_q75,1251.605776472141
1120049681,Mbalmayo,Mbalmayo,Cameroon,CM,CMR,Centre,80206.0,3717.5551668721982,15.58630435282945,azure,southafricanorth,"Johannesburg, South Africa North, Africa",0.0,1375,zero_observed_ai_and_distance_gte_q75,1251.605776472141
1076901443,Chapadinha,Chapadinha,Brazil,BR,BRA,Maranhão,80195.0,2130.658787929277,34.461432219191614,azure,brazilsoutheast,"Rio, Brazil Southeast, South America",0.0,1376,zero_observed_ai_and_distance_gte_q75,1251.605776472141
1036507374,Mackay,Mackay,Australia,AU,AUS,Queensland,80148.0,1428.1846353735011,48.96363444045311,azure,australiaeast,"New South Wales, Australia East, Asia Pacific",0.0,1377,zero_observed_ai_and_distance_gte_q75,1251.605776472141
1120789508,Meïganga,Meiganga,Cameroon,CM,CMR,Adamaoua,80100.0,3507.9951080297055,17.30806593686587,aws,il-central-1,Middle East (Israel) - ???,0.0,1378,zero_observed_ai_and_distance_gte_q75,1251.605776472141
1862027409,Puerto Ayacucho,Puerto Ayacucho,Venezuela,VE,VEN,Amazonas,80000.0,3318.833925486492,19.024987053436657,gcp,us-east1,"Moncks Corner, South Carolina, North America",0.0,1379,zero_observed_ai_and_distance_gte_q75,1251.605776472141
1862219492,San Carlos del Zulia,San Carlos del Zulia,Venezuela,VE,VEN,Zulia,80000.0,2814.8664003901376,24.47707550378597,gcp,us-east1,"Moncks Corner, South Carolina, North America",0.0,1380,zero_observed_ai_and_distance_gte_q75,1251.605776472141
1604615351,Andahuaylas,Andahuaylas,Peru,PE,PER,Apurímac,80000.0,2216.7658928898413,33.00923066727825,gcp,southamerica-west1,"Santiago, Chile, South America",0.0,1381,zero_observed_ai_and_distance_gte_q75,1251.605776472141
1024864144,Capenda Camulemba,Capenda Camulemba,Angola,AO,AGO,Lunda Norte,80000.0,2086.7685232754807,35.226052065484225,azure,southafricanorth,"Johannesburg, South Africa North, Africa",0.0,1382,zero_observed_ai_and_distance_gte_q75,1251.605776472141
1156023872,Koktokay,Koktokay,China,CN,CHN,Xinjiang,80000.0,1728.8179571909727,42.13004766597974,aws,cn-northwest-1,China (Ningxia),0.0,1383,zero_observed_ai_and_distance_gte_q75,1251.605776472141
1788933524,Zarzis,Zarzis,Tunisia,TN,TUN,Médenine,80000.0,1340.487073758657,51.158397304992285,aws,eu-south-1,EU (Milan),0.0,1384,zero_observed_ai_and_distance_gte_q75,1251.605776472141
1788380441,Ben Gardane,Ben Gardane,Tunisia,TN,TUN,Médenine,79912.0,1381.4377093605053,50.12156383254882,aws,eu-south-1,EU (Milan),0.0,1385,zero_observed_ai_and_distance_gte_q75,1251.605776472141
1484824578,Cárdenas,Cardenas,Mexico,MX,MEX,Tabasco,79875.0,1374.0678171964605,50.30659980723245,azure,southcentralus,"Texas, South Central US, US",0.0,1386,zero_observed_ai_and_distance_gte_q75,1251.605776472141
1320041079,Chiquimula,Chiquimula,Guatemala,GT,GTM,Chiquimula,79815.0,1869.1863215256715,39.274561736002525,azure,southcentralus,"Texas, South Central US, US",0.0,1387,zero_observed_ai_and_distance_gte_q75,1251.605776472141
1192326052,Baracoa,Baracoa,Cuba,CU,CUB,Guantánamo,79797.0,1529.7374996756546,46.53950101364555,gcp,us-east1,"Moncks Corner, South Carolina, North America",0.0,1388,zero_observed_ai_and_distance_gte_q75,1251.605776472141
1214299029,Cotuí,Cotui,Dominican Republic,DO,DOM,Cibao Sur,79596.0,1852.388094331385,39.60582244225265,gcp,us-east1,"Moncks Corner, South Carolina, North America",0.0,1389,zero_observed_ai_and_distance_gte_q75,1251.605776472141
1854011699,Ouahigouya,Ouahigouya,Burkina Faso,BF,BFA,Nord,79504.0,2986.3760017268787,22.46553113734452,gcp,europe-southwest1,"Madrid, Spain, Europe",0.0,1390,zero_observed_ai_and_distance_gte_q75,1251.605776472141
1804569428,Yalta,Yalta,Ukraine,UA,UKR,"Krym, Avtonomna Respublika",79458.0,1293.6893653348345,52.369559833533074,gcp,europe-central2,"Warsaw, Poland, Europe",0.0,1391,zero_observed_ai_and_distance_gte_q75,1251.605776472141
1214449469,Nagua,Nagua,Dominican Republic,DO,DOM,Cibao Nordeste,79420.0,1837.814908381191,39.89546793268535,gcp,us-east1,"Moncks Corner, South Carolina, North America",0.0,1392,zero_observed_ai_and_distance_gte_q75,1251.605776472141
1608220278,Matalam,Matalam,Philippines,PH,PHL,Cotabato,79361.0,1945.6891381838907,37.80062424458329,gcp,asia-east1,"Changhua County, Taiwan, APAC",0.0,1393,zero_observed_ai_and_distance_gte_q75,1251.605776472141
1804228533,Yenakiieve,Yenakiieve,Ukraine,UA,UKR,Donets’ka Oblast’,79348.0,1297.9116639022695,52.259116497007355,gcp,europe-central2,"Warsaw, Poland, Europe",0.0,1394,zero_observed_ai_and_distance_gte_q75,1251.605776472141
1643881437,Ozërsk,Ozersk,Russia,RU,RUS,Chelyabinskaya Oblast’,79265.0,2012.9055957021974,36.5513232049022,gcp,europe-north1,"Hamina, Finland, Europe",0.0,1395,zero_observed_ai_and_distance_gte_q75,1251.605776472141
1180477995,Lisala,Lisala,Congo (Kinshasa),CD,COD,Mongala,79235.0,3182.129927164672,20.37085539840251,azure,southafricanorth,"Johannesburg, South Africa North, Africa",0.0,1396,zero_observed_ai_and_distance_gte_q75,1251.605776472141
1484804575,Ciudad Lázaro Cárdenas,Ciudad Lazaro Cardenas,Mexico,MX,MEX,Michoacán de Ocampo,79200.0,1328.3821471978367,51.468970544645764,azure,southcentralus,"Texas, South Central US, US",0.0,1397,zero_observed_ai_and_distance_gte_q75,1251.605776472141
1608493740,Bantayan,Bantayan,Philippines,PH,PHL,Cebu,79084.0,1470.822835785529,47.930822242549844,gcp,asia-east1,"Changhua County, Taiwan, APAC",0.0,1398,zero_observed_ai_and_distance_gte_q75,1251.605776472141
1764611048,Ubon Ratchathani,Ubon Ratchathani,Thailand,TH,THA,Ubon Ratchathani,79023.0,1253.979144803134,53.41975458399332,aws,ap-east-1,Asia Pacific (Hong Kong),0.0,1399,zero_observed_ai_and_distance_gte_q75,1251.605776472141
1604962520,Huaral,Huaral,Peru,PE,PER,Lima,79011.0,2528.984272454271,28.2382671658846,gcp,southamerica-west1,"Santiago, Chile, South America",0.0,1400,zero_observed_ai_and_distance_gte_q75,1251.605776472141
1608313367,Mabinay,Mabinay,Philippines,PH,PHL,Negros Oriental,78864.0,1614.5043616908206,44.608213673037945,gcp,asia-east1,"Changhua County, Taiwan, APAC",0.0,1401,zero_observed_ai_and_distance_gte_q75,1251.605776472141
1686195160,Tambacounda,Tambacounda,Senegal,SN,SEN,Tambacounda,78800.0,3117.8032458727307,21.03670066454945,gcp,europe-southwest1,"Madrid, Spain, Europe",0.0,1402,zero_observed_ai_and_distance_gte_q75,1251.605776472141
1764251992,Nakhon Pathom,Nakhon Pathom,Thailand,TH,THA,Nakhon Pathom,78780.0,1444.1224926205743,48.574997299924725,gcp,asia-southeast1,"Jurong West, Singapore, APAC",0.0,1403,zero_observed_ai_and_distance_gte_q75,1251.605776472141
1170909785,Tierralta,Tierralta,Colombia,CO,COL,Córdoba,78770.0,2812.114902970746,24.510772983144413,gcp,us-east1,"Moncks Corner, South Carolina, North America",0.0,1404,zero_observed_ai_and_distance_gte_q75,1251.605776472141
1170394868,El Carmen de Bolívar,El Carmen de Bolivar,Colombia,CO,COL,Bolívar,78729.0,2658.6057815509375,26.466169511614318,gcp,us-east1,"Moncks Corner, South Carolina, North America",0.0,1405,zero_observed_ai_and_distance_gte_q75,1251.605776472141
1170734727,La Dorada,La Dorada,Colombia,CO,COL,Caldas,78540.0,3134.1761141852367,20.865188095733913,gcp,us-east1,"Moncks Corner, South Carolina, North America",0.0,1406,zero_observed_ai_and_distance_gte_q75,1251.605776472141
1340789148,Tela,Tela,Honduras,HN,HND,Atlántida,78537.0,1889.7653676743719,38.87251719723944,azure,southcentralus,"Texas, South Central US, US",0.0,1407,zero_observed_ai_and_distance_gte_q75,1251.605776472141
1076752928,Picos,Picos,Brazil,BR,BRA,Piauí,78431.0,1769.5871050883504,41.279938586576414,azure,brazilsoutheast,"Rio, Brazil Southeast, South America",0.0,1408,zero_observed_ai_and_distance_gte_q75,1251.605776472141
1643006243,Kropotkin,Kropotkin,Russia,RU,RUS,Krasnodarskiy Kray,78149.0,1611.869505548601,44.66702051431909,gcp,europe-central2,"Warsaw, Poland, Europe",0.0,1409,zero_observed_ai_and_distance_gte_q75,1251.605776472141
1608673076,Bogo,Bogo,Philippines,PH,PHL,Cebu,78120.0,1497.3315363139247,47.29972198717937,gcp,asia-east1,"Changhua County, Taiwan, APAC",0.0,1410,zero_observed_ai_and_distance_gte_q75,1251.605776472141
1288765586,Wa,Wa,Ghana,GH,GHA,Upper West,78107.0,3376.855988561023,18.480981785208574,gcp,europe-southwest1,"Madrid, Spain, Europe",0.0,1411,zero_observed_ai_and_distance_gte_q75,1251.605776472141
1170602407,Arjona,Arjona,Colombia,CO,COL,Bolívar,78070.0,2595.3180629294166,27.317052872475266,gcp,us-east1,"Moncks Corner, South Carolina, North America",0.0,1412,zero_observed_ai_and_distance_gte_q75,1251.605776472141
1076290338,Dias d’Ávila,Dias d'Avila,Brazil,BR,BRA,Bahia,78058.0,1256.437277683242,53.354138487929006,azure,brazilsoutheast,"Rio, Brazil Southeast, South America",0.0,1413,zero_observed_ai_and_distance_gte_q75,1251.605776472141
1398134106,Balqash,Balqash,Kazakhstan,KZ,KAZ,Qaraghandy,78002.0,2032.744513918175,36.19054616381803,gcp,asia-south2,"Delhi, India APAC",0.0,1414,zero_observed_ai_and_distance_gte_q75,1251.605776472141
1076523331,Aquiraz,Aquiraz,Brazil,BR,BRA,Ceará,77717.0,2175.541228649095,33.696688608786914,azure,brazilsoutheast,"Rio, Brazil Southeast, South America",0.0,1415,zero_observed_ai_and_distance_gte_q75,1251.605776472141
1608000106,Siaton,Siaton,Philippines,PH,PHL,Negros Oriental,77696.0,1689.7085582750633,42.96199582404117,gcp,asia-east1,"Changhua County, Taiwan, APAC",0.0,1416,zero_observed_ai_and_distance_gte_q75,1251.605776472141
1320213771,Villa Canales,Villa Canales,Guatemala,GT,GTM,Guatemala,77638.0,1851.2397582697488,39.62856936898741,azure,southcentralus,"Texas, South Central US, US",0.0,1417,zero_observed_ai_and_distance_gte_q75,1251.605776472141
1566815415,Numan,Numan,Nigeria,NG,NGA,Adamawa,77617.0,3400.8971358566114,18.260159645923395,aws,il-central-1,Middle East (Israel) - ???,0.0,1418,zero_observed_ai_and_distance_gte_q75,1251.605776472141
1484375272,Ciudad de Huajuapam de León,Ciudad de Huajuapam de Leon,Mexico,MX,MEX,Oaxaca,77547.0,1293.381304685238,52.37762695511851,azure,southcentralus,"Texas, South Central US, US",0.0,1419,zero_observed_ai_and_distance_gte_q75,1251.605776472141
1643895073,Usol’ye-Sibirskoye,Usol'ye-Sibirskoye,Russia,RU,RUS,Irkutskaya Oblast’,77407.0,1725.527463291993,42.19941904926433,aws,cn-north-1,China (Beijing),0.0,1420,zero_observed_ai_and_distance_gte_q75,1251.605776472141
1076519156,Canindé,Caninde,Brazil,BR,BRA,Ceará,77244.0,2104.0872257827646,34.92233420502649,azure,brazilsoutheast,"Rio, Brazil Southeast, South America",0.0,1421,zero_observed_ai_and_distance_gte_q75,1251.605776472141
1484935305,Cozumel,Cozumel,Mexico,MX,MEX,Quintana Roo,77236.0,1526.838617784239,46.607006182567126,azure,southcentralus,"Texas, South Central US, US",0.0,1422,zero_observed_ai_and_distance_gte_q75,1251.605776472141
1643756962,Gelendzhik,Gelendzhik,Russia,RU,RUS,Krasnodarskiy Kray,77212.0,1475.499248868785,47.81888100230733,aws,il-central-1,Middle East (Israel) - ???,0.0,1423,zero_observed_ai_and_distance_gte_q75,1251.605776472141
1466546429,Kayes,Kayes,Mali,ML,MLI,Kayes,77207.0,2982.9600221572878,22.503934822251836,gcp,europe-southwest1,"Madrid, Spain, Europe",0.0,1424,zero_observed_ai_and_distance_gte_q75,1251.605776472141
1360796329,Ende,Ende,Indonesia,ID,IDN,Nusa Tenggara Timur,77205.0,1660.389624442503,43.59643468653829,aws,ap-southeast-3,Asia Pacific (Jakarta),0.0,1425,zero_observed_ai_and_distance_gte_q75,1251.605776472141
1320450064,Chinautla,Chinautla,Guatemala,GT,GTM,Guatemala,77071.0,1830.513593671295,40.041378789344144,azure,southcentralus,"Texas, South Central US, US",0.0,1426,zero_observed_ai_and_distance_gte_q75,1251.605776472141
1608318645,Poblacion,Poblacion,Philippines,PH,PHL,Sultan Kudarat,77013.0,1969.859813412743,37.34654034394349,gcp,asia-east1,"Changhua County, Taiwan, APAC",0.0,1427,zero_observed_ai_and_distance_gte_q75,1251.605776472141
1004654094,Balkh,Balkh,Afghanistan,AF,AFG,Balkh,77000.0,1319.5558922575697,51.69661160747416,gcp,asia-south2,"Delhi, India APAC",0.0,1428,zero_observed_ai_and_distance_gte_q75,1251.605776472141
1398159801,Sarqan,Sarqan,Kazakhstan,KZ,KAZ,Almaty,76919.0,1879.5467545967988,39.07163705255509,gcp,asia-south2,"Delhi, India APAC",0.0,1429,zero_observed_ai_and_distance_gte_q75,1251.605776472141
1140239733,Berbérati,Berberati,Central African Republic,CF,CAF,Mambéré-Kadéï,76918.0,3595.1032419068792,16.5704098407571,azure,southafricanorth,"Johannesburg, South Africa North, Africa",0.0,1430,zero_observed_ai_and_distance_gte_q75,1251.605776472141
1608544416,Malapatan,Malapatan,Philippines,PH,PHL,Sarangani,76914.0,2076.300251386256,35.41091338338039,gcp,asia-east1,"Changhua County, Taiwan, APAC",0.0,1431,zero_observed_ai_and_distance_gte_q75,1251.605776472141
1434563640,Surt,Surt,Libya,LY,LBY,Surt,76788.0,1710.8700211933324,42.50982286208015,aws,eu-south-1,EU (Milan),0.0,1432,zero_observed_ai_and_distance_gte_q75,1251.605776472141
1643009402,Balashov,Balashov,Russia,RU,RUS,Saratovskaya Oblast’,76776.0,1403.5415281319722,49.570674646819526,gcp,europe-north1,"Hamina, Finland, Europe",0.0,1433,zero_observed_ai_and_distance_gte_q75,1251.605776472141
1862716082,San Felipe,San Felipe,Venezuela,VE,VEN,Yaracuy,76766.0,2790.7857659401616,24.773568611269745,gcp,us-east1,"Moncks Corner, South Carolina, North America",0.0,1434,zero_observed_ai_and_distance_gte_q75,1251.605776472141
1104170402,Pyapon,Pyapon,Myanmar,MM,MMR,Ayeyawady,76741.0,1708.5653866588157,42.558835898853076,azure,southindia,"Chennai, South India, Asia Pacific",0.0,1435,zero_observed_ai_and_distance_gte_q75,1251.605776472141
1504009062,Ait Ali,Ait Ali,Morocco,MA,MAR,Souss-Massa,76646.0,1253.3510533341964,53.43653346458682,gcp,europe-southwest1,"Madrid, Spain, Europe",0.0,1436,zero_observed_ai_and_distance_gte_q75,1251.605776472141
1120569504,Dschang,Dschang,Cameroon,CM,CMR,Ouest,76524.0,3884.447762583047,14.338472434357435,aws,il-central-1,Middle East (Israel) - ???,0.0,1437,zero_observed_ai_and_distance_gte_q75,1251.605776472141
1192323011,Palma Soriano,Palma Soriano,Cuba,CU,CUB,Santiago de Cuba,76500.0,1497.4694768495149,47.29645982518467,gcp,us-east1,"Moncks Corner, South Carolina, North America",0.0,1438,zero_observed_ai_and_distance_gte_q75,1251.605776472141
1148461151,Abéché,Abeche,Chad,TD,TCD,Ouaddaï,76492.0,2432.8088759629622,29.629359596579004,aws,il-central-1,Middle East (Israel) - ???,0.0,1439,zero_observed_ai_and_distance_gte_q75,1251.605776472141
1608204911,Kapalong,Kapalong,Philippines,PH,PHL,Davao del Norte,76334.0,1914.2479037632934,38.39956894370953,gcp,asia-east1,"Changhua County, Taiwan, APAC",0.0,1440,zero_observed_ai_and_distance_gte_q75,1251.605776472141
1608681407,Jose Abad Santos,Jose Abad Santos,Philippines,PH,PHL,Davao Occidental,76332.0,2091.5804323380344,35.141401659246576,gcp,asia-east1,"Changhua County, Taiwan, APAC",0.0,1441,zero_observed_ai_and_distance_gte_q75,1251.605776472141
1320970605,Lívingston,Livingston,Guatemala,GT,GTM,Izabal,76310.0,1810.0782573046652,40.45260562339258,azure,southcentralus,"Texas, South Central US, US",0.0,1442,zero_observed_ai_and_distance_gte_q75,1251.605776472141
1608298426,Bais,Bais,Philippines,PH,PHL,Negros Oriental,76291.0,1633.6715663439106,44.18274829460931,gcp,asia-east1,"Changhua County, Taiwan, APAC",0.0,1443,zero_observed_ai_and_distance_gte_q75,1251.605776472141
1170194197,Turbaco,Turbaco,Colombia,CO,COL,Bolívar,76218.0,2585.5938188349396,27.45019513217756,gcp,us-east1,"Moncks Corner, South Carolina, North America",0.0,1444,zero_observed_ai_and_distance_gte_q75,1251.605776472141
1643779858,Anzhero-Sudzhensk,Anzhero-Sudzhensk,Russia,RU,RUS,Kemerovskaya Oblast’,76217.0,2562.069766098006,27.774971319921843,aws,cn-northwest-1,China (Ningxia),0.0,1445,zero_observed_ai_and_distance_gte_q75,1251.605776472141
1012765474,Tamanrasset,Tamanrasset,Algeria,DZ,DZA,Tamanrasset,76000.0,2143.3460228880213,34.24351400108932,gcp,europe-southwest1,"Madrid, Spain, Europe",0.0,1446,zero_observed_ai_and_distance_gte_q75,1251.605776472141
1788550812,Houmt Souk,Houmt Souk,Tunisia,TN,TUN,Médenine,75904.0,1297.310203664714,52.274834750676405,aws,eu-south-1,EU (Milan),0.0,1447,zero_observed_ai_and_distance_gte_q75,1251.605776472141
1104395820,Kengtung,Kengtung,Myanmar,MM,MMR,Shan State,75865.0,1506.6825476576794,47.079088058270926,aws,ap-east-1,Asia Pacific (Hong Kong),0.0,1448,zero_observed_ai_and_distance_gte_q75,1251.605776472141
1170084447,Espinal,Espinal,Colombia,CO,COL,Tolima,75828.0,3273.655801022242,19.45963432510967,gcp,us-east1,"Moncks Corner, South Carolina, North America",0.0,1449,zero_observed_ai_and_distance_gte_q75,1251.605776472141
1804007616,Bakhmut,Bakhmut,Ukraine,UA,UKR,Donets’ka Oblast’,75798.0,1266.6922470270256,53.081266132901625,gcp,europe-central2,"Warsaw, Poland, Europe",0.0,1450,zero_observed_ai_and_distance_gte_q75,1251.605776472141
1608085821,Santa Catalina,Santa Catalina,Philippines,PH,PHL,Negros Oriental,75756.0,1657.6980677216286,43.65514532182189,gcp,asia-east1,"Changhua County, Taiwan, APAC",0.0,1451,zero_observed_ai_and_distance_gte_q75,1251.605776472141
1804324480,Stakhanov,Stakhanov,Ukraine,UA,UKR,Luhans’ka Oblast’,75745.0,1311.372512948334,51.90857143957549,gcp,europe-central2,"Warsaw, Poland, Europe",0.0,1452,zero_observed_ai_and_distance_gte_q75,1251.605776472141
1076018887,Rio Largo,Rio Largo,Brazil,BR,BRA,Alagoas,75645.0,1685.7132759313604,43.047904254264154,azure,brazilsoutheast,"Rio, Brazil Southeast, South America",0.0,1453,zero_observed_ai_and_distance_gte_q75,1251.605776472141
1608320130,Batarasa,Batarasa,Philippines,PH,PHL,Palawan,75468.0,1556.0347417355606,45.931576196870076,azure,eastasia,"Hong Kong, East Asia, Asia Pacific",0.0,1454,zero_observed_ai_and_distance_gte_q75,1251.605776472141
1762998971,Bokhtar,Bokhtar,Tajikistan,TJ,TJK,Khatlon,75450.0,1286.8476166365433,52.549016291434846,gcp,asia-south2,"Delhi, India APAC",0.0,1455,zero_observed_ai_and_distance_gte_q75,1251.605776472141
1643871191,Chernogorsk,Chernogorsk,Russia,RU,RUS,Khakasiya,75419.0,2152.6075284461435,34.08530734413564,aws,cn-northwest-1,China (Ningxia),0.0,1456,zero_observed_ai_and_distance_gte_q75,1251.605776472141
1643030252,Shadrinsk,Shadrinsk,Russia,RU,RUS,Kurganskaya Oblast’,75348.0,2155.4264362141757,34.03729951566925,gcp,europe-north1,"Hamina, Finland, Europe",0.0,1457,zero_observed_ai_and_distance_gte_q75,1251.605776472141
1170420071,Acacías,Acacias,Colombia,CO,COL,Meta,75252.0,3311.9555418241284,19.090530276754304,gcp,us-east1,"Moncks Corner, South Carolina, North America",0.0,1458,zero_observed_ai_and_distance_gte_q75,1251.605776472141
1608175661,Taytay,Taytay,Philippines,PH,PHL,Palawan,75165.0,1393.674621144647,49.81583350751548,azure,eastasia,"Hong Kong, East Asia, Asia Pacific",0.0,1459,zero_observed_ai_and_distance_gte_q75,1251.605776472141
1222647953,Zacatecoluca,Zacatecoluca,El Salvador,SV,SLV,La Paz,75100.0,2028.9306222732348,36.25962541890293,azure,southcentralus,"Texas, South Central US, US",0.0,1460,zero_observed_ai_and_distance_gte_q75,1251.605776472141
1566566689,Idah,Idah,Nigeria,NG,NGA,Kogi,75087.0,3846.281518656029,14.614722728265914,gcp,europe-southwest1,"Madrid, Spain, Europe",0.0,1461,zero_observed_ai_and_distance_gte_q75,1251.605776472141
1218715616,Sangolquí,Sangolqui,Ecuador,EC,ECU,Pichincha,75080.0,3732.1539269118784,15.472948212336558,gcp,us-east1,"Moncks Corner, South Carolina, North America",0.0,1462,zero_observed_ai_and_distance_gte_q75,1251.605776472141
1608792754,Pototan,Pototan,Philippines,PH,PHL,Iloilo,75070.0,1476.1163074384426,47.8041297528636,gcp,asia-east1,"Changhua County, Taiwan, APAC",0.0,1463,zero_observed_ai_and_distance_gte_q75,1251.605776472141
1800926068,Bombo,Bombo,Uganda,UG,UGA,Luwero,75000.0,2962.5420849235693,22.734853501800583,azure,southafricanorth,"Johannesburg, South Africa North, Africa",0.0,1464,zero_observed_ai_and_distance_gte_q75,1251.605776472141
1231128743,Godē,Gode,Ethiopia,ET,ETH,Sumalē,75000.0,2302.0479772374306,31.63127028794627,aws,me-central-1,Middle East (United Arab Emirates) - ???,0.0,1465,zero_observed_ai_and_distance_gte_q75,1251.605776472141
1508033717,Palma,Palma,Mozambique,MZ,MOZ,Cabo Delgado,75000.0,2104.006954485308,34.92373586369296,azure,southafricanorth,"Johannesburg, South Africa North, Africa",0.0,1466,zero_observed_ai_and_distance_gte_q75,1251.605776472141
1558766877,Wiwilí,Wiwili,Nicaragua,NI,NIC,Nueva Segovia,74887.0,2188.8504621472593,33.47319451890487,azure,southcentralus,"Texas, South Central US, US",0.0,1467,zero_observed_ai_and_distance_gte_q75,1251.605776472141
1608534023,Robles,Robles,Philippines,PH,PHL,Negros Occidental,74855.0,1549.4062112567278,46.0840581665205,gcp,asia-east1,"Changhua County, Taiwan, APAC",0.0,1468,zero_observed_ai_and_distance_gte_q75,1251.605776472141
1484386317,Juchitán de Zaragoza,Juchitan de Zaragoza,Mexico,MX,MEX,Oaxaca,74825.0,1486.761421145352,47.55036549086662,azure,southcentralus,"Texas, South Central US, US",0.0,1469,zero_observed_ai_and_distance_gte_q75,1251.605776472141
1076499713,Arcoverde,Arcoverde,Brazil,BR,BRA,Pernambuco,74822.0,1739.2569415357032,41.91072309133925,azure,brazilsoutheast,"Rio, Brazil Southeast, South America",0.0,1470,zero_observed_ai_and_distance_gte_q75,1251.605776472141
1608647250,Lamitan,Lamitan,Philippines,PH,PHL,Basilan,74782.0,1934.3999306915234,38.01459711771764,azure,eastasia,"Hong Kong, East Asia, Asia Pacific",0.0,1471,zero_observed_ai_and_distance_gte_q75,1251.605776472141
1496235602,Darhan,Darhan,Mongolia,MN,MNG,Darhan-Uul,74738.0,1346.22135148771,51.011929148440885,aws,cn-north-1,China (Beijing),0.0,1472,zero_observed_ai_and_distance_gte_q75,1251.605776472141
1496510995,Darhan,Darhan,Mongolia,MN,MNG,Selenge,74738.0,1337.0292148213277,51.246923071013605,aws,cn-north-1,China (Beijing),0.0,1473,zero_observed_ai_and_distance_gte_q75,1251.605776472141
1504399838,Tiznit,Tiznit,Morocco,MA,MAR,Souss-Massa,74699.0,1310.8488979918102,51.92216327090817,gcp,europe-southwest1,"Madrid, Spain, Europe",0.0,1474,zero_observed_ai_and_distance_gte_q75,1251.605776472141
1608601211,Carmen,Carmen,Philippines,PH,PHL,Davao del Norte,74679.0,1938.3112528157726,37.940326098483816,gcp,asia-east1,"Changhua County, Taiwan, APAC",0.0,1475,zero_observed_ai_and_distance_gte_q75,1251.605776472141
1608307222,Ipil,Ipil,Philippines,PH,PHL,Zamboanga Sibugay,74656.0,1824.5799590159177,40.16035064237256,gcp,asia-east1,"Changhua County, Taiwan, APAC",0.0,1476,zero_observed_ai_and_distance_gte_q75,1251.605776472141
1608564166,Pilar,Pilar,Philippines,PH,PHL,Sorsogon,74564.0,1282.2311390169466,52.670452067724185,gcp,asia-east1,"Changhua County, Taiwan, APAC",0.0,1477,zero_observed_ai_and_distance_gte_q75,1251.605776472141
1608328732,San Francisco,San Francisco,Philippines,PH,PHL,Agusan del Sur,74542.0,1825.163243240282,40.14863990064097,gcp,asia-east1,"Changhua County, Taiwan, APAC",0.0,1478,zero_observed_ai_and_distance_gte_q75,1251.605776472141
1360451991,Manokwari,Manokwari,Indonesia,ID,IDN,Papua Barat,74504.0,3079.272217566016,21.44591270224298,aws,ap-southeast-3,Asia Pacific (Jakarta),0.0,1479,zero_observed_ai_and_distance_gte_q75,1251.605776472141
1232396238,Assab,Assab,Eritrea,ER,ERI,Debubawī K’eyih Bahrī,74405.0,1673.2182642630476,43.317688147964375,aws,me-south-1,Middle East (Bahrain),0.0,1480,zero_observed_ai_and_distance_gte_q75,1251.605776472141
1036561011,Bunbury,Bunbury,Australia,AU,AUS,Western Australia,74363.0,2687.5587710214463,26.085792057043523,azure,australiasoutheast,"Victoria, Australia Southeast, Asia Pacific",0.0,1481,zero_observed_ai_and_distance_gte_q75,1251.605776472141
1222760219,San Juan Opico,San Juan Opico,El Salvador,SV,SLV,La Libertad,74280.0,1967.0459471434021,37.39912140936678,azure,southcentralus,"Texas, South Central US, US",0.0,1482,zero_observed_ai_and_distance_gte_q75,1251.605776472141
1076723276,Palmeira dos Índios,Palmeira dos Indios,Brazil,BR,BRA,Alagoas,74208.0,1656.1900339723536,43.688074451058725,azure,brazilsoutheast,"Rio, Brazil Southeast, South America",0.0,1483,zero_observed_ai_and_distance_gte_q75,1251.605776472141
1643357328,Mineral’nyye Vody,Mineral'nyye Vody,Russia,RU,RUS,Stavropol’skiy Kray,74141.0,1581.8479073380377,45.34256573804086,aws,il-central-1,Middle East (Israel) - ???,0.0,1484,zero_observed_ai_and_distance_gte_q75,1251.605776472141
1417201811,Kara-Balta,Kara-Balta,Kyrgyzstan,KG,KGZ,Chüy,74133.0,1604.7451134315825,44.82641693083229,gcp,asia-south2,"Delhi, India APAC",0.0,1485,zero_observed_ai_and_distance_gte_q75,1251.605776472141
1032020207,San Ramón de la Nueva Orán,San Ramon de la Nueva Oran,Argentina,AR,ARG,Salta,74059.0,1301.5729146843303,52.16353714312319,gcp,southamerica-west1,"Santiago, Chile, South America",0.0,1486,zero_observed_ai_and_distance_gte_q75,1251.605776472141
1643438030,Yelabuga,Yelabuga,Russia,RU,RUS,Tatarstan,74031.0,1540.6003313371755,46.28741085405332,gcp,europe-north1,"Hamina, Finland, Europe",0.0,1487,zero_observed_ai_and_distance_gte_q75,1251.605776472141
1076567469,Oriximiná,Oriximina,Brazil,BR,BRA,Pará,74016.0,2610.3200204949253,27.112914813243005,gcp,southamerica-east1,"Osasco, São Paulo, Brazil, South America",0.0,1488,zero_observed_ai_and_distance_gte_q75,1251.605776472141
1068951603,Riberalta,Riberalta,Bolivia,BO,BOL,El Beni,74014.0,2475.0400861471303,29.010276895424457,gcp,southamerica-east1,"Osasco, São Paulo, Brazil, South America",0.0,1489,zero_observed_ai_and_distance_gte_q75,1251.605776472141
1643374193,Troitsk,Troitsk,Russia,RU,RUS,Chelyabinskaya Oblast’,73911.0,2156.6396453949305,34.01665859461066,gcp,europe-north1,"Hamina, Finland, Europe",0.0,1490,zero_observed_ai_and_distance_gte_q75,1251.605776472141
1076913277,Ceará-Mirim,Ceara-Mirim,Brazil,BR,BRA,Rio Grande do Norte,73886.0,2093.806033484836,35.10231803750158,azure,brazilsoutheast,"Rio, Brazil Southeast, South America",0.0,1491,zero_observed_ai_and_distance_gte_q75,1251.605776472141
1608468753,Barili,Barili,Philippines,PH,PHL,Cebu,73862.0,1584.1259700888024,45.29094853541219,gcp,asia-east1,"Changhua County, Taiwan, APAC",0.0,1492,zero_observed_ai_and_distance_gte_q75,1251.605776472141
1384167408,Grand-Bassam,Grand-Bassam,Côte D’Ivoire,CI,CIV,Comoé,73772.0,3915.925431414128,14.114568208648826,gcp,europe-southwest1,"Madrid, Spain, Europe",0.0,1493,zero_observed_ai_and_distance_gte_q75,1251.605776472141
1558482501,Siuna,Siuna,Nicaragua,NI,NIC,Caribe Norte,73730.0,2217.1909427631945,33.0022161280296,gcp,us-east1,"Moncks Corner, South Carolina, North America",0.0,1494,zero_observed_ai_and_distance_gte_q75,1251.605776472141
1608803591,Ubay,Ubay,Philippines,PH,PHL,Bohol,73712.0,1613.5199305138167,44.63017593582368,gcp,asia-east1,"Changhua County, Taiwan, APAC",0.0,1495,zero_observed_ai_and_distance_gte_q75,1251.605776472141
1608674437,Lambunao,Lambunao,Philippines,PH,PHL,Iloilo,73640.0,1462.8091492012613,48.12325881026341,gcp,asia-east1,"Changhua County, Taiwan, APAC",0.0,1496,zero_observed_ai_and_distance_gte_q75,1251.605776472141
1608889253,Cabadbaran,Cabadbaran,Philippines,PH,PHL,Agusan del Norte,73639.0,1745.0490627042798,41.78952268470628,gcp,asia-east1,"Changhua County, Taiwan, APAC",0.0,1497,zero_observed_ai_and_distance_gte_q75,1251.605776472141
1643548797,Birobidzhan,Birobidzhan,Russia,RU,RUS,Yevreyskaya Avtonomnaya Oblast’,73623.0,1336.3994875870048,51.26306140313363,aws,ap-northeast-2,Asia Pacific (Seoul),0.0,1498,zero_observed_ai_and_distance_gte_q75,1251.605776472141
1288067377,Bawku,Bawku,Ghana,GH,GHA,Upper East,73594.0,3281.992072156719,19.37869273609728,gcp,europe-southwest1,"Madrid, Spain, Europe",0.0,1499,zero_observed_ai_and_distance_gte_q75,1251.605776472141
1170002661,Copacabana,Copacabana,Colombia,CO,COL,Antioquia,73574.0,3021.4210991941904,22.075306621693436,gcp,us-east1,"Moncks Corner, South Carolina, North America",0.0,1500,zero_observed_ai_and_distance_gte_q75,1251.605776472141
1788376550,El Hamma,El Hamma,Tunisia,TN,TUN,Gabès,73512.0,1285.6741311766916,52.57985809192488,azure,francesouth,"Marseille, France South, Europe",0.0,1501,zero_observed_ai_and_distance_gte_q75,1251.605776472141
1643896344,Novoaltaysk,Novoaltaysk,Russia,RU,RUS,Altayskiy Kray,73439.0,2462.818993605652,29.18808824368525,aws,cn-northwest-1,China (Ningxia),0.0,1502,zero_observed_ai_and_distance_gte_q75,1251.605776472141
1834127573,Mpanda,Mpanda,Tanzania,TZ,TZA,Katavi,73338.0,2176.990174426379,33.672285112356,azure,southafricanorth,"Johannesburg, South Africa North, Africa",0.0,1503,zero_observed_ai_and_distance_gte_q75,1251.605776472141
1630023540,Caguas,Caguas,Puerto Rico,PR,PRI,Puerto Rico,73322.0,2169.7289122623274,33.79475895141896,gcp,us-east1,"Moncks Corner, South Carolina, North America",0.0,1504,zero_observed_ai_and_distance_gte_q75,1251.605776472141
1508862081,Cuamba,Cuamba,Mozambique,MZ,MOZ,Niassa,73268.0,1491.1891964854105,47.44521076632462,azure,southafricanorth,"Johannesburg, South Africa North, Africa",0.0,1505,zero_observed_ai_and_distance_gte_q75,1251.605776472141
1608000798,Narra,Narra,Philippines,PH,PHL,Palawan,73212.0,1512.6135955774748,46.939680704713766,azure,eastasia,"Hong Kong, East Asia, Asia Pacific",0.0,1506,zero_observed_ai_and_distance_gte_q75,1251.605776472141
1504164174,Tan-Tan,Tan-Tan,Morocco,MA,MAR,Guelmim-Oued Noun,73209.0,1493.8289525628652,47.38263018304514,gcp,europe-southwest1,"Madrid, Spain, Europe",0.0,1507,zero_observed_ai_and_distance_gte_q75,1251.605776472141
1729512860,Tokār,Tokar,Sudan,SD,SDN,Red Sea,73202.0,1484.6118992389647,47.6014982398253,aws,il-central-1,Middle East (Israel) - ???,0.0,1508,zero_observed_ai_and_distance_gte_q75,1251.605776472141
1608502082,Tagoloan,Tagoloan,Philippines,PH,PHL,Misamis Oriental,73150.0,1785.1163141852705,40.9606573380803,gcp,asia-east1,"Changhua County, Taiwan, APAC",0.0,1509,zero_observed_ai_and_distance_gte_q75,1251.605776472141
1320919361,San Juan Chamelco,San Juan Chamelco,Guatemala,GT,GTM,Alta Verapaz,73130.0,1766.5481655062547,41.34270988370276,azure,southcentralus,"Texas, South Central US, US",0.0,1510,zero_observed_ai_and_distance_gte_q75,1251.605776472141
1192288426,Moa,Moa,Cuba,CU,CUB,Holguín,73053.0,1481.7536119726656,47.6695762530055,gcp,us-east1,"Moncks Corner, South Carolina, North America",0.0,1511,zero_observed_ai_and_distance_gte_q75,1251.605776472141
1170419801,Santa Rosa de Cabal,Santa Rosa de Cabal,Colombia,CO,COL,Risaralda,73028.0,3182.853556897357,20.363486253292773,gcp,us-east1,"Moncks Corner, South Carolina, North America",0.0,1512,zero_observed_ai_and_distance_gte_q75,1251.605776472141
1231437227,Nek’emtē,Nek'emte,Ethiopia,ET,ETH,Oromīya,73018.0,2404.349513031223,30.05398995802695,aws,me-south-1,Middle East (Bahrain),0.0,1513,zero_observed_ai_and_distance_gte_q75,1251.605776472141
1170922792,San Vicente del Caguán,San Vicente del Caguan,Colombia,CO,COL,Caquetá,72949.0,3499.0705440323372,17.38547198328962,gcp,us-east1,"Moncks Corner, South Carolina, North America",0.0,1514,zero_observed_ai_and_distance_gte_q75,1251.605776472141
1800632405,Jinja,Jinja,Uganda,UG,UGA,Jinja,72931.0,2959.4852258750284,22.769628692066604,azure,southafricanorth,"Johannesburg, South Africa North, Africa",0.0,1515,zero_observed_ai_and_distance_gte_q75,1251.605776472141
1384274793,Dabou,Dabou,Côte D’Ivoire,CI,CIV,Lagunes,72913.0,3902.5379127812407,14.20936464941521,gcp,europe-southwest1,"Madrid, Spain, Europe",0.0,1516,zero_observed_ai_and_distance_gte_q75,1251.605776472141
1076897989,Crateús,Crateus,Brazil,BR,BRA,Ceará,72812.0,1989.5543722290136,36.98058332396276,azure,brazilsoutheast,"Rio, Brazil Southeast, South America",0.0,1517,zero_observed_ai_and_distance_gte_q75,1251.605776472141
1643027172,Chapayevsk,Chapayevsk,Russia,RU,RUS,Samarskaya Oblast’,72778.0,1598.8929271941217,44.95777529062286,gcp,europe-north1,"Hamina, Finland, Europe",0.0,1518,zero_observed_ai_and_distance_gte_q75,1251.605776472141
1222884099,San Martín,San Martin,El Salvador,SV,SLV,San Salvador,72758.0,1995.6064016337916,36.86884867572634,azure,southcentralus,"Texas, South Central US, US",0.0,1519,zero_observed_ai_and_distance_gte_q75,1251.605776472141
1076708817,Aracati,Aracati,Brazil,BR,BRA,Ceará,72727.0,2121.482114041425,34.61991619267415,azure,brazilsoutheast,"Rio, Brazil Southeast, South America",0.0,1520,zero_observed_ai_and_distance_gte_q75,1251.605776472141
1434967497,Yafran,Yafran,Libya,LY,LBY,Al Jabal al Gharbī,72662.0,1517.624737623809,46.822217218908335,aws,eu-south-1,EU (Milan),0.0,1521,zero_observed_ai_and_distance_gte_q75,1251.605776472141
1643699718,Belovo,Belovo,Russia,RU,RUS,Kemerovskaya Oblast’,72519.0,2419.096548726797,29.833201321483195,aws,cn-northwest-1,China (Ningxia),0.0,1522,zero_observed_ai_and_distance_gte_q75,1251.605776472141
1076631616,Belo Jardim,Belo Jardim,Brazil,BR,BRA,Pernambuco,72432.0,1774.215614453621,41.18451675320404,azure,brazilsoutheast,"Rio, Brazil Southeast, South America",0.0,1523,zero_observed_ai_and_distance_gte_q75,1251.605776472141
1608797040,Argao,Argao,Philippines,PH,PHL,Cebu,72366.0,1611.0027949360715,44.68638139944217,gcp,asia-east1,"Changhua County, Taiwan, APAC",0.0,1524,zero_observed_ai_and_distance_gte_q75,1251.605776472141
1076428186,Pacatuba,Pacatuba,Brazil,BR,BRA,Ceará,72299.0,2160.78855049471,33.94616579271628,azure,brazilsoutheast,"Rio, Brazil Southeast, South America",0.0,1525,zero_observed_ai_and_distance_gte_q75,1251.605776472141
1508552201,Montepuez,Montepuez,Mozambique,MZ,MOZ,Cabo Delgado,72279.0,1799.5342372982213,40.666435325793934,azure,southafricanorth,"Johannesburg, South Africa North, Africa",0.0,1526,zero_observed_ai_and_distance_gte_q75,1251.605776472141
1604782074,Abancay,Abancay,Peru,PE,PER,Apurímac,72277.0,2213.709497558224,33.0597138608586,gcp,southamerica-west1,"Santiago, Chile, South America",0.0,1527,zero_observed_ai_and_distance_gte_q75,1251.605776472141
1076847580,Campo Formoso,Campo Formoso,Brazil,BR,BRA,Bahia,72271.0,1411.8476937161436,49.36523043964589,azure,brazilsoutheast,"Rio, Brazil Southeast, South America",0.0,1528,zero_observed_ai_and_distance_gte_q75,1251.605776472141
1076947710,Casa Nova,Casa Nova,Brazil,BR,BRA,Bahia,72172.0,1546.3925363426906,46.15355169611484,azure,brazilsoutheast,"Rio, Brazil Southeast, South America",0.0,1529,zero_observed_ai_and_distance_gte_q75,1251.605776472141
1120299131,Tibati,Tibati,Cameroon,CM,CMR,Adamaoua,72081.0,3621.265530104487,16.35506149402427,aws,il-central-1,Middle East (Israel) - ???,0.0,1530,zero_observed_ai_and_distance_gte_q75,1251.605776472141
1608784210,Bongabong,Bongabong,Philippines,PH,PHL,Oriental Mindoro,72073.0,1266.0131387297047,53.09929315743549,gcp,asia-east1,"Changhua County, Taiwan, APAC",0.0,1531,zero_observed_ai_and_distance_gte_q75,1251.605776472141
1643630912,Kirovo-Chepetsk,Kirovo-Chepetsk,Russia,RU,RUS,Kirovskaya Oblast’,72071.0,1298.6421670809652,52.240032257135546,gcp,europe-north1,"Hamina, Finland, Europe",0.0,1532,zero_observed_ai_and_distance_gte_q75,1251.605776472141
1170563968,San Andrés,San Andres,Colombia,CO,COL,San Andrés y Providencia,71946.0,2298.439860109648,31.688386456961933,gcp,us-east1,"Moncks Corner, South Carolina, North America",0.0,1533,zero_observed_ai_and_distance_gte_q75,1251.605776472141
1076463384,Santa Isabel do Pará,Santa Isabel do Para,Brazil,BR,BRA,Pará,71837.0,2461.072807031577,29.213583295752116,azure,brazilsoutheast,"Rio, Brazil Southeast, South America",0.0,1534,zero_observed_ai_and_distance_gte_q75,1251.605776472141
1300638148,Kalamáta,Kalamata,Greece,GR,GRC,Peloponnísos,71823.0,1320.394908476224,51.67492900801124,aws,il-central-1,Middle East (Israel) - ???,0.0,1535,zero_observed_ai_and_distance_gte_q75,1251.605776472141
1384274339,Bouaflé,Bouafle,Côte D’Ivoire,CI,CIV,Sassandra-Marahoué,71792.0,3722.390640221174,15.548666290971422,gcp,europe-southwest1,"Madrid, Spain, Europe",0.0,1536,zero_observed_ai_and_distance_gte_q75,1251.605776472141
1192766774,Florida,Florida,Cuba,CU,CUB,Camagüey,71676.0,1309.303139876473,51.96230833517046,gcp,us-east1,"Moncks Corner, South Carolina, North America",0.0,1537,zero_observed_ai_and_distance_gte_q75,1251.605776472141
1608541231,Talakag,Talakag,Philippines,PH,PHL,Bukidnon,71644.0,1813.6135014824358,40.381163863757486,gcp,asia-east1,"Changhua County, Taiwan, APAC",0.0,1538,zero_observed_ai_and_distance_gte_q75,1251.605776472141
1124001123,Wood Buffalo,Wood Buffalo,Canada,CA,CAN,Alberta,71589.0,1287.6847244855428,52.52702629675778,azure,westus2,"Washington, West US 2, US",0.0,1539,zero_observed_ai_and_distance_gte_q75,1251.605776472141
1076692421,Goiana,Goiana,Brazil,BR,BRA,Pernambuco,71549.0,1918.2082145691838,38.323607062779985,azure,brazilsoutheast,"Rio, Brazil Southeast, South America",0.0,1540,zero_observed_ai_and_distance_gte_q75,1251.605776472141
1068987267,Villa Tunari,Villa Tunari,Bolivia,BO,BOL,Cochabamba,71386.0,1904.1359977530756,38.59420698547945,gcp,southamerica-west1,"Santiago, Chile, South America",0.0,1541,zero_observed_ai_and_distance_gte_q75,1251.605776472141
1404807525,Sotik,Sotik,Kenya,KE,KEN,Bomet,71285.0,2882.27218157386,23.66587400820268,azure,southafricanorth,"Johannesburg, South Africa North, Africa",0.0,1542,zero_observed_ai_and_distance_gte_q75,1251.605776472141
1858563314,Las Piedras,Las Piedras,Uruguay,UY,URY,Canelones,71268.0,1335.7806032776034,51.278926809896994,gcp,southamerica-west1,"Santiago, Chile, South America",0.0,1543,zero_observed_ai_and_distance_gte_q75,1251.605776472141
1643491878,Verkhnyaya Pyshma,Verkhnyaya Pyshma,Russia,RU,RUS,Sverdlovskaya Oblast’,71241.0,1944.177844414846,37.829198963365634,gcp,europe-north1,"Hamina, Finland, Europe",0.0,1544,zero_observed_ai_and_distance_gte_q75,1251.605776472141
1454747771,Salima,Salima,Malawi,MW,MWI,Salima,71181.0,1478.5219019570545,47.74666564237853,azure,southafricanorth,"Johannesburg, South Africa North, Africa",0.0,1545,zero_observed_ai_and_distance_gte_q75,1251.605776472141
1324990909,Mamou,Mamou,Guinea,GN,GIN,Mamou,71153.0,3441.059287523024,17.89713317549633,gcp,europe-southwest1,"Madrid, Spain, Europe",0.0,1546,zero_observed_ai_and_distance_gte_q75,1251.605776472141
1192391794,Gibara,Gibara,Cuba,CU,CUB,Holguín,71126.0,1397.589534769368,49.718416540710976,gcp,us-east1,"Moncks Corner, South Carolina, North America",0.0,1547,zero_observed_ai_and_distance_gte_q75,1251.605776472141
1764140981,Phitsanulok,Phitsanulok,Thailand,TH,THA,Phitsanulok,70871.0,1576.9984973228939,45.45264148091481,aws,ap-east-1,Asia Pacific (Hong Kong),0.0,1548,zero_observed_ai_and_distance_gte_q75,1251.605776472141
1170958484,Corozal,Corozal,Colombia,CO,COL,Sucre,70853.0,2699.074281893858,25.93602801213596,gcp,us-east1,"Moncks Corner, South Carolina, North America",0.0,1549,zero_observed_ai_and_distance_gte_q75,1251.605776472141
1887645956,Zinjibār,Zinjibar,Yemen,YE,YEM,Abyan,70801.0,1511.1010714191686,46.97519283178328,aws,me-central-1,Middle East (United Arab Emirates) - ???,0.0,1550,zero_observed_ai_and_distance_gte_q75,1251.605776472141
1231943444,Debre Mark’os,Debre Mark'os,Ethiopia,ET,ETH,Āmara,70758.0,2215.3118821944445,33.03323727990729,aws,me-south-1,Middle East (Bahrain),0.0,1551,zero_observed_ai_and_distance_gte_q75,1251.605776472141
1764748484,Chiang Rai,Chiang Rai,Thailand,TH,THA,Chiang Rai,70610.0,1509.7180429665543,47.0076880800783,aws,ap-east-1,Asia Pacific (Hong Kong),0.0,1552,zero_observed_ai_and_distance_gte_q75,1251.605776472141
1862114226,Cabudare,Cabudare,Venezuela,VE,VEN,Lara,70578.0,2800.624578559439,24.651996637673893,gcp,us-east1,"Moncks Corner, South Carolina, North America",0.0,1553,zero_observed_ai_and_distance_gte_q75,1251.605776472141
1132180389,Mindelo,Mindelo,Cabo Verde,CV,CPV,São Vicente,70468.0,3320.948419555915,19.004883571334993,gcp,europe-southwest1,"Madrid, Spain, Europe",0.0,1554,zero_observed_ai_and_distance_gte_q75,1251.605776472141
1076734026,Iguatu,Iguatu,Brazil,BR,BRA,Ceará,70380.0,1886.6095527864554,38.933902849192485,azure,brazilsoutheast,"Rio, Brazil Southeast, South America",0.0,1555,zero_observed_ai_and_distance_gte_q75,1251.605776472141
1288679588,Sunyani,Sunyani,Ghana,GH,GHA,Brong-Ahafo,70299.0,3680.921494580034,15.874426826316778,gcp,europe-southwest1,"Madrid, Spain, Europe",0.0,1556,zero_observed_ai_and_distance_gte_q75,1251.605776472141
1214232592,Hato Mayor,Hato Mayor,Dominican Republic,DO,DOM,Higuamo,70141.0,1927.9201776771222,38.137959449300894,gcp,us-east1,"Moncks Corner, South Carolina, North America",0.0,1557,zero_observed_ai_and_distance_gte_q75,1251.605776472141
1860555381,Qo‘ng‘irot Shahri,Qo`ng`irot Shahri,Uzbekistan,UZ,UZB,Qoraqalpog‘iston,70100.0,2007.1147244979552,36.65730857026997,azure,uaenorth,"Dubai, UAE North, Middle East",0.0,1558,zero_observed_ai_and_distance_gte_q75,1251.605776472141
1608396492,Sipalay,Sipalay,Philippines,PH,PHL,Negros Occidental,70070.0,1605.0363328382334,44.81989024474779,gcp,asia-east1,"Changhua County, Taiwan, APAC",0.0,1559,zero_observed_ai_and_distance_gte_q75,1251.605776472141
1662922505,Castries,Castries,Saint Lucia,LC,LCA,Castries,70000.0,2871.6271181208654,23.792172188320055,gcp,us-east1,"Moncks Corner, South Carolina, North America",0.0,1560,zero_observed_ai_and_distance_gte_q75,1251.605776472141
1608022150,Tupi,Tupi,Philippines,PH,PHL,South Cotabato,69976.0,2028.1574884361019,36.27364490012873,gcp,asia-east1,"Changhua County, Taiwan, APAC",0.0,1561,zero_observed_ai_and_distance_gte_q75,1251.605776472141
1800535915,Entebbe,Entebbe,Uganda,UG,UGA,Wakiso,69958.0,2902.691243406491,23.425485749592703,azure,southafricanorth,"Johannesburg, South Africa North, Africa",0.0,1562,zero_observed_ai_and_distance_gte_q75,1251.605776472141
1104151403,Sagaing,Sagaing,Myanmar,MM,MMR,Sagaing,69917.0,1748.242624087406,41.72284722898076,azure,jioindiacentral,"Nagpur, Jio India Central, Asia Pacific",0.0,1563,zero_observed_ai_and_distance_gte_q75,1251.605776472141
1214995511,Sosúa,Sosua,Dominican Republic,DO,DOM,Cibao Norte,69885.0,1766.756583458689,41.33840182670474,gcp,us-east1,"Moncks Corner, South Carolina, North America",0.0,1564,zero_observed_ai_and_distance_gte_q75,1251.605776472141
1604230427,Moquegua,Moquegua,Peru,PE,PER,Moquegua,69882.0,1805.782065817445,40.539595090752684,gcp,southamerica-west1,"Santiago, Chile, South America",0.0,1565,zero_observed_ai_and_distance_gte_q75,1251.605776472141
1214381692,Jarabacoa,Jarabacoa,Dominican Republic,DO,DOM,Cibao Sur,69855.0,1821.3816886475147,40.224623849171046,gcp,us-east1,"Moncks Corner, South Carolina, North America",0.0,1566,zero_observed_ai_and_distance_gte_q75,1251.605776472141
1170700232,Villa del Rosario,Villa del Rosario,Colombia,CO,COL,Norte de Santander,69833.0,2924.8584550552605,23.167280465387392,gcp,us-east1,"Moncks Corner, South Carolina, North America",0.0,1567,zero_observed_ai_and_distance_gte_q75,1251.605776472141
1076843360,Russas,Russas,Brazil,BR,BRA,Ceará,69833.0,2074.901223490237,35.435692476854165,azure,brazilsoutheast,"Rio, Brazil Southeast, South America",0.0,1568,zero_observed_ai_and_distance_gte_q75,1251.605776472141
1170149755,Garzón,Garzon,Colombia,CO,COL,Huila,69823.0,3477.2966370154713,17.575780870794077,gcp,us-east1,"Moncks Corner, South Carolina, North America",0.0,1569,zero_observed_ai_and_distance_gte_q75,1251.605776472141
1231302134,Ārba Minch’,Arba Minch',Ethiopia,ET,ETH,YeDebub Bihēroch Bihēreseboch na Hizboch,69622.0,2627.108542808954,26.8862744954043,aws,me-south-1,Middle East (Bahrain),0.0,1570,zero_observed_ai_and_distance_gte_q75,1251.605776472141
1076557071,Paragominas,Paragominas,Brazil,BR,BRA,Pará,69613.0,2264.1505780481443,32.236356419360924,azure,brazilsoutheast,"Rio, Brazil Southeast, South America",0.0,1571,zero_observed_ai_and_distance_gte_q75,1251.605776472141
1076069381,Estância,Estancia,Brazil,BR,BRA,Sergipe,69556.0,1431.1469326467804,48.89116570179194,azure,brazilsoutheast,"Rio, Brazil Southeast, South America",0.0,1572,zero_observed_ai_and_distance_gte_q75,1251.605776472141
1398272761,Aqsū,Aqsu,Kazakhstan,KZ,KAZ,Pavlodar,69354.0,2600.039896799379,27.25263565151021,gcp,asia-south2,"Delhi, India APAC",0.0,1573,zero_observed_ai_and_distance_gte_q75,1251.605776472141
1320378643,Chisec,Chisec,Guatemala,GT,GTM,Alta Verapaz,69325.0,1728.5255310742982,42.136208079452345,azure,southcentralus,"Texas, South Central US, US",0.0,1574,zero_observed_ai_and_distance_gte_q75,1251.605776472141
1608990192,Borongan,Borongan,Philippines,PH,PHL,Eastern Samar,69297.0,1480.1238361223052,47.70843744670083,gcp,asia-east1,"Changhua County, Taiwan, APAC",0.0,1575,zero_observed_ai_and_distance_gte_q75,1251.605776472141
1076990073,Escada,Escada,Brazil,BR,BRA,Pernambuco,69292.0,1827.9029158443145,40.093680487522164,azure,brazilsoutheast,"Rio, Brazil Southeast, South America",0.0,1576,zero_observed_ai_and_distance_gte_q75,1251.605776472141
1170924519,Planeta Rica,Planeta Rica,Colombia,CO,COL,Córdoba,69285.0,2793.677791982808,24.737771596185667,gcp,us-east1,"Moncks Corner, South Carolina, North America",0.0,1577,zero_observed_ai_and_distance_gte_q75,1251.605776472141
1120310806,Bafia,Bafia,Cameroon,CM,CMR,Centre,69270.0,3852.6671401902895,14.568135096502981,azure,southafricanorth,"Johannesburg, South Africa North, Africa",0.0,1578,zero_observed_ai_and_distance_gte_q75,1251.605776472141
1608791064,Dumangas,Dumangas,Philippines,PH,PHL,Iloilo,69108.0,1490.291319759587,47.46651552347763,gcp,asia-east1,"Changhua County, Taiwan, APAC",0.0,1579,zero_observed_ai_and_distance_gte_q75,1251.605776472141
1170745269,Necoclí,Necocli,Colombia,CO,COL,Antioquia,69090.0,2774.3623076711297,24.97784000921957,gcp,us-east1,"Moncks Corner, South Carolina, North America",0.0,1580,zero_observed_ai_and_distance_gte_q75,1251.605776472141
1508922450,Mocuba,Mocuba,Mozambique,MZ,MOZ,Zambézia,69045.0,1341.7029948968298,51.12730446921997,azure,southafricanorth,"Johannesburg, South Africa North, Africa",0.0,1581,zero_observed_ai_and_distance_gte_q75,1251.605776472141
1356638741,Jorhāt,Jorhat,India,IN,IND,Assam,69033.0,1611.0787758005465,44.684683776744585,aws,cn-northwest-1,China (Ningxia),0.0,1582,zero_observed_ai_and_distance_gte_q75,1251.605776472141
1324075393,Kamsar,Kamsar,Guinea,GN,GIN,Boké,68999.0,3479.6241942512493,17.555338450357084,gcp,europe-southwest1,"Madrid, Spain, Europe",0.0,1583,zero_observed_ai_and_distance_gte_q75,1251.605776472141
1508699932,Mocuba,Mocuba,Mozambique,MZ,MOZ,Zambézia,68984.0,1433.25487014195,48.83966308695014,azure,southafricanorth,"Johannesburg, South Africa North, Africa",0.0,1584,zero_observed_ai_and_distance_gte_q75,1251.605776472141
1591982720,La Chorrera,La Chorrera,Panama,PA,PAN,Panamá Oeste,68896.0,2704.1576303767793,25.870190781651104,gcp,us-east1,"Moncks Corner, South Carolina, North America",0.0,1585,zero_observed_ai_and_distance_gte_q75,1251.605776472141
1170839384,San José del Guaviare,San Jose del Guaviare,Colombia,CO,COL,Guaviare,68878.0,3491.5750803044266,17.450750317051504,gcp,us-east1,"Moncks Corner, South Carolina, North America",0.0,1586,zero_observed_ai_and_distance_gte_q75,1251.605776472141
1120557987,Wum,Wum,Cameroon,CM,CMR,North-West,68836.0,3802.7233694060756,14.936509252283003,aws,il-central-1,Middle East (Israel) - ???,0.0,1587,zero_observed_ai_and_distance_gte_q75,1251.605776472141
1604692561,Chulucanas,Chulucanas,Peru,PE,PER,Piura,68835.0,3300.1601611943383,19.203452976516765,gcp,southamerica-west1,"Santiago, Chile, South America",0.0,1588,zero_observed_ai_and_distance_gte_q75,1251.605776472141
1076742573,Sousa,Sousa,Brazil,BR,BRA,Paraíba,68822.0,1872.3132817672517,39.2132047172139,azure,brazilsoutheast,"Rio, Brazil Southeast, South America",0.0,1589,zero_observed_ai_and_distance_gte_q75,1251.605776472141
1620456537,Ponta Delgada,Ponta Delgada,Portugal,PT,PRT,Azores,68809.0,1914.2330804179926,38.39985354979916,gcp,europe-southwest1,"Madrid, Spain, Europe",0.0,1590,zero_observed_ai_and_distance_gte_q75,1251.605776472141
1031619846,Şəki,Saki,Azerbaijan,AZ,AZE,Şəki,68360.0,1535.756129922731,46.39965950851486,aws,il-central-1,Middle East (Israel) - ???,0.0,1591,zero_observed_ai_and_distance_gte_q75,1251.605776472141
1795987646,Türkmenbaşy,Turkmenbasy,Turkmenistan,TM,TKM,Balkan,68292.0,1558.4546323528477,45.87603510934708,aws,me-south-1,Middle East (Bahrain),0.0,1592,zero_observed_ai_and_distance_gte_q75,1251.605776472141
1012462113,Adrar,Adrar,Algeria,DZ,DZA,Adrar,68276.0,1429.1961616516096,48.938876700302934,gcp,europe-southwest1,"Madrid, Spain, Europe",0.0,1593,zero_observed_ai_and_distance_gte_q75,1251.605776472141
1643065980,Tuymazy,Tuymazy,Russia,RU,RUS,Bashkortostan,68256.0,1699.1476749165943,42.759711900037885,gcp,europe-north1,"Hamina, Finland, Europe",0.0,1594,zero_observed_ai_and_distance_gte_q75,1251.605776472141
1180001261,Lodja,Lodja,Congo (Kinshasa),CD,COD,Sankuru,68244.0,2525.642399955768,28.28549095308955,azure,southafricanorth,"Johannesburg, South Africa North, Africa",0.0,1595,zero_observed_ai_and_distance_gte_q75,1251.605776472141
1566465153,Otukpo,Otukpo,Nigeria,NG,NGA,Benue,68220.0,3874.6606822343842,14.408810285440094,aws,il-central-1,Middle East (Israel) - ???,0.0,1596,zero_observed_ai_and_distance_gte_q75,1251.605776472141
1608210040,Carles,Carles,Philippines,PH,PHL,Iloilo,68160.0,1417.5270978837661,49.22524674196556,gcp,asia-east1,"Changhua County, Taiwan, APAC",0.0,1597,zero_observed_ai_and_distance_gte_q75,1251.605776472141
1076125877,Conceição do Coité,Conceicao do Coite,Brazil,BR,BRA,Bahia,68146.0,1327.6610199089996,51.487531730283095,azure,brazilsoutheast,"Rio, Brazil Southeast, South America",0.0,1598,zero_observed_ai_and_distance_gte_q75,1251.605776472141
1076067021,Balsas,Balsas,Brazil,BR,BRA,Maranhão,68056.0,1735.6330215510939,41.98673248702516,azure,brazilsoutheast,"Rio, Brazil Southeast, South America",0.0,1599,zero_observed_ai_and_distance_gte_q75,1251.605776472141
1630023575,Guaynabo,Guaynabo,Puerto Rico,PR,PRI,Puerto Rico,68024.0,2151.510593529474,34.10400715367097,gcp,us-east1,"Moncks Corner, South Carolina, North America",0.0,1600,zero_observed_ai_and_distance_gte_q75,1251.605776472141
1643003309,Minusinsk,Minusinsk,Russia,RU,RUS,Krasnoyarskiy Kray,68007.0,2126.3935136290947,34.53500437325739,aws,cn-northwest-1,China (Ningxia),0.0,1601,zero_observed_ai_and_distance_gte_q75,1251.605776472141
1608312825,Lala,Lala,Philippines,PH,PHL,Lanao del Norte,67727.0,1823.4296552866447,40.18345558671796,gcp,asia-east1,"Changhua County, Taiwan, APAC",0.0,1602,zero_observed_ai_and_distance_gte_q75,1251.605776472141
1608781969,Siasi,Siasi,Philippines,PH,PHL,Sulu,67705.0,1942.5563576407844,37.85988117228021,aws,ap-southeast-1,Asia Pacific (Singapore),0.0,1603,zero_observed_ai_and_distance_gte_q75,1251.605776472141
1170534927,Manaure,Manaure,Colombia,CO,COL,La Guajira,67584.0,2503.5352221874964,28.599881512405585,gcp,us-east1,"Moncks Corner, South Carolina, North America",0.0,1604,zero_observed_ai_and_distance_gte_q75,1251.605776472141
1608200248,Miagao,Miagao,Philippines,PH,PHL,Iloilo,67565.0,1504.1790361493543,47.13805647697754,gcp,asia-east1,"Changhua County, Taiwan, APAC",0.0,1605,zero_observed_ai_and_distance_gte_q75,1251.605776472141
1608288277,Dalaguete,Dalaguete,Philippines,PH,PHL,Cebu,67497.0,1622.9599146004623,44.420018222046274,gcp,asia-east1,"Changhua County, Taiwan, APAC",0.0,1606,zero_observed_ai_and_distance_gte_q75,1251.605776472141
1024903782,Soio,Soio,Angola,AO,AGO,Zaire,67491.0,2754.1355407132,25.23173217410696,azure,southafricanorth,"Johannesburg, South Africa North, Africa",0.0,1607,zero_observed_ai_and_distance_gte_q75,1251.605776472141
1643010084,Oktyabrskiy,Oktyabrskiy,Russia,RU,RUS,Kamchatskiy Kray,67386.0,2288.482827734454,31.846540962616988,azure,japaneast,"Tokyo, Saitama, Japan East, Asia Pacific",0.0,1608,zero_observed_ai_and_distance_gte_q75,1251.605776472141
1384235566,Dimbokro,Dimbokro,Côte D’Ivoire,CI,CIV,Lacs,67349.0,3755.9728641634233,15.28976658411277,gcp,europe-southwest1,"Madrid, Spain, Europe",0.0,1609,zero_observed_ai_and_distance_gte_q75,1251.605776472141
1795500486,Tejen,Tejen,Turkmenistan,TM,TKM,Ahal,67294.0,1433.153008529882,48.842150593702414,azure,uaenorth,"Dubai, UAE North, Middle East",0.0,1610,zero_observed_ai_and_distance_gte_q75,1251.605776472141
1608949607,Binalbagan,Binalbagan,Philippines,PH,PHL,Negros Occidental,67270.0,1562.3791593398025,45.78610250501665,gcp,asia-east1,"Changhua County, Taiwan, APAC",0.0,1611,zero_observed_ai_and_distance_gte_q75,1251.605776472141
1800924936,Kasese,Kasese,Uganda,UG,UGA,Kasese,67269.0,2893.0217997672567,23.539015678350914,azure,southafricanorth,"Johannesburg, South Africa North, Africa",0.0,1612,zero_observed_ai_and_distance_gte_q75,1251.605776472141
1076251820,Caicó,Caico,Brazil,BR,BRA,Rio Grande do Norte,67259.0,1942.181680070909,37.8669744608202,azure,brazilsoutheast,"Rio, Brazil Southeast, South America",0.0,1613,zero_observed_ai_and_distance_gte_q75,1251.605776472141
1320463364,San Pedro Sacatepéquez,San Pedro Sacatepequez,Guatemala,GT,GTM,San Marcos,67075.0,1748.4200899010214,41.71914520371401,azure,southcentralus,"Texas, South Central US, US",0.0,1614,zero_observed_ai_and_distance_gte_q75,1251.605776472141
1608205674,Bagumbayan,Bagumbayan,Philippines,PH,PHL,Maguindanao,67061.0,1997.1554552062357,36.840303820654235,gcp,asia-east1,"Changhua County, Taiwan, APAC",0.0,1615,zero_observed_ai_and_distance_gte_q75,1251.605776472141
1608537192,Balingasag,Balingasag,Philippines,PH,PHL,Misamis Oriental,67059.0,1762.6475011921227,41.42342058099946,gcp,asia-east1,"Changhua County, Taiwan, APAC",0.0,1616,zero_observed_ai_and_distance_gte_q75,1251.605776472141
1643279802,Georgiyevsk,Georgiyevsk,Russia,RU,RUS,Stavropol’skiy Kray,67054.0,1591.287239498393,45.12906818343125,aws,il-central-1,Middle East (Israel) - ???,0.0,1617,zero_observed_ai_and_distance_gte_q75,1251.605776472141
1608114662,Cawayan,Cawayan,Philippines,PH,PHL,Masbate,67033.0,1379.3507874722357,50.173891022808846,gcp,asia-east1,"Changhua County, Taiwan, APAC",0.0,1618,zero_observed_ai_and_distance_gte_q75,1251.605776472141
1608420317,Talibon,Talibon,Philippines,PH,PHL,Bohol,66969.0,1601.9005400383778,44.89021830845935,gcp,asia-east1,"Changhua County, Taiwan, APAC",0.0,1619,zero_observed_ai_and_distance_gte_q75,1251.605776472141
1608683274,Don Carlos,Don Carlos,Philippines,PH,PHL,Bukidnon,66959.0,1883.4858369068725,38.9947595869029,gcp,asia-east1,"Changhua County, Taiwan, APAC",0.0,1620,zero_observed_ai_and_distance_gte_q75,1251.605776472141
1608361656,Camalig,Camalig,Philippines,PH,PHL,Albay,66904.0,1256.6466111188922,53.348554377611435,gcp,asia-east1,"Changhua County, Taiwan, APAC",0.0,1621,zero_observed_ai_and_distance_gte_q75,1251.605776472141
1466006801,Kati,Kati,Mali,ML,MLI,Koulikoro,66895.0,3105.934638011353,21.161909987633848,gcp,europe-southwest1,"Madrid, Spain, Europe",0.0,1622,zero_observed_ai_and_distance_gte_q75,1251.605776472141
1218236950,Pelileo,Pelileo,Ecuador,EC,ECU,Tungurahua,66836.0,3663.7893636008002,16.010992285386084,gcp,southamerica-west1,"Santiago, Chile, South America",0.0,1623,zero_observed_ai_and_distance_gte_q75,1251.605776472141
1324750427,Kissidougou,Kissidougou,Guinea,GN,GIN,Faranah,66815.0,3529.631254480845,17.12183515749503,gcp,europe-southwest1,"Madrid, Spain, Europe",0.0,1624,zero_observed_ai_and_distance_gte_q75,1251.605776472141
1231573651,Āksum,Aksum,Ethiopia,ET,ETH,Tigray,66800.0,1817.0834825450904,40.311163669206756,aws,me-south-1,Middle East (Bahrain),0.0,1625,zero_observed_ai_and_distance_gte_q75,1251.605776472141
1608129711,Pigcawayan,Pigcawayan,Philippines,PH,PHL,Cotabato,66796.0,1912.664989884233,38.429972579022,gcp,asia-east1,"Changhua County, Taiwan, APAC",0.0,1626,zero_observed_ai_and_distance_gte_q75,1251.605776472141
1288943371,Bolgatanga,Bolgatanga,Ghana,GH,GHA,Upper East,66685.0,3306.7519920976038,19.140264208746725,gcp,europe-southwest1,"Madrid, Spain, Europe",0.0,1627,zero_observed_ai_and_distance_gte_q75,1251.605776472141
1434550258,Nālūt,Nalut,Libya,LY,LBY,Nālūt,66609.0,1518.2300579280272,46.80804814383814,aws,eu-south-1,EU (Milan),0.0,1628,zero_observed_ai_and_distance_gte_q75,1251.605776472141
1288563374,Aflao,Aflao,Ghana,GH,GHA,Volta,66546.0,3844.903998016588,14.624792236705714,gcp,europe-southwest1,"Madrid, Spain, Europe",0.0,1629,zero_observed_ai_and_distance_gte_q75,1251.605776472141
1320977472,Zacapa,Zacapa,Guatemala,GT,GTM,Zacapa,66423.0,1851.204067839264,39.62927655564747,azure,southcentralus,"Texas, South Central US, US",0.0,1630,zero_observed_ai_and_distance_gte_q75,1251.605776472141
1222934169,Cuscatancingo,Cuscatancingo,El Salvador,SV,SLV,San Salvador,66400.0,1990.111286686256,36.97028724679266,azure,southcentralus,"Texas, South Central US, US",0.0,1631,zero_observed_ai_and_distance_gte_q75,1251.605776472141
1608472411,Brookes Point,Brookes Point,Philippines,PH,PHL,Palawan,66374.0,1549.070960795351,46.091783664877845,azure,eastasia,"Hong Kong, East Asia, Asia Pacific",0.0,1632,zero_observed_ai_and_distance_gte_q75,1251.605776472141
1643757173,Slavyansk-na-Kubani,Slavyansk-na-Kubani,Russia,RU,RUS,Krasnodarskiy Kray,66285.0,1469.8520073168515,47.95409419374116,gcp,europe-central2,"Warsaw, Poland, Europe",0.0,1633,zero_observed_ai_and_distance_gte_q75,1251.605776472141
1608073409,San Fernando,San Fernando,Philippines,PH,PHL,Cebu,66280.0,1582.307553375134,45.332146170088365,gcp,asia-east1,"Changhua County, Taiwan, APAC",0.0,1634,zero_observed_ai_and_distance_gte_q75,1251.605776472141
1643671200,Belogorsk,Belogorsk,Russia,RU,RUS,Amurskaya Oblast’,66183.0,1489.2057374108597,47.492286922792886,aws,ap-northeast-2,Asia Pacific (Seoul),0.0,1635,zero_observed_ai_and_distance_gte_q75,1251.605776472141
1604886582,Ilo,Ilo,Peru,PE,PER,Moquegua,66118.0,1756.9900441863035,41.540762076857575,gcp,southamerica-west1,"Santiago, Chile, South America",0.0,1636,zero_observed_ai_and_distance_gte_q75,1251.605776472141
1148101824,Goz-Beida,Goz-Beida,Chad,TD,TCD,Sila,66107.0,2551.017267106464,27.928887639455656,aws,il-central-1,Middle East (Israel) - ???,0.0,1637,zero_observed_ai_and_distance_gte_q75,1251.605776472141
1608191259,Esperanza,Esperanza,Philippines,PH,PHL,Sultan Kudarat,66095.0,1976.203500254781,37.22827063131594,gcp,asia-east1,"Changhua County, Taiwan, APAC",0.0,1638,zero_observed_ai_and_distance_gte_q75,1251.605776472141
1764305340,Ban Suan,Ban Suan,Thailand,TH,THA,Chon Buri,66092.0,1369.6387572891329,50.418128725858566,gcp,asia-southeast1,"Jurong West, Singapore, APAC",0.0,1639,zero_observed_ai_and_distance_gte_q75,1251.605776472141
1076598708,União dos Palmares,Uniao dos Palmares,Brazil,BR,BRA,Alagoas,66017.0,1708.4246801885438,42.561830155968785,azure,brazilsoutheast,"Rio, Brazil Southeast, South America",0.0,1640,zero_observed_ai_and_distance_gte_q75,1251.605776472141
1608414270,Pinamungahan,Pinamungahan,Philippines,PH,PHL,Cebu,65955.0,1568.8426947321998,45.63837130304855,gcp,asia-east1,"Changhua County, Taiwan, APAC",0.0,1641,zero_observed_ai_and_distance_gte_q75,1251.605776472141
1404464692,Garissa,Garissa,Kenya,KE,KEN,Garissa,65881.0,3066.600460230855,21.582222769067176,azure,southafricanorth,"Johannesburg, South Africa North, Africa",0.0,1642,zero_observed_ai_and_distance_gte_q75,1251.605776472141
1608289249,Lupon,Lupon,Philippines,PH,PHL,Davao Oriental,65785.0,1997.0144166432956,36.84290186401381,gcp,asia-east1,"Changhua County, Taiwan, APAC",0.0,1643,zero_observed_ai_and_distance_gte_q75,1251.605776472141
1231130720,Sodo,Sodo,Ethiopia,ET,ETH,YeDebub Bihēroch Bihēreseboch na Hizboch,65737.0,2533.5143270579147,28.174379101217102,aws,me-south-1,Middle East (Bahrain),0.0,1644,zero_observed_ai_and_distance_gte_q75,1251.605776472141
1076791382,Cabedelo,Cabedelo,Brazil,BR,BRA,Paraíba,65634.0,1984.278883839209,37.078257405938814,azure,brazilsoutheast,"Rio, Brazil Southeast, South America",0.0,1645,zero_observed_ai_and_distance_gte_q75,1251.605776472141
1320960166,San Marcos,San Marcos,Guatemala,GT,GTM,San Marcos,65571.0,1747.7946345427586,41.73219397541861,azure,southcentralus,"Texas, South Central US, US",0.0,1646,zero_observed_ai_and_distance_gte_q75,1251.605776472141
1320250670,San Francisco El Alto,San Francisco El Alto,Guatemala,GT,GTM,Totonicapán,65521.0,1763.6056133114419,41.40358119282728,azure,southcentralus,"Texas, South Central US, US",0.0,1647,zero_observed_ai_and_distance_gte_q75,1251.605776472141
1643447458,Beloretsk,Beloretsk,Russia,RU,RUS,Bashkortostan,65477.0,1991.7303497019507,36.940370745221315,gcp,europe-north1,"Hamina, Finland, Europe",0.0,1648,zero_observed_ai_and_distance_gte_q75,1251.605776472141
1076569458,Icó,Ico,Brazil,BR,BRA,Ceará,65456.0,1893.072021912011,38.80830130994222,azure,brazilsoutheast,"Rio, Brazil Southeast, South America",0.0,1649,zero_observed_ai_and_distance_gte_q75,1251.605776472141
1643130656,Ishimbay,Ishimbay,Russia,RU,RUS,Bashkortostan,65422.0,1897.291361626209,38.726514907950865,gcp,europe-north1,"Hamina, Finland, Europe",0.0,1650,zero_observed_ai_and_distance_gte_q75,1251.605776472141
1800731885,Masaka,Masaka,Uganda,UG,UGA,Masaka,65373.0,2849.5660581914376,24.056065220863427,azure,southafricanorth,"Johannesburg, South Africa North, Africa",0.0,1651,zero_observed_ai_and_distance_gte_q75,1251.605776472141
1608957509,Roxas,Roxas,Philippines,PH,PHL,Palawan,65358.0,1435.6209052239547,48.78191907164767,azure,eastasia,"Hong Kong, East Asia, Asia Pacific",0.0,1652,zero_observed_ai_and_distance_gte_q75,1251.605776472141
1643194296,Kungur,Kungur,Russia,RU,RUS,Permskiy Kray,65284.0,1722.990250524993,42.252987473088176,gcp,europe-north1,"Hamina, Finland, Europe",0.0,1653,zero_observed_ai_and_distance_gte_q75,1251.605776472141
1562868655,Birnin Konni,Birnin Konni,Niger,NE,NER,Tahoua,65252.0,3086.6042671976593,21.367435391855143,gcp,europe-southwest1,"Madrid, Spain, Europe",0.0,1654,zero_observed_ai_and_distance_gte_q75,1251.605776472141
1231777741,Debre Birhan,Debre Birhan,Ethiopia,ET,ETH,Āmara,65231.0,2167.6626320635874,33.829691714152,aws,me-south-1,Middle East (Bahrain),0.0,1655,zero_observed_ai_and_distance_gte_q75,1251.605776472141
1643027966,Zarechnyy,Zarechnyy,Russia,RU,RUS,Penzenskaya Oblast’,65156.0,1358.001763815048,50.71234155147557,gcp,europe-north1,"Hamina, Finland, Europe",0.0,1656,zero_observed_ai_and_distance_gte_q75,1251.605776472141
1218253183,Daule,Daule,Ecuador,EC,ECU,Guayas,65145.0,3642.6746562070516,16.180921416628642,gcp,southamerica-west1,"Santiago, Chile, South America",0.0,1657,zero_observed_ai_and_distance_gte_q75,1251.605776472141
1643798395,Ishim,Ishim,Russia,RU,RUS,Tyumenskaya Oblast’,65142.0,2472.7875951214983,29.042967995250198,gcp,europe-north1,"Hamina, Finland, Europe",0.0,1658,zero_observed_ai_and_distance_gte_q75,1251.605776472141
1643980922,Buynaksk,Buynaksk,Russia,RU,RUS,Dagestan,65080.0,1655.495662666729,43.703244957045754,aws,il-central-1,Middle East (Israel) - ???,0.0,1659,zero_observed_ai_and_distance_gte_q75,1251.605776472141
1320011938,Esquipulas,Esquipulas,Guatemala,GT,GTM,Chiquimula,65000.0,1902.4900757403238,38.62598158573569,azure,southcentralus,"Texas, South Central US, US",0.0,1660,zero_observed_ai_and_distance_gte_q75,1251.605776472141
1894777820,Solwezi,Solwezi,Zambia,ZM,ZMB,North-Western,65000.0,1518.487539776217,46.80202242035195,azure,southafricanorth,"Johannesburg, South Africa North, Africa",0.0,1661,zero_observed_ai_and_distance_gte_q75,1251.605776472141
1862107520,Caripito,Caripito,Venezuela,VE,VEN,Monagas,64955.0,3094.8858972746357,21.279139728218855,gcp,us-east1,"Moncks Corner, South Carolina, North America",0.0,1662,zero_observed_ai_and_distance_gte_q75,1251.605776472141
1643040094,Gukovo,Gukovo,Russia,RU,RUS,Rostovskaya Oblast’,64869.0,1421.7804028743979,49.12067298358387,gcp,europe-central2,"Warsaw, Poland, Europe",0.0,1663,zero_observed_ai_and_distance_gte_q75,1251.605776472141
1170499821,Marinilla,Marinilla,Colombia,CO,COL,Antioquia,64645.0,3043.3501560582827,21.834583414476857,gcp,us-east1,"Moncks Corner, South Carolina, North America",0.0,1664,zero_observed_ai_and_distance_gte_q75,1251.605776472141
1724630905,Arrecife,Arrecife,Spain,ES,ESP,Canary Islands,64645.0,1557.4030885746627,45.90016178099767,gcp,europe-southwest1,"Madrid, Spain, Europe",0.0,1665,zero_observed_ai_and_distance_gte_q75,1251.605776472141
1180236070,Binga,Binga,Congo (Kinshasa),CD,COD,Mongala,64639.0,3236.963328394243,19.819940399152127,azure,southafricanorth,"Johannesburg, South Africa North, Africa",0.0,1666,zero_observed_ai_and_distance_gte_q75,1251.605776472141
1484904308,Santo Domingo Tehuantepec,Santo Domingo Tehuantepec,Mexico,MX,MEX,Oaxaca,64639.0,1493.8452862532636,47.38224321801944,azure,southcentralus,"Texas, South Central US, US",0.0,1667,zero_observed_ai_and_distance_gte_q75,1251.605776472141
1608117314,Alamada,Alamada,Philippines,PH,PHL,Cotabato,64596.0,1904.242830712875,38.592145473857606,gcp,asia-east1,"Changhua County, Taiwan, APAC",0.0,1668,zero_observed_ai_and_distance_gte_q75,1251.605776472141
1608234277,La Carlota,La Carlota,Philippines,PH,PHL,Negros Occidental,64469.0,1539.4235920622136,46.31465297462986,gcp,asia-east1,"Changhua County, Taiwan, APAC",0.0,1669,zero_observed_ai_and_distance_gte_q75,1251.605776472141
1268394475,Sokhumi,Sokhumi,Georgia,GE,GEO,Abkhazia,64441.0,1385.8015847731137,50.01232092647238,aws,il-central-1,Middle East (Israel) - ???,0.0,1670,zero_observed_ai_and_distance_gte_q75,1251.605776472141
1340638121,Yoro,Yoro,Honduras,HN,HND,Yoro,64425.0,1969.5566070970021,37.35220262659429,azure,southcentralus,"Texas, South Central US, US",0.0,1671,zero_observed_ai_and_distance_gte_q75,1251.605776472141
1076194030,Ouricuri,Ouricuri,Brazil,BR,BRA,Pernambuco,64358.0,1703.1977539677537,42.67320940838092,azure,brazilsoutheast,"Rio, Brazil Southeast, South America",0.0,1672,zero_observed_ai_and_distance_gte_q75,1251.605776472141
1170711004,Ciénaga de Oro,Cienaga de Oro,Colombia,CO,COL,Córdoba,64226.0,2741.8001237735343,25.387835045994358,gcp,us-east1,"Moncks Corner, South Carolina, North America",0.0,1673,zero_observed_ai_and_distance_gte_q75,1251.605776472141
1643561210,Asbest,Asbest,Russia,RU,RUS,Sverdlovskaya Oblast’,64091.0,1990.7499242526667,36.958483824281814,gcp,europe-north1,"Hamina, Finland, Europe",0.0,1674,zero_observed_ai_and_distance_gte_q75,1251.605776472141
1076906021,Penedo,Penedo,Brazil,BR,BRA,Alagoas,64074.0,1569.1590661015398,45.63115253700454,azure,brazilsoutheast,"Rio, Brazil Southeast, South America",0.0,1675,zero_observed_ai_and_distance_gte_q75,1251.605776472141
1076866918,Tomé-Açu,Tome-Acu,Brazil,BR,BRA,Pará,64030.0,2339.2625782232335,31.04813980355558,azure,brazilsoutheast,"Rio, Brazil Southeast, South America",0.0,1676,zero_observed_ai_and_distance_gte_q75,1251.605776472141
1320747500,Sololá,Solola,Guatemala,GT,GTM,Sololá,63973.0,1793.6577773264212,40.78609837818267,azure,southcentralus,"Texas, South Central US, US",0.0,1677,zero_observed_ai_and_distance_gte_q75,1251.605776472141
1558566609,San José de Bocay,San Jose de Bocay,Nicaragua,NI,NIC,Jinotega,63922.0,2213.951638725226,33.05571154429738,azure,southcentralus,"Texas, South Central US, US",0.0,1678,zero_observed_ai_and_distance_gte_q75,1251.605776472141
1608317775,Janiuay,Janiuay,Philippines,PH,PHL,Iloilo,63905.0,1474.0731888470464,47.85298945827943,gcp,asia-east1,"Changhua County, Taiwan, APAC",0.0,1679,zero_observed_ai_and_distance_gte_q75,1251.605776472141
1608192465,Tuburan,Tuburan,Philippines,PH,PHL,Cebu,63866.0,1523.8465000352298,46.67678519151855,gcp,asia-east1,"Changhua County, Taiwan, APAC",0.0,1680,zero_observed_ai_and_distance_gte_q75,1251.605776472141
1218947988,Latacunga,Latacunga,Ecuador,EC,ECU,Cotopaxi,63842.0,3708.70670318305,15.655414543911336,gcp,southamerica-west1,"Santiago, Chile, South America",0.0,1681,zero_observed_ai_and_distance_gte_q75,1251.605776472141
1562298335,Gaya,Gaya,Niger,NE,NER,Dosso,63815.0,3248.720976566312,19.70376428022548,gcp,europe-southwest1,"Madrid, Spain, Europe",0.0,1682,zero_observed_ai_and_distance_gte_q75,1251.605776472141
1076726167,Benevides,Benevides,Brazil,BR,BRA,Pará,63768.0,2456.342517261848,29.28275942639131,azure,brazilsoutheast,"Rio, Brazil Southeast, South America",0.0,1683,zero_observed_ai_and_distance_gte_q75,1251.605776472141
1320763146,Santa Catarina Pinula,Santa Catarina Pinula,Guatemala,GT,GTM,Guatemala,63767.0,1844.9939432241977,39.75251916753026,azure,southcentralus,"Texas, South Central US, US",0.0,1684,zero_observed_ai_and_distance_gte_q75,1251.605776472141
1604035626,Chincha Alta,Chincha Alta,Peru,PE,PER,Ica,63671.0,2290.748127609684,31.810490400170167,gcp,southamerica-west1,"Santiago, Chile, South America",0.0,1685,zero_observed_ai_and_distance_gte_q75,1251.605776472141
1384483732,Guiglo,Guiglo,Côte D’Ivoire,CI,CIV,Montagnes,63643.0,3785.3870984017663,15.06654370233324,gcp,europe-southwest1,"Madrid, Spain, Europe",0.0,1686,zero_observed_ai_and_distance_gte_q75,1251.605776472141
1076348562,Irecê,Irece,Brazil,BR,BRA,Bahia,63626.0,1297.646030972407,52.266057829072295,azure,brazilsoutheast,"Rio, Brazil Southeast, South America",0.0,1687,zero_observed_ai_and_distance_gte_q75,1251.605776472141
1076270377,Palmares,Palmares,Brazil,BR,BRA,Pernambuco,63500.0,1777.5947321521217,41.11499183822811,azure,brazilsoutheast,"Rio, Brazil Southeast, South America",0.0,1688,zero_observed_ai_and_distance_gte_q75,1251.605776472141
1608448862,Hilongos,Hilongos,Philippines,PH,PHL,Leyte,63431.0,1588.0638630836042,45.20186081418866,gcp,asia-east1,"Changhua County, Taiwan, APAC",0.0,1689,zero_observed_ai_and_distance_gte_q75,1251.605776472141
1417269527,Karakol,Karakol,Kyrgyzstan,KG,KGZ,Ysyk-Köl,63377.0,1543.3945600104541,46.22278720256992,gcp,asia-south2,"Delhi, India APAC",0.0,1690,zero_observed_ai_and_distance_gte_q75,1251.605776472141
1404890081,Kitale,Kitale,Kenya,KE,KEN,Trans Nzoia,63245.0,3062.2535457032272,21.629181821174424,azure,southafricanorth,"Johannesburg, South Africa North, Africa",0.0,1691,zero_observed_ai_and_distance_gte_q75,1251.605776472141
1840023463,Fairbanks,Fairbanks,United States,US,USA,Alaska,63245.0,2568.145046942352,27.69072895809469,azure,westus2,"Washington, West US 2, US",0.0,1692,zero_observed_ai_and_distance_gte_q75,1251.605776472141
1643549691,Gorno-Altaysk,Gorno-Altaysk,Russia,RU,RUS,Altay,63214.0,2256.5675260708977,32.3588134052256,aws,cn-northwest-1,China (Ningxia),0.0,1693,zero_observed_ai_and_distance_gte_q75,1251.605776472141
1643293120,Volsk,Volsk,Russia,RU,RUS,Saratovskaya Oblast’,63212.0,1554.257774935273,45.972403774490154,gcp,europe-north1,"Hamina, Finland, Europe",0.0,1694,zero_observed_ai_and_distance_gte_q75,1251.605776472141
1222304332,San Marcos,San Marcos,El Salvador,SV,SLV,San Salvador,63209.0,1997.860716314968,36.82731509414046,azure,southcentralus,"Texas, South Central US, US",0.0,1695,zero_observed_ai_and_distance_gte_q75,1251.605776472141
1170627964,Puerto Asís,Puerto Asis,Colombia,CO,COL,Putumayo,63067.0,3654.2070195006277,16.087887766761842,gcp,us-east1,"Moncks Corner, South Carolina, North America",0.0,1696,zero_observed_ai_and_distance_gte_q75,1251.605776472141
1076517048,Igarapé-Miri,Igarape-Miri,Brazil,BR,BRA,Pará,63036.0,2408.40228086794,29.99315069876013,azure,brazilsoutheast,"Rio, Brazil Southeast, South America",0.0,1697,zero_observed_ai_and_distance_gte_q75,1251.605776472141
1608798193,Lutayan,Lutayan,Philippines,PH,PHL,Maguindanao,63029.0,1996.7838124790037,36.84715017222571,gcp,asia-east1,"Changhua County, Taiwan, APAC",0.0,1698,zero_observed_ai_and_distance_gte_q75,1251.605776472141
1608158776,Tangub,Tangub,Philippines,PH,PHL,Misamis Occidental,63011.0,1812.494561167315,40.40376224083615,gcp,asia-east1,"Changhua County, Taiwan, APAC",0.0,1699,zero_observed_ai_and_distance_gte_q75,1251.605776472141
1180000473,Kasongo,Kasongo,Congo (Kinshasa),CD,COD,Maniema,63000.0,2372.2044275919848,30.540936749511356,azure,southafricanorth,"Johannesburg, South Africa North, Africa",0.0,1700,zero_observed_ai_and_distance_gte_q75,1251.605776472141
1076977846,Portel,Portel,Brazil,BR,BRA,Pará,62945.0,2440.345432845429,29.517918022895223,gcp,southamerica-east1,"Osasco, São Paulo, Brazil, South America",0.0,1701,zero_observed_ai_and_distance_gte_q75,1251.605776472141
1706018197,Beledweyne,Beledweyne,Somalia,SO,SOM,Hiiraan,62945.0,2340.0626577500343,31.035721797068334,aws,me-central-1,Middle East (United Arab Emirates) - ???,0.0,1702,zero_observed_ai_and_distance_gte_q75,1251.605776472141
1608260082,Saravia,Saravia,Philippines,PH,PHL,Negros Occidental,62921.0,1489.113715743899,47.49447213276937,gcp,asia-east1,"Changhua County, Taiwan, APAC",0.0,1703,zero_observed_ai_and_distance_gte_q75,1251.605776472141
1604248295,Yurimaguas,Yurimaguas,Peru,PE,PER,Loreto,62903.0,3113.0573400727653,21.086679039109924,gcp,southamerica-west1,"Santiago, Chile, South America",0.0,1704,zero_observed_ai_and_distance_gte_q75,1251.605776472141
1591234164,Balboa Heights,Balboa Heights,Panama,PA,PAN,Panamá,62882.0,2696.5685152159335,25.968543194122805,gcp,us-east1,"Moncks Corner, South Carolina, North America",0.0,1705,zero_observed_ai_and_distance_gte_q75,1251.605776472141
1608715438,Kapatagan,Kapatagan,Philippines,PH,PHL,Lanao del Norte,62853.0,1831.0567304738154,40.030506292502174,gcp,asia-east1,"Changhua County, Taiwan, APAC",0.0,1706,zero_observed_ai_and_distance_gte_q75,1251.605776472141
1643115757,Rossosh,Rossosh,Russia,RU,RUS,Voronezhskaya Oblast’,62827.0,1308.6377703422925,51.97959827950751,gcp,europe-central2,"Warsaw, Poland, Europe",0.0,1707,zero_observed_ai_and_distance_gte_q75,1251.605776472141
1608641668,Tigbauan,Tigbauan,Philippines,PH,PHL,Iloilo,62706.0,1502.6805738245696,47.17338701154071,gcp,asia-east1,"Changhua County, Taiwan, APAC",0.0,1708,zero_observed_ai_and_distance_gte_q75,1251.605776472141
1643633975,Revda,Revda,Russia,RU,RUS,Sverdlovskaya Oblast’,62687.0,1915.9242769939192,38.36739642415835,gcp,europe-north1,"Hamina, Finland, Europe",0.0,1709,zero_observed_ai_and_distance_gte_q75,1251.605776472141
1643002462,Borisoglebsk,Borisoglebsk,Russia,RU,RUS,Voronezhskaya Oblast’,62669.0,1374.3807646885366,50.298728760932285,gcp,europe-north1,"Hamina, Finland, Europe",0.0,1710,zero_observed_ai_and_distance_gte_q75,1251.605776472141
1288350107,Nkawkaw,Nkawkaw,Ghana,GH,GHA,Eastern,62667.0,3776.9958143734702,15.129890323044041,gcp,europe-southwest1,"Madrid, Spain, Europe",0.0,1711,zero_observed_ai_and_distance_gte_q75,1251.605776472141
1608138574,San Jose,San Jose,Philippines,PH,PHL,Antique,62534.0,1489.1790978673152,47.49291951342861,gcp,asia-east1,"Changhua County, Taiwan, APAC",0.0,1712,zero_observed_ai_and_distance_gte_q75,1251.605776472141
1643010350,Leninogorsk,Leninogorsk,Russia,RU,RUS,Tatarstan,62531.0,1631.981892267951,44.22009128895958,gcp,europe-north1,"Hamina, Finland, Europe",0.0,1713,zero_observed_ai_and_distance_gte_q75,1251.605776472141
1178012015,Kayes,Kayes,Congo (Brazzaville),CG,COG,Bouenza,62521.0,2876.9355177274847,23.729106740750268,azure,southafricanorth,"Johannesburg, South Africa North, Africa",0.0,1714,zero_observed_ai_and_distance_gte_q75,1251.605776472141
1643010057,Budënnovsk,Budennovsk,Russia,RU,RUS,Stavropol’skiy Kray,62495.0,1679.6517790589035,43.17856952953692,aws,il-central-1,Middle East (Israel) - ???,0.0,1715,zero_observed_ai_and_distance_gte_q75,1251.605776472141
1076049089,Tefé,Tefe,Brazil,BR,BRA,Amazonas,62444.0,2956.7933327224846,22.80029602951692,gcp,southamerica-east1,"Osasco, São Paulo, Brazil, South America",0.0,1716,zero_observed_ai_and_distance_gte_q75,1251.605776472141
1834418526,Singida,Singida,Tanzania,TZ,TZA,Singida,62432.0,2427.2804386058338,29.711374927742323,azure,southafricanorth,"Johannesburg, South Africa North, Africa",0.0,1717,zero_observed_ai_and_distance_gte_q75,1251.605776472141
1170642933,Riosucio,Riosucio,Colombia,CO,COL,Caldas,62296.0,3120.638947698756,21.00689489436789,gcp,us-east1,"Moncks Corner, South Carolina, North America",0.0,1718,zero_observed_ai_and_distance_gte_q75,1251.605776472141
1608678238,Patikul,Patikul,Philippines,PH,PHL,Sulu,62287.0,1948.3049542392885,37.75121682190727,azure,eastasia,"Hong Kong, East Asia, Asia Pacific",0.0,1719,zero_observed_ai_and_distance_gte_q75,1251.605776472141
1643910130,Tuapse,Tuapse,Russia,RU,RUS,Krasnodarskiy Kray,62269.0,1445.2811937430688,48.546863498430184,aws,il-central-1,Middle East (Israel) - ???,0.0,1720,zero_observed_ai_and_distance_gte_q75,1251.605776472141
1686219536,Kolda,Kolda,Senegal,SN,SEN,Kolda,62258.0,3250.9113639019743,19.682196654872474,gcp,europe-southwest1,"Madrid, Spain, Europe",0.0,1721,zero_observed_ai_and_distance_gte_q75,1251.605776472141
1643010181,Zelenogorsk,Zelenogorsk,Russia,RU,RUS,Krasnoyarskiy Kray,62245.0,2255.4900558145287,32.37625093139555,aws,cn-northwest-1,China (Ningxia),0.0,1722,zero_observed_ai_and_distance_gte_q75,1251.605776472141
1554064936,Napier,Napier,New Zealand,NZ,NZL,Hawke’s Bay,62241.0,2367.0731332546243,30.61939462198306,gcp,australia-southeast1,"Sydney, Australia, APAC",0.0,1723,zero_observed_ai_and_distance_gte_q75,1251.605776472141
1643992511,Chistopol,Chistopol,Russia,RU,RUS,Tatarstan,62200.0,1489.1527374642108,47.49354548380529,gcp,europe-north1,"Hamina, Finland, Europe",0.0,1724,zero_observed_ai_and_distance_gte_q75,1251.605776472141
1608491577,Parang,Parang,Philippines,PH,PHL,Sulu,62172.0,1956.4530082032284,37.59773021256016,azure,eastasia,"Hong Kong, East Asia, Asia Pacific",0.0,1725,zero_observed_ai_and_distance_gte_q75,1251.605776472141
1608475400,Isabela,Isabela,Philippines,PH,PHL,Negros Occidental,62146.0,1564.3711127640145,45.7405233148573,gcp,asia-east1,"Changhua County, Taiwan, APAC",0.0,1726,zero_observed_ai_and_distance_gte_q75,1251.605776472141
1320669279,Palín,Palin,Guatemala,GT,GTM,Escuintla,62127.0,1851.7019616354785,39.61941219807626,azure,southcentralus,"Texas, South Central US, US",0.0,1727,zero_observed_ai_and_distance_gte_q75,1251.605776472141
1320362247,Panzos,Panzos,Guatemala,GT,GTM,Alta Verapaz,62125.0,1803.4928218768512,40.586024168762755,azure,southcentralus,"Texas, South Central US, US",0.0,1728,zero_observed_ai_and_distance_gte_q75,1251.605776472141
1076422017,Itapecuru Mirim,Itapecuru Mirim,Brazil,BR,BRA,Maranhão,62110.0,2172.9529331020026,33.74032533342057,azure,brazilsoutheast,"Rio, Brazil Southeast, South America",0.0,1729,zero_observed_ai_and_distance_gte_q75,1251.605776472141
1320727854,Senahú,Senahu,Guatemala,GT,GTM,Alta Verapaz,62101.0,1792.577156313897,40.80814149017208,azure,southcentralus,"Texas, South Central US, US",0.0,1730,zero_observed_ai_and_distance_gte_q75,1251.605776472141
1214367800,Dajabón,Dajabon,Dominican Republic,DO,DOM,Cibao Noroeste,62046.0,1724.8517398116019,42.21367902723439,gcp,us-east1,"Moncks Corner, South Carolina, North America",0.0,1731,zero_observed_ai_and_distance_gte_q75,1251.605776472141
1862643668,Zaraza,Zaraza,Venezuela,VE,VEN,Guárico,62027.0,3050.4818202460865,21.7568636064251,gcp,us-east1,"Moncks Corner, South Carolina, North America",0.0,1732,zero_observed_ai_and_distance_gte_q75,1251.605776472141
1598116558,Madang,Madang,Papua New Guinea,PG,PNG,Madang,62023.0,3232.976858336143,19.859485596973457,azure,australiaeast,"New South Wales, Australia East, Asia Pacific",0.0,1733,zero_observed_ai_and_distance_gte_q75,1251.605776472141
1384974005,Ferkessédougou,Ferkessedougou,Côte D’Ivoire,CI,CIV,Savanes,62008.0,3430.6247246581256,17.99075156047997,gcp,europe-southwest1,"Madrid, Spain, Europe",0.0,1734,zero_observed_ai_and_distance_gte_q75,1251.605776472141
1320452965,Nahualá,Nahuala,Guatemala,GT,GTM,Sololá,62000.0,1780.17368893925,41.062009111982945,azure,southcentralus,"Texas, South Central US, US",0.0,1735,zero_observed_ai_and_distance_gte_q75,1251.605776472141
1764920057,Rayong,Rayong,Thailand,TH,THA,Rayong,61902.0,1287.9866251897402,52.519097922054115,gcp,asia-southeast1,"Jurong West, Singapore, APAC",0.0,1736,zero_observed_ai_and_distance_gte_q75,1251.605776472141
1398506074,Sätbayev,Satbayev,Kazakhstan,KZ,KAZ,Qaraghandy,61883.0,2296.9860707673615,31.711428949932706,gcp,asia-south2,"Delhi, India APAC",0.0,1737,zero_observed_ai_and_distance_gte_q75,1251.605776472141
1170202938,Plato,Plato,Colombia,CO,COL,Magdalena,61856.0,2656.9914013602147,26.487541365920396,gcp,us-east1,"Moncks Corner, South Carolina, North America",0.0,1738,zero_observed_ai_and_distance_gte_q75,1251.605776472141
1643717197,Polevskoy,Polevskoy,Russia,RU,RUS,Sverdlovskaya Oblast’,61853.0,1948.006937447572,37.75684248929302,gcp,europe-north1,"Hamina, Finland, Europe",0.0,1739,zero_observed_ai_and_distance_gte_q75,1251.605776472141
1076867493,Piripiri,Piripiri,Brazil,BR,BRA,Piauí,61834.0,2077.2649471889977,35.393837122304724,azure,brazilsoutheast,"Rio, Brazil Southeast, South America",0.0,1740,zero_observed_ai_and_distance_gte_q75,1251.605776472141
1608127977,Lantapan,Lantapan,Philippines,PH,PHL,Bukidnon,61776.0,1849.9381112451688,39.65436896827341,gcp,asia-east1,"Changhua County, Taiwan, APAC",0.0,1741,zero_observed_ai_and_distance_gte_q75,1251.605776472141
1643566094,Lysva,Lysva,Russia,RU,RUS,Permskiy Kray,61752.0,1741.4373554935073,41.86505662600691,gcp,europe-north1,"Hamina, Finland, Europe",0.0,1742,zero_observed_ai_and_distance_gte_q75,1251.605776472141
1076429547,Viseu,Viseu,Brazil,BR,BRA,Pará,61751.0,2434.277710620486,29.607607270071632,azure,brazilsoutheast,"Rio, Brazil Southeast, South America",0.0,1743,zero_observed_ai_and_distance_gte_q75,1251.605776472141
1764111243,Saraburi,Saraburi,Thailand,TH,THA,Sara Buri,61750.0,1497.9293998983298,47.28558470966119,gcp,asia-southeast1,"Jurong West, Singapore, APAC",0.0,1744,zero_observed_ai_and_distance_gte_q75,1251.605776472141
1076890180,Coroatá,Coroata,Brazil,BR,BRA,Maranhão,61725.0,2089.7659880399324,35.173297183155775,azure,brazilsoutheast,"Rio, Brazil Southeast, South America",0.0,1745,zero_observed_ai_and_distance_gte_q75,1251.605776472141
1170091679,Carepa,Carepa,Colombia,CO,COL,Antioquia,61641.0,2849.728389794385,24.054112770286654,gcp,us-east1,"Moncks Corner, South Carolina, North America",0.0,1746,zero_observed_ai_and_distance_gte_q75,1251.605776472141
1862415614,San Antonio del Táchira,San Antonio del Tachira,Venezuela,VE,VEN,Táchira,61630.0,2927.9325214199202,23.131698938566476,gcp,us-east1,"Moncks Corner, South Carolina, North America",0.0,1747,zero_observed_ai_and_distance_gte_q75,1251.605776472141
1608153897,Buenavista,Buenavista,Philippines,PH,PHL,Agusan del Norte,61614.0,1756.8607985005679,41.54344664573918,gcp,asia-east1,"Changhua County, Taiwan, APAC",0.0,1748,zero_observed_ai_and_distance_gte_q75,1251.605776472141
1254304969,Cayenne,Cayenne,French Guiana,GF,GUF,,61550.0,3221.756704956621,19.971211937832184,gcp,southamerica-east1,"Osasco, São Paulo, Brazil, South America",0.0,1749,zero_observed_ai_and_distance_gte_q75,1251.605776472141
1170852541,Cajicá,Cajica,Colombia,CO,COL,Cundinamarca,61549.0,3205.258532966662,20.136637549515157,gcp,us-east1,"Moncks Corner, South Carolina, North America",0.0,1750,zero_observed_ai_and_distance_gte_q75,1251.605776472141
1608552657,Opol,Opol,Philippines,PH,PHL,Misamis Oriental,61503.0,1782.1315155536267,41.02183263269677,gcp,asia-east1,"Changhua County, Taiwan, APAC",0.0,1751,zero_observed_ai_and_distance_gte_q75,1251.605776472141
1792592620,Uzunköprü,Uzunkopru,Turkey,TR,TUR,Edirne,61485.0,1292.7990644365898,52.39287735613109,gcp,europe-central2,"Warsaw, Poland, Europe",0.0,1752,zero_observed_ai_and_distance_gte_q75,1251.605776472141
1320160535,Iztapa,Iztapa,Guatemala,GT,GTM,Escuintla,61448.0,1899.1216948426727,38.691089907015346,azure,southcentralus,"Texas, South Central US, US",0.0,1753,zero_observed_ai_and_distance_gte_q75,1251.605776472141
1076367392,Cajazeiras,Cajazeiras,Brazil,BR,BRA,Paraíba,61431.0,1848.6640651013242,39.67963776375708,azure,brazilsoutheast,"Rio, Brazil Southeast, South America",0.0,1754,zero_observed_ai_and_distance_gte_q75,1251.605776472141
1630035520,Mayagüez,Mayaguez,Puerto Rico,PR,PRI,Puerto Rico,61361.0,2103.948009201743,34.92476517361795,gcp,us-east1,"Moncks Corner, South Carolina, North America",0.0,1755,zero_observed_ai_and_distance_gte_q75,1251.605776472141
1608435487,Laoang,Laoang,Philippines,PH,PHL,Northern Samar,61359.0,1363.6570815868367,50.56914689649356,gcp,asia-east1,"Changhua County, Taiwan, APAC",0.0,1756,zero_observed_ai_and_distance_gte_q75,1251.605776472141
1643012532,Sibay,Sibay,Russia,RU,RUS,Bashkortostan,61266.0,2087.3180382369314,35.21637477367784,gcp,europe-north1,"Hamina, Finland, Europe",0.0,1757,zero_observed_ai_and_distance_gte_q75,1251.605776472141
1076016462,Acaraú,Acarau,Brazil,BR,BRA,Ceará,61210.0,2250.513644153218,32.45691001432354,azure,brazilsoutheast,"Rio, Brazil Southeast, South America",0.0,1758,zero_observed_ai_and_distance_gte_q75,1251.605776472141
1152541137,Coyhaique,Coyhaique,Chile,CL,CHL,Aysén,61210.0,1354.5890915512402,50.798947720802865,gcp,southamerica-west1,"Santiago, Chile, South America",0.0,1759,zero_observed_ai_and_distance_gte_q75,1251.605776472141
1706067930,Gaalkacyo,Gaalkacyo,Somalia,SO,SOM,Mudug,61200.0,2040.141231579906,36.05694773755733,aws,me-central-1,Middle East (United Arab Emirates) - ???,0.0,1760,zero_observed_ai_and_distance_gte_q75,1251.605776472141
1188214393,Puerto Limón,Puerto Limon,Costa Rica,CR,CRI,Limón,61072.0,2598.285299598087,27.276554841232915,gcp,us-east1,"Moncks Corner, South Carolina, North America",0.0,1761,zero_observed_ai_and_distance_gte_q75,1251.605776472141
1608301851,Kiamba,Kiamba,Philippines,PH,PHL,Sarangani,61058.0,2058.28327014476,35.731353438029636,gcp,asia-east1,"Changhua County, Taiwan, APAC",0.0,1762,zero_observed_ai_and_distance_gte_q75,1251.605776472141
1180986517,Idiofa,Idiofa,Congo (Kinshasa),CD,COD,Kwilu,61056.0,2485.4555001122517,28.859592574314814,azure,southafricanorth,"Johannesburg, South Africa North, Africa",0.0,1763,zero_observed_ai_and_distance_gte_q75,1251.605776472141
1608588871,Quezon,Quezon,Philippines,PH,PHL,Palawan,60980.0,1506.274899967765,47.088684877013065,azure,eastasia,"Hong Kong, East Asia, Asia Pacific",0.0,1764,zero_observed_ai_and_distance_gte_q75,1251.605776472141
1076456541,Bezerros,Bezerros,Brazil,BR,BRA,Pernambuco,60880.0,1815.0650602081216,40.351866681308834,azure,brazilsoutheast,"Rio, Brazil Southeast, South America",0.0,1765,zero_observed_ai_and_distance_gte_q75,1251.605776472141
1032317391,Tartagal,Tartagal,Argentina,AR,ARG,Salta,60819.0,1387.3715770273393,49.97307685347507,gcp,southamerica-west1,"Santiago, Chile, South America",0.0,1766,zero_observed_ai_and_distance_gte_q75,1251.605776472141
1170294681,Villamaría,Villamaria,Colombia,CO,COL,Caldas,60729.0,3164.7897674926226,20.54824020006004,gcp,us-east1,"Moncks Corner, South Carolina, North America",0.0,1767,zero_observed_ai_and_distance_gte_q75,1251.605776472141
1266867613,Oyem,Oyem,Gabon,GA,GAB,Woleu-Ntem,60685.0,3527.3963233323952,17.1409789131029,azure,southafricanorth,"Johannesburg, South Africa North, Africa",0.0,1768,zero_observed_ai_and_distance_gte_q75,1251.605776472141
1076277178,Euclides da Cunha,Euclides da Cunha,Brazil,BR,BRA,Bahia,60666.0,1448.4757427714758,48.46938272612407,azure,brazilsoutheast,"Rio, Brazil Southeast, South America",0.0,1769,zero_observed_ai_and_distance_gte_q75,1251.605776472141
1360827216,Soasio,Soasio,Indonesia,ID,IDN,Maluku Utara,60611.0,2411.809256359676,29.942101227504093,aws,ap-southeast-3,Asia Pacific (Jakarta),0.0,1770,zero_observed_ai_and_distance_gte_q75,1251.605776472141
1558986603,Juigalpa,Juigalpa,Nicaragua,NI,NIC,Chontales,60583.0,2355.6269835693215,30.79513411450098,azure,southcentralus,"Texas, South Central US, US",0.0,1771,zero_observed_ai_and_distance_gte_q75,1251.605776472141
1566772925,Lokoja,Lokoja,Nigeria,NG,NGA,Kogi,60579.0,3771.898841462913,15.168497818045607,gcp,europe-southwest1,"Madrid, Spain, Europe",0.0,1772,zero_observed_ai_and_distance_gte_q75,1251.605776472141
1608747221,Bansalan,Bansalan,Philippines,PH,PHL,Davao del Sur,60440.0,1986.3705096002004,37.03950075639142,gcp,asia-east1,"Changhua County, Taiwan, APAC",0.0,1773,zero_observed_ai_and_distance_gte_q75,1251.605776472141
1608343887,Calinog,Calinog,Philippines,PH,PHL,Iloilo,60413.0,1453.8827128887476,48.33852344188491,gcp,asia-east1,"Changhua County, Taiwan, APAC",0.0,1774,zero_observed_ai_and_distance_gte_q75,1251.605776472141
1860783170,Xo‘jayli Shahri,Xo`jayli Shahri,Uzbekistan,UZ,UZB,Qoraqalpog‘iston,60401.0,1942.8944390940414,37.85348185134495,azure,uaenorth,"Dubai, UAE North, Middle East",0.0,1775,zero_observed_ai_and_distance_gte_q75,1251.605776472141
1643565856,Sayanogorsk,Sayanogorsk,Russia,RU,RUS,Khakasiya,60317.0,2085.0138336920377,35.25697102010541,aws,cn-northwest-1,China (Ningxia),0.0,1776,zero_observed_ai_and_distance_gte_q75,1251.605776472141
1608887661,Sibalom,Sibalom,Philippines,PH,PHL,Antique,60306.0,1486.2164324017492,47.563324463383324,gcp,asia-east1,"Changhua County, Taiwan, APAC",0.0,1777,zero_observed_ai_and_distance_gte_q75,1251.605776472141
1854763822,Banfora,Banfora,Burkina Faso,BF,BFA,Cascades,60288.0,3313.6735149263627,19.07413880902593,gcp,europe-southwest1,"Madrid, Spain, Europe",0.0,1778,zero_observed_ai_and_distance_gte_q75,1251.605776472141
1332473025,Belladère,Belladere,Haiti,HT,HTI,Centre,60239.0,1792.965119410671,40.80022623143092,gcp,us-east1,"Moncks Corner, South Carolina, North America",0.0,1779,zero_observed_ai_and_distance_gte_q75,1251.605776472141
1608991655,Santa Barbara,Santa Barbara,Philippines,PH,PHL,Iloilo,60215.0,1488.5643173536025,47.50752061816039,gcp,asia-east1,"Changhua County, Taiwan, APAC",0.0,1780,zero_observed_ai_and_distance_gte_q75,1251.605776472141
1643040403,Belebey,Belebey,Russia,RU,RUS,Bashkortostan,60188.0,1753.6945622777178,41.60926691541867,gcp,europe-north1,"Hamina, Finland, Europe",0.0,1781,zero_observed_ai_and_distance_gte_q75,1251.605776472141
1024532464,Mbanza Kongo,Mbanza Kongo,Angola,AO,AGO,Zaire,60182.0,2624.4143397137227,26.92251744337154,azure,southafricanorth,"Johannesburg, South Africa North, Africa",0.0,1782,zero_observed_ai_and_distance_gte_q75,1251.605776472141
1643237908,Kumertau,Kumertau,Russia,RU,RUS,Bashkortostan,60164.0,1929.7350788946053,38.10336683270179,gcp,europe-north1,"Hamina, Finland, Europe",0.0,1783,zero_observed_ai_and_distance_gte_q75,1251.605776472141
1643209545,Labinsk,Labinsk,Russia,RU,RUS,Krasnodarskiy Kray,60164.0,1543.6233721551612,46.21749933752054,aws,il-central-1,Middle East (Israel) - ???,0.0,1784,zero_observed_ai_and_distance_gte_q75,1251.605776472141
1764502057,Samut Sakhon,Samut Sakhon,Thailand,TH,THA,Samut Sakhon,60103.0,1408.6104429047477,49.44519895787182,gcp,asia-southeast1,"Jurong West, Singapore, APAC",0.0,1785,zero_observed_ai_and_distance_gte_q75,1251.605776472141
1398649394,Kapchagay,Kapchagay,Kazakhstan,KZ,KAZ,Almaty,60100.0,1693.7219062759616,42.875871544589856,gcp,asia-south2,"Delhi, India APAC",0.0,1786,zero_observed_ai_and_distance_gte_q75,1251.605776472141
1156019929,Yongbei,Yongbei,China,CN,CHN,Yunnan,60099.0,1278.5579285452293,52.767275782020626,aws,cn-northwest-1,China (Ningxia),0.0,1787,zero_observed_ai_and_distance_gte_q75,1251.605776472141
1120360100,Kribi,Kribi,Cameroon,CM,CMR,Sud,60000.0,3749.099562026097,15.342402570738441,azure,southafricanorth,"Johannesburg, South Africa North, Africa",0.0,1788,zero_observed_ai_and_distance_gte_q75,1251.605776472141
1116453792,Kratie,Kratie,Cambodia,KH,KHM,Kratie,60000.0,1261.2188308530444,53.2267330226116,aws,ap-southeast-1,Asia Pacific (Singapore),0.0,1789,zero_observed_ai_and_distance_gte_q75,1251.605776472141
1076490155,Maués,Maues,Brazil,BR,BRA,Amazonas,59983.0,2529.5846086662104,28.2297922107328,gcp,southamerica-east1,"Osasco, São Paulo, Brazil, South America",0.0,1790,zero_observed_ai_and_distance_gte_q75,1251.605776472141
1170680965,San Marcos,San Marcos,Colombia,CO,COL,Sucre,59976.0,2773.873148594772,24.98394982493122,gcp,us-east1,"Moncks Corner, South Carolina, North America",0.0,1791,zero_observed_ai_and_distance_gte_q75,1251.605776472141
1643013764,Urus-Martan,Urus-Martan,Russia,RU,RUS,Chechnya,59954.0,1594.3549773866534,45.05989916893024,aws,il-central-1,Middle East (Israel) - ???,0.0,1792,zero_observed_ai_and_distance_gte_q75,1251.605776472141
1804246584,Rubizhne,Rubizhne,Ukraine,UA,UKR,Luhans’ka Oblast’,59951.0,1272.1994007809412,52.93530383730555,gcp,europe-central2,"Warsaw, Poland, Europe",0.0,1793,zero_observed_ai_and_distance_gte_q75,1251.605776472141
1076525292,Limoeiro do Norte,Limoeiro do Norte,Brazil,BR,BRA,Ceará,59890.0,2049.283327435862,35.892505823574695,azure,brazilsoutheast,"Rio, Brazil Southeast, South America",0.0,1794,zero_observed_ai_and_distance_gte_q75,1251.605776472141
1320835574,Tecpán Guatemala,Tecpan Guatemala,Guatemala,GT,GTM,Chimaltenango,59859.0,1801.608164006332,40.6242875792321,azure,southcentralus,"Texas, South Central US, US",0.0,1795,zero_observed_ai_and_distance_gte_q75,1251.605776472141
1454281420,Nkhotakota,Nkhotakota,Malawi,MW,MWI,Nkhotakota,59854.0,1560.5776560177328,45.82736299283709,azure,southafricanorth,"Johannesburg, South Africa North, Africa",0.0,1796,zero_observed_ai_and_distance_gte_q75,1251.605776472141
1076998765,Jacundá,Jacunda,Brazil,BR,BRA,Pará,59842.0,2136.394448418804,34.36274425939135,gcp,southamerica-east1,"Osasco, São Paulo, Brazil, South America",0.0,1797,zero_observed_ai_and_distance_gte_q75,1251.605776472141
1804780082,Khartsyzk,Khartsyzk,Ukraine,UA,UKR,Donets’ka Oblast’,59763.0,1304.211061980118,52.09477495706083,gcp,europe-central2,"Warsaw, Poland, Europe",0.0,1798,zero_observed_ai_and_distance_gte_q75,1251.605776472141
1608772527,Poblacion,Poblacion,Philippines,PH,PHL,Cebu,59712.0,1579.0781751247957,45.405402620810634,gcp,asia-east1,"Changhua County, Taiwan, APAC",0.0,1799,zero_observed_ai_and_distance_gte_q75,1251.605776472141
1076315330,São Miguel do Guamá,Sao Miguel do Guama,Brazil,BR,BRA,Pará,59632.0,2410.360167673114,29.963803468743077,azure,brazilsoutheast,"Rio, Brazil Southeast, South America",0.0,1800,zero_observed_ai_and_distance_gte_q75,1251.605776472141
1554561880,Porirua,Porirua,New Zealand,NZ,NZL,Wellington,59600.0,2227.6997813953567,32.829263427059,gcp,australia-southeast1,"Sydney, Australia, APAC",0.0,1801,zero_observed_ai_and_distance_gte_q75,1251.605776472141
1608485452,Abuyog,Abuyog,Philippines,PH,PHL,Leyte,59571.0,1555.734151475463,45.93848000787952,gcp,asia-east1,"Changhua County, Taiwan, APAC",0.0,1802,zero_observed_ai_and_distance_gte_q75,1251.605776472141
1608486429,Gubat,Gubat,Philippines,PH,PHL,Sorsogon,59534.0,1296.498343722073,52.29605898033156,gcp,asia-east1,"Changhua County, Taiwan, APAC",0.0,1803,zero_observed_ai_and_distance_gte_q75,1251.605776472141
1643351184,Lesosibirsk,Lesosibirsk,Russia,RU,RUS,Krasnoyarskiy Kray,59525.0,2524.3416269811555,28.303893437907302,aws,cn-northwest-1,China (Ningxia),0.0,1804,zero_observed_ai_and_distance_gte_q75,1251.605776472141
1320897653,Sayaxché,Sayaxche,Guatemala,GT,GTM,Petén,59499.0,1666.6237459890528,43.460753523195464,azure,southcentralus,"Texas, South Central US, US",0.0,1805,zero_observed_ai_and_distance_gte_q75,1251.605776472141
1356023817,Itānagar,Itanagar,India,IN,IND,Arunāchal Pradesh,59490.0,1614.872101622783,44.60001231632209,azure,jioindiacentral,"Nagpur, Jio India Central, Asia Pacific",0.0,1806,zero_observed_ai_and_distance_gte_q75,1251.605776472141
1364743408,Esfarāyen,Esfarayen,Iran,IR,IRN,Khorāsān-e Shomālī,59490.0,1329.538667930339,51.43921668245678,azure,uaenorth,"Dubai, UAE North, Middle East",0.0,1807,zero_observed_ai_and_distance_gte_q75,1251.605776472141
1764813354,Ban Bang Kaeo,Ban Bang Kaeo,Thailand,TH,THA,Samut Prakan,59478.0,1407.3775308270406,49.47568914632654,gcp,asia-southeast1,"Jurong West, Singapore, APAC",0.0,1808,zero_observed_ai_and_distance_gte_q75,1251.605776472141
1608825863,Maasin,Maasin,Philippines,PH,PHL,Sarangani,59468.0,2079.969890797031,35.34600031182137,gcp,asia-east1,"Changhua County, Taiwan, APAC",0.0,1809,zero_observed_ai_and_distance_gte_q75,1251.605776472141
1608031686,Sibulan,Sibulan,Philippines,PH,PHL,Negros Oriental,59455.0,1663.0072844320973,43.539411689998666,gcp,asia-east1,"Changhua County, Taiwan, APAC",0.0,1810,zero_observed_ai_and_distance_gte_q75,1251.605776472141
1076459192,Lucas do Rio Verde,Lucas do Rio Verde,Brazil,BR,BRA,Mato Grosso,59436.0,1510.600664360273,46.98694766131488,gcp,southamerica-east1,"Osasco, São Paulo, Brazil, South America",0.0,1811,zero_observed_ai_and_distance_gte_q75,1251.605776472141
1192644994,Yara,Yara,Cuba,CU,CUB,Granma,59415.0,1468.3403812668075,47.99035222315533,gcp,us-east1,"Moncks Corner, South Carolina, North America",0.0,1812,zero_observed_ai_and_distance_gte_q75,1251.605776472141
1764352388,Hua Hin,Hua Hin,Thailand,TH,THA,Prachuap Khiri Khan,59369.0,1314.737032956933,51.82132113538744,gcp,asia-southeast1,"Jurong West, Singapore, APAC",0.0,1813,zero_observed_ai_and_distance_gte_q75,1251.605776472141
1320980243,Comitancillo,Comitancillo,Guatemala,GT,GTM,San Marcos,59357.0,1736.8100875950431,41.962029178541165,azure,southcentralus,"Texas, South Central US, US",0.0,1814,zero_observed_ai_and_distance_gte_q75,1251.605776472141
1646793543,Ruhengeri,Ruhengeri,Rwanda,RW,RWA,Northern Province,59333.0,2699.33743044865,25.93261572248144,azure,southafricanorth,"Johannesburg, South Africa North, Africa",0.0,1815,zero_observed_ai_and_distance_gte_q75,1251.605776472141
1608478243,Cambanugoy,Cambanugoy,Philippines,PH,PHL,Davao del Norte,59322.0,1920.6449426619786,38.276943390249215,gcp,asia-east1,"Changhua County, Taiwan, APAC",0.0,1816,zero_observed_ai_and_distance_gte_q75,1251.605776472141
1170812272,Girardota,Girardota,Colombia,CO,COL,Antioquia,59319.0,3019.3351990878655,22.098342074233273,gcp,us-east1,"Moncks Corner, South Carolina, North America",0.0,1817,zero_observed_ai_and_distance_gte_q75,1251.605776472141
1558463653,El Cuá,El Cua,Nicaragua,NI,NIC,Jinotega,59307.0,2220.460969053757,32.948301158689425,azure,southcentralus,"Texas, South Central US, US",0.0,1818,zero_observed_ai_and_distance_gte_q75,1251.605776472141
1300398756,Kavála,Kavala,Greece,GR,GRC,Anatolikí Makedonía kai Thráki,59240.0,1282.509590577231,52.66311949339815,gcp,europe-central2,"Warsaw, Poland, Europe",0.0,1819,zero_observed_ai_and_distance_gte_q75,1251.605776472141
1300585149,Chalkída,Chalkida,Greece,GR,GRC,Stereá Elláda,59125.0,1282.14061974693,52.67283596710729,aws,il-central-1,Middle East (Israel) - ???,0.0,1820,zero_observed_ai_and_distance_gte_q75,1251.605776472141
1076484341,Manacapuru,Manacapuru,Brazil,BR,BRA,Amazonas,59102.0,2696.4538752533954,25.97003175319396,gcp,southamerica-east1,"Osasco, São Paulo, Brazil, South America",0.0,1821,zero_observed_ai_and_distance_gte_q75,1251.605776472141
1320020808,Antigua Guatemala,Antigua Guatemala,Guatemala,GT,GTM,Sacatepéquez,59091.0,1834.669454349076,39.958261978924554,azure,southcentralus,"Texas, South Central US, US",0.0,1822,zero_observed_ai_and_distance_gte_q75,1251.605776472141
1320051048,Concepción Tutuapa,Concepcion Tutuapa,Guatemala,GT,GTM,San Marcos,59063.0,1715.5834994901625,42.40975626010404,azure,southcentralus,"Texas, South Central US, US",0.0,1823,zero_observed_ai_and_distance_gte_q75,1251.605776472141
1214705132,Constanza,Constanza,Dominican Republic,DO,DOM,Cibao Sur,59052.0,1836.2377481321273,39.92694111368747,gcp,us-east1,"Moncks Corner, South Carolina, North America",0.0,1824,zero_observed_ai_and_distance_gte_q75,1251.605776472141
1031581655,Yevlax,Yevlax,Azerbaijan,AZ,AZE,Yevlax,59036.0,1493.704366642075,47.38558187928454,aws,il-central-1,Middle East (Israel) - ???,0.0,1825,zero_observed_ai_and_distance_gte_q75,1251.605776472141
1180751831,Kabinda,Kabinda,Congo (Kinshasa),CD,COD,Lomami,59004.0,2215.526851992307,33.0296868965466,azure,southafricanorth,"Johannesburg, South Africa North, Africa",0.0,1826,zero_observed_ai_and_distance_gte_q75,1251.605776472141
1222716890,Metapán,Metapan,El Salvador,SV,SLV,Santa Ana,59004.0,1917.640453021819,38.33448794236646,azure,southcentralus,"Texas, South Central US, US",0.0,1827,zero_observed_ai_and_distance_gte_q75,1251.605776472141
1170190923,Florida,Florida,Colombia,CO,COL,Valle del Cauca,58988.0,3345.1473118028052,18.776320537932886,gcp,us-east1,"Moncks Corner, South Carolina, North America",0.0,1828,zero_observed_ai_and_distance_gte_q75,1251.605776472141
1170275020,Pamplona,Pamplona,Colombia,CO,COL,Norte de Santander,58975.0,2969.7055072882877,22.653569477630082,gcp,us-east1,"Moncks Corner, South Carolina, North America",0.0,1829,zero_observed_ai_and_distance_gte_q75,1251.605776472141
1076008475,Juruti,Juruti,Brazil,BR,BRA,Pará,58960.0,2579.711883944435,27.531044091231564,gcp,southamerica-east1,"Osasco, São Paulo, Brazil, South America",0.0,1830,zero_observed_ai_and_distance_gte_q75,1251.605776472141
1860871064,Kattaqo’rg’on Shahri,Kattaqo'rg'on Shahri,Uzbekistan,UZ,UZB,Samarqand,58950.0,1602.4857911113866,44.87708420602365,gcp,asia-south2,"Delhi, India APAC",0.0,1831,zero_observed_ai_and_distance_gte_q75,1251.605776472141
1076865556,Buíque,Buique,Brazil,BR,BRA,Pernambuco,58919.0,1713.9807299712363,42.44375641420646,azure,brazilsoutheast,"Rio, Brazil Southeast, South America",0.0,1832,zero_observed_ai_and_distance_gte_q75,1251.605776472141
1320879854,Santa María Chiquimula,Santa Maria Chiquimula,Guatemala,GT,GTM,Totonicapán,58918.0,1760.6293694873932,41.46524063624226,azure,southcentralus,"Texas, South Central US, US",0.0,1833,zero_observed_ai_and_distance_gte_q75,1251.605776472141
1604446908,Cerro de Pasco,Cerro de Pasco,Peru,PE,PER,Pasco,58899.0,2593.8256380407056,27.337444804682377,gcp,southamerica-west1,"Santiago, Chile, South America",0.0,1834,zero_observed_ai_and_distance_gte_q75,1251.605776472141
1356299437,Tezpur,Tezpur,India,IN,IND,Assam,58851.0,1520.3907500315431,46.757506559951544,azure,jioindiacentral,"Nagpur, Jio India Central, Asia Pacific",0.0,1835,zero_observed_ai_and_distance_gte_q75,1251.605776472141
1764251181,Ban Rangsit,Ban Rangsit,Thailand,TH,THA,Pathum Thani,58838.0,1446.201659180859,48.52452578411626,gcp,asia-southeast1,"Jurong West, Singapore, APAC",0.0,1836,zero_observed_ai_and_distance_gte_q75,1251.605776472141
1643417777,Izberbash,Izberbash,Russia,RU,RUS,Dagestan,58690.0,1680.330189201241,43.163925623570684,aws,il-central-1,Middle East (Israel) - ???,0.0,1837,zero_observed_ai_and_distance_gte_q75,1251.605776472141
1180273302,Aketi,Aketi,Congo (Kinshasa),CD,COD,Bas-Uélé,58601.0,3201.8039686341967,20.17144926061113,azure,southafricanorth,"Johannesburg, South Africa North, Africa",0.0,1838,zero_observed_ai_and_distance_gte_q75,1251.605776472141
1554000379,Rotorua,Rotorua,New Zealand,NZ,NZL,Bay of Plenty,58500.0,2294.7251186042586,31.74729823273556,gcp,australia-southeast1,"Sydney, Australia, APAC",0.0,1839,zero_observed_ai_and_distance_gte_q75,1251.605776472141
1608225814,Cabatuan,Cabatuan,Philippines,PH,PHL,Iloilo,58442.0,1481.1759495581143,47.68334670283706,gcp,asia-east1,"Changhua County, Taiwan, APAC",0.0,1840,zero_observed_ai_and_distance_gte_q75,1251.605776472141
1398296961,Qaskeleng,Qaskeleng,Kazakhstan,KZ,KAZ,Almaty,58418.0,1618.3709248080365,44.52205674581553,gcp,asia-south2,"Delhi, India APAC",0.0,1841,zero_observed_ai_and_distance_gte_q75,1251.605776472141
1076000524,Açu,Acu,Brazil,BR,BRA,Rio Grande do Norte,58384.0,2041.621379281395,36.03027280532651,azure,brazilsoutheast,"Rio, Brazil Southeast, South America",0.0,1842,zero_observed_ai_and_distance_gte_q75,1251.605776472141
1608275086,Mamungan,Mamungan,Philippines,PH,PHL,Lanao del Norte,58383.0,1817.0548070310674,40.31174164501972,gcp,asia-east1,"Changhua County, Taiwan, APAC",0.0,1843,zero_observed_ai_and_distance_gte_q75,1251.605776472141
1643802074,Nyagan,Nyagan,Russia,RU,RUS,Khanty-Mansiyskiy Avtonomnyy Okrug-Yugra,58335.0,2013.8646823496715,36.53379946391785,gcp,europe-north1,"Hamina, Finland, Europe",0.0,1844,zero_observed_ai_and_distance_gte_q75,1251.605776472141
1384649653,Bondoukou,Bondoukou,Côte D’Ivoire,CI,CIV,Zanzan,58297.0,3601.245463504825,16.519598339962805,gcp,europe-southwest1,"Madrid, Spain, Europe",0.0,1845,zero_observed_ai_and_distance_gte_q75,1251.605776472141
1300726987,Sérres,Serres,Greece,GR,GRC,Kentrikí Makedonía,58287.0,1254.5707990306546,53.403953909426164,gcp,europe-central2,"Warsaw, Poland, Europe",0.0,1846,zero_observed_ai_and_distance_gte_q75,1251.605776472141
1604253597,Lambayeque,Lambayeque,Peru,PE,PER,Lambayeque,58276.0,3122.255682690991,20.98992046505373,gcp,southamerica-west1,"Santiago, Chile, South America",0.0,1847,zero_observed_ai_and_distance_gte_q75,1251.605776472141
1320383323,La Gomera,La Gomera,Guatemala,GT,GTM,Escuintla,58272.0,1869.141450030726,39.27544290003648,azure,southcentralus,"Texas, South Central US, US",0.0,1848,zero_observed_ai_and_distance_gte_q75,1251.605776472141
1031478213,Şirvan,Sirvan,Azerbaijan,AZ,AZE,Şirvan,58253.0,1539.1995696057143,46.319841026350105,aws,me-south-1,Middle East (Bahrain),0.0,1849,zero_observed_ai_and_distance_gte_q75,1251.605776472141
1076174262,Monte Alegre,Monte Alegre,Brazil,BR,BRA,Pará,58162.0,2518.4957666001405,28.386744767885897,gcp,southamerica-east1,"Osasco, São Paulo, Brazil, South America",0.0,1850,zero_observed_ai_and_distance_gte_q75,1251.605776472141
1076842460,Guarabira,Guarabira,Brazil,BR,BRA,Paraíba,58162.0,1966.3509852156883,37.412119150224484,azure,brazilsoutheast,"Rio, Brazil Southeast, South America",0.0,1851,zero_observed_ai_and_distance_gte_q75,1251.605776472141
1608156798,Palompon,Palompon,Philippines,PH,PHL,Leyte,58108.0,1504.1558308916576,47.13860340552437,gcp,asia-east1,"Changhua County, Taiwan, APAC",0.0,1852,zero_observed_ai_and_distance_gte_q75,1251.605776472141
1643373593,Meleuz,Meleuz,Russia,RU,RUS,Bashkortostan,58004.0,1924.220083739982,38.20858177273212,gcp,europe-north1,"Hamina, Finland, Europe",0.0,1853,zero_observed_ai_and_distance_gte_q75,1251.605776472141
1320742269,Huehuetenango,Huehuetenango,Guatemala,GT,GTM,Huehuetenango,58000.0,1725.2391745828486,42.20550229570879,azure,southcentralus,"Texas, South Central US, US",0.0,1854,zero_observed_ai_and_distance_gte_q75,1251.605776472141
1170774780,Pradera,Pradera,Colombia,CO,COL,Valle del Cauca,57990.0,3334.2923988479133,18.878505251160725,gcp,us-east1,"Moncks Corner, South Carolina, North America",0.0,1855,zero_observed_ai_and_distance_gte_q75,1251.605776472141
1104582279,Allanmyo,Allanmyo,Myanmar,MM,MMR,Magway,57897.0,1694.208585199379,42.86543942241288,azure,jioindiacentral,"Nagpur, Jio India Central, Asia Pacific",0.0,1856,zero_observed_ai_and_distance_gte_q75,1251.605776472141
1643702962,Berëzovskiy,Berezovskiy,Russia,RU,RUS,Sverdlovskaya Oblast’,57892.0,1959.2443880304018,37.54529204195388,gcp,europe-north1,"Hamina, Finland, Europe",0.0,1857,zero_observed_ai_and_distance_gte_q75,1251.605776472141
1643315117,Prokhladnyy,Prokhladnyy,Russia,RU,RUS,Kabardino-Balkariya,57883.0,1578.501088655823,45.418505932891115,aws,il-central-1,Middle East (Israel) - ???,0.0,1858,zero_observed_ai_and_distance_gte_q75,1251.605776472141
1508591443,António Enes,Antonio Enes,Mozambique,MZ,MOZ,Nampula,57835.0,1607.4980941505125,44.76475624748157,azure,southafricanorth,"Johannesburg, South Africa North, Africa",0.0,1859,zero_observed_ai_and_distance_gte_q75,1251.605776472141
1643239180,Mikhaylovka,Mikhaylovka,Russia,RU,RUS,Volgogradskaya Oblast’,57829.0,1539.1174018801428,46.321744063434885,gcp,europe-north1,"Hamina, Finland, Europe",0.0,1860,zero_observed_ai_and_distance_gte_q75,1251.605776472141
1608283593,Castilla,Castilla,Philippines,PH,PHL,Sorsogon,57827.0,1286.1400764519003,52.567609850508305,gcp,asia-east1,"Changhua County, Taiwan, APAC",0.0,1861,zero_observed_ai_and_distance_gte_q75,1251.605776472141
1300949419,Alexandroúpoli,Alexandroupoli,Greece,GR,GRC,Anatolikí Makedonía kai Thráki,57812.0,1312.1765321095017,51.88770789049665,aws,il-central-1,Middle East (Israel) - ???,0.0,1862,zero_observed_ai_and_distance_gte_q75,1251.605776472141
1170380074,Orito,Orito,Colombia,CO,COL,Putumayo,57774.0,3632.169001303726,16.266140629801612,gcp,us-east1,"Moncks Corner, South Carolina, North America",0.0,1863,zero_observed_ai_and_distance_gte_q75,1251.605776472141
1643615827,Tikhoretsk,Tikhoretsk,Russia,RU,RUS,Krasnodarskiy Kray,57771.0,1556.7898615981146,45.914237547513345,gcp,europe-central2,"Warsaw, Poland, Europe",0.0,1864,zero_observed_ai_and_distance_gte_q75,1251.605776472141
1860586828,Qŭnghirot,Qunghirot,Uzbekistan,UZ,UZB,Qoraqalpog‘iston,57758.0,2006.4249873130411,36.66995270483699,azure,uaenorth,"Dubai, UAE North, Middle East",0.0,1865,zero_observed_ai_and_distance_gte_q75,1251.605776472141
1643005627,Salsk,Salsk,Russia,RU,RUS,Rostovskaya Oblast’,57622.0,1611.1104163439834,44.683976858497424,gcp,europe-central2,"Warsaw, Poland, Europe",0.0,1866,zero_observed_ai_and_distance_gte_q75,1251.605776472141
1554939405,New Plymouth,New Plymouth,New Zealand,NZ,NZL,Taranaki,57600.0,2118.1990268071463,34.67679296520559,gcp,australia-southeast1,"Sydney, Australia, APAC",0.0,1867,zero_observed_ai_and_distance_gte_q75,1251.605776472141
1608661314,San Remigio,San Remigio,Philippines,PH,PHL,Cebu,57557.0,1497.856517657473,47.287307880745075,gcp,asia-east1,"Changhua County, Taiwan, APAC",0.0,1868,zero_observed_ai_and_distance_gte_q75,1251.605776472141
1604929096,Sicuani,Sicuani,Peru,PE,PER,Cusco,57551.0,2132.2209180237223,34.43452610808731,gcp,southamerica-west1,"Santiago, Chile, South America",0.0,1869,zero_observed_ai_and_distance_gte_q75,1251.605776472141
1076386570,Campo Alegre,Campo Alegre,Brazil,BR,BRA,Alagoas,57548.0,1631.224800076293,44.23683380058049,azure,brazilsoutheast,"Rio, Brazil Southeast, South America",0.0,1870,zero_observed_ai_and_distance_gte_q75,1251.605776472141
1076430214,Timbaúba,Timbauba,Brazil,BR,BRA,Pernambuco,57534.0,1908.5677193223516,38.50878227529202,azure,brazilsoutheast,"Rio, Brazil Southeast, South America",0.0,1871,zero_observed_ai_and_distance_gte_q75,1251.605776472141
1643475253,Krasnotur’insk,Krasnotur'insk,Russia,RU,RUS,Sverdlovskaya Oblast’,57514.0,1808.0025136619304,40.494612037736175,gcp,europe-north1,"Hamina, Finland, Europe",0.0,1872,zero_observed_ai_and_distance_gte_q75,1251.605776472141
1558411169,Diriamba,Diriamba,Nicaragua,NI,NIC,Carazo,57512.0,2329.358029314624,31.202280070587484,azure,southcentralus,"Texas, South Central US, US",0.0,1873,zero_observed_ai_and_distance_gte_q75,1251.605776472141
1051214432,Ejmiatsin,Ejmiatsin,Armenia,AM,ARG,Armavir,57500.0,1280.9806486804807,52.70339431080415,aws,il-central-1,Middle East (Israel) - ???,0.0,1874,zero_observed_ai_and_distance_gte_q75,1251.605776472141
1608783254,Milagros,Milagros,Philippines,PH,PHL,Masbate,57473.0,1353.1535462258457,50.83542290564993,gcp,asia-east1,"Changhua County, Taiwan, APAC",0.0,1875,zero_observed_ai_and_distance_gte_q75,1251.605776472141
1484009696,Santiago Tuxtla,Santiago Tuxtla,Mexico,MX,MEX,Veracruz,57466.0,1260.2031793401975,53.253769792973905,azure,southcentralus,"Texas, South Central US, US",0.0,1876,zero_observed_ai_and_distance_gte_q75,1251.605776472141
1762380072,Istaravshan,Istaravshan,Tajikistan,TJ,TJK,Sughd,57400.0,1460.2915189770774,48.18387524013138,gcp,asia-south2,"Delhi, India APAC",0.0,1877,zero_observed_ai_and_distance_gte_q75,1251.605776472141
1608971808,Ilog,Ilog,Philippines,PH,PHL,Negros Occidental,57389.0,1579.0865711157815,45.40521200953517,gcp,asia-east1,"Changhua County, Taiwan, APAC",0.0,1878,zero_observed_ai_and_distance_gte_q75,1251.605776472141
1643118471,Krymsk,Krymsk,Russia,RU,RUS,Krasnodarskiy Kray,57229.0,1484.7567574522636,47.598050630687744,gcp,europe-central2,"Warsaw, Poland, Europe",0.0,1879,zero_observed_ai_and_distance_gte_q75,1251.605776472141
1214866446,San José de Ocoa,San Jose de Ocoa,Dominican Republic,DO,DOM,Valdesia,57174.0,1883.9647202876552,38.98542373349188,gcp,us-east1,"Moncks Corner, South Carolina, North America",0.0,1880,zero_observed_ai_and_distance_gte_q75,1251.605776472141
1084150679,Belize City,Belize City,Belize,BZ,BLZ,Belize,57169.0,1689.9211600161043,42.95742916920976,azure,southcentralus,"Texas, South Central US, US",0.0,1881,zero_observed_ai_and_distance_gte_q75,1251.605776472141
1076198686,Vargem Grande,Vargem Grande,Brazil,BR,BRA,Maranhão,57168.0,2154.0842750198976,34.06014895300273,azure,brazilsoutheast,"Rio, Brazil Southeast, South America",0.0,1882,zero_observed_ai_and_distance_gte_q75,1251.605776472141
1076855072,Bragança,Braganca,Brazil,BR,BRA,Pará,57163.0,2459.7347636242607,29.23313435633129,azure,brazilsoutheast,"Rio, Brazil Southeast, South America",0.0,1883,zero_observed_ai_and_distance_gte_q75,1251.605776472141
1484307969,Cosamaloapan,Cosamaloapan,Mexico,MX,MEX,Veracruz,57147.0,1258.8464843263182,53.28990661022234,azure,southcentralus,"Texas, South Central US, US",0.0,1884,zero_observed_ai_and_distance_gte_q75,1251.605776472141
1076529970,Alenquer,Alenquer,Brazil,BR,BRA,Pará,57092.0,2548.762657996501,27.96038975461002,gcp,southamerica-east1,"Osasco, São Paulo, Brazil, South America",0.0,1885,zero_observed_ai_and_distance_gte_q75,1251.605776472141
1643755298,Neryungri,Neryungri,Russia,RU,RUS,Sakha (Yakutiya),57009.0,1958.7564937629709,37.554452225586864,aws,cn-north-1,China (Beijing),0.0,1886,zero_observed_ai_and_distance_gte_q75,1251.605776472141
1032847885,Ushuaia,Ushuaia,Argentina,AR,ARG,"Tierra del Fuego, Antártida e Islas del Atlántico Sur",56956.0,2383.213184659461,30.373289692581018,gcp,southamerica-west1,"Santiago, Chile, South America",0.0,1887,zero_observed_ai_and_distance_gte_q75,1251.605776472141
1076432442,Pau d’Alho,Pau d'Alho,Brazil,BR,BRA,Pernambuco,56933.0,1876.018474931821,39.1406257187349,azure,brazilsoutheast,"Rio, Brazil Southeast, South America",0.0,1888,zero_observed_ai_and_distance_gte_q75,1251.605776472141
1170291040,Puerto Boyacá,Puerto Boyaca,Colombia,CO,COL,Boyacá,56930.0,3078.3526854015054,21.455775072524418,gcp,us-east1,"Moncks Corner, South Carolina, North America",0.0,1889,zero_observed_ai_and_distance_gte_q75,1251.605776472141
1800380883,Kitgum,Kitgum,Uganda,UG,UGA,Kitgum,56891.0,3146.0905504877687,20.74125912095314,aws,il-central-1,Middle East (Israel) - ???,0.0,1890,zero_observed_ai_and_distance_gte_q75,1251.605776472141
1076832200,Serrinha,Serrinha,Brazil,BR,BRA,Bahia,56829.0,1326.5408127359215,51.516378159207285,azure,brazilsoutheast,"Rio, Brazil Southeast, South America",0.0,1891,zero_observed_ai_and_distance_gte_q75,1251.605776472141
1608549313,Jinoba-an,Jinoba-an,Philippines,PH,PHL,Negros Occidental,56819.0,1622.2755342623184,44.4352209165498,gcp,asia-east1,"Changhua County, Taiwan, APAC",0.0,1892,zero_observed_ai_and_distance_gte_q75,1251.605776472141
1608710140,Matanao,Matanao,Philippines,PH,PHL,Davao del Sur,56755.0,1990.4073982577695,36.964813987048565,gcp,asia-east1,"Changhua County, Taiwan, APAC",0.0,1893,zero_observed_ai_and_distance_gte_q75,1251.605776472141
1076066897,Moreno,Moreno,Brazil,BR,BRA,Pernambuco,56696.0,1858.3037174825688,39.48884896021171,azure,brazilsoutheast,"Rio, Brazil Southeast, South America",0.0,1894,zero_observed_ai_and_distance_gte_q75,1251.605776472141
1608326292,Irosin,Irosin,Philippines,PH,PHL,Sorsogon,56662.0,1317.161652296052,51.75853571206318,gcp,asia-east1,"Changhua County, Taiwan, APAC",0.0,1895,zero_observed_ai_and_distance_gte_q75,1251.605776472141
1643924276,Iskitim,Iskitim,Russia,RU,RUS,Novosibirskaya Oblast’,56602.0,2580.332805965581,27.522498102127724,aws,cn-northwest-1,China (Ningxia),0.0,1896,zero_observed_ai_and_distance_gte_q75,1251.605776472141
1608771995,Kananya,Kananya,Philippines,PH,PHL,Leyte,56575.0,1495.2471639211751,47.34904280079819,gcp,asia-east1,"Changhua County, Taiwan, APAC",0.0,1897,zero_observed_ai_and_distance_gte_q75,1251.605776472141
1608290320,Tulunan,Tulunan,Philippines,PH,PHL,Cotabato,56513.0,1972.3299184169152,37.300443877485016,gcp,asia-east1,"Changhua County, Taiwan, APAC",0.0,1898,zero_observed_ai_and_distance_gte_q75,1251.605776472141
1192545918,Bartolomé Masó,Bartolome Maso,Cuba,CU,CUB,Granma,56460.0,1480.212929836275,47.70631223309706,gcp,us-east1,"Moncks Corner, South Carolina, North America",0.0,1899,zero_observed_ai_and_distance_gte_q75,1251.605776472141
1076885835,Araci,Araci,Brazil,BR,BRA,Bahia,56370.0,1362.8396820367009,50.58981871945248,azure,brazilsoutheast,"Rio, Brazil Southeast, South America",0.0,1900,zero_observed_ai_and_distance_gte_q75,1251.605776472141
1608155856,Tandag,Tandag,Philippines,PH,PHL,Surigao del Sur,56364.0,1773.0728188780824,41.2080562195262,gcp,asia-east1,"Changhua County, Taiwan, APAC",0.0,1901,zero_observed_ai_and_distance_gte_q75,1251.605776472141
1320223205,Salamá,Salama,Guatemala,GT,GTM,Baja Verapaz,56359.0,1798.8926925595583,40.67948208701404,azure,southcentralus,"Texas, South Central US, US",0.0,1902,zero_observed_ai_and_distance_gte_q75,1251.605776472141
1478799785,Zouerate,Zouerate,Mauritania,MR,MRT,Tiris Zemmour,56345.0,2131.6275994841494,34.444742944842716,gcp,europe-southwest1,"Madrid, Spain, Europe",0.0,1903,zero_observed_ai_and_distance_gte_q75,1251.605776472141
1608125933,Baganga,Baganga,Philippines,PH,PHL,Davao Oriental,56241.0,1943.3727524512315,37.844430020798136,gcp,asia-east1,"Changhua County, Taiwan, APAC",0.0,1904,zero_observed_ai_and_distance_gte_q75,1251.605776472141
1643096920,Shali,Shali,Russia,RU,RUS,Chechnya,56226.0,1615.685804170827,44.58187043526377,aws,il-central-1,Middle East (Israel) - ???,0.0,1905,zero_observed_ai_and_distance_gte_q75,1251.605776472141
1288897773,Hohoe,Hohoe,Ghana,GH,GHA,Volta,56202.0,3722.458516345291,15.548138608324228,gcp,europe-southwest1,"Madrid, Spain, Europe",0.0,1906,zero_observed_ai_and_distance_gte_q75,1251.605776472141
1320690487,Los Amates,Los Amates,Guatemala,GT,GTM,Izabal,56187.0,1844.66392145519,39.75907930711168,azure,southcentralus,"Texas, South Central US, US",0.0,1907,zero_observed_ai_and_distance_gte_q75,1251.605776472141
1222731128,Quezaltepeque,Quezaltepeque,El Salvador,SV,SLV,La Libertad,56181.0,1976.0359837101716,37.23138893753505,azure,southcentralus,"Texas, South Central US, US",0.0,1908,zero_observed_ai_and_distance_gte_q75,1251.605776472141
1608634164,Uson,Uson,Philippines,PH,PHL,Masbate,56168.0,1361.204574616749,50.63119552500937,gcp,asia-east1,"Changhua County, Taiwan, APAC",0.0,1909,zero_observed_ai_and_distance_gte_q75,1251.605776472141
1678301324,São Tomé,Sao Tome,Sao Tome And Principe,ST,STP,São Tomé,56166.0,3704.002865727599,15.692278139665436,azure,southafricanorth,"Johannesburg, South Africa North, Africa",0.0,1910,zero_observed_ai_and_distance_gte_q75,1251.605776472141
1608257172,San Fernando,San Fernando,Philippines,PH,PHL,Bukidnon,56138.0,1867.6930732978549,39.303896020337135,gcp,asia-east1,"Changhua County, Taiwan, APAC",0.0,1911,zero_observed_ai_and_distance_gte_q75,1251.605776472141
1764560763,Khlong Luang,Khlong Luang,Thailand,TH,THA,Pathum Thani,56128.0,1454.0555747391145,48.334345679128376,gcp,asia-southeast1,"Jurong West, Singapore, APAC",0.0,1912,zero_observed_ai_and_distance_gte_q75,1251.605776472141
1643002916,Vorkuta,Vorkuta,Russia,RU,RUS,Komi,56088.0,1915.6973832866818,38.371749331471364,gcp,europe-north1,"Hamina, Finland, Europe",0.0,1913,zero_observed_ai_and_distance_gte_q75,1251.605776472141
1340050563,Santa Rosa de Copán,Santa Rosa de Copan,Honduras,HN,HND,Copán,56000.0,1909.815339331236,38.484767602725064,azure,southcentralus,"Texas, South Central US, US",0.0,1914,zero_observed_ai_and_distance_gte_q75,1251.605776472141
1404689847,Bungoma,Bungoma,Kenya,KE,KEN,Bungoma,55857.0,3002.6549426071906,22.28341577746621,azure,southafricanorth,"Johannesburg, South Africa North, Africa",0.0,1915,zero_observed_ai_and_distance_gte_q75,1251.605776472141
1608961300,Placer,Placer,Philippines,PH,PHL,Masbate,55826.0,1403.4133647850506,49.57385132038766,gcp,asia-east1,"Changhua County, Taiwan, APAC",0.0,1916,zero_observed_ai_and_distance_gte_q75,1251.605776472141
1076089235,Jaru,Jaru,Brazil,BR,BRA,Rondônia,55806.0,2209.383289530726,33.13130285991617,gcp,southamerica-east1,"Osasco, São Paulo, Brazil, South America",0.0,1917,zero_observed_ai_and_distance_gte_q75,1251.605776472141
1076227914,Tucano,Tucano,Brazil,BR,BRA,Bahia,55777.0,1408.1160369808642,49.45742346841335,azure,brazilsoutheast,"Rio, Brazil Southeast, South America",0.0,1918,zero_observed_ai_and_distance_gte_q75,1251.605776472141
1729566926,Umm Ruwaba,Umm Ruwaba,Sudan,SD,SDN,North Kordofan,55742.0,2104.4452980428796,34.916082405123575,aws,il-central-1,Middle East (Israel) - ???,0.0,1919,zero_observed_ai_and_distance_gte_q75,1251.605776472141
1076613312,Tauá,Taua,Brazil,BR,BRA,Ceará,55716.0,1904.9961799538944,38.577611529562404,azure,brazilsoutheast,"Rio, Brazil Southeast, South America",0.0,1920,zero_observed_ai_and_distance_gte_q75,1251.605776472141
1076141011,Acará,Acara,Brazil,BR,BRA,Pará,55669.0,2390.0537074152794,30.269582556779813,azure,brazilsoutheast,"Rio, Brazil Southeast, South America",0.0,1921,zero_observed_ai_and_distance_gte_q75,1251.605776472141
1608401350,Pavia,Pavia,Philippines,PH,PHL,Iloilo,55603.0,1493.9716033148695,47.379250719653534,gcp,asia-east1,"Changhua County, Taiwan, APAC",0.0,1922,zero_observed_ai_and_distance_gte_q75,1251.605776472141
1860505287,Guliston,Guliston,Uzbekistan,UZ,UZB,Sirdaryo,55600.0,1523.932086221009,46.67478779025185,gcp,asia-south2,"Delhi, India APAC",0.0,1923,zero_observed_ai_and_distance_gte_q75,1251.605776472141
1320163756,Santa Cruz Verapaz,Santa Cruz Verapaz,Guatemala,GT,GTM,Alta Verapaz,55587.0,1766.6967435445097,41.33963868841688,azure,southcentralus,"Texas, South Central US, US",0.0,1924,zero_observed_ai_and_distance_gte_q75,1251.605776472141
1860013300,Xiva,Xiva,Uzbekistan,UZ,UZB,Xorazm,55568.0,1850.9809729061176,39.63369734760887,azure,uaenorth,"Dubai, UAE North, Middle East",0.0,1925,zero_observed_ai_and_distance_gte_q75,1251.605776472141
1170111607,El Banco,El Banco,Colombia,CO,COL,Magdalena,55530.0,2760.906975391965,25.14644911461628,gcp,us-east1,"Moncks Corner, South Carolina, North America",0.0,1926,zero_observed_ai_and_distance_gte_q75,1251.605776472141
1608223943,Basey,Basey,Philippines,PH,PHL,Samar,55480.0,1500.7588366071102,47.21873622211487,gcp,asia-east1,"Changhua County, Taiwan, APAC",0.0,1927,zero_observed_ai_and_distance_gte_q75,1251.605776472141
1858958595,Maldonado,Maldonado,Uruguay,UY,URY,Maldonado,55478.0,1451.1931739264655,48.40357134038459,gcp,southamerica-west1,"Santiago, Chile, South America",0.0,1928,zero_observed_ai_and_distance_gte_q75,1251.605776472141
1076675901,Limoeiro,Limoeiro,Brazil,BR,BRA,Pernambuco,55439.0,1865.211181838606,39.352700297727985,azure,brazilsoutheast,"Rio, Brazil Southeast, South America",0.0,1929,zero_observed_ai_and_distance_gte_q75,1251.605776472141
1780361077,San Fernando,San Fernando,Trinidad And Tobago,TT,TTO,San Fernando,55419.0,3175.417675863724,20.439337401551512,gcp,us-east1,"Moncks Corner, South Carolina, North America",0.0,1930,zero_observed_ai_and_distance_gte_q75,1251.605776472141
1076556836,Rolim de Moura,Rolim de Moura,Brazil,BR,BRA,Rondônia,55407.0,2057.385276343592,35.74740030720466,gcp,southamerica-east1,"Osasco, São Paulo, Brazil, South America",0.0,1931,zero_observed_ai_and_distance_gte_q75,1251.605776472141
1608853186,Medellin,Medellin,Philippines,PH,PHL,Cebu,55332.0,1484.2667497797925,47.6097137643875,gcp,asia-east1,"Changhua County, Taiwan, APAC",0.0,1932,zero_observed_ai_and_distance_gte_q75,1251.605776472141
1288886612,Winneba,Winneba,Ghana,GH,GHA,Central,55331.0,3911.2947549034416,14.147286070222098,gcp,europe-southwest1,"Madrid, Spain, Europe",0.0,1933,zero_observed_ai_and_distance_gte_q75,1251.605776472141
1608580659,Alangalang,Alangalang,Philippines,PH,PHL,Leyte,55235.0,1502.2562633976388,47.18339615324029,gcp,asia-east1,"Changhua County, Taiwan, APAC",0.0,1934,zero_observed_ai_and_distance_gte_q75,1251.605776472141
1608306591,San Francisco,San Francisco,Philippines,PH,PHL,Cebu,55180.0,1546.2097984462105,46.15776889024822,gcp,asia-east1,"Changhua County, Taiwan, APAC",0.0,1935,zero_observed_ai_and_distance_gte_q75,1251.605776472141
1608254982,Sigaboy,Sigaboy,Philippines,PH,PHL,Davao Oriental,55109.0,2025.2610532991184,36.32621508729254,gcp,asia-east1,"Changhua County, Taiwan, APAC",0.0,1936,zero_observed_ai_and_distance_gte_q75,1251.605776472141
1764081847,Lampang,Lampang,Thailand,TH,THA,Lampang,55044.0,1591.0927079455369,45.133457910769245,aws,ap-east-1,Asia Pacific (Hong Kong),0.0,1937,zero_observed_ai_and_distance_gte_q75,1251.605776472141
1608895946,Tanauan,Tanauan,Philippines,PH,PHL,Leyte,55021.0,1516.5124657701033,46.84826397817666,gcp,asia-east1,"Changhua County, Taiwan, APAC",0.0,1938,zero_observed_ai_and_distance_gte_q75,1251.605776472141
1320708461,Tiquisate,Tiquisate,Guatemala,GT,GTM,Escuintla,54983.0,1835.4557036618537,39.94255648822428,azure,southcentralus,"Texas, South Central US, US",0.0,1939,zero_observed_ai_and_distance_gte_q75,1251.605776472141
1076236694,Viçosa do Ceará,Vicosa do Ceara,Brazil,BR,BRA,Ceará,54955.0,2162.6336036184116,33.914863993689984,azure,brazilsoutheast,"Rio, Brazil Southeast, South America",0.0,1940,zero_observed_ai_and_distance_gte_q75,1251.605776472141
1076060419,Barreirinhas,Barreirinhas,Brazil,BR,BRA,Maranhão,54930.0,2241.612174833149,32.60168905623747,azure,brazilsoutheast,"Rio, Brazil Southeast, South America",0.0,1941,zero_observed_ai_and_distance_gte_q75,1251.605776472141
1608826969,Manapla,Manapla,Philippines,PH,PHL,Negros Occidental,54845.0,1483.8715900275458,47.619121415085964,gcp,asia-east1,"Changhua County, Taiwan, APAC",0.0,1942,zero_observed_ai_and_distance_gte_q75,1251.605776472141
1608906825,New Corella,New Corella,Philippines,PH,PHL,Davao del Norte,54844.0,1917.782360616557,38.33176806137083,gcp,asia-east1,"Changhua County, Taiwan, APAC",0.0,1943,zero_observed_ai_and_distance_gte_q75,1251.605776472141
1608011025,Esperanza,Esperanza,Philippines,PH,PHL,Agusan del Sur,54801.0,1796.1179651162086,40.73595849227726,gcp,asia-east1,"Changhua County, Taiwan, APAC",0.0,1944,zero_observed_ai_and_distance_gte_q75,1251.605776472141
1076713120,Monte Santo,Monte Santo,Brazil,BR,BRA,Bahia,54733.0,1445.895537127563,48.53195356628786,azure,brazilsoutheast,"Rio, Brazil Southeast, South America",0.0,1945,zero_observed_ai_and_distance_gte_q75,1251.605776472141
1320384406,San Cristóbal Verapaz,San Cristobal Verapaz,Guatemala,GT,GTM,Alta Verapaz,54704.0,1765.2315288147129,41.36993550866402,azure,southcentralus,"Texas, South Central US, US",0.0,1946,zero_observed_ai_and_distance_gte_q75,1251.605776472141
1608929611,Naval,Naval,Philippines,PH,PHL,Biliran,54692.0,1448.9857033789829,48.45702556367728,gcp,asia-east1,"Changhua County, Taiwan, APAC",0.0,1947,zero_observed_ai_and_distance_gte_q75,1251.605776472141
1170310004,San Gil,San Gil,Colombia,CO,COL,Santander,54687.0,3046.3809158718423,21.801520783048336,gcp,us-east1,"Moncks Corner, South Carolina, North America",0.0,1948,zero_observed_ai_and_distance_gte_q75,1251.605776472141
1804312048,Antratsyt,Antratsyt,Ukraine,UA,UKR,Luhans’ka Oblast’,54640.0,1361.8759660474525,50.61420170214483,gcp,europe-central2,"Warsaw, Poland, Europe",0.0,1949,zero_observed_ai_and_distance_gte_q75,1251.605776472141
1604928947,Chota,Chota,Peru,PE,PER,Cajamarca,54611.0,3100.2433657355514,21.222214845589267,gcp,southamerica-west1,"Santiago, Chile, South America",0.0,1950,zero_observed_ai_and_distance_gte_q75,1251.605776472141
1170000611,Sabaneta,Sabaneta,Colombia,CO,COL,Antioquia,54573.0,3041.5538728812458,21.85420277107058,gcp,us-east1,"Moncks Corner, South Carolina, North America",0.0,1951,zero_observed_ai_and_distance_gte_q75,1251.605776472141
1608124573,Mansalay,Mansalay,Philippines,PH,PHL,Oriental Mindoro,54533.0,1288.3241520324812,52.51023536726007,gcp,asia-east1,"Changhua County, Taiwan, APAC",0.0,1952,zero_observed_ai_and_distance_gte_q75,1251.605776472141
1643457067,Volzhsk,Volzhsk,Russia,RU,RUS,Mariy-El,54519.0,1337.6073531788725,51.23211130596238,gcp,europe-north1,"Hamina, Finland, Europe",0.0,1953,zero_observed_ai_and_distance_gte_q75,1251.605776472141
1608924591,Canlaon,Canlaon,Philippines,PH,PHL,Negros Oriental,54509.0,1548.2560976544655,46.11056673882976,gcp,asia-east1,"Changhua County, Taiwan, APAC",0.0,1954,zero_observed_ai_and_distance_gte_q75,1251.605776472141
1608206601,Jasaan,Jasaan,Philippines,PH,PHL,Misamis Oriental,54478.0,1772.5286422263007,41.21926997605313,gcp,asia-east1,"Changhua County, Taiwan, APAC",0.0,1955,zero_observed_ai_and_distance_gte_q75,1251.605776472141
1554000636,Whangarei,Whangarei,New Zealand,NZ,NZL,Northland,54400.0,2115.8165879967914,34.718125246915534,gcp,australia-southeast1,"Sydney, Australia, APAC",0.0,1956,zero_observed_ai_and_distance_gte_q75,1251.605776472141
1860278868,Zarafshon Shahri,Zarafshon Shahri,Uzbekistan,UZ,UZB,Navoiy,54300.0,1857.049528503527,39.513619965861,gcp,asia-south2,"Delhi, India APAC",0.0,1957,zero_observed_ai_and_distance_gte_q75,1251.605776472141
1858952595,Tacuarembó,Tacuarembo,Uruguay,UY,URY,Tacuarembó,54277.0,1281.950244810984,52.6778499996267,gcp,southamerica-east1,"Osasco, São Paulo, Brazil, South America",0.0,1958,zero_observed_ai_and_distance_gte_q75,1251.605776472141
1170672638,Valle del Guamuez,Valle del Guamuez,Colombia,CO,COL,Putumayo,54237.0,3658.5267425032075,16.053177655347575,gcp,us-east1,"Moncks Corner, South Carolina, North America",0.0,1959,zero_observed_ai_and_distance_gte_q75,1251.605776472141
1076053089,Barra,Barra,Brazil,BR,BRA,Bahia,54188.0,1313.663771990874,51.849137498866305,azure,brazilsoutheast,"Rio, Brazil Southeast, South America",0.0,1960,zero_observed_ai_and_distance_gte_q75,1251.605776472141
1364496739,Hashtpar,Hashtpar,Iran,IR,IRN,Gīlān,54178.0,1303.7828043003576,52.10593114517439,aws,me-south-1,Middle East (Bahrain),0.0,1961,zero_observed_ai_and_distance_gte_q75,1251.605776472141
1076728432,Vigia,Vigia,Brazil,BR,BRA,Pará,54172.0,2508.6010479404163,28.527532170228437,azure,brazilsoutheast,"Rio, Brazil Southeast, South America",0.0,1962,zero_observed_ai_and_distance_gte_q75,1251.605776472141
1608457314,Barotac Nuevo,Barotac Nuevo,Philippines,PH,PHL,Iloilo,54146.0,1482.6856036461106,47.647367603904165,gcp,asia-east1,"Changhua County, Taiwan, APAC",0.0,1963,zero_observed_ai_and_distance_gte_q75,1251.605776472141
1604810508,Tarma,Tarma,Peru,PE,PER,Junín,54078.0,2501.6758373956845,28.62648296844114,gcp,southamerica-west1,"Santiago, Chile, South America",0.0,1964,zero_observed_ai_and_distance_gte_q75,1251.605776472141
1170000625,Puerto Libertador,Puerto Libertador,Colombia,CO,COL,Córdoba,53990.0,2849.463731022717,24.0572960468722,gcp,us-east1,"Moncks Corner, South Carolina, North America",0.0,1965,zero_observed_ai_and_distance_gte_q75,1251.605776472141
1360084520,Ruteng,Ruteng,Indonesia,ID,IDN,Nusa Tenggara Timur,53976.0,1528.4027482131655,46.570570713594975,aws,ap-southeast-3,Asia Pacific (Jakarta),0.0,1966,zero_observed_ai_and_distance_gte_q75,1251.605776472141
1484340626,Progreso,Progreso,Mexico,MX,MEX,Yucatán,53958.0,1266.2655502232965,53.09259214435029,azure,southcentralus,"Texas, South Central US, US",0.0,1967,zero_observed_ai_and_distance_gte_q75,1251.605776472141
1643945171,Liski,Liski,Russia,RU,RUS,Voronezhskaya Oblast’,53897.0,1281.0609750576066,52.70127761694741,gcp,europe-central2,"Warsaw, Poland, Europe",0.0,1968,zero_observed_ai_and_distance_gte_q75,1251.605776472141
1608985215,Magsaysay,Magsaysay,Philippines,PH,PHL,Davao del Sur,53876.0,1987.270976068044,37.02282809575762,gcp,asia-east1,"Changhua County, Taiwan, APAC",0.0,1969,zero_observed_ai_and_distance_gte_q75,1251.605776472141
1418530759,Louangphabang,Louangphabang,Laos,LA,LAO,Louangphabang,53792.0,1275.0434817042842,52.8600811908977,aws,ap-east-1,Asia Pacific (Hong Kong),0.0,1970,zero_observed_ai_and_distance_gte_q75,1251.605776472141
1320562305,Tajumulco,Tajumulco,Guatemala,GT,GTM,San Marcos,53791.0,1730.44600389463,42.09576677798063,azure,southcentralus,"Texas, South Central US, US",0.0,1971,zero_observed_ai_and_distance_gte_q75,1251.605776472141
1466526342,Markala,Markala,Mali,ML,MLI,Ségou,53738.0,2979.4290484278176,22.543700315984907,gcp,europe-southwest1,"Madrid, Spain, Europe",0.0,1972,zero_observed_ai_and_distance_gte_q75,1251.605776472141
1862794619,Upata,Upata,Venezuela,VE,VEN,Bolívar,53685.0,3333.5265062343524,18.88573608944724,gcp,us-east1,"Moncks Corner, South Carolina, North America",0.0,1973,zero_observed_ai_and_distance_gte_q75,1251.605776472141
1643016250,Svobodnyy,Svobodnyy,Russia,RU,RUS,Amurskaya Oblast’,53678.0,1539.0193966176678,46.32401400639363,aws,ap-northeast-2,Asia Pacific (Seoul),0.0,1974,zero_observed_ai_and_distance_gte_q75,1251.605776472141
1608601046,Santa Maria,Santa Maria,Philippines,PH,PHL,Davao del Sur,53671.0,2018.327867229607,36.452361814848516,gcp,asia-east1,"Changhua County, Taiwan, APAC",0.0,1975,zero_observed_ai_and_distance_gte_q75,1251.605776472141
1643177240,Krasnokamsk,Krasnokamsk,Russia,RU,RUS,Permskiy Kray,53631.0,1630.138404704618,44.260869673854096,gcp,europe-north1,"Hamina, Finland, Europe",0.0,1976,zero_observed_ai_and_distance_gte_q75,1251.605776472141
1320000007,Nebaj,Nebaj,Guatemala,GT,GTM,Quiché,53617.0,1730.0825636320867,42.10341712133515,azure,southcentralus,"Texas, South Central US, US",0.0,1977,zero_observed_ai_and_distance_gte_q75,1251.605776472141
1214562502,Neiba,Neiba,Dominican Republic,DO,DOM,Enriquillo,53605.0,1845.6464110526422,39.73955266277384,gcp,us-east1,"Moncks Corner, South Carolina, North America",0.0,1978,zero_observed_ai_and_distance_gte_q75,1251.605776472141
1608496674,Upi,Upi,Philippines,PH,PHL,Maguindanao,53583.0,1934.4224795344123,38.014168527544754,gcp,asia-east1,"Changhua County, Taiwan, APAC",0.0,1979,zero_observed_ai_and_distance_gte_q75,1251.605776472141
1218976878,Tulcán,Tulcan,Ecuador,EC,ECU,Carchi,53558.0,3609.078630997136,16.455024486608615,gcp,us-east1,"Moncks Corner, South Carolina, North America",0.0,1980,zero_observed_ai_and_distance_gte_q75,1251.605776472141
1484994799,Pijijiapan,Pijijiapan,Mexico,MX,MEX,Chiapas,53525.0,1619.8336940691509,44.489505902835006,azure,southcentralus,"Texas, South Central US, US",0.0,1981,zero_observed_ai_and_distance_gte_q75,1251.605776472141
1340766612,La Lima,La Lima,Honduras,HN,HND,Cortés,53492.0,1895.1694406168012,38.767624014466065,azure,southcentralus,"Texas, South Central US, US",0.0,1982,zero_observed_ai_and_distance_gte_q75,1251.605776472141
1643351936,Zhigulevsk,Zhigulevsk,Russia,RU,RUS,Samarskaya Oblast’,53407.0,1557.9796858703412,45.88693073375876,gcp,europe-north1,"Hamina, Finland, Europe",0.0,1983,zero_observed_ai_and_distance_gte_q75,1251.605776472141
1724008128,San Bartolomé,San Bartolome,Spain,ES,ESP,Canary Islands,53397.0,1763.2160701027478,41.41164622015558,gcp,europe-southwest1,"Madrid, Spain, Europe",0.0,1984,zero_observed_ai_and_distance_gte_q75,1251.605776472141
1076086545,Itupiranga,Itupiranga,Brazil,BR,BRA,Pará,53355.0,2063.676016161201,35.63513815551138,gcp,southamerica-east1,"Osasco, São Paulo, Brazil, South America",0.0,1985,zero_observed_ai_and_distance_gte_q75,1251.605776472141
1076043090,Porto Nacional,Porto Nacional,Brazil,BR,BRA,Tocantins,53316.0,1436.406506083907,48.76276127570283,gcp,southamerica-east1,"Osasco, São Paulo, Brazil, South America",0.0,1986,zero_observed_ai_and_distance_gte_q75,1251.605776472141
1608185614,Hagonoy,Hagonoy,Philippines,PH,PHL,Davao del Sur,53309.0,1999.3972549058706,36.79903266437203,gcp,asia-east1,"Changhua County, Taiwan, APAC",0.0,1987,zero_observed_ai_and_distance_gte_q75,1251.605776472141
1170459811,Tame,Tame,Colombia,CO,COL,Arauca,53266.0,3093.331022854016,21.295689355561453,gcp,us-east1,"Moncks Corner, South Carolina, North America",0.0,1988,zero_observed_ai_and_distance_gte_q75,1251.605776472141
