{
 "type": "FeatureCollection",
 "features": [
  {
   "type": "Feature",
   "geometry": {
    "type": "LineString",
    "coordinates": [
     [
      104.2,
      35.86
     ],
     [
      104.59107203670516,
      35.877885732301195
     ],
     [
      104.98231263393687,
      35.8952066533931
     ],
     [
      105.37371661157123,
      35.91196144909466
     ],
     [
      105.76527873945463,
      35.92814884605454
     ],
     [
      106.15699373881779,
      35.943767612177666
     ],
     [
      106.54885628372257,
      35.958816557039796
     ],
     [
      106.94086100254154,
      35.97329453229004
     ],
     [
      107.33300247946858,
      35.98720043204075
     ],
     [
      107.7252752560602,
      36.00053319324465
     ],
     [
      108.11767383280662,
      36.013291796058844
     ],
     [
      108.51019267073147,
      36.025475264195336
     ],
     [
      108.90282619301928,
      36.03708266525788
     ],
     [
      109.29556878666968,
      36.048113111064794
     ],
     [
      109.68841480417726,
      36.05856575795755
     ],
     [
      110.08135856523606,
      36.0684398070948
     ],
     [
      110.47439435846755,
      36.07773450473157
     ],
     [
      110.86751644317076,
      36.08644914248363
     ],
     [
      111.2607190510937,
      36.09458305757641
     ],
     [
      111.6539963882247,
      36.102135633078575
     ],
     [
      112.04734263660228,
      36.10910629812001
     ],
     [
      112.44075195614269,
      36.11549452809386
     ],
     [
      112.83421848648328,
      36.12129984484261
     ],
     [
      113.22773634884095,
      36.12652181682806
     ],
     [
      113.62129964788402,
      36.131160059284824
     ],
     [
      114.01490247361616,
      36.135214234357626
     ],
     [
      114.40853890327126,
      36.13868405122179
     ],
     [
      114.80220300321753,
      36.14156926618721
     ],
     [
      115.19588883086982,
      36.14386968278553
     ],
     [
      115.58959043660838,
      36.14558515184045
     ],
     [
      115.98330186570286,
      36.14671557152117
     ],
     [
      116.3770171602402,
      36.14726088737891
     ],
     [
      116.77073036105475,
      36.147221092366394
     ],
     [
      117.16443550965923,
      36.14659622684039
     ],
     [
      117.5581266501756,
      36.14538637854723
     ],
     [
      117.95179783126343,
      36.143591682591406
     ],
     [
      118.34544310804534,
      36.14121232138709
     ],
     [
      118.73905654402752,
      36.138248524592896
     ],
     [
      119.13263221301395,
      36.13470056902966
     ],
     [
      119.52616420101327,
      36.13056877858152
     ],
     [
      119.91964660813643,
      36.12585352408023
     ],
     [
      120.31307355048403,
      36.12055522317292
     ],
     [
      120.70643916202195,
      36.114674340173394
     ],
     [
      121.09973759644389,
      36.10821138589702
     ],
     [
      121.49296302901939,
      36.10116691747943
     ],
     [
      121.88610965842622,
      36.093541538179224
     ],
     [
      122.27917170856557,
      36.08533589716465
     ],
     [
      122.67214343035917,
      36.07655068928472
     ],
     [
      123.06501910352657,
      36.067186654824795
     ],
     [
      123.45779303834185,
      36.057244579246785
     ],
     [
      123.85045957736833,
      36.04672529291433
     ],
     [
      124.24301309717004,
      36.0356296708032
     ],
     [
      124.63544800999917,
      36.023958632196965
     ],
     [
      125.02775876545786,
      36.01171314036837
     ],
     [
      125.4199398521339,
      35.998894202246724
     ],
     [
      125.81198579920859,
      35.98550286807129
     ],
     [
      126.20389117803667,
      35.971540231031334
     ],
     [
      126.59565060369634,
      35.957007426892844
     ],
     [
      126.98725873650935,
      35.94190563361241
     ],
     [
      127.37871028352959,
      35.926236070938415
     ],
     [
      127.76999999999998,
      35.91
     ]
    ]
   },
   "properties": {
    "pair": "Chinese\u2013Korean",
    "cuisine_a": "Chinese",
    "cuisine_b": "Korean",
    "residual": 0.4351,
    "distance_km": 2118.0,
    "is_long_distance": "regional"
   }
  },
  {
   "type": "Feature",
   "geometry": {
    "type": "LineString",
    "coordinates": [
     [
      -8.24,
      53.41
     ],
     [
      -9.657383782407006,
      53.311086127436674
     ],
     [
      -11.080988345099595,
      53.202893313036284
     ],
     [
      -12.510199584564521,
      53.08528382110755
     ],
     [
      -13.94436533244843,
      52.95813414304176
     ],
     [
      -15.3827988992503,
      52.82133602824615
     ],
     [
      -16.82478318704962,
      52.67479741277805
     ],
     [
      -18.2695753207741,
      52.518443227666936
     ],
     [
      -19.716411731531633,
      52.352216070709844
     ],
     [
      -21.164513611056922,
      52.17607672789171
     ],
     [
      -22.613092644079323,
      51.99000453345358
     ],
     [
      -24.06135691604366,
      51.79399756091282
     ],
     [
      -25.508516887612387,
      51.58807264091483
     ],
     [
      -26.953791325073553,
      51.37226520552954
     ],
     [
      -28.396413077301396,
      51.14662896235576
     ],
     [
      -29.835634595180984,
      50.911235405415184
     ],
     [
      -31.270733098127252,
      50.66617317316998
     ],
     [
      -32.70101530403203,
      50.4115472669615
     ],
     [
      -34.12582165304674,
      50.14747814564387
     ],
     [
      -35.54452997133994,
      49.87410071410514
     ],
     [
      -36.95655853760059,
      49.591563224686965
     ],
     [
      -38.361368531833946,
      49.30002611122487
     ],
     [
      -39.758465862216454,
      48.99966077554817
     ],
     [
      -41.147402380827835,
      48.69064834585084
     ],
     [
      -42.527776512469345,
      48.3731784254303
     ],
     [
      -43.899233332150416,
      48.04744784897356
     ],
     [
      -45.26146413596307,
      47.71365946193296
     ],
     [
      -46.61420555688129,
      47.37202093666958
     ],
     [
      -47.957238281554964,
      47.02274363703802
     ],
     [
      -49.2903854265522,
      46.66604154102518
     ],
     [
      -50.61351063294951,
      46.30213022900841
     ],
     [
      -51.92651593694221,
      45.931225943229165
     ],
     [
      -53.2293394715396,
      45.55354472223337
     ],
     [
      -54.52195305072507,
      45.16930161234693
     ],
     [
      -55.80435968299311,
      44.77870995675801
     ],
     [
      -57.07659105619871,
      44.38198076148062
     ],
     [
      -58.33870503041137,
      43.97932213637996
     ],
     [
      -59.59078317016629,
      43.570938808546515
     ],
     [
      -60.8329283423167,
      43.15703170460201
     ],
     [
      -62.065262400749525,
      42.73779759799228
     ],
     [
      -63.287923974626494,
      42.31342881695339
     ],
     [
      -64.50106637262218,
      41.88411300860763
     ],
     [
      -65.70485561188606,
      41.45003295453753
     ],
     [
      -66.89946857717423,
      41.01136643317847
     ],
     [
      -68.08509131277327,
      40.56828612444569
     ],
     [
      -69.26191744745869,
      40.12095955215308
     ],
     [
      -70.43014675076523,
      39.669549059973306
     ],
     [
      -71.58998381726218,
      39.2142118169178
     ],
     [
      -72.74163687428636,
      38.755099848569756
     ],
     [
      -73.88531670764905,
      38.292360090573425
     ],
     [
      -75.0212356991609,
      37.82613446115972
     ],
     [
      -76.14960696937315,
      37.35655994976614
     ],
     [
      -77.27064361867849,
      36.88376871908127
     ],
     [
      -78.3845580598174,
      36.407888218108
     ],
     [
      -79.49156143486695,
      35.929041304091314
     ],
     [
      -80.59186310992064,
      35.44734637139409
     ],
     [
      -81.68567024088007,
      34.96291748562645
     ],
     [
      -82.7731874040488,
      34.4758645215402
     ],
     [
      -83.85461628553159,
      33.986293303389516
     ],
     [
      -84.93015542378205,
      33.49430574663175
     ],
     [
      -86.0,
      33.0
     ]
    ]
   },
   "properties": {
    "pair": "Irish\u2013Southern US",
    "cuisine_a": "Irish",
    "cuisine_b": "Southern US",
    "residual": 0.3952,
    "distance_km": 6348.0,
    "is_long_distance": "long-distance"
   }
  },
  {
   "type": "Feature",
   "geometry": {
    "type": "LineString",
    "coordinates": [
     [
      100.99000000000001,
      15.87
     ],
     [
      101.11195517993546,
      15.840707488625391
     ],
     [
      101.2338949309883,
      15.811384028766323
     ],
     [
      101.35581924904838,
      15.782029687255799
     ],
     [
      101.47772813029567,
      15.752644531021206
     ],
     [
      101.59962157119975,
      15.723228627083625
     ],
     [
      101.72149956851953,
      15.693782042557174
     ],
     [
      101.84336211930274,
      15.664304844648353
     ],
     [
      101.96520922088547,
      15.634797100655367
     ],
     [
      102.08704087089188,
      15.605258877967477
     ],
     [
      102.20885706723365,
      15.575690244064338
     ],
     [
      102.33065780810959,
      15.546091266515335
     ],
     [
      102.45244309200518,
      15.516462012978955
     ],
     [
      102.57421291769211,
      15.4868025512021
     ],
     [
      102.69596728422788,
      15.457112949019468
     ],
     [
      102.81770619095528,
      15.427393274352887
     ],
     [
      102.93942963750193,
      15.397643595210674
     ],
     [
      103.0611376237799,
      15.367863979687
     ],
     [
      103.18283014998508,
      15.338054495961234
     ],
     [
      103.30450721659686,
      15.308215212297311
     ],
     [
      103.42616882437753,
      15.278346197043101
     ],
     [
      103.54781497437182,
      15.248447518629762
     ],
     [
      103.66944566790647,
      15.218519245571123
     ],
     [
      103.79106090658965,
      15.188561446463025
     ],
     [
      103.91266069231048,
      15.15857418998273
     ],
     [
      104.03424502723857,
      15.128557544888267
     ],
     [
      104.15581391382344,
      15.098511580017822
     ],
     [
      104.277367354794,
      15.068436364289097
     ],
     [
      104.39890535315814,
      15.03833196669872
     ],
     [
      104.52042791220202,
      15.008198456321605
     ],
     [
      104.64193503548977,
      14.978035902310342
     ],
     [
      104.76342672686272,
      14.94784437389459
     ],
     [
      104.88490299043896,
      14.917623940380448
     ],
     [
      105.00636383061291,
      14.887374671149885
     ],
     [
      105.12780925205459,
      14.857096635660081
     ],
     [
      105.24923925970916,
      14.826789903442872
     ],
     [
      105.37065385879632,
      14.796454544104112
     ],
     [
      105.49205305480982,
      14.766090627323097
     ],
     [
      105.61343685351683,
      14.735698222851962
     ],
     [
      105.73480526095739,
      14.705277400515074
     ],
     [
      105.85615828344386,
      14.674828230208462
     ],
     [
      105.9774959275603,
      14.644350781899202
     ],
     [
      106.09881820016192,
      14.61384512562485
     ],
     [
      106.22012510837448,
      14.583311331492844
     ],
     [
      106.3414166595937,
      14.55274946967993
     ],
     [
      106.46269286148475,
      14.52215961043157
     ],
     [
      106.58395372198146,
      14.491541824061375
     ],
     [
      106.70519924928595,
      14.460896180950524
     ],
     [
      106.82642945186785,
      14.430222751547184
     ],
     [
      106.94764433846376,
      14.399521606365957
     ],
     [
      107.06884391807665,
      14.368792815987288
     ],
     [
      107.19002819997527,
      14.33803645105692
     ],
     [
      107.31119719369346,
      14.307252582285313
     ],
     [
      107.43235090902955,
      14.276441280447097
     ],
     [
      107.55348935604576,
      14.245602616380495
     ],
     [
      107.67461254506759,
      14.21473666098679
     ],
     [
      107.79572048668311,
      14.183843485229744
     ],
     [
      107.91681319174239,
      14.152923160135074
     ],
     [
      108.03789067135688,
      14.12197575678988
     ],
     [
      108.15895293689869,
      14.091001346342104
     ],
     [
      108.28,
      14.06
     ]
    ]
   },
   "properties": {
    "pair": "Thai\u2013Vietnamese",
    "cuisine_a": "Thai",
    "cuisine_b": "Vietnamese",
    "residual": 0.3951,
    "distance_km": 808.0,
    "is_long_distance": "regional"
   }
  },
  {
   "type": "Feature",
   "geometry": {
    "type": "LineString",
    "coordinates": [
     [
      121.77000000000001,
      12.88
     ],
     [
      121.42584038853498,
      12.936322709219429
     ],
     [
      121.08160180891076,
      12.992445351322782
     ],
     [
      120.73728437036158,
      13.048366802196565
     ],
     [
      120.39288819364296,
      13.104085943470146
     ],
     [
      120.0484134110487,
      13.159601662591479
     ],
     [
      119.70386016642621,
      13.214912852903119
     ],
     [
      119.35922861518983,
      13.270018413718518
     ],
     [
      119.01451892433246,
      13.324917250398622
     ],
     [
      118.66973127243506,
      13.379608274428698
     ],
     [
      118.32486584967452,
      13.434090403495446
     ],
     [
      117.9799228578294,
      13.488362561564294
     ],
     [
      117.6349025102837,
      13.542423678956974
     ],
     [
      117.28980503202885,
      13.596272692429253
     ],
     [
      116.94463065966355,
      13.649908545248877
     ],
     [
      116.59937964139152,
      13.703330187273698
     ],
     [
      116.25405223701752,
      13.756536575029934
     ],
     [
      115.90864871794085,
      13.809526671790605
     ],
     [
      115.56316936714732,
      13.862299447654076
     ],
     [
      115.21761447919869,
      13.914853879622722
     ],
     [
      114.87198436022018,
      13.967188951681688
     ],
     [
      114.52627932788592,
      14.019303654877731
     ],
     [
      114.18049971140206,
      14.071196987398132
     ],
     [
      113.834645851488,
      14.122867954649639
     ],
     [
      113.4887181003551,
      14.174315569337448
     ],
     [
      113.14271682168348,
      14.225538851544208
     ],
     [
      112.79664239059655,
      14.276536828809016
     ],
     [
      112.45049519363326,
      14.327308536206367
     ],
     [
      112.10427562871814,
      14.377853016425105
     ],
     [
      111.75798410512913,
      14.428169319847282
     ],
     [
      111.4116210434631,
      14.478256504626964
     ],
     [
      111.06518687559921,
      14.528113636768921
     ],
     [
      110.7186820446598,
      14.577739790207232
     ],
     [
      110.37210700496927,
      14.62713404688374
     ],
     [
      110.02546222201033,
      14.676295496826347
     ],
     [
      109.67874817237825,
      14.725223238227173
     ],
     [
      109.33196534373258,
      14.773916377520498
     ],
     [
      108.9851142347467,
      14.822374029460525
     ],
     [
      108.63819535505496,
      14.87059531719887
     ],
     [
      108.2912092251974,
      14.918579372361865
     ],
     [
      107.94415637656243,
      14.96632533512756
     ],
     [
      107.59703735132678,
      15.01383235430244
     ],
     [
      107.24985270239338,
      15.061099587397859
     ],
     [
      106.9026029933269,
      15.108126200706126
     ],
     [
      106.55528879828664,
      15.154911369376267
     ],
     [
      106.2079107019575,
      15.201454277489422
     ],
     [
      105.86046929947824,
      15.247754118133834
     ],
     [
      105.51296519636762,
      15.293810093479474
     ],
     [
      105.16539900844799,
      15.339621414852207
     ],
     [
      104.81777136176683,
      15.385187302807527
     ],
     [
      104.47008289251556,
      15.43050698720386
     ],
     [
      104.12233424694645,
      15.475579707275307
     ],
     [
      103.77452608128678,
      15.520404711703982
     ],
     [
      103.42665906165097,
      15.56498125869173
     ],
     [
      103.07873386395028,
      15.609308616031383
     ],
     [
      102.7307511738002,
      15.653386061177386
     ],
     [
      102.38271168642562,
      15.697212881315895
     ],
     [
      102.03461610656352,
      15.74078837343422
     ],
     [
      101.6864651483636,
      15.784111844389695
     ],
     [
      101.33825953528654,
      15.827182610977857
     ],
     [
      100.99000000000001,
      15.87
     ]
    ]
   },
   "properties": {
    "pair": "Filipino\u2013Thai",
    "cuisine_a": "Filipino",
    "cuisine_b": "Thai",
    "residual": 0.357,
    "distance_km": 2262.0,
    "is_long_distance": "regional"
   }
  },
  {
   "type": "Feature",
   "geometry": {
    "type": "LineString",
    "coordinates": [
     [
      -3.44,
      55.38000000000001
     ],
     [
      -4.958857160361954,
      55.28346588277475
     ],
     [
      -6.486691267709398,
      55.17630904553859
     ],
     [
      -8.022727054828367,
      55.05832236355786
     ],
     [
      -9.566122738709646,
      54.92931713975507
     ],
     [
      -11.115974727693764,
      54.78912499314751
     ],
     [
      -12.671323535739596,
      54.63759960748789
     ],
     [
      -14.231160840910762,
      54.47461829985181
     ],
     [
      -15.794437583635315,
      54.30008337131986
     ],
     [
      -17.360072960402228,
      54.11392320587767
     ],
     [
      -18.92696413267383,
      53.91609308911665
     ],
     [
      -20.49399644116705,
      53.70657572507335
     ],
     [
      -22.060053894226392,
      53.48538143732045
     ],
     [
      -23.62402968722136,
      53.2525480488613
     ],
     [
      -25.184836508559087,
      53.00814044408503
     ],
     [
      -26.741416397102363,
      52.75224982458462
     ],
     [
      -28.29274993489035,
      52.48499267861877
     ],
     [
      -29.837864586781365,
      52.20650949104097
     ],
     [
      -31.375842033143563,
      51.91696322632717
     ],
     [
      -32.90582438082066,
      51.616537621696686
     ],
     [
      -34.427019178944306,
      51.305435330123686
     ],
     [
      -35.93870320743513,
      50.983875954265855
     ],
     [
      -37.44022504513088,
      50.6520940120666
     ],
     [
      -38.93100645965136,
      50.31033687317089
     ],
     [
      -40.41054269105154,
      49.95886270254191
     ],
     [
      -41.878401725199645,
      49.59793844402165
     ],
     [
      -43.33422267029346,
      49.22783787230586
     ],
     [
      -44.7777133610684,
      48.848839737157775
     ],
     [
      -46.20864732047343,
      48.461226018904874
     ],
     [
      -47.626860208578364,
      48.0652803095549
     ],
     [
      -49.03224588407472,
      47.66128632940075
     ],
     [
      -50.424752195867995,
      47.24952658488678
     ],
     [
      -51.80437661186458,
      46.830281169869814
     ],
     [
      -53.171161780008404,
      46.4038267092781
     ],
     [
      -54.525191103703364,
      45.97043544156822
     ],
     [
      -55.866584400630856,
      45.53037443429729
     ],
     [
      -57.1954937011686,
      45.08390492553718
     ],
     [
      -58.51209923054069,
      44.63128178271639
     ],
     [
      -59.816605607759215,
      44.17275306973356
     ],
     [
      -61.10923828453167,
      43.708559712787775
     ],
     [
      -62.39024023868855,
      43.238935255259264
     ],
     [
      -63.65986892934849,
      42.764105692094574
     ],
     [
      -64.91839351494139,
      42.28428937445324
     ],
     [
      -66.16609233027604,
      41.79969697581116
     ],
     [
      -67.4032506149627,
      41.310531511252286
     ],
     [
      -68.63015848256606,
      40.816988402277445
     ],
     [
      -69.8471091177467,
      40.31925558009249
     ],
     [
      -71.05439718722687,
      39.8175136209823
     ],
     [
      -72.25231744957662,
      39.31193590801617
     ],
     [
      -73.44116354844715,
      38.80268881394957
     ],
     [
      -74.62122697389117,
      38.28993190077752
     ],
     [
      -75.79279617671315,
      37.77381813194933
     ],
     [
      -76.95615582131904,
      37.25449409376891
     ],
     [
      -78.11158616322159,
      36.73210022297716
     ],
     [
      -79.25936253815178,
      36.20677103794192
     ],
     [
      -80.39975495058965,
      35.67863537126888
     ],
     [
      -81.53302775042408,
      35.147816601992574
     ],
     [
      -82.65943938735454,
      34.614432885815326
     ],
     [
      -83.77924223353992,
      34.07859738213308
     ],
     [
      -84.89268246586218,
      33.54041847682608
     ],
     [
      -86.0,
      33.0
     ]
    ]
   },
   "properties": {
    "pair": "British\u2013Southern US",
    "cuisine_a": "British",
    "cuisine_b": "Southern US",
    "residual": 0.3264,
    "distance_km": 6599.0,
    "is_long_distance": "long-distance"
   }
  },
  {
   "type": "Feature",
   "geometry": {
    "type": "LineString",
    "coordinates": [
     [
      -51.93,
      -14.24
     ],
     [
      -49.01832565401206,
      -14.249006961798976
     ],
     [
      -46.099891534050315,
      -14.241242364987674
     ],
     [
      -43.17489099379287,
      -14.21598316933267
     ],
     [
      -40.24359216395572,
      -14.172546753305046
     ],
     [
      -37.306336876968196,
      -14.11029531396457
     ],
     [
      -34.36353846498102,
      -14.028640255003705
     ],
     [
      -31.415678381779067,
      -13.92704648010575
     ],
     [
      -28.463301629781995,
      -13.805036504002206
     ],
     [
      -25.507011008262268,
      -13.662194291580935
     ],
     [
      -22.547460236746403,
      -13.498168736474067
     ],
     [
      -19.58534604647972,
      -13.312676694983855
     ],
     [
      -16.621399370750176,
      -13.105505499039644
     ],
     [
      -13.656375799592244,
      -12.876514882977311
     ],
     [
      -10.691045493792673,
      -12.625638272937664
     ],
     [
      -7.726182775312718,
      -12.352883404044274
     ],
     [
      -4.7625556247471925,
      -12.058332248522255
     ],
     [
      -1.800915320355341,
      -11.742140256724959
     ],
     [
      1.1580135527562105,
      -11.404534931744895
     ],
     [
      4.11354251012445,
      -11.045813776012963
     ],
     [
      7.065027802751534,
      -10.666341664216802
     ],
     [
      10.011878120586584,
      -10.266547710309268
     ],
     [
      12.95356124156898,
      -9.846921706819622
     ],
     [
      15.889609541432122,
      -9.408010221812551
     ],
     [
      18.819624318325722,
      -8.950412442559706
     ],
     [
      21.743278923686788,
      -8.474775855395759
     ],
     [
      24.660320724937748,
      -7.981791848591929
     ],
     [
      27.570571955160048,
      -7.472191319801404
     ],
     [
      30.473929528955033,
      -6.9467403622088435
     ],
     [
      33.370363921788055,
      -6.406236094494265
     ],
     [
      36.259917222149575,
      -5.851502689649387
     ],
     [
      39.14270047213738,
      -5.28338764708068
     ],
     [
      42.01889041313068,
      -4.702758341760778
     ],
     [
      44.88872574982081,
      -4.110498873834907
     ],
     [
      47.75250303883911,
      -3.5075072323556773
     ],
     [
      50.61057229846064,
      -2.894692777921929
     ],
     [
      53.46333242420815,
      -2.272974041075063
     ],
     [
      56.311226482424885,
      -1.6432768264188264
     ],
     [
      59.15473694070986,
      -1.0065326065822278
     ],
     [
      61.99438088109018,
      -0.3636771852933214
     ],
     [
      64.83070522939813,
      0.2843503951005113
     ],
     [
      67.66428202288856,
      0.9366087294463381
     ],
     [
      70.49570372791675,
      1.592154739119617
     ],
     [
      73.3255786106964,
      2.2500442068768995
     ],
     [
      76.1545261568613,
      2.9093321905438714
     ],
     [
      78.98317252985842,
      3.5690733497781917
     ],
     [
      81.81214605411819,
      4.228322220746878
     ],
     [
      84.64207270651013,
      4.886133473892791
     ],
     [
      87.47357159880445,
      5.541562190070838
     ],
     [
      90.30725043471416,
      6.193664190219218
     ],
     [
      93.14370092760251,
      6.841496453386291
     ],
     [
      95.98349416908378,
      7.484117657320885
     ],
     [
      98.82717594451587,
      8.120588874897372
     ],
     [
      101.67526199873456,
      8.749974458308342
     ],
     [
      104.52823326424937,
      9.371343141125346
     ],
     [
      107.38653107438292,
      9.983769385892998
     ],
     [
      110.25055239532105,
      10.586335001776037
     ],
     [
      113.12064512347516,
      11.17813105280905
     ],
     [
      115.99710350759695,
      11.758260072407928
     ],
     [
      118.88016376825381,
      12.32583859391244
     ],
     [
      121.77000000000001,
      12.88
     ]
    ]
   },
   "properties": {
    "pair": "Brazilian\u2013Filipino",
    "cuisine_a": "Brazilian",
    "cuisine_b": "Filipino",
    "residual": 0.3246,
    "distance_km": 19318.0,
    "is_long_distance": "long-distance"
   }
  },
  {
   "type": "Feature",
   "geometry": {
    "type": "LineString",
    "coordinates": [
     [
      78.96,
      20.589999999999996
     ],
     [
      77.63639220265051,
      20.96870472780038
     ],
     [
      76.30835404355881,
      21.343637776442677
     ],
     [
      74.97577269667632,
      21.71464804003083
     ],
     [
      73.6385406144208,
      22.08158234496723
     ],
     [
      72.29655604245953,
      22.444285514098645
     ],
     [
      70.94972356136091,
      22.802600448430383
     ],
     [
      69.59795465384165,
      23.156368227573815
     ],
     [
      68.24116829588326,
      23.505428230079055
     ],
     [
      66.87929156949764,
      23.849618274773903
     ],
     [
      65.51226029438219,
      24.188774784180794
     ],
     [
      64.14001967512736,
      24.522732971012285
     ],
     [
      62.762524960028,
      24.85132704865111
     ],
     [
      61.37974210690889,
      25.17439046640021
     ],
     [
      59.991648450715864,
      25.49175617014017
     ],
     [
      58.5982333669548,
      25.80325688885445
     ],
     [
      57.199498924396906,
      26.108725447274903
     ],
     [
      55.79546051982249,
      26.407995104662128
     ],
     [
      54.386147486967076,
      26.700899919465595
     ],
     [
      52.97160367127889,
      26.987275139309432
     ],
     [
      51.55188796161967,
      27.266957615422285
     ],
     [
      50.12707476966068,
      27.539786240276417
     ],
     [
      48.69725444746716,
      27.80560240682647
     ],
     [
      47.26253363364917,
      28.064250487346467
     ],
     [
      45.82303551850661,
      28.315578329461033
     ],
     [
      44.37890001883175,
      28.559437766560567
     ],
     [
      42.930283853470236,
      28.795685139388222
     ],
     [
      41.47736051139509,
      29.024181825198745
     ],
     [
      40.0203201049257,
      29.244794770524777
     ],
     [
      38.559369101827784,
      29.457397023255872
     ],
     [
      37.094729931354735,
      29.661868259450046
     ],
     [
      35.62664046082611,
      29.858095300067085
     ],
     [
      34.155353341061655,
      30.04597261264778
     ],
     [
      32.681135220873216,
      30.225402792871932
     ],
     [
      31.204265832824795,
      30.396297020919064
     ],
     [
      29.725036954559204,
      30.55857548763415
     ],
     [
      28.243751252109668,
      30.71216778567091
     ],
     [
      26.76072101371024,
      30.85701326104847
     ],
     [
      25.276266784636043,
      30.993061320911863
     ],
     [
      23.790715915482167,
      31.120271693729592
     ],
     [
      22.304401037976042,
      31.23861463868448
     ],
     [
      20.817658483857752,
      31.348071101608973
     ],
     [
      19.330826663513008,
      31.448632815469914
     ],
     [
      17.844244421865476,
      31.540302344107214
     ],
     [
      16.358249389503538,
      31.623093068660104
     ],
     [
      14.873176347114573,
      31.697029116856854
     ],
     [
      13.389355621025818,
      31.76214523608214
     ],
     [
      11.907111527012042,
      31.818486611853203
     ],
     [
      10.426760878549228,
      31.866108634015937
     ],
     [
      8.94861157440111,
      31.90507661359942
     ],
     [
      7.472961278862712,
      31.935465453829675
     ],
     [
      6.00009620620212,
      31.95735927928959
     ],
     [
      4.530290018890076,
      31.970851027613595
     ],
     [
      3.063802847146398,
      31.976042008417483
     ],
     [
      1.60088043521744,
      31.973041434382857
     ],
     [
      0.14175341768809027,
      31.96196592954236
     ],
     [
      -1.3133632729249518,
      31.94293901984807
     ],
     [
      -2.7642708680053527,
      31.916090611056795
     ],
     [
      -4.210787096613923,
      31.881556458838688
     ],
     [
      -5.652746395365568,
      31.83947763581839
     ],
     [
      -7.090000000000002,
      31.79
     ]
    ]
   },
   "properties": {
    "pair": "Indian\u2013Moroccan",
    "cuisine_a": "Indian",
    "cuisine_b": "Moroccan",
    "residual": 0.2633,
    "distance_km": 8463.0,
    "is_long_distance": "long-distance"
   }
  },
  {
   "type": "Feature",
   "geometry": {
    "type": "LineString",
    "coordinates": [
     [
      2.21,
      46.22999999999999
     ],
     [
      0.7257216189950861,
      46.01698129653117
     ],
     [
      -0.7609666210551366,
      45.79287051017253
     ],
     [
      -2.249390284511591,
      45.557608150207976
     ],
     [
      -3.73886268666831,
      45.31115421312796
     ],
     [
      -5.228689690288515,
      45.05348852114844
     ],
     [
      -6.718174629687398,
      44.784610893960874
     ],
     [
      -8.206623278306738,
      44.504541150270086
     ],
     [
      -9.693348774332232,
      44.21331893908878
     ],
     [
      -11.177676420249508,
      43.91100340417175
     ],
     [
      -12.65894827625069,
      43.597672688264225
     ],
     [
      -14.136527473885499,
      43.273423286894605
     ],
     [
      -15.609802184975202,
      42.93836926415668
     ],
     [
      -17.078189191153356,
      42.592641345218254
     ],
     [
      -18.541137010976144,
      42.236385902098974
     ],
     [
      -19.99812855383551,
      41.869763850542434
     ],
     [
      -21.448683282387748,
      41.492949476555225
     ],
     [
      -22.892358877385163,
      41.10612921140765
     ],
     [
      -24.328752410232816,
      40.70950037362225
     ],
     [
      -25.7575010389239,
      40.3032698957652
     ],
     [
      -27.178282251962436,
      39.88765305276698
     ],
     [
      -28.590813692279117,
      39.46287220710309
     ],
     [
      -29.99485259889521,
      39.02915558454042
     ],
     [
      -31.3901949081837,
      38.58673609237425
     ],
     [
      -32.776674059081174,
      38.13585019021937
     ],
     [
      -34.15415954764251,
      37.67673682153853
     ],
     [
      -35.52255527606872,
      37.209636412253275
     ],
     [
      -36.88179773996893,
      36.7347899410297
     ],
     [
      -38.23185409534912,
      36.252438084204314
     ],
     [
      -39.572720143858206,
      35.76282043683827
     ],
     [
      -40.90441827136712,
      35.266174810079605
     ],
     [
      -42.226995371190796,
      34.762736603881535
     ],
     [
      -43.5405207793476,
      34.252738253171636
     ],
     [
      -44.84508424532375,
      33.73640874478729
     ],
     [
      -46.14079395798258,
      33.21397320187901
     ],
     [
      -47.42777464261938,
      32.68565253202057
     ],
     [
      -48.70616574177343,
      32.15166313494113
     ],
     [
      -49.976119689316334,
      31.612216665591255
     ],
     [
      -51.23780028456248,
      31.06751984815783
     ],
     [
      -52.49138117070564,
      30.517774336633423
     ],
     [
      -53.73704441977202,
      29.9631766176114
     ],
     [
      -54.97497922448471,
      29.403917951101313
     ],
     [
      -56.20538069593778,
      28.840184345329458
     ],
     [
      -57.428448764758286,
      28.272156561693258
     ],
     [
      -58.64438718246566,
      27.70001014626692
     ],
     [
      -59.853402618991666,
      27.123915484499097
     ],
     [
      -61.055703851775746,
      26.544037875995183
     ],
     [
      -62.25150104146999,
      25.96053762653097
     ],
     [
      -63.441005089053945,
      25.373570154695074
     ],
     [
      -64.62442706904471,
      24.78328611080226
     ],
     [
      -65.8019777334745,
      24.189831505954793
     ],
     [
      -66.97386708137364,
      23.593347849352295
     ],
     [
      -68.14030398862826,
      22.993972292161068
     ],
     [
      -69.30149589326075,
      22.391837776450537
     ],
     [
      -70.4576485313978,
      21.787073187886634
     ],
     [
      -71.60896571943165,
      21.17980351103995
     ],
     [
      -72.75564917813989,
      20.57014998632016
     ],
     [
      -73.89789839479556,
      19.958230267688513
     ],
     [
      -75.03591051957122,
      19.344158580426765
     ],
     [
      -76.16988029281003,
      18.728045878355857
     ],
     [
      -77.3,
      18.11
     ]
    ]
   },
   "properties": {
    "pair": "French\u2013Jamaican",
    "cuisine_a": "French",
    "cuisine_b": "Jamaican",
    "residual": 0.2549,
    "distance_km": 7769.0,
    "is_long_distance": "long-distance"
   }
  },
  {
   "type": "Feature",
   "geometry": {
    "type": "LineString",
    "coordinates": [
     [
      121.77000000000001,
      12.88
     ],
     [
      121.545698052772,
      12.902288026686502
     ],
     [
      121.32137565987105,
      12.924490509829447
     ],
     [
      121.09703292921867,
      12.946607258523864
     ],
     [
      120.87266997006697,
      12.968638083159577
     ],
     [
      120.6482868929929,
      12.990582795427283
     ],
     [
      120.42388380989266,
      13.012441208324597
     ],
     [
      120.19946083397575,
      13.034213136162075
     ],
     [
      119.97501807975894,
      13.055898394569223
     ],
     [
      119.7505556630604,
      13.077496800500459
     ],
     [
      119.52607370099331,
      13.099008172241096
     ],
     [
      119.30157231195966,
      13.120432329413248
     ],
     [
      119.07705161564394,
      13.141769092981754
     ],
     [
      118.85251173300642,
      13.163018285260048
     ],
     [
      118.62795278627668,
      13.184179729916018
     ],
     [
      118.4033748989469,
      13.205253251977833
     ],
     [
      118.17877819576486,
      13.22623867783975
     ],
     [
      117.95416280272718,
      13.24713583526788
     ],
     [
      117.72952884707209,
      13.267944553405936
     ],
     [
      117.50487645727243,
      13.288664662780945
     ],
     [
      117.28020576302825,
      13.30929599530895
     ],
     [
      117.05551689525947,
      13.329838384300643
     ],
     [
      116.83080998609836,
      13.350291664467012
     ],
     [
      116.60608516888206,
      13.370655671924915
     ],
     [
      116.38134257814465,
      13.390930244202666
     ],
     [
      116.15658234960964,
      13.411115220245556
     ],
     [
      115.93180462018178,
      13.431210440421331
     ],
     [
      115.70700952793916,
      13.451215746525694
     ],
     [
      115.48219721212513,
      13.471130981787706
     ],
     [
      115.25736781313992,
      13.490955990875186
     ],
     [
      115.0325214725325,
      13.51069061990008
     ],
     [
      114.8076583329919,
      13.53033471642378
     ],
     [
      114.58277853833897,
      13.54988812946241
     ],
     [
      114.35788223351739,
      13.569350709492088
     ],
     [
      114.1329695645852,
      13.588722308454123
     ],
     [
      113.90804067870582,
      13.608002779760197
     ],
     [
      113.68309572413908,
      13.627191978297514
     ],
     [
      113.45813485023228,
      13.64628976043388
     ],
     [
      113.2331582074109,
      13.665295984022777
     ],
     [
      113.00816594716946,
      13.684210508408366
     ],
     [
      112.78315822206208,
      13.703033194430486
     ],
     [
      112.55813518569312,
      13.721763904429562
     ],
     [
      112.33309699270751,
      13.740402502251523
     ],
     [
      112.10804379878125,
      13.758948853252644
     ],
     [
      111.88297576061157,
      13.777402824304358
     ],
     [
      111.65789303590711,
      13.795764283798023
     ],
     [
      111.43279578337803,
      13.81403310164964
     ],
     [
      111.20768416272591,
      13.832209149304528
     ],
     [
      110.98255833463372,
      13.850292299741973
     ],
     [
      110.75741846075557,
      13.868282427479791
     ],
     [
      110.53226470370633,
      13.886179408578887
     ],
     [
      110.30709722705139,
      13.90398312064775
     ],
     [
      110.081916195296,
      13.921693442846884
     ],
     [
      109.85672177387491,
      13.93931025589323
     ],
     [
      109.63151412914141,
      13.9568334420645
     ],
     [
      109.4062934283569,
      13.974262885203498
     ],
     [
      109.18105983967982,
      13.991598470722352
     ],
     [
      108.95581353215482,
      14.008840085606744
     ],
     [
      108.73055467570177,
      14.025987618420052
     ],
     [
      108.50528344110455,
      14.043040959307458
     ],
     [
      108.28,
      14.06
     ]
    ]
   },
   "properties": {
    "pair": "Filipino\u2013Vietnamese",
    "cuisine_a": "Filipino",
    "cuisine_b": "Vietnamese",
    "residual": 0.2546,
    "distance_km": 1464.0,
    "is_long_distance": "regional"
   }
  },
  {
   "type": "Feature",
   "geometry": {
    "type": "LineString",
    "coordinates": [
     [
      -91.2,
      30.5
     ],
     [
      -89.88983064198996,
      31.003651246798487
     ],
     [
      -88.57193974210762,
      31.50369486081386
     ],
     [
      -87.24603201685085,
      31.99995375998887
     ],
     [
      -85.91180934338007,
      32.49224372223003
     ],
     [
      -84.56897151809466,
      32.980373135778
     ],
     [
      -83.21721715342275,
      33.46414276208243
     ],
     [
      -81.8562447266284,
      33.94334551526214
     ],
     [
      -80.48575379483282,
      34.41776626281409
     ],
     [
      -79.10544639060558,
      34.88718165285769
     ],
     [
      -77.71502861233637,
      35.351359973859715
     ],
     [
      -76.31421242306426,
      35.810061053470505
     ],
     [
      -74.9027176704314,
      36.26303620380207
     ],
     [
      -73.48027433883829,
      36.71002822117645
     ],
     [
      -72.04662504260139,
      37.150771449047596
     ],
     [
      -70.6015277658406,
      37.58499191342494
     ],
     [
      -69.1447588508405,
      38.01240754066946
     ],
     [
      -67.67611623163697,
      38.43272846795406
     ],
     [
      -66.19542290348988,
      38.84565745693615
     ],
     [
      -64.70253061165542,
      39.25089042122794
     ],
     [
      -63.19732373444988,
      39.648117078016185
     ],
     [
      -61.67972332603426,
      40.03702173361705
     ],
     [
      -60.149691273751934,
      40.41728421179373
     ],
     [
      -58.60723451341268,
      40.78858093225676
     ],
     [
      -57.05240923392651,
      41.15058614485708
     ],
     [
      -55.4853249905554,
      41.502973322531076
     ],
     [
      -53.906148634292485,
      41.845416713039384
     ],
     [
      -52.315107954134334,
      42.17759304596045
     ],
     [
      -50.71249492002232,
      42.499183387282955
     ],
     [
      -49.09866840780973,
      42.809875129357025
     ],
     [
      -47.47405628461131,
      43.109364099015906
     ],
     [
      -45.839156734139756,
      43.39735676152033
     ],
     [
      -44.194538707863245,
      43.673572492795536
     ],
     [
      -42.540841399593205,
      43.937745887459236
     ],
     [
      -40.87877265874099,
      44.189629065634975
     ],
     [
      -39.209106280939906,
      44.428993937788974
     ],
     [
      -37.53267814359951,
      44.65563438409413
     ],
     [
      -35.85038118739138,
      44.86936830336897
     ],
     [
      -34.16315928138506,
      45.07003948667429
     ],
     [
      -32.47200004789767,
      45.25751927232213
     ],
     [
      -30.777926761134392,
      45.43170794242502
     ],
     [
      -29.08198946926033,
      45.592535826150055
     ],
     [
      -27.385255520535036,
      45.73996408140502
     ],
     [
      -25.68879969861611,
      45.87398513452759
     ],
     [
      -23.99369418850539,
      45.99462276634371
     ],
     [
      -22.300998601779458,
      46.1019318423063
     ],
     [
      -20.61175028723174,
      46.19599769387874
     ],
     [
      -18.926955141026397,
      46.27693516744195
     ],
     [
      -17.24757910973248,
      46.344887365352704
     ],
     [
      -15.574540551536202,
      46.40002411099822
     ],
     [
      -13.908703587315305,
      46.44254017548944
     ],
     [
      -12.250872536159864,
      46.47265330782247
     ],
     [
      -10.601787491480742,
      46.49060211282875
     ],
     [
      -8.962121056115214,
      46.496643822046266
     ],
     [
      -7.33247621963474,
      46.49105200188489
     ],
     [
      -5.71338532985502,
      46.47411424131214
     ],
     [
      -4.1053100843989485,
      46.44612985798848
     ],
     [
      -2.5086424476943865,
      46.40740765760363
     ],
     [
      -0.9237063842066722,
      46.35826377638553
     ],
     [
      0.6492397101439609,
      46.29901963164227
     ],
     [
      2.2099999999999964,
      46.22999999999999
     ]
    ]
   },
   "properties": {
    "pair": "Cajun-Creole\u2013French",
    "cuisine_a": "Cajun-Creole",
    "cuisine_b": "French",
    "residual": 0.2282,
    "distance_km": 7858.0,
    "is_long_distance": "long-distance"
   }
  },
  {
   "type": "Feature",
   "geometry": {
    "type": "LineString",
    "coordinates": [
     [
      -51.93,
      -14.24
     ],
     [
      -49.34880127073514,
      -13.81541335079848
     ],
     [
      -46.77110480468106,
      -13.378275989850426
     ],
     [
      -44.19707791714512,
      -12.928960703177221
     ],
     [
      -41.626855520403524,
      -12.467863846447692
     ],
     [
      -39.06053954043625,
      -11.995403644492272
     ],
     [
      -36.49819867326549,
      -11.512018493645105
     ],
     [
      -33.93986846202311,
      -11.018165285618178
     ],
     [
      -31.385551672201707,
      -10.514317769663945
     ],
     [
      -28.835218939872874,
      -10.000964967635726
     ],
     [
      -26.28880966595453,
      -9.478609654282735
     ],
     [
      -23.746233128815064,
      -8.9477669127888
     ],
     [
      -21.207369787523568,
      -8.408962773241925
     ],
     [
      -18.672072748788295,
      -7.862732939458718
     ],
     [
      -16.14016937194871,
      -7.309621607425816
     ],
     [
      -13.611462988180374,
      -6.7501803765927875
     ],
     [
      -11.085734712213252,
      -6.184967253381282
     ],
     [
      -8.562745327238423,
      -5.6145457445777
     ],
     [
      -6.042237226179601,
      -5.039484036759632
     ],
     [
      -3.5239363950362805,
      -4.460354256569457
     ],
     [
      -1.0075544264837037,
      -3.8777318054892103
     ],
     [
      1.5072094457325305,
      -3.2921947617800527
     ],
     [
      4.020666298900921,
      -2.7043233414184584
     ],
     [
      6.533135465305815,
      -2.114699409176978
     ],
     [
      9.04494247174085,
      -1.5239060304496086
     ],
     [
      11.556416976905401,
      -0.9325270539981869
     ],
     [
      14.06789070797523,
      -0.3411467154880993
     ],
     [
      16.579695396936692,
      0.2496507485195245
     ],
     [
      19.092160716920755,
      0.839281486551297
     ],
     [
      21.605612218771565,
      1.4271624286130185
     ],
     [
      24.120369268436512,
      2.0127117033226294
     ],
     [
      26.636742986465602,
      2.59534908591764
     ],
     [
      29.15503419194494,
      3.1744964869621857
     ],
     [
      31.67553135455219,
      3.749578491156082
     ],
     [
      34.19850856008369,
      4.320022955100712
     ],
     [
      36.72422349673751,
      4.885261672193375
     ],
     [
      39.25291547160339,
      5.444731111990663
     ],
     [
      41.784803469164245,
      5.997873240392254
     ],
     [
      44.32008426608934,
      6.54413642583696
     ],
     [
      46.8589306191319,
      7.08297643536794
     ],
     [
      49.401489545444406,
      7.6138575229069705
     ],
     [
      51.94788071700021,
      8.136253610381491
     ],
     [
      54.49819499295327,
      8.649649560478984
     ],
     [
      57.05249311556294,
      9.153542537776328
     ],
     [
      59.6108045966372,
      9.647443452830501
     ],
     [
      62.17312682218265,
      10.130878481554134
     ],
     [
      64.73942440297589,
      10.603390649877854
     ],
     [
      67.30962879797946,
      11.064541471373143
     ],
     [
      69.88363823582958,
      11.513912623237053
     ],
     [
      72.46131795695518,
      11.951107643891586
     ],
     [
      75.04250079522303,
      12.375753633502578
     ],
     [
      77.62698811334467,
      12.787502937051848
     ],
     [
      80.21455110069246,
      13.186034788281587
     ],
     [
      82.80493243574796,
      13.571056891942934
     ],
     [
      85.39784830830996,
      13.942306921387747
     ],
     [
      87.9929907890166,
      14.299553908694296
     ],
     [
      90.59003052593187,
      14.642599505249681
     ],
     [
      93.18861974018395,
      14.971279092038444
     ],
     [
      95.78839548521603,
      15.28546272080002
     ],
     [
      98.38898312741426,
      15.585055869684478
     ],
     [
      100.99,
      15.87
     ]
    ]
   },
   "properties": {
    "pair": "Brazilian\u2013Thai",
    "cuisine_a": "Brazilian",
    "cuisine_b": "Thai",
    "residual": 0.2208,
    "distance_km": 17104.0,
    "is_long_distance": "long-distance"
   }
  },
  {
   "type": "Feature",
   "geometry": {
    "type": "LineString",
    "coordinates": [
     [
      -3.44,
      55.38000000000001
     ],
     [
      -3.3366381174660527,
      55.22862611739645
     ],
     [
      -3.233663848864241,
      55.07720427719118
     ],
     [
      -3.1310724144262787,
      54.925735104161284
     ],
     [
      -3.028859106117517,
      54.77421921291247
     ],
     [
      -2.927019286397011,
      54.622657208077094
     ],
     [
      -2.8255483870000884,
      54.471049684507875
     ],
     [
      -2.7244419077430275,
      54.319397227467284
     ],
     [
      -2.6236954153495065,
      54.167700412812955
     ],
     [
      -2.52330454229843,
      54.015959807178774
     ],
     [
      -2.4232649856927946,
      53.8641759681523
     ],
     [
      -2.3235725061492243,
      53.712349444448094
     ],
     [
      -2.2242229267078235,
      53.560480776077426
     ],
     [
      -2.1252121317619963,
      53.40857049451423
     ],
     [
      -2.0265360660078846,
      53.256619122857515
     ],
     [
      -1.9281907334130777,
      53.10462717599017
     ],
     [
      -1.8301721962042599,
      52.95259516073451
     ],
     [
      -1.7324765738734516,
      52.80052357600428
     ],
     [
      -1.6351000422025141,
      52.64841291295356
     ],
     [
      -1.5380388323056005,
      52.4962636551224
     ],
     [
      -1.4412892296892066,
      52.34407627857932
     ],
     [
      -1.3448475733295253,
      52.19185125206085
     ],
     [
      -1.2487102547667757,
      52.03958903710803
     ],
     [
      -1.152873717216199,
      51.88729008820006
     ],
     [
      -1.0573344546954178,
      51.734954852885025
     ],
     [
      -0.9620890111678526,
      51.582583771908006
     ],
     [
      -0.8671339797019015,
      51.43017727933636
     ],
     [
      -0.7724660016455904,
      51.277735802682415
     ],
     [
      -0.6780817658163995,
      51.12525976302358
     ],
     [
      -0.5839780077059927,
      50.972749575119934
     ],
     [
      -0.49015150869956076,
      50.82020564752936
     ],
     [
      -0.3965990953095087,
      50.667628382720295
     ],
     [
      -0.3033176384232169,
      50.51501817718207
     ],
     [
      -0.2103040525646053,
      50.36237542153309
     ],
     [
      -0.11755529516925027,
      50.20970050062654
     ],
     [
      -0.02506836587278037,
      50.05699379365424
     ],
     [
      0.06715969418767964,
      49.90425567424799
     ],
     [
      0.1591318030592911,
      49.751486510579156
     ],
     [
      0.2508508386467259,
      49.598686665455965
     ],
     [
      0.3423196393730972,
      49.445856496418955
     ],
     [
      0.43354100482881286,
      49.29299635583444
     ],
     [
      0.5245176964085987,
      49.140106590986015
     ],
     [
      0.6152524379369011,
      48.987187544164314
     ],
     [
      0.7057479162819125,
      48.834239552754795
     ],
     [
      0.7960067819584153,
      48.68126294932392
     ],
     [
      0.8860316497196841,
      48.528258061703426
     ],
     [
      0.9758250991386307,
      48.37522521307305
     ],
     [
      1.065389675178423,
      48.2221647220415
     ],
     [
      1.1547278887527654,
      48.0690769027258
     ],
     [
      1.2438422172760402,
      47.91596206482912
     ],
     [
      1.3327351052035215,
      47.762820513716996
     ],
     [
      1.421408964561827,
      47.60965255049206
     ],
     [
      1.5098661754698242,
      47.4564584720672
     ],
     [
      1.59810908665015,
      47.3032385712375
     ],
     [
      1.6861400159315476,
      47.14999313675045
     ],
     [
      1.7739612507421763,
      46.99672245337507
     ],
     [
      1.8615750485940898,
      46.843426801969365
     ],
     [
      1.9489836375590355,
      46.69010645954684
     ],
     [
      2.036189216735753,
      46.53676169934133
     ],
     [
      2.123193956708933,
      46.383392790870836
     ],
     [
      2.21,
      46.22999999999999
     ]
    ]
   },
   "properties": {
    "pair": "British\u2013French",
    "cuisine_a": "British",
    "cuisine_b": "French",
    "residual": 0.2137,
    "distance_km": 1091.0,
    "is_long_distance": "regional"
   }
  },
  {
   "type": "Feature",
   "geometry": {
    "type": "LineString",
    "coordinates": [
     [
      104.2,
      35.86
     ],
     [
      104.76134160349447,
      35.901386262980964
     ],
     [
      105.32321214629975,
      35.94162530271956
     ],
     [
      105.8855981213769,
      35.980711231383935
     ],
     [
      106.4484857086258,
      36.01863831132577
     ],
     [
      107.01186078061255,
      36.05540095886636
     ],
     [
      107.57570890869613,
      36.09099374802114
     ],
     [
      108.1400153695524,
      36.12541141415683
     ],
     [
      108.70476515209181,
      36.15864885757564
     ],
     [
      109.26994296476715,
      36.19070114702088
     ],
     [
      109.83553324326621,
      36.22156352309837
     ],
     [
      110.40152015858318,
      36.251231401608294
     ],
     [
      110.96788762546221,
      36.27970037678179
     ],
     [
      111.53461931120502,
      36.30696622441718
     ],
     [
      112.10169864483404,
      36.33302490491047
     ],
     [
      112.66910882660103,
      36.35787256617505
     ],
     [
      113.23683283783097,
      36.38150554644548
     ],
     [
      113.80485345108931,
      36.403920376960826
     ],
     [
      114.37315324066051,
      36.425113784522466
     ],
     [
      114.94171459332439,
      36.44508269392219
     ],
     [
      115.51051971941638,
      36.463824230236206
     ],
     [
      116.0795506641567,
      36.481335720980866
     ],
     [
      116.64878931923275,
      36.4976146981264
     ],
     [
      117.21821743461875,
      36.512658899964805
     ],
     [
      117.78781663061513,
      36.526466272828756
     ],
     [
      118.35756841009008,
      36.53903497265809
     ],
     [
      118.92745417090548,
      36.550363366411275
     ],
     [
      119.49745521850767,
      36.560450033318986
     ],
     [
      120.06755277866435,
      36.569293765977704
     ],
     [
      120.63772801032763,
      36.57689357128109
     ],
     [
      121.20796201860324,
      36.583248671187576
     ],
     [
      121.77823586780534,
      36.58835850332255
     ],
     [
      122.3485305945764,
      36.59222272141419
     ],
     [
      122.91882722105142,
      36.59484119556204
     ],
     [
      123.48910676804499,
      36.59621401233771
     ],
     [
      124.05935026824079,
      36.59634147471779
     ],
     [
      124.62953877936195,
      36.59522410184881
     ],
     [
      125.19965339730138,
      36.59286262864488
     ],
     [
      125.76967526919147,
      36.58925800521867
     ],
     [
      126.33958560639195,
      36.58441139614686
     ],
     [
      126.90936569737583,
      36.57832417957141
     ],
     [
      127.47899692049319,
      36.57099794613828
     ],
     [
      128.04846075659265,
      36.56243449777567
     ],
     [
      128.61773880148198,
      36.552635846314054
     ],
     [
      129.18681277820784,
      36.54160421195036
     ],
     [
      129.75566454913732,
      36.52934202155946
     ],
     [
      130.32427612782266,
      36.515851906855715
     ],
     [
      130.8926296906327,
      36.5011367024083
     ],
     [
      131.46070758813394,
      36.485199443513444
     ],
     [
      132.02849235620576,
      36.468043363927876
     ],
     [
      132.59596672687488,
      36.44967189346724
     ],
     [
      133.1631136388545,
      36.430088655473796
     ],
     [
      133.729916247775,
      36.409297464157966
     ],
     [
      134.29635793609333,
      36.38730232181819
     ],
     [
      134.86242232266983,
      36.3641074159441
     ],
     [
      135.42809327200104,
      36.33971711620771
     ],
     [
      135.9933549030996,
      36.31413597134804
     ],
     [
      136.55819159801106,
      36.287368705954094
     ],
     [
      137.12258800996037,
      36.25942021715168
     ],
     [
      137.686529071121,
      36.23029557119952
     ],
     [
      138.25,
      36.2
     ]
    ]
   },
   "properties": {
    "pair": "Chinese\u2013Japanese",
    "cuisine_a": "Chinese",
    "cuisine_b": "Japanese",
    "residual": 0.207,
    "distance_km": 3046.0,
    "is_long_distance": "regional"
   }
  },
  {
   "type": "Feature",
   "geometry": {
    "type": "LineString",
    "coordinates": [
     [
      2.21,
      46.22999999999999
     ],
     [
      0.741125867891938,
      46.298001555907476
     ],
     [
      -0.7378613729351504,
      46.357432203477806
     ],
     [
      -2.2267697147900445,
      46.408039839328
     ],
     [
      -3.7253609162590218,
      46.44957589780648
     ],
     [
      -5.233348822572524,
      46.481796684658136
     ],
     [
      -6.750398084721219,
      46.50446477969754
     ],
     [
      -8.276123343243603,
      46.51735049556358
     ],
     [
      -9.81008893911681,
      46.520233376985004
     ],
     [
      -11.351809208096089,
      46.51290372245235
     ],
     [
      -12.900749406040427,
      46.49516410787707
     ],
     [
      -14.456327301235078,
      46.466830889845454
     ],
     [
      -16.017915455634224,
      46.42773566456022
     ],
     [
      -17.584844200622637,
      46.37772665762344
     ],
     [
      -19.156405294829078,
      46.31667001954378
     ],
     [
      -20.73185623236984,
      46.244451002328496
     ],
     [
      -22.310425150443848,
      46.16097499378733
     ],
     [
      -23.891316266319613,
      46.06616838824026
     ],
     [
      -25.473715756363404,
      45.95997927515097
     ],
     [
      -27.05679797475066,
      45.84237793072823
     ],
     [
      -28.639731897680946,
      45.71335710163368
     ],
     [
      -30.22168767093411,
      45.572932074459146
     ],
     [
      -31.801843134911948,
      45.42114052941399
     ],
     [
      -33.379390202116184,
      45.25804218150307
     ],
     [
      -34.95354096727394,
      45.08371821718448
     ],
     [
      -36.52353343973675,
      44.89827053888713
     ],
     [
      -38.08863680082118,
      44.70182083367395
     ],
     [
      -39.64815610471417,
      44.49450948562247
     ],
     [
      -41.20143635959458,
      44.27649435405746
     ],
     [
      -42.747865944812,
      44.04794944155208
     ],
     [
      -44.28687933941082,
      43.80906347659685
     ],
     [
      -45.81795915613751,
      43.560038436038724
     ],
     [
      -47.340637492580974,
      43.301088031874514
     ],
     [
      -48.85449662667075,
      43.03243618582519
     ],
     [
      -50.35916909696017,
      42.75431551342665
     ],
     [
      -51.8543372186886,
      42.46696583726328
     ],
     [
      -53.33973209444689,
      42.170632746564365
     ],
     [
      -54.81513218341061,
      41.86556621779781
     ],
     [
      -56.28036149572104,
      41.552019308239224
     ],
     [
      -57.73528747894539,
      41.23024693186468
     ],
     [
      -59.17981866195414,
      40.90050472439149
     ],
     [
      -60.613902118370845,
      40.56304800193814
     ],
     [
      -62.03752080734061,
      40.218130815638204
     ],
     [
      -63.45069084407919,
      39.86600510265329
     ],
     [
      -64.8534587468291,
      39.506919932405225
     ],
     [
      -66.24589870074789,
      39.14112084548727
     ],
     [
      -67.62810987312716,
      38.768849281616255
     ],
     [
      -69.00021380838643,
      38.39034209213352
     ],
     [
      -70.36235192565033,
      38.00583113193534
     ],
     [
      -71.7146831365094,
      37.61554292528744
     ],
     [
      -73.05738159585611,
      37.21969839972982
     ],
     [
      -74.39063459451069,
      36.81851268217888
     ],
     [
      -75.71464059872282,
      36.4121949513615
     ],
     [
      -77.02960743854337,
      36.00094834084328
     ],
     [
      -78.33575064447851,
      35.58496988712078
     ],
     [
      -79.63329192973488,
      35.16445051751523
     ],
     [
      -80.92245781369138,
      34.739575072914306
     ],
     [
      -82.20347838094901,
      34.3105223607468
     ],
     [
      -83.4765861693626,
      33.87746523392724
     ],
     [
      -84.7420151798041,
      33.440570691866604
     ],
     [
      -86.0,
      33.0
     ]
    ]
   },
   "properties": {
    "pair": "French\u2013Southern US",
    "cuisine_a": "French",
    "cuisine_b": "Southern US",
    "residual": 0.2043,
    "distance_km": 7306.0,
    "is_long_distance": "long-distance"
   }
  },
  {
   "type": "Feature",
   "geometry": {
    "type": "LineString",
    "coordinates": [
     [
      -8.24,
      53.41
     ],
     [
      -6.826005146640659,
      53.82136494870696
     ],
     [
      -5.398315190994104,
      54.230073971293095
     ],
     [
      -3.956146472991864,
      54.63595194342612
     ],
     [
      -2.4986689843267964,
      55.038810026387324
     ],
     [
      -1.0250046688267715,
      55.4384445036833
     ],
     [
      0.46577398013966076,
      55.834635532088576
     ],
     [
      1.9746449059335172,
      56.22714580686282
     ],
     [
      3.502636911081239,
      56.615719143170296
     ],
     [
      5.050829335299574,
      57.00007897881039
     ],
     [
      6.62035077036012,
      57.37992680744297
     ],
     [
      8.212376549782253,
      57.75494055677575
     ],
     [
      9.828124703457659,
      58.12477293292112
     ],
     [
      11.46885001594499,
      58.489049760579874
     ],
     [
      13.135835774453987,
      58.84736835912426
     ],
     [
      14.830382741945565,
      59.19929600725044
     ],
     [
      16.55379484758582,
      59.54436856378979
     ],
     [
      18.307361058558733,
      59.882089329503174
     ],
     [
      20.09233289423493,
      60.211928253991644
     ],
     [
      21.90989707920323,
      60.5333216126503
     ],
     [
      23.76114292197914,
      60.84567229979382
     ],
     [
      25.64702416995958,
      61.14835090397826
     ],
     [
      27.568315347870403,
      61.440697747646624
     ],
     [
      29.525562954011733,
      61.72202608218508
     ],
     [
      31.519032377063834,
      61.9916266270892
     ],
     [
      33.54865200456152,
      62.248773623364
     ],
     [
      35.61395670098748,
      62.49273253149025
     ],
     [
      37.714033590069675,
      62.722769438883205
     ],
     [
      39.84747380085455,
      62.93816214812128
     ],
     [
      42.01233441594914,
      63.13821279588932
     ],
     [
      44.20611515355702,
      63.32226170875531
     ],
     [
      46.425754177611154,
      63.48970204645671
     ],
     [
      48.66764674267494,
      63.63999463305134
     ],
     [
      50.92768908584657,
      63.77268225244245
     ],
     [
      53.201348119606564,
      63.887402610476705
     ],
     [
      55.48375522116202,
      63.98389916140533
     ],
     [
      57.7698200337188,
      64.06202907463626
     ],
     [
      60.05435804570368,
      64.12176777895789
     ],
     [
      62.33222415154786,
      64.16320975216114
     ],
     [
      64.59844369960398,
      64.18656549755269
     ],
     [
      66.84833282743588,
      64.19215493009754
     ],
     [
      69.07760111760528,
      64.18039764715573
     ],
     [
      71.28243155530046,
      64.15180075110347
     ],
     [
      73.45953509901472,
      64.10694500421492
     ],
     [
      75.60617952321866,
      64.04647012483575
     ],
     [
      77.72019424187539,
      63.97105998621242
     ],
     [
      79.79995436010552,
      63.88142837313977
     ],
     [
      81.84434813689845,
      63.778305809403115
     ],
     [
      83.85273239388641,
      63.66242781332059
     ],
     [
      85.82488027232338,
      63.534524788421336
     ],
     [
      87.76092526141144,
      63.395313624765556
     ],
     [
      89.66130474072769,
      63.24549098106351
     ],
     [
      91.52670552408539,
      63.08572814088557
     ],
     [
      93.35801315713601,
      62.916667286378754
     ],
     [
      95.15626606813015,
      62.73891900618891
     ],
     [
      96.92261513229056,
      62.55306084584554
     ],
     [
      98.65828879398168,
      62.35963671370628
     ],
     [
      100.36456359059835,
      62.15915696917528
     ],
     [
      102.04273972240472,
      61.9520990385941
     ],
     [
      103.6941211943569,
      61.73890842511611
     ],
     [
      105.32,
      61.52
     ]
    ]
   },
   "properties": {
    "pair": "Irish\u2013Russian",
    "cuisine_a": "Irish",
    "cuisine_b": "Russian",
    "residual": 0.1929,
    "distance_km": 5970.0,
    "is_long_distance": "long-distance"
   }
  },
  {
   "type": "Feature",
   "geometry": {
    "type": "LineString",
    "coordinates": [
     [
      -91.2,
      30.5
     ],
     [
      -89.73606519752258,
      31.004453671510277
     ],
     [
      -88.26238249507,
      31.50428790390329
     ],
     [
      -86.77854097441579,
      31.99924984207618
     ],
     [
      -85.28412625527508,
      32.48907535086229
     ],
     [
      -83.77872197149418,
      32.973488602248764
     ],
     [
      -82.2619115316462,
      33.452201693135585
     ],
     [
      -80.73328019389383,
      33.92491430342592
     ],
     [
      -79.19241748536669,
      34.39131340570745
     ],
     [
      -77.63891999588552,
      34.85107303934524
     ],
     [
      -76.07239457440761,
      35.30385416343427
     ],
     [
      -74.49246195379864,
      35.74930460471465
     ],
     [
      -72.8987608251557,
      36.18705911818277
     ],
     [
      -71.29095237659713,
      36.616739579669684
     ],
     [
      -69.66872530287372,
      37.037955331014544
     ],
     [
      -68.03180128103733,
      37.45030369953221
     ],
     [
      -66.3799408934624,
      37.85337071413007
     ],
     [
      -64.71294996257481,
      38.2467320405261
     ],
     [
      -63.03068624164223,
      38.62995415739392
     ],
     [
      -61.33306638304656,
      39.00259579373987
     ],
     [
      -59.620073079947645,
      39.36420964522503
     ],
     [
      -57.891762249806234,
      39.71434438332019
     ],
     [
      -56.14827009985106,
      40.05254696598388
     ],
     [
      -54.3898198866077,
      40.37836525189222
     ],
     [
      -52.61672815579209,
      40.69135091210114
     ],
     [
      -50.82941022728646,
      40.99106262345299
     ],
     [
      -49.02838467489796,
      41.27706951723171
     ],
     [
      -47.2142765446028,
      41.54895484483377
     ],
     [
      -45.387819060368855,
      41.806319810005405
     ],
     [
      -43.549853585456404,
      42.048787505084654
     ],
     [
      -41.70132764071796,
      42.27600687738436
     ],
     [
      -39.84329083033645,
      42.48765664214078
     ],
     [
      -37.97688858895894,
      42.683449051145715
     ],
     [
      -36.10335374026353,
      42.86313342204591
     ],
     [
      -34.22399594221423,
      43.026499332983065
     ],
     [
      -32.340189183923805,
      43.17337939120845
     ],
     [
      -30.453357587514475,
      43.30365149272035
     ],
     [
      -28.564959849497544,
      43.41724050269798
     ],
     [
      -26.676472723945974,
      43.51411930306787
     ],
     [
      -24.789373998793256,
      43.59430917313681
     ],
     [
      -22.90512544297935,
      43.65787949079871
     ],
     [
      -21.025156203690464,
      43.704946764127186
     ],
     [
      -19.150847109479173,
      43.73567302489535
     ],
     [
      -17.283516288549848,
      43.75026363546232
     ],
     [
      -15.424406445739578,
      43.74896457744279
     ],
     [
      -13.574674061895635,
      43.73205930379733
     ],
     [
      -11.735380691438912,
      43.69986524492966
     ],
     [
      -9.907486444065666,
      43.65273006387257
     ],
     [
      -8.09184565051513,
      43.59102775583008
     ],
     [
      -6.289204634937835,
      43.51515468364034
     ],
     [
      -4.5002014512271895,
      43.42552563376031
     ],
     [
      -2.725367389934414,
      43.32256996791027
     ],
     [
      -0.9651300269206904,
      43.206727934362064
     ],
     [
      0.780182435635604,
      43.078447190802365
     ],
     [
      2.5103357921722154,
      42.93817957846418
     ],
     [
      4.225183672168355,
      42.78637817539822
     ],
     [
      5.924660831555416,
      42.623494645816564
     ],
     [
      7.608776113685848,
      42.44997689271099
     ],
     [
      9.277605271013554,
      42.26626701262267
     ],
     [
      10.931283810831438,
      42.07279954459861
     ],
     [
      12.570000000000004,
      41.87
     ]
    ]
   },
   "properties": {
    "pair": "Cajun-Creole\u2013Italian",
    "cuisine_a": "Cajun-Creole",
    "cuisine_b": "Italian",
    "residual": 0.1875,
    "distance_km": 8815.0,
    "is_long_distance": "long-distance"
   }
  },
  {
   "type": "Feature",
   "geometry": {
    "type": "MultiLineString",
    "coordinates": [
     [
      [
       -102.55000000000001,
       23.63
      ],
      [
       -104.11437608477051,
       24.64930689238951
      ],
      [
       -105.68295480154609,
       25.66817302485501
      ],
      [
       -107.2561363113129,
       26.68655609730608
      ],
      [
       -108.834354000708,
       27.70441022715765
      ],
      [
       -110.4180788414343,
       28.72168547060368
      ],
      [
       -112.00782436703416,
       29.738327274089045
      ],
      [
       -113.60415237547092,
       30.754275843301087
      ],
      [
       -115.20767948716596,
       31.769465414407527
      ],
      [
       -116.81908471404174,
       32.78382340906167
      ],
      [
       -118.43911822685521,
       33.7972694507211
      ],
      [
       -120.06861154710501,
       34.80971421487468
      ],
      [
       -121.70848943784713,
       35.82105807958031
      ],
      [
       -123.35978382712554,
       36.83118953493414
      ],
      [
       -125.02365017124967,
       37.83998330027053
      ],
      [
       -126.7013867563991,
       38.84729808543647
      ],
      [
       -128.39445755044645,
       39.852973916616364
      ],
      [
       -130.10451935796146,
       40.856828926871735
      ],
      [
       -131.83345420680462,
       41.858655485444515
      ],
      [
       -133.58340811254723,
       42.85821550614263
      ],
      [
       -135.35683763640222,
       43.85523473138518
      ],
      [
       -137.1565659833901,
       44.849395731548654
      ],
      [
       -138.98585078955603,
       45.8403292849219
      ],
      [
       -140.84846622632654,
       46.82760370633309
      ],
      [
       -142.7488026036576,
       47.81071156521932
      ],
      [
       -144.69198725845524,
       48.78905306754919
      ],
      [
       -146.6840311067534,
       49.761915159635066
      ],
      [
       -148.7320056734774,
       50.72844513320689
      ],
      [
       -150.84425539864336,
       51.6876171586195
      ],
      [
       -153.03064898569596,
       52.638189741190786
      ],
      [
       -155.30287044938166,
       53.57865159678518
      ],
      [
       -157.67474343419036,
       54.507152932126864
      ],
      [
       -160.16256800807955,
       55.42141874085742
      ],
      [
       -162.78542203975266,
       56.31864082230369
      ],
      [
       -165.5653311377526,
       57.19534648096423
      ],
      [
       -168.52713111867817,
       58.04724556033518
      ],
      [
       -171.69772577273176,
       58.86906580125465
      ],
      [
       -175.10428658706584,
       59.654402679275776
      ],
      [
       -178.77080584431883,
       60.395637079953445
      ],
      [
       -180,
       60.610304705221054
      ]
     ],
     [
      [
       180,
       60.610304705221054
      ],
      [
       177.28753665660167,
       61.08401185869354
      ],
      [
       173.07218693718704,
       61.70999346954608
      ],
      [
       168.60982300449328,
       62.264040597802904
      ],
      [
       163.9583185297596,
       62.737800699074924
      ],
      [
       159.2053549382017,
       63.125530149103156
      ],
      [
       154.4568500199255,
       63.42528037720918
      ],
      [
       149.8178862319456,
       63.639339830401575
      ],
      [
       145.37400186689547,
       63.773716984738385
      ],
      [
       141.18044110950774,
       63.83691439089999
      ],
      [
       137.26152734254885,
       63.83851245973677
      ],
      [
       133.61701693109666,
       63.78800398443363
      ],
      [
       130.23074087882375,
       63.69406180782829
      ],
      [
       127.07826710124274,
       63.56420562579654
      ],
      [
       124.13234289969495,
       63.40474281264697
      ],
      [
       121.36618397991738,
       63.22085916324653
      ],
      [
       118.75516730094716,
       63.01677179722178
      ],
      [
       116.27750902506847,
       62.795893544141265
      ],
      [
       113.91436764514191,
       62.5609843579331
      ],
      [
       111.64965801055868,
       62.314280698319905
      ],
      [
       109.46974427199686,
       62.05760166580174
      ],
      [
       107.36310278657697,
       61.79243410382176
      ],
      [
       105.32,
       61.519999999999996
      ]
     ]
    ]
   },
   "properties": {
    "pair": "Mexican\u2013Russian",
    "cuisine_a": "Mexican",
    "cuisine_b": "Russian",
    "residual": 0.1832,
    "distance_km": 10223.0,
    "is_long_distance": "long-distance"
   }
  },
  {
   "type": "Feature",
   "geometry": {
    "type": "LineString",
    "coordinates": [
     [
      -3.44,
      55.38000000000001
     ],
     [
      -4.98683445575824,
      55.00935642071151
     ],
     [
      -6.530182227078015,
      54.625033855801284
     ],
     [
      -8.06875789282125,
      54.22714542467922
     ],
     [
      -9.601325657929344,
      53.81583834188012
     ],
     [
      -11.126710874361065,
      53.39129206356901
     ],
     [
      -12.643810070329865,
      52.95371608872738
     ],
     [
      -14.15159931195926,
      52.50334747582305
     ],
     [
      -15.649140790919542,
      52.040448140362706
     ],
     [
      -17.135587600387186,
      51.56530200040912
     ],
     [
      -18.610186725874463,
      51.07821203609468
     ],
     [
      -20.072280333967065,
      50.57949732570884
     ],
     [
      -21.521305488564003,
      50.069490115521205
     ],
     [
      -22.956792459602525,
      49.54853297362548
     ],
     [
      -24.378361813160794,
      49.016976070271255
     ],
     [
      -25.78572048475121,
      48.4751746188813
     ],
     [
      -27.178657040649846,
      47.92348650367167
     ],
     [
      -28.55703632676754,
      47.36227011186358
     ],
     [
      -29.920793692592746,
      46.79188238117595
     ],
     [
      -31.26992896090683,
      46.212677066812205
     ],
     [
      -32.604500293986014,
      45.625003226613934
     ],
     [
      -33.92461808537266,
      45.02920391849195
     ],
     [
      -35.23043898429386,
      44.425615100649225
     ],
     [
      -36.522160138434,
      43.8145647224226
     ],
     [
      -37.80001372077297,
      43.196371991707124
     ],
     [
      -39.0642617880854,
      42.57134680378368
     ],
     [
      -40.315191502747965,
      41.939789315837785
     ],
     [
      -41.55311073584169,
      41.30198965142213
     ],
     [
      -42.77834405814882,
      40.658227719474795
     ],
     [
      -43.99122911641713,
      40.00877313315979
     ],
     [
      -45.19211338502273,
      39.353885214665596
     ],
     [
      -46.38135127768777,
      38.69381307310488
     ],
     [
      -47.559301599972834,
      38.02879574374851
     ],
     [
      -48.72632532062791,
      37.35906237794762
     ],
     [
      -49.88278363832873,
      36.68483247421448
     ],
     [
      -51.02903631964104,
      36.006316142016196
     ],
     [
      -52.16544028405674,
      35.323714390865746
     ],
     [
      -53.292348412474034,
      34.63721943825837
     ],
     [
      -54.410108556409455,
      33.947015030890476
     ],
     [
      -55.5190627264187,
      33.253276774408164
     ],
     [
      -56.61954643956989,
      32.55617246766343
     ],
     [
      -57.71188820728405,
      31.855862438108787
     ],
     [
      -58.79640914637061,
      31.15249987553998
     ],
     [
      -59.87342269759786,
      30.44623116190457
     ],
     [
      -60.94323443761371,
      29.73719619533858
     ],
     [
      -62.00614197144769,
      29.02552870697786
     ],
     [
      -63.06243489416287,
      28.31135656942221
     ],
     [
      -64.11239481147803,
      27.594802096013336
     ],
     [
      -65.15629541033806,
      26.875982330328423
     ],
     [
      -66.19440257147367,
      26.155009325494095
     ],
     [
      -67.2269745169611,
      25.43199041309493
     ],
     [
      -68.25426198667023,
      24.707028461592294
     ],
     [
      -69.27650843828121,
      23.9802221242849
     ],
     [
      -70.29395026625889,
      23.25166607693737
     ],
     [
      -71.30681703580825,
      22.521451245278914
     ],
     [
      -72.315331728397,
      21.789665022635177
     ],
     [
      -73.31971099593196,
      21.05639147800278
     ],
     [
      -74.32016542111498,
      20.3217115549127
     ],
     [
      -75.31689978189479,
      19.585703261454565
     ],
     [
      -76.31011331827017,
      18.848441851853103
     ],
     [
      -77.3,
      18.11
     ]
    ]
   },
   "properties": {
    "pair": "British\u2013Jamaican",
    "cuisine_a": "British",
    "cuisine_b": "Jamaican",
    "residual": 0.1761,
    "distance_km": 7345.0,
    "is_long_distance": "long-distance"
   }
  },
  {
   "type": "Feature",
   "geometry": {
    "type": "LineString",
    "coordinates": [
     [
      -91.2,
      30.5
     ],
     [
      -89.90602066441325,
      30.889632935778693
     ],
     [
      -88.60515198449647,
      31.275044312973392
     ],
     [
      -87.29722001780019,
      31.65606368134639
     ],
     [
      -85.98205612151467,
      32.032516087390704
     ],
     [
      -84.6594979420446,
      32.404222099595565
     ],
     [
      -83.32939048719254,
      32.77099786144637
     ],
     [
      -81.99158728160307,
      33.13265517526294
     ],
     [
      -80.64595160501855,
      33.48900162009996
     ],
     [
      -79.29235781159235,
      33.83984070702069
     ],
     [
      -77.93069272697858,
      34.18497207509945
     ],
     [
      -76.56085711816661,
      34.52419173150152
     ],
     [
      -75.18276722905051,
      34.8572923389185
     ],
     [
      -73.79635637252474,
      35.18406355349477
     ],
     [
      -72.40157656749477,
      35.50429241615204
     ],
     [
      -70.99840020661028,
      35.81776379989651
     ],
     [
      -69.58682173781256,
      36.12426091526389
     ],
     [
      -68.16685933998639,
      36.42356587551555
     ],
     [
      -66.73855657019567,
      36.715460322533936
     ],
     [
      -65.3019839572415,
      36.99972611357798
     ],
     [
      -63.857240513718516,
      37.27614606814399
     ],
     [
      -62.40445513647008,
      37.54450477314307
     ],
     [
      -60.943787863487515,
      37.80458944345838
     ],
     [
      -59.47543095399474,
      38.05619083370202
     ],
     [
      -57.999609757846244,
      38.299104195672356
     ],
     [
      -56.516583340576176,
      38.53313027464664
     ],
     [
      -55.026644831589095,
      38.75807633626617
     ],
     [
      -53.5301214651793,
      38.97375721442198
     ],
     [
      -52.02737428737282,
      39.1799963692748
     ],
     [
      -50.51879750603403,
      39.37662694339353
     ],
     [
      -49.004817467247555,
      39.563492803022164
     ],
     [
      -47.48589124760286,
      39.740449550738205
     ],
     [
      -45.96250485954184,
      39.90736549529325
     ],
     [
      -44.43517107518861,
      40.06412256426937
     ],
     [
      -42.90442688282279,
      40.210617145377384
     ],
     [
      -41.37083059908877,
      40.3467608427845
     ],
     [
      -39.83495866883228,
      40.47248113579704
     ],
     [
      -38.29740219277316,
      40.587721928530954
     ],
     [
      -36.7587632307197,
      40.69244398085295
     ],
     [
      -35.219650934377285,
      40.78662521282972
     ],
     [
      -33.68067756872151,
      40.87026087712496
     ],
     [
      -32.142454484164546,
      40.9433635961684
     ],
     [
      -30.605588103195096,
      41.00596326340923
     ],
     [
      -29.070675984743424,
      41.058106810478094
     ],
     [
      -27.538303027239927,
      41.09985784453312
     ],
     [
      -26.00903786729953,
      41.13129616237539
     ],
     [
      -24.483429525367228,
      41.152517150018184
     ],
     [
      -22.962004342752838,
      41.163631078215424
     ],
     [
      -21.445263246572612,
      41.1647623059545
     ],
     [
      -19.933679370536197,
      41.156048405059465
     ],
     [
      -18.42769605061644,
      41.137639219818645
     ],
     [
      -16.92772520575593,
      41.10969587594256
     ],
     [
      -15.434146105207333,
      41.0723897531888
     ],
     [
      -13.9473045161482,
      41.025901435685896
     ],
     [
      -12.467512218073146,
      40.97041965338531
     ],
     [
      -10.995046864312734,
      40.906140227215104
     ],
     [
      -9.530152165961923,
      40.833265029447915
     ],
     [
      -8.073038369571508,
      40.75200096958425
     ],
     [
      -6.623882997158528,
      40.66255901473715
     ],
     [
      -5.182831815379684,
      40.565153252137264
     ],
     [
      -3.7499999999999996,
      40.46
     ]
    ]
   },
   "properties": {
    "pair": "Cajun-Creole\u2013Spanish",
    "cuisine_a": "Cajun-Creole",
    "cuisine_b": "Spanish",
    "residual": 0.1684,
    "distance_km": 7671.0,
    "is_long_distance": "long-distance"
   }
  },
  {
   "type": "Feature",
   "geometry": {
    "type": "LineString",
    "coordinates": [
     [
      -91.2,
      30.5
     ],
     [
      -89.61837769982034,
      31.02990986034815
     ],
     [
      -88.0249904114404,
      31.554564724190147
     ],
     [
      -86.41925997903223,
      32.073638949264705
     ],
     [
      -84.8005985424114,
      32.586789869422496
     ],
     [
      -83.16841051318575,
      33.093656981344054
     ],
     [
      -81.52209505581584,
      33.59386116522525
     ],
     [
      -79.86104914210055,
      34.08700395738738
     ],
     [
      -78.1846712511037,
      34.57266689623601
     ],
     [
      -76.49236578845175,
      35.05041096680944
     ],
     [
      -74.78354829858114,
      35.51977617327802
     ],
     [
      -73.05765154007727,
      35.98028127310174
     ],
     [
      -71.31413248677802,
      36.43142371100023
     ],
     [
      -69.5524803047447,
      36.87267979525947
     ],
     [
      -67.77222533639275,
      37.30350516294837
     ],
     [
      -65.97294909687203,
      37.723335584030735
     ],
     [
      -64.15429525314215,
      38.131588156738324
     ],
     [
      -62.31598151228768,
      38.52766294744424
     ],
     [
      -60.45781229208244,
      38.910945127101456
     ],
     [
      -58.57969198392094,
      39.28080765249436
     ],
     [
      -56.68163854718098,
      39.636614533488604
     ],
     [
      -54.76379709723534,
      39.97772471658993
     ],
     [
      -52.82645307045465,
      40.30349659998467
     ],
     [
      -50.8700444739236,
      40.613293175581504
     ],
     [
      -48.89517266200645,
      40.90648776945844
     ],
     [
      -46.902611034356724,
      41.18247032399299
     ],
     [
      -44.89331102917132,
      41.440654133762365
     ],
     [
      -42.868404799979274,
      41.68048291452638
     ],
     [
      -40.82920402126811,
      41.90143805226626
     ],
     [
      -38.77719437240458,
      42.10304584981949
     ],
     [
      -36.71402540127737,
      42.28488456487115
     ],
     [
      -34.64149566453181,
      42.4465910177122
     ],
     [
      -32.561533270256014,
      42.587866542718444
     ],
     [
      -30.47617219621234,
      42.70848206575039
     ],
     [
      -28.38752500263543,
      42.80828211144183
     ],
     [
      -26.297752781423256,
      42.887187579225184
     ],
     [
      -24.20903336182634,
      42.94519717320519
     ],
     [
      -22.123528908394476,
      42.98238742568306
     ],
     [
      -20.04335408781644,
      42.99891131333463
     ],
     [
      -17.970545943016063,
      42.99499552432404
     ],
     [
      -15.907036499541828,
      42.97093648954052
     ],
     [
      -13.854628952822758,
      42.92709533774383
     ],
     [
      -11.814978063204212,
      42.863891969696894
     ],
     [
      -9.78957514016158,
      42.7817984685808
     ],
     [
      -7.7797377495665625,
      42.681332072676014
     ],
     [
      -5.786604048011474,
      42.56304793223444
     ],
     [
      -3.811131451451245,
      42.42753185744175
     ],
     [
      -1.8540991919074408,
      42.27539324082581
     ],
     [
      0.08388578977645761,
      42.10725830817661
     ],
     [
      2.002380225661751,
      41.92376381975844
     ],
     [
      3.901093803253586,
      41.72555131080021
     ],
     [
      5.7798769554255305,
      41.51326192897894
     ],
     [
      7.638707717509522,
      41.28753189836602
     ],
     [
      9.477678146208673,
      41.04898861504704
     ],
     [
      11.296980719588275,
      40.79824735982194
     ],
     [
      13.096895058538118,
      40.53590859810696
     ],
     [
      14.877775233117983,
      40.26255582615028
     ],
     [
      16.640037845906036,
      39.978753915492376
     ],
     [
      18.38415102128316,
      39.685047903687355
     ],
     [
      20.110624375730314,
      39.38196217804905
     ],
     [
      21.820000000000004,
      39.07
     ]
    ]
   },
   "properties": {
    "pair": "Cajun-Creole\u2013Greek",
    "cuisine_a": "Cajun-Creole",
    "cuisine_b": "Greek",
    "residual": 0.1624,
    "distance_km": 9636.0,
    "is_long_distance": "long-distance"
   }
  },
  {
   "type": "Feature",
   "geometry": {
    "type": "LineString",
    "coordinates": [
     [
      -3.44,
      55.38000000000001
     ],
     [
      -2.046113137670786,
      55.7419232757469
     ],
     [
      -0.6380623329934555,
      56.100914991596056
     ],
     [
      0.7848907996556345,
      56.45679134244631
     ],
     [
      2.2235198829909684,
      56.80935523536256
     ],
     [
      3.6786336915891766,
      57.158395325313215
     ],
     [
      5.15107554720278,
      57.503685007804606
     ],
     [
      6.641722064025778,
      57.844981375265874
     ],
     [
      8.151481091026774,
      58.18202414709939
     ],
     [
      9.681288674383158,
      58.51453458709729
     ],
     [
      11.232104837831509,
      58.842214426545226
     ],
     [
      12.804907953470448,
      59.16474481688701
     ],
     [
      14.40068745184913,
      59.48178534239149
     ],
     [
      16.020434600397024,
      59.79297313088988
     ],
     [
      17.66513106662506,
      60.09792210932018
     ],
     [
      19.33573498129948,
      60.396222460416126
     ],
     [
      21.0331642323214,
      60.68744034716295
     ],
     [
      22.758276758806698,
      60.97111798218674
     ],
     [
      24.51184768424595,
      61.24677412938384
     ],
     [
      26.29454323549392,
      61.51390513388941
     ],
     [
      28.10689154819333,
      61.77198658266151
     ],
     [
      29.94925066492397,
      62.02047569992236
     ],
     [
      31.821774292259207,
      62.25881457756057
     ],
     [
      33.724376193618305,
      62.48643432828344
     ],
     [
      35.65669444460437,
      62.70276022676262
     ],
     [
      37.618057143950125,
      62.907217869526626
     ],
     [
      39.60745152146755,
      63.09924033696452
     ],
     [
      41.62349866756931,
      63.27827628083013
     ],
     [
      43.66443627079576,
      63.44379879014829
     ],
     [
      45.72811173125928,
      63.595314811647114
     ],
     [
      47.81198776703653,
      63.73237482425464
     ],
     [
      49.913162115063216,
      63.85458239923495
     ],
     [
      52.028402148479536,
      63.961603227729796
     ],
     [
      54.15419423164252,
      64.053173175104
     ],
     [
      56.28680650053311,
      64.12910493388105
     ],
     [
      58.42236261658776,
      64.18929289783519
     ],
     [
      60.55692304292948,
      64.23371596761154
     ],
     [
      62.686569674807984,
      64.2624381162609
     ],
     [
      64.80748932822831,
      64.2756066796692
     ],
     [
      66.91605170289048,
      64.27344847730684
     ],
     [
      69.00887797025189,
      64.25626399763557
     ],
     [
      71.08289701317808,
      64.22441998645542
     ],
     [
      73.13538743237307,
      64.17834084610092
     ],
     [
      75.16400458896162,
      64.11849928462883
     ],
     [
      77.1667930327868,
      64.04540664826064
     ],
     [
      79.14218556333365,
      63.9596033330418
     ],
     [
      81.0889908190004,
      63.8616496114931
     ],
     [
      83.00637167006604,
      63.7521171365653
     ],
     [
      84.89381681870579,
      63.63158130758027
     ],
     [
      86.75110792965074,
      63.50061460857046
     ],
     [
      88.57828438458958,
      63.35978096385978
     ],
     [
      90.37560743082173,
      63.20963110197113
     ],
     [
      92.14352513209647,
      63.05069887811995
     ],
     [
      93.88263916797939,
      62.883498477271445
     ],
     [
      95.59367419594021,
      62.70852240260214
     ],
     [
      97.27745020441918,
      62.52624014628351
     ],
     [
      98.93485805259809,
      62.33709743869976
     ],
     [
      100.56683821364317,
      62.14151597652322
     ],
     [
      102.17436260841734,
      61.939893537747345
     ],
     [
      103.75841932920056,
      61.73260440138702
     ],
     [
      105.32,
      61.52
     ]
    ]
   },
   "properties": {
    "pair": "British\u2013Russian",
    "cuisine_a": "British",
    "cuisine_b": "Russian",
    "residual": 0.1536,
    "distance_km": 5614.0,
    "is_long_distance": "long-distance"
   }
  },
  {
   "type": "Feature",
   "geometry": {
    "type": "LineString",
    "coordinates": [
     [
      -8.24,
      53.41
     ],
     [
      -9.661385092150034,
      53.03421968287129
     ],
     [
      -11.078032888929169,
      52.64695587867337
     ],
     [
      -12.489076173026632,
      52.24834274173331
     ],
     [
      -13.893693326067105,
      51.83853573501745
     ],
     [
      -15.291113602539477,
      51.417710118202045
     ],
     [
      -16.680621464535292,
      50.98605929933237
     ],
     [
      -18.061559946600244,
      50.54379308417248
     ],
     [
      -19.433333049160993,
      50.09113585738578
     ],
     [
      -20.79540718564096,
      49.62832472865088
     ],
     [
      -22.147311731555188,
      49.15560767485758
     ],
     [
      -23.48863874291791,
      48.67324170681877
     ],
     [
      -24.819041925864795,
      48.181491085668796
     ],
     [
      -26.138234949432366,
      47.68062561048968
     ],
     [
      -27.44598919914697,
      47.170918994898955
     ],
     [
      -28.742131070847435,
      46.65264734650943
     ],
     [
      -30.026538902527758,
      46.12608775947355
     ],
     [
      -31.299139637548755,
      45.59151702686199
     ],
     [
      -32.55990530596563,
      45.049210476482486
     ],
     [
      -33.80884940257606,
      44.4994409309711
     ],
     [
      -35.04602323118432,
      43.942477790616394
     ],
     [
      -36.271512275008575,
      43.37858623541106
     ],
     [
      -37.485432643554304,
      42.80802654125708
     ],
     [
      -38.687927636976816,
      42.2310535040551
     ],
     [
      -39.8791644602134,
      41.64791596455255
     ],
     [
      -41.059331111159715,
      41.05885642627088
     ],
     [
      -42.228633460003266,
      40.46411075853683
     ],
     [
      -43.38729253056292,
      39.86390797656631
     ],
     [
      -44.53554198912394,
      39.258470090649155
     ],
     [
      -45.673625841773344,
      38.64801201672432
     ],
     [
      -46.80179633757935,
      38.03274154098156
     ],
     [
      -47.92031207204934,
      37.41285933154916
     ],
     [
      -49.02943628306505,
      36.78855899080175
     ],
     [
      -50.129435329847354,
      36.16002714232641
     ],
     [
      -51.220577344363846,
      35.52744354710105
     ],
     [
      -52.30313104388003,
      34.89098124395417
     ],
     [
      -53.37736469299604,
      34.250806709876656
     ],
     [
      -54.44354520343819,
      33.60708003623796
     ],
     [
      -55.50193736002797,
      32.95995511741472
     ],
     [
      -56.55280316157951,
      32.30957984876493
     ],
     [
      -57.59640126593426,
      31.656096331274885
     ],
     [
      -58.63298652889205,
      30.99964108056634
     ],
     [
      -59.66280962740875,
      30.340345238279664
     ],
     [
      -60.68611675807784,
      29.678334784143885
     ],
     [
      -61.70314940257545,
      29.01373074731027
     ],
     [
      -62.71414415240967,
      28.346649415761735
     ],
     [
      -63.71933258596376,
      27.677202542819565
     ],
     [
      -64.71894119144899,
      27.005497549952914
     ],
     [
      -65.713191329981,
      26.331637725257604
     ],
     [
      -66.7022992335578,
      25.6557224171112
     ],
     [
      -67.6864760332472,
      24.977847222632622
     ],
     [
      -68.66592781338275,
      24.29810417067959
     ],
     [
      -69.64085568802264,
      23.616581899206484
     ],
     [
      -70.61145589634276,
      22.93336582688204
     ],
     [
      -71.57791991401866,
      22.248538318930507
     ],
     [
      -72.54043457799742,
      21.562178847214554
     ],
     [
      -73.49918222237693,
      20.874364144623232
     ],
     [
      -74.45434082339531,
      20.185168353866075
     ],
     [
      -75.40608415178906,
      19.494663170804706
     ],
     [
      -76.35458193101039,
      18.80291798247845
     ],
     [
      -77.3,
      18.11
     ]
    ]
   },
   "properties": {
    "pair": "Irish\u2013Jamaican",
    "cuisine_a": "Irish",
    "cuisine_b": "Jamaican",
    "residual": 0.1524,
    "distance_km": 7019.0,
    "is_long_distance": "long-distance"
   }
  },
  {
   "type": "Feature",
   "geometry": {
    "type": "LineString",
    "coordinates": [
     [
      -91.2,
      30.5
     ],
     [
      -90.95711174163529,
      30.29879635935675
     ],
     [
      -90.71468191631301,
      30.09736831621978
     ],
     [
      -90.47270629644916,
      29.89571850385392
     ],
     [
      -90.23118066395203,
      29.693849531064437
     ],
     [
      -89.99010081074908,
      29.491763982415698
     ],
     [
      -89.74946253929046,
      29.289464418451423
     ],
     [
      -89.5092616630296,
      29.0869533759164
     ],
     [
      -89.26949400688149,
      28.884233367979384
     ],
     [
      -89.0301554076593,
      28.681306884457232
     ],
     [
      -88.79124171448979,
      28.478176392039963
     ],
     [
      -88.55274878920827,
      28.274844334516732
     ],
     [
      -88.3146725067333,
      28.071313133002555
     ],
     [
      -88.07700875542204,
      27.867585186165666
     ],
     [
      -87.83975343740661,
      27.66366287045544
     ],
     [
      -87.60290246891185,
      27.459548540330687
     ],
     [
      -87.36645178055532,
      27.255244528488284
     ],
     [
      -87.13039731762973,
      27.050753146092077
     ],
     [
      -86.8947350403684,
      26.846076683001815
     ],
     [
      -86.65946092419428,
      26.641217408002206
     ],
     [
      -86.42457095995289,
      26.43617756903189
     ],
     [
      -86.19006115412985,
      26.230959393412277
     ],
     [
      -85.95592752905307,
      26.025565088076185
     ],
     [
      -85.72216612308048,
      25.819996839796186
     ],
     [
      -85.48877299077354,
      25.6142568154126
     ],
     [
      -85.25574420305671,
      25.40834716206107
     ],
     [
      -85.02307584736374,
      25.202270007399633
     ],
     [
      -84.79076402777102,
      24.996027459835254
     ],
     [
      -84.55880486511802,
      24.78962160874973
     ],
     [
      -84.32719449711593,
      24.58305452472499
     ],
     [
      -84.0959290784441,
      24.376328259767572
     ],
     [
      -83.8650047808353,
      24.169444847532432
     ],
     [
      -83.63441779314974,
      23.962406303545897
     ],
     [
      -83.40416432143823,
      23.75521462542774
     ],
     [
      -83.17424058899525,
      23.547871793112414
     ],
     [
      -82.94464283640154,
      23.340379769069266
     ],
     [
      -82.71536732155735,
      23.13274049852187
     ],
     [
      -82.48641031970585,
      22.92495590966624
     ],
     [
      -82.2577681234477,
      22.71702791388811
     ],
     [
      -82.02943704274671,
      22.508958405979048
     ],
     [
      -81.8014134049269,
      22.300749264351516
     ],
     [
      -81.57369355466142,
      22.0924023512528
     ],
     [
      -81.34627385395342,
      21.883919512977776
     ],
     [
      -81.11915068210925,
      21.675302580080494
     ],
     [
      -80.89232043570425,
      21.466553367584588
     ],
     [
      -80.66577952854126,
      21.257673675192436
     ],
     [
      -80.43952439160236,
      21.04866528749315
     ],
     [
      -80.21355147299377,
      20.839529974169253
     ],
     [
      -79.98785723788433,
      20.63026949020211
     ],
     [
      -79.76243816843785,
      20.420885576076117
     ],
     [
      -79.53729076373939,
      20.211379957981578
     ],
     [
      -79.31241153971564,
      20.001754348016302
     ],
     [
      -79.08779702904988,
      19.79201044438586
     ],
     [
      -78.86344378109158,
      19.582149931602586
     ],
     [
      -78.63934836176065,
      19.372174480683206
     ],
     [
      -78.4155073534469,
      19.162085749345216
     ],
     [
      -78.19191735490446,
      18.951885382201855
     ],
     [
      -77.9685749811419,
      18.7415750109558
     ],
     [
      -77.74547686330763,
      18.53115625459152
     ],
     [
      -77.5226196485711,
      18.32063071956631
     ],
     [
      -77.3,
      18.11
     ]
    ]
   },
   "properties": {
    "pair": "Cajun-Creole\u2013Jamaican",
    "cuisine_a": "Cajun-Creole",
    "cuisine_b": "Jamaican",
    "residual": 0.1384,
    "distance_km": 1967.0,
    "is_long_distance": "regional"
   }
  },
  {
   "type": "Feature",
   "geometry": {
    "type": "MultiLineString",
    "coordinates": [
     [
      [
       121.77000000000001,
       12.88
      ],
      [
       123.83094874393011,
       13.843922555439928
      ],
      [
       125.9030725478059,
       14.804472160792102
      ],
      [
       127.98818647249003,
       15.7610852287952
      ],
      [
       130.08822014409793,
       16.713155836146104
      ],
      [
       132.20523556919716,
       17.660028226234857
      ],
      [
       134.34144617210717,
       18.60098838873636
      ],
      [
       136.499237050178,
       19.535254559243036
      ],
      [
       138.6811863454902,
       20.461966467247848
      ],
      [
       140.89008748639617,
       21.38017314775592
      ],
      [
       143.12897184081882,
       22.288819123304304
      ],
      [
       145.40113102030173,
       23.186728763380096
      ],
      [
       147.7101376474169,
       24.07258864346238
      ],
      [
       150.05986280961486,
       24.94492776548696
      ],
      [
       152.4544876235662,
       25.802095578825966
      ],
      [
       154.89850527632248,
       26.642237874567318
      ],
      [
       157.39670855074047,
       27.46327084111698
      ],
      [
       159.95415616588272,
       28.262853898187412
      ],
      [
       162.57610931185783,
       29.038362407601642
      ],
      [
       165.26792769202262,
       29.786862033816465
      ],
      [
       168.0349125610585,
       30.505087427863657
      ],
      [
       170.88208332622688,
       31.189429041891835
      ],
      [
       173.8138753305106,
       31.83593319468549
      ],
      [
       176.83375097803201,
       32.44032184189908
      ],
      [
       179.94372621141332,
       32.99803953638127
      ],
      [
       180,
       33.00694273795446
      ]
     ],
     [
      [
       -180,
       33.00694273795446
      ],
      [
       -176.8561688947197,
       33.50433526732489
      ],
      [
       -173.56845268247866,
       33.954385528201406
      ],
      [
       -170.19870618922965,
       34.343461326508304
      ],
      [
       -166.75594127704989,
       34.6671354475597
      ],
      [
       -163.25271192078304,
       34.92151744209876
      ],
      [
       -159.70487195815218,
       35.10349409984739
      ],
      [
       -156.13093172102097,
       35.210945475262555
      ],
      [
       -152.55104566719098,
       35.242904262097
      ],
      [
       -148.9857522304128,
       35.199631863844395
      ],
      [
       -145.4546537348944,
       35.08259762831797
      ],
      [
       -141.97524106672043,
       34.89436499065565
      ],
      [
       -138.56202758091646,
       34.638404376146724
      ],
      [
       -135.22607658520343,
       34.31886287582045
      ],
      [
       -131.9749180770599,
       33.94032279889639
      ],
      [
       -128.8127820129049,
       33.507576249044476
      ],
      [
       -125.74104148066733,
       33.02543391075979
      ],
      [
       -122.75875797025144,
       32.4985766074798
      ],
      [
       -119.8632411408408,
       31.93145027131336
      ],
      [
       -117.05056404008599,
       31.328199751029594
      ],
      [
       -114.31600197820157,
       30.692634303518986
      ],
      [
       -111.65438428715245,
       30.02821702248081
      ],
      [
       -109.06036188534007,
       29.33807108954499
      ],
      [
       -106.52860094759033,
       28.62499694413274
      ],
      [
       -104.0539158346757,
       27.8914958218052
      ],
      [
       -101.6313544939798,
       27.13979636010815
      ],
      [
       -99.25624813493533,
       26.371882008111506
      ],
      [
       -96.92423499554835,
       25.58951777801621
      ],
      [
       -94.63126596859344,
       24.794275465201974
      ],
      [
       -92.3735980097598,
       23.9875568750464
      ],
      [
       -90.14777970690581,
       23.17061487137431
      ],
      [
       -87.95063216217096,
       22.34457223862747
      ],
      [
       -85.77922739624846,
       21.51043845701532
      ],
      [
       -83.6308657796687,
       20.66912454930506
      ],
      [
       -81.50305348072887,
       19.821456185819414
      ],
      [
       -79.39348054993016,
       18.968185242150998
      ],
      [
       -77.30000000000001,
       18.11
      ]
     ]
    ]
   },
   "properties": {
    "pair": "Filipino\u2013Jamaican",
    "cuisine_a": "Filipino",
    "cuisine_b": "Jamaican",
    "residual": 0.1288,
    "distance_km": 15984.0,
    "is_long_distance": "long-distance"
   }
  },
  {
   "type": "Feature",
   "geometry": {
    "type": "LineString",
    "coordinates": [
     [
      21.82,
      39.07
     ],
     [
      19.94071451498988,
      39.399645438120366
     ],
     [
      18.038576732450643,
      39.7185232637706
     ],
     [
      16.11259336067203,
      40.0258900507673
     ],
     [
      14.161804570019687,
      40.320960373137495
     ],
     [
      12.185301264051965,
      40.602906658603544
     ],
     [
      10.182245234811143,
      40.87085973652352
     ],
     [
      8.151892295137328,
      41.12391023983736
     ],
     [
      6.093618359627232,
      41.36111103315873
     ],
     [
      4.006948280277996,
      41.58148084585106
     ],
     [
      1.8915870293036292,
      41.784009286789455
     ],
     [
      -0.2525474394119418,
      41.967663403204895
     ],
     [
      -2.425290620505254,
      42.131395916061024
     ],
     [
      -4.626198476515269,
      42.27415521565119
     ],
     [
      -6.854516671375128,
      42.394897131253074
     ],
     [
      -9.109153934080368,
      42.49259839712934
     ],
     [
      -11.388661677545898,
      42.566271625804475
     ],
     [
      -13.691222072700395,
      42.61498147350366
     ],
     [
      -16.014646668604065,
      42.63786155070928
     ],
     [
      -18.356387316581674,
      42.634131505336754
     ],
     [
      -20.71356058328574,
      42.60311360208184
     ],
     [
      -23.082986040330393,
      42.54424805499462
     ],
     [
      -25.461237851815966,
      42.45710635565578
     ],
     [
      -27.844708038902787,
      42.34140188639563
     ],
     [
      -30.22967880378181,
      42.19699721969171
     ],
     [
      -32.61240047450406,
      42.02390767541797
     ],
     [
      -34.98917110333902,
      41.822300922451475
     ],
     [
      -37.356413593045346,
      41.59249264870005
     ],
     [
      -39.710746461628275,
      41.33493855859018
     ],
     [
      -42.04904495113767,
      41.05022316456937
     ],
     [
      -44.368490052236396,
      40.73904599884453
     ],
     [
      -46.66660403261581,
      40.40220597052338
     ],
     [
      -48.94127209335011,
      40.04058462755591
     ],
     [
      -51.19075071612201,
      39.65512905685427
     ],
     [
      -53.413664019817176,
      39.24683508074399
     ],
     [
      -55.608989970125485,
      38.816731298370925
     ],
     [
      -57.776038571658404,
      38.365864392802955
     ],
     [
      -59.914424240848476,
      37.89528599293001
     ],
     [
      -62.02403445188325,
      37.406041255574806
     ],
     [
      -64.1049965185095,
      36.8991592255315
     ],
     [
      -66.15764407274487,
      36.37564494398135
     ],
     [
      -68.1824844716252,
      35.83647321021329
     ],
     [
      -70.18016803926321,
      35.28258385679953
     ],
     [
      -72.1514597569788,
      34.714878371827844
     ],
     [
      -74.09721376242112,
      34.13421769019916
     ],
     [
      -76.01835081476452,
      33.541420975885536
     ],
     [
      -77.91583872673303,
      32.937265225140266
     ],
     [
      -79.79067565118915,
      32.32248553411142
     ],
     [
      -81.64387603410634,
      31.6977758908198
     ],
     [
      -83.47645900002465,
      31.063790369244956
     ],
     [
      -85.28943891381044,
      30.421144621035836
     ],
     [
      -87.08381785762153,
      29.770417577261586
     ],
     [
      -88.86057976925517,
      29.112153288111536
     ],
     [
      -90.62068600334146,
      28.44686284226603
     ],
     [
      -92.36507209689722,
      27.775026319695876
     ],
     [
      -94.09464554314535,
      27.09709474194029
     ],
     [
      -95.81028440050449,
      26.41349199256703
     ],
     [
      -97.51283658607774,
      25.72461668769058
     ],
     [
      -99.20311972406671,
      25.030843982285
     ],
     [
      -100.88192143887113,
      24.33252730275597
     ],
     [
      -102.55000000000001,
      23.63
     ]
    ]
   },
   "properties": {
    "pair": "Greek\u2013Mexican",
    "cuisine_a": "Greek",
    "cuisine_b": "Mexican",
    "residual": 0.1257,
    "distance_km": 10960.0,
    "is_long_distance": "long-distance"
   }
  },
  {
   "type": "Feature",
   "geometry": {
    "type": "LineString",
    "coordinates": [
     [
      104.2,
      35.86
     ],
     [
      104.27474841225018,
      35.497175850808375
     ],
     [
      104.34916151310784,
      35.13432635493451
     ],
     [
      104.42324666753237,
      34.77145207291828
     ],
     [
      104.49701106209139,
      34.40855355156417
     ],
     [
      104.57046171073594,
      34.04563132439129
     ],
     [
      104.64360546036251,
      33.68268591206666
     ],
     [
      104.7164489961709,
      33.31971782282224
     ],
     [
      104.7889988468272,
      32.95672755285658
     ],
     [
      104.86126138943965,
      32.59371558672166
     ],
     [
      104.93324285435568,
      32.2306823976957
     ],
     [
      105.00494932978756,
      31.867628448142394
     ],
     [
      105.07638676627383,
      31.504554189857203
     ],
     [
      105.14756098098349,
      31.141460064401226
     ],
     [
      105.21847766186946,
      30.77834650342333
     ],
     [
      105.2891423716774,
      30.415213928970793
     ],
     [
      105.35956055181614,
      30.052062753789095
     ],
     [
      105.42973752609512,
      29.68889338161128
     ],
     [
      105.49967850433443,
      29.32570620743733
     ],
     [
      105.56938858585265,
      28.962501617803948
     ],
     [
      105.63887276283731,
      28.59927999104507
     ],
     [
      105.70813592360273,
      28.23604169754368
     ],
     [
      105.77718285573991,
      27.872787099975056
     ],
     [
      105.84601824916257,
      27.509516553541985
     ],
     [
      105.91464669905363,
      27.146230406202083
     ],
     [
      105.98307270871591,
      26.782928998887755
     ],
     [
      106.05130069233107,
      26.419612665718873
     ],
     [
      106.1193349776301,
      26.05628173420862
     ],
     [
      106.18717980847919,
      25.692936525462713
     ],
     [
      106.25483934738376,
      25.329577354372205
     ],
     [
      106.3223176779145,
      24.96620452980028
     ],
     [
      106.38961880705773,
      24.60281835476306
     ],
     [
      106.45674666749362,
      24.239419126604908
     ],
     [
      106.52370511980462,
      23.876007137168145
     ],
     [
      106.59049795461704,
      23.512582672957738
     ],
     [
      106.65712889467807,
      23.14914601530083
     ],
     [
      106.7236015968711,
      22.78569744050153
     ],
     [
      106.78991965417123,
      22.422237219991075
     ],
     [
      106.8560865975435,
      22.058765620473494
     ],
     [
      106.92210589778611,
      21.69528290406702
     ],
     [
      106.98798096732038,
      21.33178932844141
     ],
     [
      107.05371516192979,
      20.968285146951217
     ],
     [
      107.11931178244976,
      20.60477060876537
     ],
     [
      107.18477407641015,
      20.241245958992963
     ],
     [
      107.25010523963235,
      19.877711438805626
     ],
     [
      107.31530841778235,
      19.51416728555641
     ],
     [
      107.38038670788185,
      19.150613732895497
     ],
     [
      107.44534315977857,
      18.787051010882656
     ],
     [
      107.51018077757772,
      18.4234793460968
     ],
     [
      107.57490252103554,
      18.059898961742537
     ],
     [
      107.639511306917,
      17.696310077753957
     ],
     [
      107.7040100103184,
      17.33271291089575
     ],
     [
      107.76840146595646,
      16.969107674861675
     ],
     [
      107.83268846942529,
      16.60549458037059
     ],
     [
      107.89687377842213,
      16.24187383526005
     ],
     [
      107.96096011394336,
      15.878245644577618
     ],
     [
      108.02495016145153,
      15.514610210669943
     ],
     [
      108.08884657201497,
      15.150967733269702
     ],
     [
      108.15265196342074,
      14.787318409580514
     ],
     [
      108.21636892126183,
      14.423662434359834
     ],
     [
      108.28,
      14.060000000000002
     ]
    ]
   },
   "properties": {
    "pair": "Chinese\u2013Vietnamese",
    "cuisine_a": "Chinese",
    "cuisine_b": "Vietnamese",
    "residual": 0.1249,
    "distance_km": 2458.0,
    "is_long_distance": "regional"
   }
  },
  {
   "type": "Feature",
   "geometry": {
    "type": "MultiLineString",
    "coordinates": [
     [
      [
       105.32,
       61.52
      ],
      [
       107.09767781774703,
       61.887127331924276
      ],
      [
       108.89851505289465,
       62.25332819665951
      ],
      [
       110.72647565461595,
       62.61844227409104
      ],
      [
       112.58646361067706,
       62.98227062996189
      ],
      [
       114.48461477664878,
       63.34456347080007
      ],
      [
       116.42870227495027,
       63.70500299301457
      ],
      [
       118.42870919857647,
       64.06317891012367
      ],
      [
       120.49765245346981,
       64.4185528099444
      ],
      [
       122.65279106976554,
       64.77040505800039
      ],
      [
       124.91743500119892,
       65.11775370872147
      ],
      [
       127.32371001832348,
       65.4592272459005
      ],
      [
       129.91686944942367,
       65.79285888258967
      ],
      [
       132.762127146977,
       66.11574356790207
      ],
      [
       135.955542521354,
       66.42344817098692
      ],
      [
       139.6409657867531,
       66.70897076336271
      ],
      [
       144.03381288580354,
       66.96088804231833
      ],
      [
       149.44233973526906,
       67.16018572944031
      ],
      [
       156.23563528818573,
       67.27576702466507
      ],
      [
       164.61302387544504,
       67.26219310065105
      ],
      [
       174.08994706714628,
       67.07172536564495
      ],
      [
       180,
       66.82657514471705
      ]
     ],
     [
      [
       -180,
       66.82657514471705
      ],
      [
       -176.63151771335936,
       66.68684980111291
      ],
      [
       -168.68208822099024,
       66.13680542532265
      ],
      [
       -162.30526592038262,
       65.47130722110687
      ],
      [
       -157.21287895239632,
       64.73212791253142
      ],
      [
       -153.04174824751618,
       63.946574806320356
      ],
      [
       -149.50998365586176,
       63.131160815041255
      ],
      [
       -146.42452741336152,
       62.29583881668072
      ],
      [
       -143.65681812563955,
       61.44676038912536
      ],
      [
       -141.12069938237332,
       60.58785756355538
      ],
      [
       -138.7573421158835,
       59.72173097414715
      ],
      [
       -136.52566546711114,
       58.850156296677
      ],
      [
       -134.39632559446332,
       57.97438120211546
      ],
      [
       -132.3479082278255,
       57.095304994872066
      ],
      [
       -130.3644741861066,
       56.213590679340896
      ],
      [
       -128.43394438781093,
       55.32973692353188
      ],
      [
       -126.54701482308843,
       54.44412551600116
      ],
      [
       -124.69641271295704,
       53.55705342892712
      ],
      [
       -122.87637676191665,
       52.668754962106135
      ],
      [
       -121.0822874888153,
       51.77941734435154
      ],
      [
       -119.31039994382834,
       50.88919192609043
      ],
      [
       -117.55764749922461,
       49.998202342345124
      ],
      [
       -115.82149578403755,
       49.10655055623599
      ],
      [
       -114.09983253369342,
       48.21432139519668
      ],
      [
       -112.39088352615138,
       47.321585998993555
      ],
      [
       -110.69314771390222,
       46.42840447114449
      ],
      [
       -109.00534665317824,
       45.53482793968727
      ],
      [
       -107.32638470232601,
       44.64090017478976
      ],
      [
       -105.65531741737598,
       43.746658870197976
      ],
      [
       -103.99132624842349,
       42.852136667073765
      ],
      [
       -102.33369812361963,
       41.95736197853792
      ],
      [
       -100.68180885710136,
       41.06235965866351
      ],
      [
       -99.03510957274715,
       40.16715154905427
      ],
      [
       -97.3931155243836,
       39.271756928336316
      ],
      [
       -95.75539683378206,
       38.37619288408979
      ],
      [
       -94.12157077363236,
       37.480474622395946
      ],
      [
       -92.49129530297633,
       36.5846157268836
      ],
      [
       -90.86426362398076,
       35.688628376647046
      ],
      [
       -89.24019957622957,
       34.79252353047804
      ],
      [
       -87.61885372141793,
       33.89631108335914
      ],
      [
       -86.0,
       33.0
      ]
     ]
    ]
   },
   "properties": {
    "pair": "Russian\u2013Southern US",
    "cuisine_a": "Russian",
    "cuisine_b": "Southern US",
    "residual": 0.1217,
    "distance_km": 9455.0,
    "is_long_distance": "long-distance"
   }
  },
  {
   "type": "Feature",
   "geometry": {
    "type": "LineString",
    "coordinates": [
     [
      -102.55,
      23.63
     ],
     [
      -101.13525618098902,
      24.177435415968866
     ],
     [
      -99.71342122583829,
      24.72102457115817
     ],
     [
      -98.28418072005245,
      25.260555928387006
     ],
     [
      -96.84721885302397,
      25.795810412397643
     ],
     [
      -95.40221919954736,
      26.326561133911426
     ],
     [
      -93.9488656420053,
      26.852573131214317
     ],
     [
      -92.48684344628899,
      27.37360313397449
     ],
     [
      -91.0158405047267,
      27.88939935463619
     ],
     [
      -89.53554875924574,
      28.399701313413217
     ],
     [
      -88.04566581761694,
      28.904239703615254
     ],
     [
      -86.54589677484265,
      29.402736304768847
     ],
     [
      -85.03595625046569,
      29.894903951726867
     ],
     [
      -83.51557065069827,
      30.380446568675524
     ],
     [
      -81.98448066169959,
      30.85905927762156
     ],
     [
      -80.4424439769666,
      31.33042859154225
     ],
     [
      -78.88923825755066,
      31.79423270287037
     ],
     [
      -77.3246643185862,
      32.25014187832178
     ],
     [
      -75.74854952935723,
      32.697818971204185
     ],
     [
      -74.16075140679708,
      33.13692006221803
     ],
     [
      -72.56116137393012,
      33.56709523931362
     ],
     [
      -70.94970864538905,
      33.9879895263428
     ],
     [
      -69.32636419191635,
      34.399243968976606
     ],
     [
      -67.69114472490959,
      34.80049688459744
     ],
     [
      -66.0441166309158,
      35.191385280568525
     ],
     [
      -64.38539977494632,
      35.57154644240186
     ],
     [
      -62.715171081096756,
      35.94061968987858
     ],
     [
      -61.033667789845225,
      36.29824829513761
     ],
     [
      -59.34119028427287,
      36.64408155219035
     ],
     [
      -57.63810437305818,
      36.97777698232824
     ],
     [
      -55.92484291720456,
      37.29900265459847
     ],
     [
      -54.201906690781854,
      37.60743959510459
     ],
     [
      -52.46986437409072,
      37.90278425355965
     ],
     [
      -50.729351591002306,
      38.184750990531214
     ],
     [
      -48.98106892092872,
      38.453074544445
     ],
     [
      -47.225778839763095,
      38.70751243394322
     ],
     [
      -45.464301572644054,
      38.9478472488994
     ],
     [
      -43.6975098736109,
      39.17388878251832
     ],
     [
      -41.9263227818189,
      39.38547595768914
     ],
     [
      -40.15169843935746,
      39.58247850322687
     ],
     [
      -38.37462609001963,
      39.76479833985745
     ],
     [
      -36.59611740968002,
      39.93237064169631
     ],
     [
      -34.817197345381295,
      40.08516454635362
     ],
     [
      -33.03889466015672,
      40.223183495390124
     ],
     [
      -31.26223239274575,
      40.34646519627545
     ],
     [
      -29.488218444894162,
      40.45508120684032
     ],
     [
      -27.71783650363612,
      40.54913615300721
     ],
     [
      -25.95203749218244,
      40.62876659987708
     ],
     [
      -24.191731721689784,
      40.69413960462547
     ],
     [
      -22.437781888626454,
      40.74545098676597
     ],
     [
      -20.69099703038681,
      40.78292335690986
     ],
     [
      -18.952127517133363,
      40.80680394902186
     ],
     [
      -17.221861122484245,
      40.817362303288434
     ],
     [
      -15.500820181419632,
      40.814887847118655
     ],
     [
      -13.789559812215604,
      40.7996874206231
     ],
     [
      -12.088567151564625,
      40.77208279036475
     ],
     [
      -10.398261529164024,
      40.73240819150212
     ],
     [
      -8.718995490422321,
      40.68100793392598
     ],
     [
      -7.05105656365531,
      40.61823410291301
     ],
     [
      -5.394669661018762,
      40.54444437945328
     ],
     [
      -3.7499999999999996,
      40.46
     ]
    ]
   },
   "properties": {
    "pair": "Mexican\u2013Spanish",
    "cuisine_a": "Mexican",
    "cuisine_b": "Spanish",
    "residual": 0.1207,
    "distance_km": 9026.0,
    "is_long_distance": "long-distance"
   }
  },
  {
   "type": "Feature",
   "geometry": {
    "type": "LineString",
    "coordinates": [
     [
      138.25,
      36.2
     ],
     [
      138.07519290446444,
      36.19854297695727
     ],
     [
      137.90038069422468,
      36.19697133623658
     ],
     [
      137.72556388107117,
      36.1952850606287
     ],
     [
      137.5507429770859,
      36.19348413473731
     ],
     [
      137.37591849460983,
      36.19156854498006
     ],
     [
      137.20109094621085,
      36.189538279589534
     ],
     [
      137.02626084465095,
      36.18739332861409
     ],
     [
      136.85142870285404,
      36.18513368391852
     ],
     [
      136.6765950338732,
      36.18275933918463
     ],
     [
      136.5017603508585,
      36.18027028991168
     ],
     [
      136.32692516702411,
      36.177666533416726
     ],
     [
      136.15208999561617,
      36.17494806883476
     ],
     [
      135.97725534987975,
      36.17211489711881
     ],
     [
      135.80242174302685,
      36.169167021039875
     ],
     [
      135.6275896882035,
      36.16610444518669
     ],
     [
      135.4527596984573,
      36.162927175965436
     ],
     [
      135.2779322867051,
      36.159635221599295
     ],
     [
      135.10310796570022,
      36.15622859212786
     ],
     [
      134.92828724800023,
      36.152707299406465
     ],
     [
      134.75347064593444,
      36.149071357105285
     ],
     [
      134.57865867157136,
      36.14532078070847
     ],
     [
      134.40385183668656,
      36.14145558751299
     ],
     [
      134.22905065273014,
      36.137475796627506
     ],
     [
      134.05425563079461,
      36.133381428970935
     ],
     [
      133.8794672815826,
      36.129172507271065
     ],
     [
      133.70468611537459,
      36.12484905606297
     ],
     [
      133.52991264199702,
      36.12041110168725
     ],
     [
      133.35514737079,
      36.11585867228824
     ],
     [
      133.18039081057557,
      36.11119179781202
     ],
     [
      133.00564346962565,
      36.10641051000437
     ],
     [
      132.8309058556302,
      36.101514842408506
     ],
     [
      132.65617847566557,
      36.096504830362804
     ],
     [
      132.4814618361629,
      36.0913805109983
     ],
     [
      132.30675644287635,
      36.086141923236134
     ],
     [
      132.13206280085188,
      36.08078910778487
     ],
     [
      131.9573814143957,
      36.075322107137595
     ],
     [
      131.78271278704318,
      36.069740965569096
     ],
     [
      131.6080574215276,
      36.06404572913267
     ],
     [
      131.43341581974911,
      36.05823644565703
     ],
     [
      131.2587884827439,
      36.052313164742955
     ],
     [
      131.08417591065336,
      36.04627593775987
     ],
     [
      130.9095786026935,
      36.040124817842326
     ],
     [
      130.7349970571242,
      36.03385985988632
     ],
     [
      130.56043177121907,
      36.02748112054548
     ],
     [
      130.38588324123518,
      36.02098865822727
     ],
     [
      130.2113519623827,
      36.014382533088835
     ],
     [
      130.03683842879528,
      36.00766280703303
     ],
     [
      129.86234313349985,
      36.00082954370404
     ],
     [
      129.6878665683874,
      35.993882808483114
     ],
     [
      129.51340922418314,
      35.98682266848404
     ],
     [
      129.33897159041737,
      35.979649192548585
     ],
     [
      129.16455415539616,
      35.97236245124181
     ],
     [
      128.9901574061725,
      35.96496251684723
     ],
     [
      128.81578182851746,
      35.95744946336193
     ],
     [
      128.6414279068914,
      35.949823366491515
     ],
     [
      128.46709612441578,
      35.942084303645004
     ],
     [
      128.29278696284456,
      35.93423235392952
     ],
     [
      128.11850090253645,
      35.926267598145046
     ],
     [
      127.94423842242679,
      35.91819011877884
     ],
     [
      127.76999999999998,
      35.91
     ]
    ]
   },
   "properties": {
    "pair": "Japanese\u2013Korean",
    "cuisine_a": "Japanese",
    "cuisine_b": "Korean",
    "residual": 0.1159,
    "distance_km": 942.0,
    "is_long_distance": "regional"
   }
  },
  {
   "type": "Feature",
   "geometry": {
    "type": "LineString",
    "coordinates": [
     [
      12.57,
      41.87
     ],
     [
      10.741850440079443,
      42.07917031189906
     ],
     [
      8.892928809018336,
      42.27648168899495
     ],
     [
      7.0227877267479535,
      42.4612662813376
     ],
     [
      5.131063764110156,
      42.63283455074747
     ],
     [
      3.2174932748042764,
      42.79047775033719
     ],
     [
      1.2819291269136455,
      42.93347111436583
     ],
     [
      -0.6756419987299146,
      43.061077820592764
     ],
     [
      -2.65508218764042,
      43.17255377301619
     ],
     [
      -4.656085309137434,
      43.26715323213489
     ],
     [
      -6.678161146772972,
      43.3441352921505
     ],
     [
      -8.720621416545264,
      43.402771169799706
     ],
     [
      -10.782568521675952,
      43.44235222839747
     ],
     [
      -12.862887926307785,
      43.46219861463447
     ],
     [
      -14.960245009713766,
      43.46166833707434
     ],
     [
      -17.073087175680914,
      43.440166567428264
     ],
     [
      -19.1996518313483,
      43.397154902604946
     ],
     [
      -21.337980615525055,
      43.33216029175716
     ],
     [
      -23.48593995671837,
      43.24478331256206
     ],
     [
      -25.641247693665253,
      43.13470547864823
     ],
     [
      -27.80150512288192,
      43.00169527802885
     ],
     [
      -29.96423348191353,
      42.84561268140136
     ],
     [
      -32.12691356938899,
      42.666411917838055
     ],
     [
      -34.287026976968576,
      42.46414239008169
     ],
     [
      -36.442097289505256,
      42.23894768679257
     ],
     [
      -38.58972961209959,
      41.99106273776646
     ],
     [
      -40.72764690593468,
      41.72080924299645
     ],
     [
      -42.853721844447804,
      41.428589580621434
     ],
     [
      -44.96600321146243,
      41.114879456768406
     ],
     [
      -47.062736219868206,
      40.780219598504715
     ],
     [
      -49.14237649750103,
      40.42520680825841
     ],
     [
      -51.20359783293188,
      40.050484695009494
     ],
     [
      -53.24529407143133,
      39.6567343769657
     ],
     [
      -55.2665757829008,
      39.24466541621971
     ],
     [
      -57.26676248107852,
      38.815007202540855
     ],
     [
      -59.24537125755717,
      38.36850095548793
     ],
     [
      -61.20210271260042,
      37.90589246547526
     ],
     [
      -63.13682502935892,
      37.42792564853663
     ],
     [
      -65.04955696286996,
      36.93533694864695
     ],
     [
      -66.94045041427023,
      36.428850586994045
     ],
     [
      -68.80977314666497,
      35.90917463014302
     ],
     [
      -70.65789208255156,
      35.376997828547616
     ],
     [
      -72.48525751145613,
      34.832987162813815
     ],
     [
      -74.29238843582104,
      34.27778602668992
     ],
     [
      -76.07985919623133,
      33.71201297198496
     ],
     [
      -77.84828744501633,
      33.136260940512074
     ],
     [
      -79.59832347997552,
      32.55109691078364
     ],
     [
      -81.33064090640988,
      31.95706189172035
     ],
     [
      -83.04592856419742,
      31.354671201379702
     ],
     [
      -84.74488363549293,
      30.744414975097534
     ],
     [
      -86.42820583587684,
      30.12675885403747
     ],
     [
      -88.09659258564747,
      29.502144811640253
     ],
     [
      -89.75073505685404,
      28.870992081638867
     ],
     [
      -91.3913149942378,
      28.233698157016597
     ],
     [
      -93.01900221335508,
      27.59063983445536
     ],
     [
      -94.63445268588845,
      26.94217428342052
     ],
     [
      -96.23830712980973,
      26.288640123055597
     ],
     [
      -97.83119003010319,
      25.630358493542772
     ],
     [
      -99.41370902380706,
      24.96763411155862
     ],
     [
      -100.98645459091297,
      24.300756301967937
     ],
     [
      -102.55000000000001,
      23.63
     ]
    ]
   },
   "properties": {
    "pair": "Italian\u2013Mexican",
    "cuisine_a": "Italian",
    "cuisine_b": "Mexican",
    "residual": 0.1139,
    "distance_km": 10148.0,
    "is_long_distance": "long-distance"
   }
  },
  {
   "type": "Feature",
   "geometry": {
    "type": "LineString",
    "coordinates": [
     [
      2.21,
      46.22999999999999
     ],
     [
      3.5000533515436945,
      46.71652644126905
     ],
     [
      4.800153884725993,
      47.20068481620273
     ],
     [
      6.1108029934108465,
      47.682339272830404
     ],
     [
      7.432526854783542,
      48.161344996001716
     ],
     [
      8.765877191872203,
      48.637547560270974
     ],
     [
      10.111431918239651,
      49.110782242544474
     ],
     [
      11.469795625413543,
      49.58087329436724
     ],
     [
      12.841599865737141,
      50.04763317448614
     ],
     [
      14.227503174273968,
      50.51086174331106
     ],
     [
      15.628190763122255,
      50.97034542215299
     ],
     [
      17.04437380996513,
      51.42585632169986
     ],
     [
      18.476788249938842,
      51.87715134615509
     ],
     [
      19.926192966076606,
      52.323971281873796
     ],
     [
      21.393367258943115,
      52.7660398822518
     ],
     [
      22.879107461056996,
      53.20306296411722
     ],
     [
      24.384222546984386,
      53.63472753499998
     ],
     [
      25.90952857655716,
      54.06070097545465
     ],
     [
      27.45584179788078,
      54.48063030610216
     ],
     [
      29.023970230451283,
      54.894141575214476
     ],
     [
      30.614703549113138,
      55.30083940941091
     ],
     [
      32.22880109961788,
      55.700306777203636
     ],
     [
      33.86697789958524,
      56.09210502245419
     ],
     [
      35.52988851856389,
      56.47577423187775
     ],
     [
      37.218108791719786,
      56.85083400699368
     ],
     [
      38.932115407401284,
      57.2167847156221
     ],
     [
      40.6722635227123,
      57.573109300227685
     ],
     [
      42.43876270506729,
      57.919275719002286
     ],
     [
      44.231651670839625,
      58.25474008931373
     ],
     [
      46.05077249036651,
      58.57895059075138
     ],
     [
      47.8957451426752,
      58.8913521653013
     ],
     [
      49.76594351855982,
      59.19139202433038
     ],
     [
      51.66047416615806,
      59.47852593575997
     ],
     [
      53.57815922247643,
      59.75222522061411
     ],
     [
      55.51752504721473,
      60.01198433768744
     ],
     [
      57.47679804130533,
      60.25732888130551
     ],
     [
      59.45390896602564,
      60.48782376424997
     ],
     [
      61.4465067641688,
      60.703081311158954
     ],
     [
      63.45198242383525,
      60.90276895294406
     ],
     [
      65.4675028401009,
      61.086616195676676
     ],
     [
      67.49005396453225,
      61.25442054260046
     ],
     [
      69.51649185100571,
      61.406052078006915
     ],
     [
      71.5435995840506,
      61.54145647647924
     ],
     [
      73.56814758888606,
      61.66065627715268
     ],
     [
      75.58695453374904,
      61.76375035389361
     ],
     [
      77.59694598394393,
      61.8509116102132
     ],
     [
      79.59520816028694,
      61.92238302285721
     ],
     [
      81.57903456597467,
      61.9784722413233
     ],
     [
      83.54596382093138,
      62.019545014760666
     ],
     [
      85.49380770912143,
      62.04601775821196
     ],
     [
      87.42066912494772,
      62.058349585497
     ],
     [
      89.32495022990315,
      62.05703412771889
     ],
     [
      91.20535164705859,
      62.04259142827771
     ],
     [
      93.0608638973222,
      62.015560162761986
     ],
     [
      94.8907525081613,
      61.97649038104362
     ],
     [
      96.69453831168536,
      61.925936914913024
     ],
     [
      98.47197441678662,
      61.86445354234078
     ],
     [
      100.22302121860815,
      61.79258795240122
     ],
     [
      101.94782062875268,
      61.71087751519823
     ],
     [
      103.64667049967815,
      61.61984582977621
     ],
     [
      105.32,
      61.52
     ]
    ]
   },
   "properties": {
    "pair": "French\u2013Russian",
    "cuisine_a": "French",
    "cuisine_b": "Russian",
    "residual": 0.1136,
    "distance_km": 6221.0,
    "is_long_distance": "long-distance"
   }
  },
  {
   "type": "Feature",
   "geometry": {
    "type": "LineString",
    "coordinates": [
     [
      -91.2,
      30.5
     ],
     [
      -90.07521613974907,
      31.053547701147323
     ],
     [
      -88.9445099345547,
      31.604774608134704
     ],
     [
      -87.80764597004665,
      32.153571607692115
     ],
     [
      -86.66438331163215,
      32.69982501790365
     ],
     [
      -85.51447560336294,
      33.24341637540947
     ],
     [
      -84.35767121891445,
      33.78422221876667
     ],
     [
      -83.19371347201341,
      34.32211386888326
     ],
     [
      -82.02234089437127,
      34.85695720764953
     ],
     [
      -80.84328758992366,
      35.38861245612985
     ],
     [
      -79.65628367493215,
      35.91693395394744
     ],
     [
      -78.46105581425462,
      36.44176994179773
     ],
     [
      -77.25732786481674,
      36.96296234936358
     ],
     [
      -76.04482163799315,
      37.48034659128018
     ],
     [
      -74.82325779319973,
      37.99375137420824
     ],
     [
      -73.59235687546936,
      38.50299851852246
     ],
     [
      -72.3518405100861,
      39.007902798605116
     ],
     [
      -71.10143276742886,
      39.508271806249894
     ],
     [
      -69.84086171096344,
      40.003905842223276
     ],
     [
      -68.56986114074422,
      40.49459784159247
     ],
     [
      -67.28817254376389,
      40.98013333899932
     ],
     [
      -65.99554726092873,
      41.460290480625474
     ],
     [
      -64.6917488782445,
      41.93484009013727
     ],
     [
      -63.37655584687334,
      42.40354579639734
     ],
     [
      -62.04976433297083,
      42.866164231156695
     ],
     [
      -60.71119129354447,
      43.32244530526568
     ],
     [
      -59.36067776891845,
      43.77213257212607
     ],
     [
      -57.99809237569642,
      44.21496368711098
     ],
     [
      -56.62333497637397,
      44.650670971457856
     ],
     [
      -55.236340493001464,
      45.078982088646
     ],
     [
      -53.837082822640326,
      45.49962084045666
     ],
     [
      -52.42557880196381,
      45.91230808873324
     ],
     [
      -51.00189215749815,
      46.31676280727402
     ],
     [
      -49.56613736704021,
      46.712703266265066
     ],
     [
      -48.11848334719457,
      47.09984834918299
     ],
     [
      -46.65915687230918,
      47.4779189991641
     ],
     [
      -45.18844562201213,
      47.84663978847501
     ],
     [
      -43.706700748779795,
      48.20574060098235
     ],
     [
      -42.21433885424996,
      48.55495841349029
     ],
     [
      -40.71184326405879,
      48.89403915761345
     ],
     [
      -39.199764496481095,
      49.22273963963049
     ],
     [
      -37.67871983058533,
      49.54082949170325
     ],
     [
      -36.14939189526688,
      49.84809312415233
     ],
     [
      -34.61252622138423,
      50.14433164537384
     ],
     [
      -33.06892772495377,
      50.429364713681764
     ],
     [
      -31.519456119238413,
      50.70303228407285
     ],
     [
      -29.96502028650469,
      50.96519621280723
     ],
     [
      -28.406571674786754,
      51.21574168390178
     ],
     [
      -26.845096819488994,
      51.45457842420239
     ],
     [
      -25.28160912222026,
      51.68164167761806
     ],
     [
      -23.717140048006417,
      51.89689291426484
     ],
     [
      -22.152729925225582,
      52.1003202564992
     ],
     [
      -20.58941854878774,
      52.291938610869025
     ],
     [
      -19.02823579519063,
      52.47178950256059
     ],
     [
      -17.470192457591857,
      52.63994061663249
     ],
     [
      -15.91627149997803,
      52.796485057837714
     ],
     [
      -14.36741991247725,
      52.941540347805706
     ],
     [
      -12.824541325955831,
      53.07524718447863
     ],
     [
      -11.288489514763036,
      53.19776799372761
     ],
     [
      -9.760062883612989,
      53.30928530684215
     ],
     [
      -8.239999999999997,
      53.41
     ]
    ]
   },
   "properties": {
    "pair": "Cajun-Creole\u2013Irish",
    "cuisine_a": "Cajun-Creole",
    "cuisine_b": "Irish",
    "residual": 0.1059,
    "distance_km": 6887.0,
    "is_long_distance": "long-distance"
   }
  },
  {
   "type": "Feature",
   "geometry": {
    "type": "LineString",
    "coordinates": [
     [
      -3.44,
      55.38000000000001
     ],
     [
      -5.060573256373534,
      55.28522318790557
     ],
     [
      -6.6930230517842295,
      55.17823867310237
     ],
     [
      -8.336455062026921,
      55.05875103643566
     ],
     [
      -9.989873733522419,
      54.92648735765921
     ],
     [
      -11.652187308753856,
      54.78120031651058
     ],
     [
      -13.322214955074195,
      54.622671138558374
     ],
     [
      -14.998695964821096,
      54.45071230979059
     ],
     [
      -16.680300911320046,
      54.26516998538018
     ],
     [
      -18.36564456046532,
      54.065926022982566
     ],
     [
      -20.053300256703075,
      53.85289957930397
     ],
     [
      -21.741815431153533,
      53.62604822029113
     ],
     [
      -23.42972782366865,
      53.3853685096302
     ],
     [
      -25.115581974236044,
      53.13089605657751
     ],
     [
      -26.797945525255805,
      52.8627050215722
     ],
     [
      -28.475424885974732,
      52.580907095597006
     ],
     [
      -30.146679842959994,
      52.28564998585024
     ],
     [
      -31.810436753282623,
      51.9771154550388
     ],
     [
      -33.465500025875485,
      51.65551697373549
     ],
     [
      -35.11076167609137,
      51.32109705422069
     ],
     [
      -36.74520882308572,
      50.974124339761474
     ],
     [
      -38.367929083651816,
      50.61489052534292
     ],
     [
      -39.97811389451515,
      50.243707184666675
     ],
     [
      -41.57505986380852,
      49.860902574173686
     ],
     [
      -43.15816830868282,
      49.4668184784702
     ],
     [
      -44.72694317822743,
      49.061807153454765
     ],
     [
      -46.28098758875793,
      48.64622841428802
     ],
     [
      -47.81999921278339,
      48.22044690571441
     ],
     [
      -49.34376476508014,
      47.78482958266058
     ],
     [
      -50.85215382126921,
      47.33974341992624
     ],
     [
      -52.34511218836922,
      46.885553361475395
     ],
     [
      -53.822655025251294,
      46.42262051254062
     ],
     [
      -55.284859885888025,
      45.95130057159312
     ],
     [
      -56.73185983163364,
      45.47194249423611
     ],
     [
      -58.163836732037865,
      44.984887377220915
     ],
     [
      -59.58101484807181,
      44.49046754798192
     ],
     [
      -60.983654767981044,
      43.98900584322366
     ],
     [
      -62.372047744823476,
      43.48081505904386
     ],
     [
      -63.74651046638452,
      42.96619755470098
     ],
     [
      -65.10738027266783,
      42.44544499230107
     ],
     [
      -66.4550108234605,
      41.91883819526295
     ],
     [
      -67.7897682083826,
      41.386647109310054
     ],
     [
      -69.11202748409656,
      40.84913085083698
     ],
     [
      -70.42216961768553,
      40.30653782872712
     ],
     [
      -71.7205788113065,
      39.7591059269902
     ],
     [
      -73.00764018079262,
      39.20706273689281
     ],
     [
      -74.28373775964221,
      38.650625828533094
     ],
     [
      -75.54925279954205,
      38.090003053033485
     ],
     [
      -76.80456233901135,
      37.525392867673645
     ],
     [
      -78.05003801273071,
      36.956984677347975
     ],
     [
      -79.28604507548476,
      36.38495918670118
     ],
     [
      -80.51294161626427,
      35.80948875816968
     ],
     [
      -81.73107793984404,
      35.2307377719376
     ],
     [
      -82.94079609499302,
      34.648862984507375
     ],
     [
      -84.14242953032203,
      34.06401388319127
     ],
     [
      -85.33630286058461,
      33.47633303435893
     ],
     [
      -86.5227317279864,
      32.8859564237318
     ],
     [
      -87.70202274470313,
      32.2930137874084
     ],
     [
      -88.8744735043451,
      31.697628932637073
     ],
     [
      -90.04037265152631,
      31.099920047636388
     ],
     [
      -91.2,
      30.5
     ]
    ]
   },
   "properties": {
    "pair": "British\u2013Cajun-Creole",
    "cuisine_a": "British",
    "cuisine_b": "Cajun-Creole",
    "residual": 0.0972,
    "distance_km": 7128.0,
    "is_long_distance": "long-distance"
   }
  },
  {
   "type": "Feature",
   "geometry": {
    "type": "LineString",
    "coordinates": [
     [
      -51.93,
      -14.24
     ],
     [
      -52.77853192836871,
      -13.611691848324478
     ],
     [
      -53.625033292737825,
      -12.982078685988245
     ],
     [
      -54.46960239197131,
      -12.35122926249145
     ],
     [
      -55.31233737673713,
      -11.719211337992231
     ],
     [
      -56.153336222268784,
      -11.08609173086802
     ],
     [
      -56.992696706951634,
      -10.451936365775477
     ],
     [
      -57.83051639629723,
      -9.816810322119203
     ],
     [
      -58.666892631888125,
      -9.1807778828505
     ],
     [
      -59.50192252489482,
      -8.543902583528016
     ],
     [
      -60.33570295378448,
      -7.906247261581518
     ],
     [
      -61.16833056585886,
      -7.267874105728804
     ],
     [
      -61.99990178227584,
      -6.628844705503916
     ],
     [
      -62.83051280622417,
      -5.989220100861777
     ],
     [
      -63.660259633936676,
      -5.349060831831253
     ],
     [
      -64.48923806824023,
      -4.70842698819424
     ],
     [
      -65.31754373435393,
      -4.06737825917386
     ],
     [
      -66.14527209765798,
      -3.4259739831193374
     ],
     [
      -66.97251848316628,
      -2.784273197179286
     ],
     [
      -67.79937809644477,
      -2.142334686958597
     ],
     [
      -68.62594604572512,
      -1.50021703615713
     ],
     [
      -69.45231736497001,
      -0.8579786761907957
     ],
     [
      -70.27858703765175,
      -0.21567793579767713
     ],
     [
      -71.10485002100918,
      0.42662690936682335
     ],
     [
      -71.93120127055164,
      1.0688775871407503
     ],
     [
      -72.75773576457885,
      1.7110157792667633
     ],
     [
      -73.58454852848683,
      2.352983071798139
     ],
     [
      -74.41173465862795,
      2.994720905494477
     ],
     [
      -75.23938934549093,
      3.636170526202911
     ],
     [
      -76.06760789596345,
      4.277272935221996
     ],
     [
      -76.89648575443374,
      4.917968839647324
     ],
     [
      -77.72611852248235,
      5.55819860270035
     ],
     [
      -78.55660197690699,
      6.197902194044704
     ],
     [
      -79.38803208581498,
      6.837019140097857
     ],
     [
      -80.22050502250715,
      7.475488474349778
     ],
     [
      -81.05411717686641,
      8.113248687705047
     ],
     [
      -81.88896516395116,
      8.750237678869777
     ],
     [
      -82.7251458294808,
      9.386392704810737
     ],
     [
      -83.5627562518849,
      10.021650331320352
     ],
     [
      -84.40189374057324,
      10.655946383728551
     ],
     [
      -85.2426558300657,
      11.289215897810138
     ],
     [
      -86.08514026960516,
      11.92139307094526
     ],
     [
      -86.92944500785688,
      12.552411213599642
     ],
     [
      -87.77566817228004,
      13.18220270120191
     ],
     [
      -88.62390804273707,
      13.810698926506118
     ],
     [
      -89.47426301888781,
      14.437830252539927
     ],
     [
      -90.32683158089476,
      15.06352596625153
     ],
     [
      -91.1817122429477,
      15.687714232982724
     ],
     [
      -92.03900349909613,
      16.31032205191009
     ],
     [
      -92.89880376086086,
      16.931275212612327
     ],
     [
      -93.76121128607886,
      17.550498252938702
     ],
     [
      -94.62632409842084,
      18.167914418371332
     ],
     [
      -95.49423989700864,
      18.78344562309315
     ],
     [
      -96.36505595554884,
      19.39701241299304
     ],
     [
      -97.23886901039356,
      20.008533930860555
     ],
     [
      -98.11577513693557,
      20.617927884044253
     ],
     [
      -98.99586961374916,
      21.225110514870046
     ],
     [
      -99.87924677389444,
      21.829996574139116
     ],
     [
      -100.76599984281903,
      22.432499298048555
     ],
     [
      -101.65622076231247,
      23.032530388901776
     ],
     [
      -102.55,
      23.629999999999995
     ]
    ]
   },
   "properties": {
    "pair": "Brazilian\u2013Mexican",
    "cuisine_a": "Brazilian",
    "cuisine_b": "Mexican",
    "residual": 0.0963,
    "distance_km": 6928.0,
    "is_long_distance": "long-distance"
   }
  },
  {
   "type": "Feature",
   "geometry": {
    "type": "LineString",
    "coordinates": [
     [
      -77.3,
      18.11
     ],
     [
      -75.60571372534703,
      19.18284097930855
     ],
     [
      -73.90949013759908,
      20.255634662983184
     ],
     [
      -72.21099949959122,
      21.328372998546982
     ],
     [
      -70.50987052413025,
      22.401046917804045
     ],
     [
      -68.80568094565811,
      23.473646106169333
     ],
     [
      -67.09794582531399,
      24.546158716468224
     ],
     [
      -65.38610287219915,
      25.618571009609646
     ],
     [
      -63.66949380200735,
      26.690866898105092
     ],
     [
      -61.9473403784003,
      27.76302735916255
     ],
     [
      -60.218713234860466,
      28.835029670603326
     ],
     [
      -58.48249076367358,
      29.906846402866904
     ],
     [
      -56.737304135933925,
      30.978444070212966
     ],
     [
      -54.98146263665312,
      32.04978129781598
     ],
     [
      -53.2128505460056,
      33.120806288436356
     ],
     [
      -51.42878204633794,
      34.19145325469053
     ],
     [
      -49.62579278314601,
      35.261637288144726
     ],
     [
      -47.79933334122008,
      36.33124680405573
     ],
     [
      -45.94330636160049,
      37.400132113683675
     ],
     [
      -44.049345972713844,
      38.46808759880532
     ],
     [
      -42.10565593731497,
      39.53482289537396
     ],
     [
      -40.0950575517137,
      40.599914313800404
     ],
     [
      -37.99154575175988,
      41.66271874534567
     ],
     [
      -35.75384585443628,
      42.72221156856015
     ],
     [
      -33.312460607103006,
      43.77665778440483
     ],
     [
      -30.541194379271165,
      44.822878688053585
     ],
     [
      -27.187075127506134,
      45.85440333828938
     ],
     [
      -22.6718628440285,
      46.85598451259945
     ],
     [
      -15.441342522717123,
      47.783477764385786
     ],
     [
      -1.134424775399122,
      48.47586719994493
     ],
     [
      21.66142611085054,
      48.48942741199326
     ],
     [
      36.79345079966467,
      47.78973576087368
     ],
     [
      44.36655265487766,
      46.8309931092336
     ],
     [
      49.016963924360304,
      45.79189350479297
     ],
     [
      52.43434356004845,
      44.720910223266415
     ],
     [
      55.23959586631254,
      43.63447379340303
     ],
     [
      57.70116809777683,
      42.53946239517678
     ],
     [
      59.95177964036739,
      41.43922209520146
     ],
     [
      62.064026914457514,
      40.335566265290694
     ],
     [
      64.08080018491768,
      39.22956001847129
     ],
     [
      66.02901068610646,
      38.121869039907935
     ],
     [
      67.92637619297372,
      37.01293039359347
     ],
     [
      69.78502945949896,
      35.90304276713967
     ],
     [
      71.6135550239968,
      34.792417174969614
     ],
     [
      73.41819722638422,
      33.68120692655715
     ],
     [
      75.20360717751646,
      32.56952610832258
     ],
     [
      76.97332137408704,
      31.45746140138467
     ],
     [
      78.73007793596256,
      30.345079877129926
     ],
     [
      80.4760312313531,
      29.232434280889706
     ],
     [
      82.2129010182725,
      28.119566699502982
     ],
     [
      83.9420782774328,
      27.00651116149251
     ],
     [
      85.6647017362285,
      25.89329551571148
     ],
     [
      87.38171414686568,
      24.779942812052987
     ],
     [
      89.093904319608,
      23.66647233209914
     ],
     [
      90.8019389663599,
      22.552900369539675
     ],
     [
      92.50638714619411,
      21.439240829024165
     ],
     [
      94.20773926747468,
      20.325505691489756
     ],
     [
      95.90642203685688,
      19.211705380112974
     ],
     [
      97.60281035865316,
      18.09784905151931
     ],
     [
      99.29723691903973,
      16.983944830271575
     ],
     [
      100.99000000000001,
      15.87
     ]
    ]
   },
   "properties": {
    "pair": "Jamaican\u2013Thai",
    "cuisine_a": "Jamaican",
    "cuisine_b": "Thai",
    "residual": 0.091,
    "distance_km": 16232.0,
    "is_long_distance": "long-distance"
   }
  },
  {
   "type": "Feature",
   "geometry": {
    "type": "LineString",
    "coordinates": [
     [
      78.96,
      20.589999999999996
     ],
     [
      76.93710363805899,
      21.416417506168557
     ],
     [
      74.8979352016748,
      22.237925561206218
     ],
     [
      72.84056567000778,
      23.053908079339088
     ],
     [
      70.7629187771991,
      23.86369151468252
     ],
     [
      68.6627541786917,
      24.666536364096302
     ],
     [
      66.53764999099114,
      25.461627577970116
     ],
     [
      64.3849850599321,
      26.24806374261238
     ],
     [
      62.2019215275263,
      27.024844898822366
     ],
     [
      59.98538856503103,
      27.790858872210883
     ],
     [
      57.73206854497984,
      28.544866017729937
     ],
     [
      55.43838746651776,
      29.28548233191532
     ],
     [
      53.10051215720466,
      30.011160972865888
     ],
     [
      50.71435767778965,
      30.720172365068272
     ],
     [
      48.27560946799681,
      31.410583273077133
     ],
     [
      45.77976607313474,
      32.080235527900285
     ],
     [
      43.22220970453258,
      32.726725507890066
     ],
     [
      40.59831322844073,
      33.34738603467567
     ],
     [
      37.90359310374151,
      33.939273055252315
     ],
     [
      35.13391772995632,
      34.49916032761851
     ],
     [
      32.285778787133566,
      35.02354624238004
     ],
     [
      29.356628371386456,
      35.50867774844841
     ],
     [
      26.34527591947564,
      35.95059684822612
     ],
     [
      23.252325319579004,
      36.345214904292035
     ],
     [
      20.080614604414677,
      36.68841858636939
     ],
     [
      16.835600688451972,
      36.97620824906003
     ],
     [
      13.525615025938869,
      37.20486469292997
     ],
     [
      10.161910608896527,
      37.371134005632534
     ],
     [
      6.7584344633949565,
      37.4724136730341
     ],
     [
      3.3312969328600235,
      37.50691828973194
     ],
     [
      -0.10203463606703861,
      37.47380208801491
     ],
     [
      -3.5237289043627182,
      37.373219528030994
     ],
     [
      -6.916635386193146,
      37.20631410942799
     ],
     [
      -10.265232936973618,
      36.9751372487621
     ],
     [
      -13.556358279690805,
      36.682510222842645
     ],
     [
      -16.779643807575972,
      36.331849738887584
     ],
     [
      -19.927655686598264,
      35.92698007876602
     ],
     [
      -22.995774791020217,
      35.471952303420174
     ],
     [
      -25.98189294732564,
      34.97088540856714
     ],
     [
      -28.886004092936858,
      34.42783771948676
     ],
     [
      -31.709760175476532,
      33.84671090637835
     ],
     [
      -34.45604327151396,
      33.23118470676283
     ],
     [
      -37.12858563782581,
      32.58467793755191
     ],
     [
      -39.73165261085783,
      31.91033038235689
     ],
     [
      -42.269791171303446,
      31.211000184520817
     ],
     [
      -44.74763952654316,
      30.489272012458876
     ],
     [
      -47.169789298328354,
      29.747472145832816
     ],
     [
      -49.5406906867171,
      28.987687536376406
     ],
     [
      -51.86459130045694,
      28.211786706072626
     ],
     [
      -54.145500446146315,
      27.42144100947075
     ],
     [
      -56.3871720599781,
      26.61814530054236
     ],
     [
      -58.59310085851304,
      25.80323742355442
     ],
     [
      -60.76652753321834,
      24.977916216138127
     ],
     [
      -62.91044986118807,
      24.14325789592875
     ],
     [
      -65.02763744580015,
      23.300230821880348
     ],
     [
      -67.12064845540368,
      22.449708695582387
     ],
     [
      -69.19184722462292,
      21.592482310496283
     ],
     [
      -71.24342195207169,
      20.729269978295488
     ],
     [
      -73.27740199807417,
      19.860726768861362
     ],
     [
      -75.29567447998723,
      18.987452699181297
     ],
     [
      -77.3,
      18.11
     ]
    ]
   },
   "properties": {
    "pair": "Indian\u2013Jamaican",
    "cuisine_a": "Indian",
    "cuisine_b": "Jamaican",
    "residual": 0.0849,
    "distance_km": 14994.0,
    "is_long_distance": "long-distance"
   }
  },
  {
   "type": "Feature",
   "geometry": {
    "type": "LineString",
    "coordinates": [
     [
      -51.93,
      -14.24
     ],
     [
      -49.73971026887243,
      -13.65764617744973
     ],
     [
      -47.55439860306016,
      -13.0666081868134
     ],
     [
      -45.373962789248836,
      -12.467325329067904
     ],
     [
      -43.19827420048433,
      -11.860241963655312
     ],
     [
      -41.02717928472248,
      -11.24580661249198
     ],
     [
      -38.8605011074804,
      -10.624471157632602
     ],
     [
      -36.69804092897465,
      -9.996690131436868
     ],
     [
      -34.539579798710946,
      -9.362920096939362
     ],
     [
      -32.384880153106465,
      -8.723619115139794
     ],
     [
      -30.23368740431065,
      -8.079246295102493
     ],
     [
      -28.08573151089005,
      -7.430261422070739
     ],
     [
      -25.94072852341088,
      -6.777124658249045
     ],
     [
      -23.798382100160275,
      -6.120296310470461
     ],
     [
      -21.658384990267965,
      -5.460236658630421
     ],
     [
      -19.520420483312108,
      -4.797405838518362
     ],
     [
      -17.38416382610626,
      -4.132263772497812
     ],
     [
      -15.24928360876701,
      -3.46527014136103
     ],
     [
      -13.11544312335404,
      -2.7968843906026186
     ],
     [
      -10.982301699358743,
      -2.127565764306345
     ],
     [
      -8.84951602109918,
      -1.45777335981122
     ],
     [
      -6.716741432661461,
      -0.787966196308675
     ],
     [
      -4.5836332364156345,
      -0.1186032905165163
     ],
     [
      -2.449847991330363,
      0.5498562674266095
     ],
     [
      -0.3150448173166557,
      1.2169532447026978
     ],
     [
      1.8211132883529237,
      1.8822282100462853
     ],
     [
      3.958958116878592,
      2.545221498315522
     ],
     [
      6.098814890920186,
      3.205473202237628
     ],
     [
      8.241000880403892,
      3.862523198136877
     ],
     [
      10.385823987787884,
      4.515911212404789
     ],
     [
      12.533581300603988,
      5.1651769353927826
     ],
     [
      14.68455761048212,
      5.809860189286212
     ],
     [
      16.839023899463594,
      6.44950115634209
     ],
     [
      18.997235796218256,
      7.0836406736274515
     ],
     [
      21.159432006788894,
      7.711820600065767
     ],
     [
      23.325832726681757,
      8.333584261169607
     ],
     [
      25.496638043481607,
      8.948476976293357
     ],
     [
      27.672026341660995,
      9.556046672565206
     ],
     [
      29.852152723835115,
      10.155844588839113
     ],
     [
      32.03714746532977,
      10.747426072034266
     ],
     [
      34.2271145215135,
      11.330351467093113
     ],
     [
      36.422130109816536,
      11.904187100486507
     ],
     [
      38.62224139062448,
      12.468506355727115
     ],
     [
      40.82746527319337,
      13.022890837729271
     ],
     [
      43.03778737427079,
      13.566931621090166
     ],
     [
      45.253161158112725,
      14.100230575488993
     ],
     [
      47.47350728694006,
      14.622401759439914
     ],
     [
      49.69871321047583,
      15.133072871634383
     ],
     [
      51.9286330219485,
      15.631886747119495
     ],
     [
      54.16308760576216,
      16.118502883639884
     ],
     [
      56.401865098878496,
      16.59259898168748
     ],
     [
      58.64472168381255,
      17.053872480224108
     ],
     [
      60.89138272605131,
      17.50204206873856
     ],
     [
      63.14154426273316,
      17.936849155339363
     ],
     [
      65.3948748427077,
      18.358059270032363
     ],
     [
      67.65101771079993,
      18.76546338223963
     ],
     [
      69.90959332145059,
      19.158879112026135
     ],
     [
      72.17020215914673,
      19.53815181543486
     ],
     [
      74.4324278354766,
      19.90315552579588
     ],
     [
      76.69584042552894,
      20.253793734852493
     ],
     [
      78.95999999999998,
      20.589999999999996
     ]
    ]
   },
   "properties": {
    "pair": "Brazilian\u2013Indian",
    "cuisine_a": "Brazilian",
    "cuisine_b": "Indian",
    "residual": 0.0816,
    "distance_km": 14776.0,
    "is_long_distance": "long-distance"
   }
  },
  {
   "type": "Feature",
   "geometry": {
    "type": "LineString",
    "coordinates": [
     [
      2.21,
      46.22999999999999
     ],
     [
      2.04656054402733,
      46.352829070830495
     ],
     [
      1.882806920879438,
      46.47556908473733
     ],
     [
      1.718736768807546,
      46.59821923110689
     ],
     [
      1.5543477113708055,
      46.72077869129281
     ],
     [
      1.389637357458669,
      46.84324663853558
     ],
     [
      1.2246033013179332,
      46.96562223788183
     ],
     [
      1.0592431225846266,
      47.087904646102935
     ],
     [
      0.8935543863208837,
      47.21009301161337
     ],
     [
      0.7275346430569806,
      47.33218647438839
     ],
     [
      0.5611814288386914,
      47.45418416588152
     ],
     [
      0.39449226528014003,
      47.57608520894134
     ],
     [
      0.22746465962232,
      47.69788871772809
     ],
     [
      0.06009610479746108,
      47.819593797629665
     ],
     [
      -0.10761592050057545,
      47.94119954517747
     ],
     [
      -0.27567395173968606,
      48.062705047961565
     ],
     [
      -0.44408053846650597,
      48.18410938454587
     ],
     [
      -0.61283824421679,
      48.30541162438263
     ],
     [
      -0.7819496464189954,
      48.4266108277268
     ],
     [
      -0.9514173362908543,
      48.547706045550086
     ],
     [
      -1.121243918728743,
      48.6686963194547
     ],
     [
      -1.2914320121896192,
      48.7895806815868
     ],
     [
      -1.4619842485653256,
      48.9103581545497
     ],
     [
      -1.632903273049029,
      49.031027751317026
     ],
     [
      -1.8041917439935724,
      49.15158847514544
     ],
     [
      -1.9758523327615145,
      49.272039319487305
     ],
     [
      -2.147887723566612,
      49.39237926790331
     ],
     [
      -2.32030061330652,
      49.5126072939748
     ],
     [
      -2.493093711386453,
      49.632722361216146
     ],
     [
      -2.6662697395335657,
      49.75272342298699
     ],
     [
      -2.8398314316018016,
      49.87260942240452
     ],
     [
      -3.0137815333669513,
      49.99237929225576
     ],
     [
      -3.1881228023116517,
      50.11203195490975
     ],
     [
      -3.362858007400077,
      50.23156632223007
     ],
     [
      -3.537989928842028,
      50.350981295487195
     ],
     [
      -3.7135213578461603,
      50.47027576527119
     ],
     [
      -3.889455096362071,
      50.58944861140449
     ],
     [
      -4.06579395681095,
      50.708498702854975
     ],
     [
      -4.242540761804508,
      50.82742489764924
     ],
     [
      -4.419698343851913,
      50.946226042786236
     ],
     [
      -4.597269545054381,
      51.0649009741512
     ],
     [
      -4.775257216787197,
      51.18344851643012
     ],
     [
      -4.953664219368778,
      51.301867483024395
     ],
     [
      -5.132493421716543,
      51.420156675966325
     ],
     [
      -5.311747700989208,
      51.538314885834865
     ],
     [
      -5.491429942215246,
      51.656340891672116
     ],
     [
      -5.671543037907153,
      51.77423346090045
     ],
     [
      -5.852089887661194,
      51.89199134924033
     ],
     [
      -6.03307339774234,
      52.009613300628956
     ],
     [
      -6.214496480653999,
      52.127098047139626
     ],
     [
      -6.396362054692266,
      52.24444430890212
     ],
     [
      -6.578673043484301,
      52.361650794023944
     ],
     [
      -6.7614323755105605,
      52.478716198512636
     ],
     [
      -6.944642983610427,
      52.59563920619919
     ],
     [
      -7.1283078044710315,
      52.71241848866253
     ],
     [
      -7.3124297780987835,
      52.82905270515536
     ],
     [
      -7.497011847273355,
      52.945540502531216
     ],
     [
      -7.682056956983704,
      53.06188051517291
     ],
     [
      -7.867568053845827,
      53.17807136492248
     ],
     [
      -8.05354808550182,
      53.294111661012685
     ],
     [
      -8.239999999999998,
      53.41
     ]
    ]
   },
   "properties": {
    "pair": "French\u2013Irish",
    "cuisine_a": "French",
    "cuisine_b": "Irish",
    "residual": 0.0805,
    "distance_km": 1093.0,
    "is_long_distance": "regional"
   }
  },
  {
   "type": "Feature",
   "geometry": {
    "type": "LineString",
    "coordinates": [
     [
      127.76999999999998,
      35.91
     ],
     [
      127.41336899318819,
      35.557529662943665
     ],
     [
      127.05823702051589,
      35.204482940121096
     ],
     [
      126.70457846887166,
      34.85087179159986
     ],
     [
      126.35236799502684,
      34.49670794300473
     ],
     [
      126.00158052891194,
      34.142002890337785
     ],
     [
      125.65219127632096,
      33.78676790475693
     ],
     [
      125.30417572107909,
      33.43101403730879
     ],
     [
      124.95750962670773,
      33.074752123612726
     ],
     [
      124.6121690376192,
      32.71799278849265
     ],
     [
      124.26813027987157,
      32.36074645055394
     ],
     [
      123.92536996151286,
      32.00302332670324
     ],
     [
      123.58386497254264,
      31.6448334366087
     ],
     [
      123.24359248451677,
      31.286186607099054
     ],
     [
      122.90452994982077,
      30.927092476500036
     ],
     [
      122.56665510063516,
      30.5675604989065
     ],
     [
      122.22994594761508,
      30.207599948389593
     ],
     [
      121.89438077830576,
      29.84721992313776
     ],
     [
      121.55993815531328,
      29.4864293495311
     ],
     [
      121.22659691425,
      29.125236986148515
     ],
     [
      120.89433616147218,
      28.763651427707302
     ],
     [
      120.56313527162683,
      28.40168110893513
     ],
     [
      120.23297388502318,
      28.039334308374194
     ],
     [
      119.90383190484444,
      27.67661915211783
     ],
     [
      119.57568949421295,
      27.31354361747964
     ],
     [
      119.24852707312266,
      26.950115536595597
     ],
     [
      118.92232531525093,
      26.58634259995944
     ],
     [
      118.59706514466114,
      26.222232359891922
     ],
     [
      118.27272773240736,
      25.857792233944494
     ],
     [
      117.949294493051,
      25.493029508238145
     ],
     [
      117.62674708109891,
      25.12795134073796
     ],
     [
      117.30506738737213,
      24.762564764464415
     ],
     [
      116.9842375353133,
      24.396876690642053
     ],
     [
      116.66423987724052,
      24.03089391178657
     ],
     [
      116.34505699055515,
      23.664623104731138
     ],
     [
      116.0266716739099,
      23.298070833592995
     ],
     [
      115.70906694334371,
      22.931243552681288
     ],
     [
      115.39222602838916,
      22.564147609347152
     ],
     [
      115.0761323681576,
      22.196789246777143
     ],
     [
      114.76076960740735,
      21.82917460673103
     ],
     [
      114.44612159259907,
      21.461309732225075
     ],
     [
      114.13217236794306,
      21.093200570161834
     ],
     [
      113.81890617144194,
      20.724852973907716
     ],
     [
      113.50630743093248,
      20.356272705819237
     ],
     [
      113.19436076012994,
      19.98746543971926
     ],
     [
      112.88305095467787,
      19.618436763324198
     ],
     [
      112.57236298820578,
      19.249192180623453
     ],
     [
      112.26228200839779,
      18.879737114212084
     ],
     [
      111.95279333307398,
      18.51007690757792
     ],
     [
      111.6438824462867,
      18.140216827344172
     ],
     [
      111.33553499443352,
      17.770162065468718
     ],
     [
      111.0277367823887,
      17.399917741401133
     ],
     [
      110.72047376965436,
      17.029488904198583
     ],
     [
      110.41373206653267,
      16.658880534601657
     ],
     [
      110.10749793032033,
      16.288097547071253
     ],
     [
      109.80175776152612,
      15.9171447917876
     ],
     [
      109.4964981001124,
      15.546027056612417
     ],
     [
      109.19170562176134,
      15.174749069015359
     ],
     [
      108.88736713416617,
      14.803315497965741
     ],
     [
      108.58346957334824,
      14.431730955790588
     ],
     [
      108.28,
      14.060000000000002
     ]
    ]
   },
   "properties": {
    "pair": "Korean\u2013Vietnamese",
    "cuisine_a": "Korean",
    "cuisine_b": "Vietnamese",
    "residual": 0.0783,
    "distance_km": 3111.0,
    "is_long_distance": "regional"
   }
  },
  {
   "type": "Feature",
   "geometry": {
    "type": "LineString",
    "coordinates": [
     [
      12.57,
      41.87
     ],
     [
      11.01537836252038,
      42.06769885804957
     ],
     [
      9.447918177595284,
      42.25704680603367
     ],
     [
      7.8675037410144695,
      42.43769885132358
     ],
     [
      6.274061523523848,
      42.60930422411036
     ],
     [
      4.667564928171301,
      42.771507512732896
     ],
     [
      3.0480390892591354,
      42.92394998067347
     ],
     [
      1.4155656254866757,
      43.066271070956105
     ],
     [
      -0.2297127549564628,
      43.19811010034322
     ],
     [
      -1.8875879136388192,
      43.31910814165424
     ],
     [
      -3.5577823341713914,
      43.428910087743105
     ],
     [
      -5.2399457059686885,
      43.52716688522614
     ],
     [
      -6.933652183936257,
      43.61353792006136
     ],
     [
      -8.63839846971067,
      43.687693530710064
     ],
     [
      -10.353602855399316,
      43.749317618088995
     ],
     [
      -12.07860535938847,
      43.79811031512697
     ],
     [
      -13.812669065151722,
      43.833790672802294
     ],
     [
      -15.554982747937789,
      43.85609931441422
     ],
     [
      -17.304664841081703,
      43.86480100590303
     ],
     [
      -19.06076875435764,
      43.85968708762901
     ],
     [
      -20.82228951274172,
      43.84057771245296
     ],
     [
      -22.5881716371808,
      43.80732383645636
     ],
     [
      -24.357318141903335,
      43.75980891231153
     ],
     [
      -26.12860047816539,
      43.69795024115196
     ],
     [
      -27.90086921486072,
      43.621699946646935
     ],
     [
      -29.672965214719696,
      43.53104554455951
     ],
     [
      -31.443731043033154,
      43.426010091946075
     ],
     [
      -33.21202233548965,
      43.30665191182119
     ],
     [
      -34.9767188535392,
      43.17306390098628
     ],
     [
      -36.73673496956639,
      43.02537244021015
     ],
     [
      -38.49102934908774,
      42.863735936490585
     ],
     [
      -40.23861363145198,
      42.68834303622755
     ],
     [
      -41.978559951811135,
      42.49941055541653
     ],
     [
      -43.710007192783394,
      42.297181178174824
     ],
     [
      -45.43216590147709,
      42.081920977933024
     ],
     [
      -47.14432185374513,
      41.85391681648677
     ],
     [
      -48.84583829036792,
      41.613473674962734
     ],
     [
      -50.53615688747402,
      41.36091196785642
     ],
     [
      -52.21479755460024,
      41.09656488697043
     ],
     [
      -53.8813571776496,
      40.82077581667754
     ],
     [
      -55.535507440443595,
      40.533895855822834
     ],
     [
      -57.17699186787637,
      40.23628147511426
     ],
     [
      -58.80562223651445,
      39.928292332346714
     ],
     [
      -60.42127449575942,
      39.610289261526596
     ],
     [
      -62.02388433545269,
      39.282632446120786
     ],
     [
      -63.61344252515451,
      38.94567978139563
     ],
     [
      -65.18999013733516,
      38.599785426233346
     ],
     [
      -66.75361375234884,
      38.24529854095999
     ],
     [
      -68.3044407281567,
      37.88256220459441
     ],
     [
      -69.8426346030123,
      37.51191250250335
     ],
     [
      -71.3683906852501,
      37.13367777367176
     ],
     [
      -72.88193187130588,
      36.74817800559909
     ],
     [
      -74.38350472139473,
      36.35572436413986
     ],
     [
      -75.87337581201062,
      35.95661884533496
     ],
     [
      -77.3518283756325,
      35.55115403635568
     ],
     [
      -78.81915923069425,
      35.139612973030125
     ],
     [
      -80.27567599892221,
      34.722269081974474
     ],
     [
      -81.72169460244278,
      34.29938619605423
     ],
     [
      -83.1575370294861,
      33.87121863269865
     ],
     [
      -84.58352935490967,
      33.43801132544913
     ],
     [
      -86.0,
      33.0
     ]
    ]
   },
   "properties": {
    "pair": "Italian\u2013Southern US",
    "cuisine_a": "Italian",
    "cuisine_b": "Southern US",
    "residual": 0.073,
    "distance_km": 8263.0,
    "is_long_distance": "long-distance"
   }
  },
  {
   "type": "Feature",
   "geometry": {
    "type": "LineString",
    "coordinates": [
     [
      -51.93,
      -14.24
     ],
     [
      -51.161274560632066,
      -13.314940649586038
     ],
     [
      -50.39508271876607,
      -12.388959681667792
     ],
     [
      -49.63122613001882,
      -11.462131014294195
     ],
     [
      -48.869510287910956,
      -10.534526735106258
     ],
     [
      -48.10974421045516,
      -9.606217265056573
     ],
     [
      -47.35174013031278,
      -8.67727151657413
     ],
     [
      -46.595313188514446,
      -7.747757046683562
     ],
     [
      -45.840281131651196,
      -6.817740205577623
     ],
     [
      -45.08646401236764,
      -5.887286281131556
     ],
     [
      -44.333683892925606,
      -4.956459639838359
     ],
     [
      -43.581764551554386,
      -4.025323864634932
     ],
     [
      -42.830531191260306,
      -3.093941890080939
     ],
     [
      -42.07981015073323,
      -2.1623761353450073
     ],
     [
      -41.32942861695989,
      -1.2306886354466866
     ],
     [
      -40.57921433913202,
      -0.29894117119769725
     ],
     [
      -39.82899534342226,
      0.6328046017178978
     ],
     [
      -39.07859964819016,
      1.564487024087454
     ],
     [
      -38.327854979176095,
      2.4960443045015457
     ],
     [
      -37.576588484240716,
      3.427414390237889
     ],
     [
      -36.82462644721313,
      4.358534837260153
     ],
     [
      -36.07179400042091,
      5.289342678891799
     ],
     [
      -35.31791483549156,
      6.219774292721241
     ],
     [
      -34.56281091203613,
      7.149765265289545
     ],
     [
      -33.80630216385469,
      8.07925025410568
     ],
     [
      -33.04820620233837,
      9.008162846527132
     ],
     [
      -32.28833801678684,
      9.93643541503528
     ],
     [
      -31.526509671412647,
      10.863998968426204
     ],
     [
      -30.76252999886796,
      11.790782998427506
     ],
     [
      -29.99620429020456,
      12.716715321242004
     ],
     [
      -29.227333981268046,
      13.641721913508366
     ],
     [
      -28.455716335632758,
      14.565726742159011
     ],
     [
      -27.68114412430826,
      15.488651587645357
     ],
     [
      -26.903405302593587,
      16.410415859992074
     ],
     [
      -26.122282684625223,
      17.33093640713446
     ],
     [
      -25.33755361636195,
      18.25012731498781
     ],
     [
      -24.548989647979184,
      19.167899698695514
     ],
     [
      -23.756356206910333,
      20.084161484503745
     ],
     [
      -22.959412273079344,
      20.998817181717364
     ],
     [
      -22.157910058220793,
      21.911767644203827
     ],
     [
      -21.351594691589696,
      22.822909820932317
     ],
     [
      -20.540203914826584,
      23.73213649506495
     ],
     [
      -19.72346778927389,
      24.639336011157866
     ],
     [
      -18.901108419642753,
      25.544391990085323
     ],
     [
      -18.07283969861431,
      26.447183031371303
     ],
     [
      -17.238367077733514,
      27.347582402704926
     ],
     [
      -16.39738737082564,
      28.24545771653061
     ],
     [
      -15.54958859714288,
      29.140670593746798
     ],
     [
      -14.694649872539447,
      30.033076314721733
     ],
     [
      -13.832241358183825,
      30.922523458047017
     ],
     [
      -12.962024277651384,
      31.808853527705722
     ],
     [
      -12.083651014701797,
      32.691900569636864
     ],
     [
      -11.196765305631928,
      33.57149077904049
     ],
     [
      -10.301002541800178,
      34.44744210019374
     ],
     [
      -9.395990199729647,
      35.3195638210466
     ],
     [
      -8.481348418094566,
      36.18765616544425
     ],
     [
      -7.556690742844662,
      37.05150988648882
     ],
     [
      -6.621625063681918,
      37.9109058653152
     ],
     [
      -5.6757547670109,
      38.765614720418235
     ],
     [
      -4.718680132258889,
      39.61539643363943
     ],
     [
      -3.7499999999999996,
      40.46
     ]
    ]
   },
   "properties": {
    "pair": "Brazilian\u2013Spanish",
    "cuisine_a": "Brazilian",
    "cuisine_b": "Spanish",
    "residual": 0.0696,
    "distance_km": 7851.0,
    "is_long_distance": "long-distance"
   }
  },
  {
   "type": "Feature",
   "geometry": {
    "type": "MultiLineString",
    "coordinates": [
     [
      [
       121.77000000000001,
       12.88
      ],
      [
       123.64735695047017,
       13.894158578188506
      ],
      [
       125.5329254816513,
       14.906065287207918
      ],
      [
       127.42792818567978,
       15.915377260189581
      ],
      [
       129.33365938245407,
       16.921728550730208
      ],
      [
       131.25149583889194,
       17.924726351819935
      ],
      [
       133.18290836366245,
       18.923946776022785
      ],
      [
       135.12947435901177,
       19.918930122394713
      ],
      [
       137.0928913956586,
       20.909175546222684
      ],
      [
       139.07499185027245,
       21.894135037427628
      ],
      [
       141.07775860294302,
       22.87320660270443
      ],
      [
       143.10334172770186,
       23.84572653572942
      ],
      [
       145.15407601362818,
       24.810960649985667
      ],
      [
       147.2324990154256,
       25.76809434143223
      ],
      [
       149.34136913490602,
       26.716221345683643
      ],
      [
       151.4836829584086,
       27.65433106003873
      ],
      [
       153.66269069468927,
       28.58129431969291
      ],
      [
       155.88190804329867,
       29.495847557076424
      ],
      [
       158.14512214166103,
       30.396575343665308
      ],
      [
       160.45638835755136,
       31.281891428613644
      ],
      [
       162.82001358950944,
       32.150018566153676
      ],
      [
       165.24052041359698,
       32.998967686173984
      ],
      [
       167.72258492610868,
       33.826517335116044
      ],
      [
       170.27093962819947,
       34.63019482241361
      ],
      [
       172.89023148238863,
       35.40726116845062
      ],
      [
       175.58482486739842,
       36.154702759438706
      ],
      [
       178.35854037508113,
       36.86923352585842
      ],
      [
       180,
       37.25898255383499
      ]
     ],
     [
      [
       -180,
       37.25898255383499
      ],
      [
       -178.7856756706688,
       37.54731235483666
      ],
      [
       -175.84614818141145,
       38.185181098394246
      ],
      [
       -172.82292104455902,
       38.77892859723458
      ],
      [
       -169.7182219025964,
       39.324585142049195
      ],
      [
       -166.5368889981604,
       39.81824926386065
      ],
      [
       -163.28668546423575,
       40.25624439140174
      ],
      [
       -159.97841622437232,
       40.635296929899894
      ],
      [
       -156.62577099417683,
       40.95272065841485
      ],
      [
       -153.24485001876172,
       41.206586782643875
      ],
      [
       -149.85338538132362,
       41.39585669851028
      ],
      [
       -146.46973711987636,
       41.520457229310765
      ],
      [
       -143.11179872746828,
       41.58128602638801
      ],
      [
       -139.7959701840888,
       41.580146227117304
      ],
      [
       -136.53633903306667,
       41.51962113184548
      ],
      [
       -133.34415826747036,
       41.402908264975856
      ],
      [
       -130.22764358019276,
       41.23363570405804
      ],
      [
       -127.19205372269174,
       41.015681940841866
      ],
      [
       -124.23998076387727,
       40.75301532860526
      ],
      [
       -121.37176527008126,
       40.44956254704509
      ],
      [
       -118.58595943960776,
       40.10910935010228
      ],
      [
       -115.87978002494704,
       39.735232237023
      ],
      [
       -113.2495142618651,
       39.331256894660264
      ],
      [
       -110.69086070729881,
       38.900238061117236
      ],
      [
       -108.19920060082806,
       38.44495539224476
      ],
      [
       -105.76980397152536,
       37.96792050089621
      ],
      [
       -103.39797916140678,
       37.471391213638995
      ],
      [
       -101.07917598388786,
       36.95739000802919
      ],
      [
       -98.80905251536058,
       36.42772442255135
      ],
      [
       -96.58351438363806,
       35.88400791528255
      ],
      [
       -94.39873393249675,
       35.32768017744574
      ],
      [
       -92.25115513804066,
       34.76002629944098
      ],
      [
       -90.13748879863456,
       34.18219446420858
      ],
      [
       -88.05470138207865,
       33.59521203153397
      ],
      [
       -86.0,
       33.0
      ]
     ]
    ]
   },
   "properties": {
    "pair": "Filipino\u2013Southern US",
    "cuisine_a": "Filipino",
    "cuisine_b": "Southern US",
    "residual": 0.0648,
    "distance_km": 14123.0,
    "is_long_distance": "long-distance"
   }
  },
  {
   "type": "Feature",
   "geometry": {
    "type": "LineString",
    "coordinates": [
     [
      -51.93,
      -14.24
     ],
     [
      -49.218298826371466,
      -13.933257143623162
     ],
     [
      -46.50791781147262,
      -13.612337755811515
     ],
     [
      -43.79918026814876,
      -13.277401276552471
     ],
     [
      -41.092392624533474,
      -12.92864253262059
     ],
     [
      -38.38784143605313,
      -12.566290677286066
     ],
     [
      -35.68579067836129,
      -12.190607972424177
     ],
     [
      -32.986479351225,
      -11.80188843289581
     ],
     [
      -30.290119416045634,
      -11.400456354561925
     ],
     [
      -27.596894082220782,
      -10.986664748201258
     ],
     [
      -24.906956450206806,
      -10.560893701927158
     ],
     [
      -22.220428512167544,
      -10.123548694473936
     ],
     [
      -19.537400504696038,
      -9.675058880988914
     ],
     [
      -16.85793060243831,
      -9.215875371783827
     ],
     [
      -14.18204493664436,
      -8.74646952293584
     ],
     [
      -11.509737918792895,
      -8.267331255759691
     ],
     [
      -8.84097284650662,
      -7.778967420074781
     ],
     [
      -6.175682766976635,
      -7.281900213938824
     ],
     [
      -3.513771572000468,
      -6.776665670184677
     ],
     [
      -0.8551152984275354,
      -6.2638122177420055
     ],
     [
      1.800436391798267,
      -5.743899323406378
     ],
     [
      4.453058576816101,
      -5.217496217482729
     ],
     [
      7.102949308595525,
      -4.685180704613003
     ],
     [
      9.750327736773324,
      -4.147538059129658
     ],
     [
      12.395432142030682,
      -3.605160002474621
     ],
     [
      15.03851789625569,
      -3.0586437586011885
     ],
     [
      17.67985536449618,
      -2.508591181838745
     ],
     [
      20.31972776152251,
      -1.9556079504478545
     ],
     [
      22.95842897376271,
      -1.4003028180233263
     ],
     [
      25.59626135551244,
      -0.8432869140090273
     ],
     [
      28.233533506708348,
      -0.2851730838639162
     ],
     [
      30.870558038232943,
      0.2734247411439655
     ],
     [
      33.507649329720536,
      0.8318921549465008
     ],
     [
      36.14512128418349,
      1.389614879176953
     ],
     [
      38.78328508348724,
      1.9459793679664568
     ],
     [
      41.4224469487825,
      2.500373425807725
     ],
     [
      44.06290591044544,
      3.052186849083585
     ],
     [
      46.704951592878494,
      3.6008121015367953
     ],
     [
      49.34886202066244,
      4.145645033484826
     ],
     [
      51.99490145400026,
      4.686085653952906
     ],
     [
      54.64331826311677,
      5.2215389641031695
     ],
     [
      57.29434285323015,
      5.751415859370194
     ],
     [
      59.94818565382968,
      6.275134106566085
     ],
     [
      62.60503518821558,
      6.792119400887973
     ],
     [
      65.26505624148997,
      7.301806506243973
     ],
     [
      67.92838814735268,
      7.803640480614684
     ],
     [
      70.59514321603271,
      8.297077986292358
     ],
     [
      73.26540532737978,
      8.781588682806028
     ],
     [
      75.93922871442004,
      9.256656698169339
     ],
     [
      78.61663696343267,
      9.721782171811519
     ],
     [
      81.2976222567155,
      10.176482860211921
     ],
     [
      83.98214488356408,
      10.620295793904011
     ],
     [
      86.67013304351039,
      11.052778972207438
     ],
     [
      89.36148296347494,
      11.473513079850527
     ],
     [
      92.0560593471561,
      11.882103207636181
     ],
     [
      94.75369617070126,
      12.278180557555519
     ],
     [
      97.454197833529,
      12.661404111342986
     ],
     [
      100.15734066718014,
      13.031462240466528
     ],
     [
      102.86287479841239,
      13.388074235021946
     ],
     [
      105.57052635559135,
      13.730991729004204
     ],
     [
      108.28,
      14.06
     ]
    ]
   },
   "properties": {
    "pair": "Brazilian\u2013Vietnamese",
    "cuisine_a": "Brazilian",
    "cuisine_b": "Vietnamese",
    "residual": 0.0574,
    "distance_km": 17882.0,
    "is_long_distance": "long-distance"
   }
  },
  {
   "type": "Feature",
   "geometry": {
    "type": "LineString",
    "coordinates": [
     [
      -86.0,
      33.0
     ],
     [
      -84.76303639964144,
      33.32699006179281
     ],
     [
      -83.5196518013253,
      33.64975548406461
     ],
     [
      -82.26973182601392,
      33.96814770819078
     ],
     [
      -81.01316920769952,
      34.282015125329494
     ],
     [
      -79.74986467259681,
      34.59120318077692
     ],
     [
      -78.47972786611217,
      34.895554503400966
     ],
     [
      -77.20267832479999,
      35.19490906205695
     ],
     [
      -75.9186464894976,
      35.48910435085559
     ],
     [
      -74.6275747547013,
      35.77797560508551
     ],
     [
      -73.32941854801915,
      36.06135604948494
     ],
     [
      -72.02414743221792,
      36.339077180405255
     ],
     [
      -70.71174622098984,
      36.61096908320735
     ],
     [
      -69.39221609812087,
      36.87686078597726
     ],
     [
      -68.06557572827342,
      37.136580650335645
     ],
     [
      -66.73186234613617,
      37.38995679974481
     ],
     [
      -65.3911328092845,
      37.63681758528487
     ],
     [
      -64.04346459878133,
      37.87699208837907
     ],
     [
      -62.68895675038473,
      38.11031065939792
     ],
     [
      -61.32773069827091,
      38.3366054904682
     ],
     [
      -59.95993101248935,
      38.555711220162586
     ],
     [
      -58.58572601100356,
      38.76746556705803
     ],
     [
      -57.20530822719271,
      38.9717099884386
     ],
     [
      -55.81889471415431,
      39.16829035969589
     ],
     [
      -54.42672716810047,
      39.357057669265444
     ],
     [
      -53.029071854618195,
      39.53786872324973
     ],
     [
      -51.626219323586376,
      39.71058685323956
     ],
     [
      -50.21848390111264,
      39.8750826202788
     ],
     [
      -48.8062029499539,
      40.03123450744429
     ],
     [
      -47.38973589347233,
      40.17892959315705
     ],
     [
      -45.96946300219078,
      40.31806419712272
     ],
     [
      -44.545783946357275,
      40.44854449073601
     ],
     [
      -43.11911612249742,
      40.570287063890774
     ],
     [
      -41.689892766595875,
      40.6832194404222
     ],
     [
      -40.258560871159844,
      40.78728053487525
     ],
     [
      -38.825578927825816,
      40.88242104394005
     ],
     [
      -37.391414521223005,
      40.968603766711254
     ],
     [
      -35.95654180335384,
      41.045803848899254
     ],
     [
      -34.52143888066204,
      41.114008947222615
     ],
     [
      -33.08658514811716,
      41.1732193114171
     ],
     [
      -31.65245860596888,
      41.22344778257407
     ],
     [
      -30.219533195258443,
      41.26471970783416
     ],
     [
      -28.788276187704557,
      41.29707277277532
     ],
     [
      -27.35914566422286,
      41.32055675410916
     ],
     [
      -25.932588114147457,
      41.33523319650189
     ],
     [
      -24.509036184285932,
      41.34117501843335
     ],
     [
      -23.08890660336926,
      41.33846605297228
     ],
     [
      -21.672598303388995,
      41.32720053015626
     ],
     [
      -20.26049075489474,
      41.30748250830393
     ],
     [
      -18.852942528708525,
      41.279425262048
     ],
     [
      -17.4502900918509,
      41.243150635154976
     ],
     [
      -16.052846840911457,
      41.19878836629718
     ],
     [
      -14.660902371761473,
      41.14647539587378
     ],
     [
      -13.274721980510126,
      41.08635516175276
     ],
     [
      -11.894546387035163,
      41.01857689144553
     ],
     [
      -10.520591669339382,
      40.94329489774816
     ],
     [
      -9.153049394434873,
      40.860667884313855
     ],
     [
      -7.792086929456694,
      40.77085826697884
     ],
     [
      -6.437847915250892,
      40.67403151597608
     ],
     [
      -5.090452883749652,
      40.57035552345452
     ],
     [
      -3.7499999999999996,
      40.46
     ]
    ]
   },
   "properties": {
    "pair": "Southern US\u2013Spanish",
    "cuisine_a": "Southern US",
    "cuisine_b": "Spanish",
    "residual": 0.0573,
    "distance_km": 7109.0,
    "is_long_distance": "long-distance"
   }
  },
  {
   "type": "Feature",
   "geometry": {
    "type": "MultiLineString",
    "coordinates": [
     [
      [
       78.96,
       20.589999999999996
      ],
      [
       80.63437854982894,
       21.635414022228776
      ],
      [
       82.31005057873232,
       22.68080708305955
      ],
      [
       83.98721270257309,
       23.726175995709685
      ],
      [
       85.66608632318257,
       24.771517171477182
      ],
      [
       87.34692287245686,
       25.816826534670636
      ],
      [
       89.0300102797238,
       26.862099417682785
      ],
      [
       90.71568102941828,
       27.907330430245793
      ],
      [
       92.40432230424608,
       28.952513294823085
      ],
      [
       94.09638889031075,
       29.99764063714452
      ],
      [
       95.79241978068703,
       31.042703716661755
      ],
      [
       97.49305979243297,
       32.08769207554112
      ],
      [
       99.19908807212086,
       33.13259307569273
      ],
      [
       100.91145620871671,
       34.17739127959092
      ],
      [
       102.63133996898952,
       35.22206760951323
      ],
      [
       104.36021070609394,
       36.266598186628734
      ],
      [
       106.09993576585364,
       37.310952697931434
      ],
      [
       107.85292262429981,
       38.355092050647045
      ],
      [
       109.62233069982304,
       39.398964923113226
      ],
      [
       111.41239100708258,
       40.442502555428064
      ],
      [
       113.22890352814565,
       41.48561063579676
      ],
      [
       115.08003905498364,
       42.5281562034443
      ],
      [
       116.97768694336226,
       43.56994559847556
      ],
      [
       118.93983600361094,
       44.61068542312384
      ],
      [
       120.99504235317767,
       45.64990906052164
      ],
      [
       123.19146557304087,
       46.68682740605075
      ],
      [
       125.61697199059651,
       47.719994541483025
      ],
      [
       128.44983003072227,
       48.7464551874042
      ],
      [
       132.1103971620668,
       49.75913951937946
      ],
      [
       137.837650197432,
       50.7364588309712
      ],
      [
       150.5268344441521,
       51.580703222052264
      ],
      [
       179.66996910256455,
       51.78889741297206
      ],
      [
       180,
       51.776818087880436
      ]
     ],
     [
      [
       -180,
       51.776818087880436
      ],
      [
       -162.2537147311599,
       51.1272936021527
      ],
      [
       -155.07273135697045,
       50.23152882192445
      ],
      [
       -150.9208176376796,
       49.282855512463044
      ],
      [
       -147.8716626348514,
       48.315708551531856
      ],
      [
       -145.3333009957071,
       47.34012807253694
      ],
      [
       -143.07091421162306,
       46.36002173181464
      ],
      [
       -140.9739260317583,
       45.37721293468685
      ],
      [
       -138.9836862341746,
       44.39266388398282
      ],
      [
       -137.06626570862926,
       43.40692944785613
      ],
      [
       -135.20069752664517,
       42.420351790831305
      ],
      [
       -133.37333544204097,
       41.43315328055466
      ],
      [
       -131.57491860598893,
       40.44548466171416
      ],
      [
       -129.79894197178498,
       39.45745173552912
      ],
      [
       -128.04070227080024,
       38.46913095059035
      ],
      [
       -126.2967142283974,
       37.48057892999283
      ],
      [
       -124.56433970282384,
       36.49183851712133
      ],
      [
       -122.84154439547544,
       35.50294273835985
      ],
      [
       -121.12673373814147,
       34.51391747430622
      ],
      [
       -119.41863945229059,
       33.52478330515824
      ],
      [
       -117.71623942300607,
       32.53555681353754
      ],
      [
       -116.0187000041166,
       31.54625152221432
      ],
      [
       -114.32533375062445,
       30.55687858085618
      ],
      [
       -112.63556796516579,
       29.567447276925257
      ],
      [
       -110.94892095564437,
       28.57796542122643
      ],
      [
       -109.26498387716296,
       27.58843964270812
      ],
      [
       -107.58340667500113,
       26.59887561663775
      ],
      [
       -105.90388707775674,
       25.609278243235902
      ],
      [
       -104.22616188515893,
       24.61965178904822
      ],
      [
       -102.55000000000001,
       23.63
      ]
     ]
    ]
   },
   "properties": {
    "pair": "Indian\u2013Mexican",
    "cuisine_a": "Indian",
    "cuisine_b": "Mexican",
    "residual": 0.054,
    "distance_km": 15095.0,
    "is_long_distance": "long-distance"
   }
  },
  {
   "type": "Feature",
   "geometry": {
    "type": "LineString",
    "coordinates": [
     [
      104.2,
      35.86
     ],
     [
      104.5226939280191,
      35.486439077843684
     ],
     [
      104.84393541922316,
      35.112403422432884
     ],
     [
      105.16375257847446,
      34.73790355579238
     ],
     [
      105.48217307325265,
      34.362949768803745
     ],
     [
      105.79922413795389,
      33.98755212710216
     ],
     [
      106.11493257849197,
      33.611720476850934
     ],
     [
      106.42932477717082,
      33.235464450393884
     ],
     [
      106.74242669779964,
      32.85879347178649
     ],
     [
      107.05426389102477,
      32.481716762206474
     ],
     [
      107.3648614998528,
      32.104243345244946
     ],
     [
      107.67424426534264,
      31.726382052079387
     ],
     [
      107.98243653244478,
      31.34814152652962
     ],
     [
      108.28946225596806,
      30.969530229998476
     ],
     [
      108.59534500665563,
      30.590556446298635
     ],
     [
      108.90010797735286,
      30.211228286367323
     ],
     [
      109.20377398925189,
      29.831553692870724
     ],
     [
      109.50636549819785,
      29.45154044469988
     ],
     [
      109.80790460104363,
      29.071196161360106
     ],
     [
      110.10841304204081,
      28.690528307255732
     ],
     [
      110.40791221925531,
      28.30954419587234
     ],
     [
      110.70642319099758,
      27.92825099385845
     ],
     [
      111.00396668225753,
      27.54665572500877
     ],
     [
      111.30056309113556,
      27.164765274151062
     ],
     [
      111.59623249526216,
      26.782586390938807
     ],
     [
      111.89099465819793,
      26.400125693551658
     ],
     [
      112.1848690358085,
      26.017389672305928
     ],
     [
      112.47787478260767,
      25.634384693177136
     ],
     [
      112.77003075806363,
      25.251117001236764
     ],
     [
      113.0613555328637,
      24.867592724005284
     ],
     [
      113.35186739513284,
      24.483817874723563
     ],
     [
      113.64158435660241,
      24.09979835554467
     ],
     [
      113.93052415872559,
      23.71553996064822
     ],
     [
      114.21870427873672,
      23.33104837927913
     ],
     [
      114.5061419356516,
      22.946329198712956
     ],
     [
      114.79285409620672,
      22.561387907149587
     ],
     [
      115.07885748073551,
      22.17622989653748
     ],
     [
      115.36416856897978,
      21.790860465330056
     ],
     [
      115.64880360583508,
      21.405284821176515
     ],
     [
      115.93277860702923,
      21.01950808354848
     ],
     [
      116.21610936473232,
      20.63353528630472
     ],
     [
      116.49881145309851,
      20.247371380195478
     ],
     [
      116.78090023373858,
      19.861021235308236
     ],
     [
      117.06239086112326,
      19.47448964345668
     ],
     [
      117.34329828791704,
      19.087781320514498
     ],
     [
      117.62363727024287,
      18.700900908695786
     ],
     [
      117.90342237287777,
      18.313852978783515
     ],
     [
      118.18266797437977,
      17.92664203230782
     ],
     [
      118.46138827214659,
      17.539272503675623
     ],
     [
      118.73959728740698,
      17.15174876225306
     ],
     [
      119.01730887014517,
      16.76407511440236
     ],
     [
      119.29453670395912,
      16.37625580547447
     ],
     [
      119.57129431085394,
      15.988295021759022
     ],
     [
      119.84759505597103,
      15.600196892392955
     ],
     [
      120.12345215225405,
      15.211965491229218
     ],
     [
      120.39887866505322,
      14.823604838666888
     ],
     [
      120.67388751666843,
      14.435118903444051
     ],
     [
      120.94849149083316,
      14.046511604394706
     ],
     [
      121.22270323713994,
      13.657786812170976
     ],
     [
      121.49653527540875,
      13.268948350931911
     ],
     [
      121.77000000000001,
      12.880000000000003
     ]
    ]
   },
   "properties": {
    "pair": "Chinese\u2013Filipino",
    "cuisine_a": "Chinese",
    "cuisine_b": "Filipino",
    "residual": 0.0518,
    "distance_km": 3102.0,
    "is_long_distance": "regional"
   }
  },
  {
   "type": "Feature",
   "geometry": {
    "type": "LineString",
    "coordinates": [
     [
      2.21,
      46.22999999999999
     ],
     [
      2.1062443712713517,
      46.135048340028476
     ],
     [
      2.00265530628893,
      46.04005008117743
     ],
     [
      1.8992318817846519,
      45.94500553283238
     ],
     [
      1.7959731788885058,
      45.84991500213371
     ],
     [
      1.6928782831274192,
      45.754778793993395
     ],
     [
      1.5899462844235357,
      45.65959721111177
     ],
     [
      1.487176277091916,
      45.5643705539942
     ],
     [
      1.3845673598376809,
      45.4690991209676
     ],
     [
      1.2821186357526075,
      45.3737832081969
     ],
     [
      1.1798292123111962,
      45.278423109701464
     ],
     [
      1.0776982013662177,
      45.183019117371316
     ],
     [
      0.9757247191437625,
      45.08757152098339
     ],
     [
      0.873907886237794,
      44.99208060821756
     ],
     [
      0.7722468276042317,
      44.89654666467271
     ],
     [
      0.6707406725545674,
      44.800969973882616
     ],
     [
      0.5693885547490322,
      44.70535081733176
     ],
     [
      0.4681896121893262,
      44.60968947447107
     ],
     [
      0.36714298721092287,
      44.51398622273353
     ],
     [
      0.26624782647495804,
      44.41824133754975
     ],
     [
      0.16550328095971883,
      44.32245509236339
     ],
     [
      0.06490850595174393,
      44.226627758646494
     ],
     [
      -0.03553733896345964,
      44.13075960591476
     ],
     [
      -0.13583508991106136,
      44.03485090174269
     ],
     [
      -0.2359855787369125,
      43.93890191177866
     ],
     [
      -0.33598963301789875,
      43.84291289975984
     ],
     [
      -0.43584807607262277,
      43.74688412752717
     ],
     [
      -0.5355617269724189,
      43.65081585503999
     ],
     [
      -0.6351314005526787,
      43.554708340390846
     ],
     [
      -0.7345579074244821,
      43.45856183982001
     ],
     [
      -0.8338420539865286,
      43.362376607729956
     ],
     [
      -0.9329846424373485,
      43.266152896699836
     ],
     [
      -1.0319864707877955,
      43.169890957499646
     ],
     [
      -1.130848332873811,
      43.07359103910453
     ],
     [
      -1.229571018369437,
      42.977253388708846
     ],
     [
      -1.328155312800091,
      42.88087825174019
     ],
     [
      -1.4266019975560742,
      42.784465871873294
     ],
     [
      -1.5249118499063234,
      42.68801649104387
     ],
     [
      -1.6230856430123772,
      42.59153034946229
     ],
     [
      -1.7211241459425706,
      42.49500768562728
     ],
     [
      -1.8190281236864296,
      42.39844873633939
     ],
     [
      -1.9167983371692814,
      42.30185373671448
     ],
     [
      -2.014435543267043,
      42.20522292019707
     ],
     [
      -2.1119404948212157,
      42.10855651857354
     ],
     [
      -2.2093139406540416,
      42.01185476198536
     ],
     [
      -2.3065566255838537,
      41.91511787894211
     ],
     [
      -2.4036692904405736,
      41.818346096334466
     ],
     [
      -2.500652672081382,
      41.72153963944708
     ],
     [
      -2.5975075034065442,
      41.624698731971364
     ],
     [
      -2.694234513375368,
      41.527823596018195
     ],
     [
      -2.7908344270223235,
      41.43091445213049
     ],
     [
      -2.88730796547328,
      41.333971519295766
     ],
     [
      -2.9836558459618847,
      41.236995014958545
     ],
     [
      -3.0798787818460567,
      41.13998515503262
     ],
     [
      -3.1759774826246048,
      41.0429421539134
     ],
     [
      -3.271952653953952,
      40.94586622448998
     ],
     [
      -3.3678049976649724,
      40.84875757815723
     ],
     [
      -3.463535211779921,
      40.751616424827745
     ],
     [
      -3.559143990529474,
      40.65444297294378
     ],
     [
      -3.654632024369846,
      40.55723742948895
     ],
     [
      -3.7499999999999996,
      40.46
     ]
    ]
   },
   "properties": {
    "pair": "French\u2013Spanish",
    "cuisine_a": "French",
    "cuisine_b": "Spanish",
    "residual": 0.0511,
    "distance_km": 802.0,
    "is_long_distance": "regional"
   }
  },
  {
   "type": "Feature",
   "geometry": {
    "type": "LineString",
    "coordinates": [
     [
      21.82,
      39.07
     ],
     [
      21.668713406698092,
      39.11930778924696
     ],
     [
      21.517327737256437,
      39.16853150600288
     ],
     [
      21.365843013587153,
      39.217670867839416
     ],
     [
      21.214259261046447,
      39.266725592221206
     ],
     [
      21.062576508459678,
      39.31569539651554
     ],
     [
      20.91079478814627,
      39.364579998002114
     ],
     [
      20.758914135944572,
      39.41337911388291
     ],
     [
      20.60693459123666,
      39.46209246129215
     ],
     [
      20.454856196973026,
      39.5107197573064
     ],
     [
      20.30267899969717,
      39.55926071895473
     ],
     [
      20.150403049570137,
      39.60771506322898
     ],
     [
      19.998028400394883,
      39.65608250709416
     ],
     [
      19.84555510964062,
      39.70436276749893
     ],
     [
      19.692983238466972,
      39.752555561386146
     ],
     [
      19.54031285174806,
      39.80066060570358
     ],
     [
      19.387544018096456,
      39.848677617414694
     ],
     [
      19.234676809887002,
      39.89660631350952
     ],
     [
      19.081711303280514,
      39.94444641101565
     ],
     [
      18.92864757824733,
      39.99219762700929
     ],
     [
      18.775485718590705,
      40.039859678626485
     ],
     [
      18.62222581197012,
      40.08743228307438
     ],
     [
      18.468867949924373,
      40.13491515764262
     ],
     [
      18.315412227894523,
      40.18230801971482
     ],
     [
      18.161858745246697,
      40.22961058678014
     ],
     [
      18.008207605294707,
      40.276822576444985
     ],
     [
      17.854458915322503,
      40.323943706444766
     ],
     [
      17.70061278660644,
      40.37097369465579
     ],
     [
      17.546669334437343,
      40.41791225910721
     ],
     [
      17.39262867814242,
      40.46475911799313
     ],
     [
      17.238490941106935,
      40.511513989684744
     ],
     [
      17.08425625079572,
      40.55817659274259
     ],
     [
      16.929924738774428,
      40.60474664592894
     ],
     [
      16.77549654073062,
      40.65122386822026
     ],
     [
      16.620971796494608,
      40.697607978819654
     ],
     [
      16.466350650060065,
      40.74389869716967
     ],
     [
      16.311633249604427,
      40.790095742964894
     ],
     [
      16.15681974750903,
      40.836198836164854
     ],
     [
      16.00191030037902,
      40.88220769700689
     ],
     [
      15.846905069063025,
      40.9281220460192
     ],
     [
      15.69180421867253,
      40.97394160403392
     ],
     [
      15.536607918601032,
      41.01966609220031
     ],
     [
      15.38131634254292,
      41.06529523199807
     ],
     [
      15.225929668512041,
      41.11082874525063
     ],
     [
      15.070448078860062,
      41.15626635413867
     ],
     [
      14.914871760294464,
      41.20160778121365
     ],
     [
      14.759200903896305,
      41.24685274941142
     ],
     [
      14.60343570513765,
      41.2920009820659
     ],
     [
      14.447576363898726,
      41.337052202922976
     ],
     [
      14.291623084484728,
      41.38200613615424
     ],
     [
      14.135576075642348,
      41.42686250637106
     ],
     [
      13.979435550575957,
      41.471621038638574
     ],
     [
      13.823201726963468,
      41.516281458489814
     ],
     [
      13.66687482697187,
      41.56084349193992
     ],
     [
      13.510455077272397,
      41.60530686550037
     ],
     [
      13.353942709055376,
      41.64967130619338
     ],
     [
      13.197337958044722,
      41.69393654156636
     ],
     [
      13.040641064512046,
      41.73810229970632
     ],
     [
      12.88385227329043,
      41.78216830925454
     ],
     [
      12.726971833787815,
      41.826134299421184
     ],
     [
      12.57,
      41.87
     ]
    ]
   },
   "properties": {
    "pair": "Greek\u2013Italian",
    "cuisine_a": "Greek",
    "cuisine_b": "Italian",
    "residual": 0.0414,
    "distance_km": 842.0,
    "is_long_distance": "regional"
   }
  },
  {
   "type": "Feature",
   "geometry": {
    "type": "LineString",
    "coordinates": [
     [
      104.2,
      35.86
     ],
     [
      104.14153800824035,
      35.52715052396685
     ],
     [
      104.08331564665491,
      35.19428571049593
     ],
     [
      104.02532806900473,
      34.86140587129365
     ],
     [
      103.96757053759418,
      34.528511311026946
     ],
     [
      103.91003842001614,
      34.195602327536314
     ],
     [
      103.85272718600905,
      33.86267921204118
     ],
     [
      103.79563240442124,
      33.52974224933839
     ],
     [
      103.73874974027808,
      33.196791717993854
     ],
     [
      103.68207495194793,
      32.863827890527574
     ],
     [
      103.62560388840319,
      32.53085103359254
     ],
     [
      103.56933248657234,
      32.19786140814753
     ],
     [
      103.51325676877968,
      31.864859269624105
     ],
     [
      103.45737284026922,
      31.531844868088157
     ],
     [
      103.40167688680941,
      31.198818448396025
     ],
     [
      103.34616517237589,
      30.865780250345548
     ],
     [
      103.29083403690865,
      30.532730508822198
     ],
     [
      103.23567989414144,
      30.199669453940405
     ],
     [
      103.18069922950016,
      29.866597311180463
     ],
     [
      103.12588859806792,
      29.53351430152093
     ],
     [
      103.07124462261399,
      29.200420641566893
     ],
     [
      103.01676399168454,
      28.86731654367417
     ],
     [
      102.96244345775256,
      28.53420221606963
     ],
     [
      102.90827983542489,
      28.201077862967736
     ],
     [
      102.8542699997044,
      27.867943684683496
     ],
     [
      102.8004108843048,
      27.53479987774194
     ],
     [
      102.74669948001673,
      27.201646634984264
     ],
     [
      102.6931328331228,
      26.86848414567074
     ],
     [
      102.63970804386001,
      26.535312595580546
     ],
     [
      102.58642226492776,
      26.202132167108566
     ],
     [
      102.53327270003977,
      25.86894303935937
     ],
     [
      102.48025660251844,
      25.53574538823838
     ],
     [
      102.42737127392988,
      25.202539386540384
     ],
     [
      102.37461406275844,
      24.86932520403548
     ],
     [
      102.32198236311916,
      24.53610300755252
     ],
     [
      102.2694736135067,
      24.20287296106014
     ],
     [
      102.21708529557974,
      23.869635225745597
     ],
     [
      102.16481493297925,
      23.53638996009122
     ],
     [
      102.11266009017976,
      23.203137319948837
     ],
     [
      102.06061837137204,
      22.869877458612088
     ],
     [
      102.00868741937677,
      22.536610526886736
     ],
     [
      101.95686491458719,
      22.20333667315909
     ],
     [
      101.90514857394061,
      21.870056043462533
     ],
     [
      101.85353614991718,
      21.536768781542275
     ],
     [
      101.80202542956516,
      21.203475028918383
     ],
     [
      101.75061423355194,
      20.870174924947147
     ],
     [
      101.69930041523946,
      20.536868606880795
     ],
     [
      101.64808185978373,
      20.20355620992575
     ],
     [
      101.59695648325724,
      19.870237867299245
     ],
     [
      101.54592223179355,
      19.536913710284654
     ],
     [
      101.49497708075332,
      19.2035838682853
     ],
     [
      101.44411903391119,
      18.870248468876973
     ],
     [
      101.39334612266241,
      18.53690763785914
     ],
     [
      101.34265640524892,
      18.2035614993049
     ],
     [
      101.29204796600396,
      17.870210175609728
     ],
     [
      101.24151891461483,
      17.536853787539034
     ],
     [
      101.19106738540259,
      17.203492454274617
     ],
     [
      101.14069153661919,
      16.87012629346002
     ],
     [
      101.09038954975999,
      16.53675542124483
     ],
     [
      101.04015962889252,
      16.203379952327968
     ],
     [
      100.99000000000001,
      15.869999999999997
     ]
    ]
   },
   "properties": {
    "pair": "Chinese\u2013Thai",
    "cuisine_a": "Chinese",
    "cuisine_b": "Thai",
    "residual": 0.0385,
    "distance_km": 2245.0,
    "is_long_distance": "regional"
   }
  },
  {
   "type": "Feature",
   "geometry": {
    "type": "LineString",
    "coordinates": [
     [
      12.57,
      41.87
     ],
     [
      12.296069753477328,
      41.85513104429853
     ],
     [
      12.022157594563733,
      41.83996415315392
     ],
     [
      11.748266090838504,
      41.824499425101145
     ],
     [
      11.474397806253602,
      41.80873697171771
     ],
     [
      11.2005553006862,
      41.792676917600744
     ],
     [
      10.926741129492886,
      41.77631940034172
     ],
     [
      10.652957843065776,
      41.75966457049825
     ],
     [
      10.379207986390671,
      41.742712591563546
     ],
     [
      10.105494098607437,
      41.72546363993305
     ],
     [
      9.831818712572813,
      41.70791790486868
     ],
     [
      9.55818435442582,
      41.69007558846039
     ],
     [
      9.284593543155921,
      41.6719369055852
     ],
     [
      9.011048790174119,
      41.65350208386375
     ],
     [
      8.737552598887172,
      41.634771363614334
     ],
     [
      8.464107464275084,
      41.6157449978044
     ],
     [
      8.19071587247202,
      41.59642325199967
     ],
     [
      7.917380300350857,
      41.57680640431072
     ],
     [
      7.644103215111453,
      41.55689474533733
     ],
     [
      7.370887073872885,
      41.536688578110244
     ],
     [
      7.097734323269718,
      41.51618821803066
     ],
     [
      6.824647399052528,
      41.49539399280752
     ],
     [
      6.551628725692781,
      41.474306242392245
     ],
     [
      6.27868071599224,
      41.45292531891144
     ],
     [
      6.005805770697021,
      41.43125158659723
     ],
     [
      5.733006278116448,
      41.40928542171542
     ],
     [
      5.460284613746839,
      41.38702721249155
     ],
     [
      5.187643139900352,
      41.36447735903474
     ],
     [
      4.915084205339018,
      41.3416362732594
     ],
     [
      4.6426101449140855,
      41.31850437880502
     ],
     [
      4.370223279210786,
      41.29508211095383
     ],
     [
      4.097925914198661,
      41.27136991654645
     ],
     [
      3.825720340887532,
      41.247368253895644
     ],
     [
      3.5536088349892383,
      41.22307759269813
     ],
     [
      3.281593656585246,
      41.198498413944606
     ],
     [
      3.009677049800212,
      41.17363120982775
     ],
     [
      2.7378612424816318,
      41.148476483648594
     ],
     [
      2.466148445885609,
      41.12303474972116
     ],
     [
      2.194540854368897,
      41.0973065332752
     ],
     [
      1.9230406450872355,
      41.07129237035751
     ],
     [
      1.651649977700108,
      41.04499280773141
     ],
     [
      1.3803709940819497,
      41.018408402774796
     ],
     [
      1.1092058180399391,
      40.99153972337656
     ],
     [
      0.8381565550383401,
      40.96438734783159
     ],
     [
      0.5672252919295752,
      40.93695186473423
     ],
     [
      0.29641409669198066,
      40.909233872870445
     ],
     [
      0.02572501817436601,
      40.88123398110853
     ],
     [
      -0.2448399141526133,
      40.852952808288556
     ],
     [
      -0.5152786904382062,
      40.82439098311057
     ],
     [
      -0.7855893206864013,
      40.79554914402151
     ],
     [
      -1.0557698349838367,
      40.76642793910098
     ],
     [
      -1.3258182837206989,
      40.73702802594591
     ],
     [
      -1.5957327378046617,
      40.70735007155412
     ],
     [
      -1.865511288867759,
      40.67739475220679
     ],
     [
      -2.135152049466247,
      40.64716275335006
     ],
     [
      -2.4046531532733795,
      40.61665476947557
     ],
     [
      -2.6740127552651503,
      40.585871504000146
     ],
     [
      -2.943229031898917,
      40.55481366914465
     ],
     [
      -3.2123001812849945,
      40.52348198581199
     ],
     [
      -3.481224423351141,
      40.49187718346441
     ],
     [
      -3.7499999999999996,
      40.46
     ]
    ]
   },
   "properties": {
    "pair": "Italian\u2013Spanish",
    "cuisine_a": "Italian",
    "cuisine_b": "Spanish",
    "residual": 0.037,
    "distance_km": 1373.0,
    "is_long_distance": "regional"
   }
  },
  {
   "type": "Feature",
   "geometry": {
    "type": "LineString",
    "coordinates": [
     [
      -102.55,
      23.63
     ],
     [
      -101.09754011228267,
      24.02266835496301
     ],
     [
      -99.63865537148135,
      24.41042739996434
     ],
     [
      -98.17316924251438,
      24.79306069256685
     ],
     [
      -96.70091363815035,
      25.170347517207496
     ],
     [
      -95.22173002669885,
      25.542062990643284
     ],
     [
      -93.73547061467548,
      25.90797820727758
     ],
     [
      -92.24199960178015,
      26.26786042783652
     ],
     [
      -90.74119450401716,
      26.621473314870215
     ],
     [
      -89.23294753907737,
      26.96857721849741
     ],
     [
      -87.71716706620161,
      27.30892951568437
     ],
     [
      -86.19377907065919,
      27.642285006137733
     ],
     [
      -84.6627286807298,
      27.96839636758622
     ],
     [
      -83.12398170270097,
      28.287014672816948
     ],
     [
      -81.57752615692908,
      28.597889970309396
     ],
     [
      -80.02337379551736,
      28.900771929666647
     ],
     [
      -78.46156157970807,
      29.195410552274218
     ],
     [
      -76.89215309274991,
      29.481556946720143
     ],
     [
      -75.31523986188222,
      29.7589641674883
     ],
     [
      -73.73094256128152,
      30.027388114298105
     ],
     [
      -72.13941206645359,
      30.286588488219444
     ],
     [
      -70.54083032974894,
      30.53632979936289
     ],
     [
      -68.93541104654241,
      30.776382419555233
     ],
     [
      -67.32340008226164,
      31.006523671993122
     ],
     [
      -65.70507563196554,
      31.226538948460146
     ],
     [
      -64.0807480866378,
      31.436222843339372
     ],
     [
      -62.4507595838096,
      31.635380292402075
     ],
     [
      -60.81548322456818,
      31.82382770325503
     ],
     [
      -59.17532194440222,
      32.001394063434944
     ],
     [
      -57.53070703159394,
      32.167922011498234
     ],
     [
      -55.88209629385664,
      32.32326885611368
     ],
     [
      -54.22997188144706,
      32.46730752816117
     ],
     [
      -52.57483778282848,
      32.59992745120005
     ],
     [
      -50.917217016856625,
      32.72103531641066
     ],
     [
      -49.257648553119466,
      32.83055574923354
     ],
     [
      -47.59668399918469,
      32.92843185641735
     ],
     [
      -45.93488409980586,
      33.01462564400868
     ],
     [
      -44.27281509833898,
      33.089118298928696
     ],
     [
      -42.61104501450116,
      33.15191032912278
     ],
     [
      -40.95013989498449,
      33.20302155977027
     ],
     [
      -39.29066009421638,
      33.24249098562227
     ],
     [
      -37.633156641693645,
      33.270376482114784
     ],
     [
      -35.978167749854315,
      33.286754380398364
     ],
     [
      -34.326215512496745,
      33.291718913756526
     ],
     [
      -32.67780283849155,
      33.28538154498327
     ],
     [
      -31.03341065918393,
      33.26787018609531
     ],
     [
      -29.393495440726177,
      33.23932832322277
     ],
     [
      -27.758487024900937,
      33.19991406062303
     ],
     [
      -26.12878681409522,
      33.14979909848263
     ],
     [
      -24.50476630824958,
      33.08916765951259
     ],
     [
      -22.88676599409799,
      33.01821537931994
     ],
     [
      -21.27509458006092,
      32.93714817518048
     ],
     [
      -19.670028563936093,
      32.84618110718335
     ],
     [
      -18.071812115186376,
      32.745537244811906
     ],
     [
      -16.480657249233047,
      32.63544655091776
     ],
     [
      -14.896744267765479,
      32.51614479378717
     ],
     [
      -13.320222436665873,
      32.38787249664116
     ],
     [
      -11.751210871678955,
      32.25087393250249
     ],
     [
      -10.189799601356146,
      32.10539617094492
     ],
     [
      -8.636050776978385,
      31.951688181853637
     ],
     [
      -7.090000000000002,
      31.79
     ]
    ]
   },
   "properties": {
    "pair": "Mexican\u2013Moroccan",
    "cuisine_a": "Mexican",
    "cuisine_b": "Moroccan",
    "residual": 0.029,
    "distance_km": 9132.0,
    "is_long_distance": "long-distance"
   }
  },
  {
   "type": "Feature",
   "geometry": {
    "type": "LineString",
    "coordinates": [
     [
      127.76999999999998,
      35.91
     ],
     [
      127.28371593644627,
      35.598330830914875
     ],
     [
      126.79914574339776,
      35.2856044238441
     ],
     [
      126.31627304809962,
      34.971839349683975
     ],
     [
      125.83508111142166,
      34.65705395942183
     ],
     [
      125.3555528543762,
      34.34126638272728
     ],
     [
      124.87767088367937,
      34.024494526864004
     ],
     [
      124.40141751636101,
      33.70675607590574
     ],
     [
      123.92677480343107,
      33.38806849024088
     ],
     [
      123.45372455261185,
      33.06844900635013
     ],
     [
      122.98224835014796,
      32.747914636842445
     ],
     [
      122.51232758170707,
      32.4264821707345
     ],
     [
      122.04394345238657,
      32.10416817395987
     ],
     [
      121.57707700584186,
      31.780988990093952
     ],
     [
      121.1117091425541,
      31.45696074128169
     ],
     [
      120.64782063725559,
      31.132099329355263
     ],
     [
      120.18539215553173,
      30.806420437129447
     ],
     [
      119.72440426961987,
      30.479939529862953
     ],
     [
      119.26483747342525,
      30.152671856874306
     ],
     [
      118.80667219677527,
      29.824632453301415
     ],
     [
      118.34988881893315,
      29.495836141994452
     ],
     [
      117.89446768139285,
      29.166297535532056
     ],
     [
      117.44038909997678,
      28.836031038351308
     ],
     [
      116.98763337625829,
      28.50505084898242
     ],
     [
      116.53618080833064,
      28.173370962379494
     ],
     [
      116.08601170094448,
      27.841005172339035
     ],
     [
      115.6371063750349,
      27.50796707399855
     ],
     [
      115.18944517666037,
      27.174270066407512
     ],
     [
      114.74300848537388,
      26.839927355163983
     ],
     [
      114.29777672204769,
      26.50495195510994
     ],
     [
      113.85373035617235,
      26.16935669307913
     ],
     [
      113.41084991264964,
      25.833154210691454
     ],
     [
      112.96911597810016,
      25.49635696718827
     ],
     [
      112.52850920670397,
      25.1589772423033
     ],
     [
      112.08901032559413,
      24.821027139164165
     ],
     [
      111.65060013982102,
      24.482518587219865
     ],
     [
      111.21325953690612,
      24.14346334518985
     ],
     [
      110.77696949100188,
      23.80387300403051
     ],
     [
      110.34171106667588,
      23.463758989915306
     ],
     [
      109.90746542233484,
      23.123132567224893
     ],
     [
      109.47421381330523,
      22.782004841543976
     ],
     [
      109.04193759458565,
      22.44038676266172
     ],
     [
      108.61061822328614,
      22.09828912757284
     ],
     [
      108.18023726076905,
      21.755722583476782
     ],
     [
      107.75077637450542,
      21.412697630772428
     ],
     [
      107.32221733966036,
      21.069224626046093
     ],
     [
      106.89454204042065,
      20.725313785050766
     ],
     [
      106.46773247107703,
      20.380975185674615
     ],
     [
      106.04177073687319,
      20.036218770897054
     ],
     [
      105.6166390546334,
      19.69105435173079
     ],
     [
      105.19231975317939,
      19.345491610148365
     ],
     [
      104.768795273548,
      18.999540101991943
     ],
     [
      104.34604816901896,
      18.653209259865164
     ],
     [
      103.92406110496347,
      18.30650839600603
     ],
     [
      103.50281685852258,
      17.959446705139857
     ],
     [
      103.08229831812442,
      17.61203326731163
     ],
     [
      102.66248848284903,
      17.264277050696876
     ],
     [
      102.24337046164923,
      16.916186914390607
     ],
     [
      101.82492747243487,
      16.567771611173765
     ],
     [
      101.40714284102859,
      16.219039790256808
     ],
     [
      100.99000000000001,
      15.869999999999997
     ]
    ]
   },
   "properties": {
    "pair": "Korean\u2013Thai",
    "cuisine_a": "Korean",
    "cuisine_b": "Thai",
    "residual": 0.0245,
    "distance_km": 3463.0,
    "is_long_distance": "regional"
   }
  },
  {
   "type": "Feature",
   "geometry": {
    "type": "LineString",
    "coordinates": [
     [
      21.82,
      39.07
     ],
     [
      22.893036435108236,
      39.59840654896614
     ],
     [
      23.972532847695753,
      40.124970348926965
     ],
     [
      25.05875522784597,
      40.649604205337134
     ],
     [
      26.151979381414748,
      41.17221648676844
     ],
     [
      27.252491136356042,
      41.69271087317583
     ],
     [
      28.36058651292901,
      42.21098609250312
     ],
     [
      29.476571849234862,
      42.72693564571199
     ],
     [
      30.600763872238463,
      43.240447520477744
     ],
     [
      31.73348970299319,
      43.7514038939902
     ],
     [
      32.87508678320228,
      44.259680825533735
     ],
     [
      34.02590270851456,
      44.76514793980268
     ],
     [
      35.186294952069744,
      45.26766810224394
     ],
     [
      36.35663045978811,
      45.767097088114426
     ],
     [
      37.53728509675923,
      46.26328324740436
     ],
     [
      38.72864292185424,
      46.75606716831533
     ],
     [
      39.93109526540808,
      47.24528134260272
     ],
     [
      41.145039582554574,
      47.73074983680091
     ],
     [
      42.37087805262903,
      48.212287974153085
     ],
     [
      43.609015893088696,
      48.68970203296902
     ],
     [
      44.859859354778806,
      49.16278896813459
     ],
     [
      46.123813364262844,
      49.63133616359367
     ],
     [
      47.40127877855072,
      50.09512122480917
     ],
     [
      48.69264921814785,
      50.55391182146933
     ],
     [
      49.99830744620584,
      51.00746559201768
     ],
     [
      51.31862126501066,
      51.45553012291481
     ],
     [
      52.653938906465584,
      51.897843016843886
     ],
     [
      54.00458390099702,
      52.334132065288685
     ],
     [
      55.37084941982286,
      52.76411554196945
     ],
     [
      56.75299209913766,
      53.18750263442236
     ],
     [
      58.151225371788556,
      53.60399403144721
     ],
     [
      59.565712352628765,
      54.01328268409678
     ],
     [
      60.996558347961766,
      54.41505475720282
     ],
     [
      62.443803087111576,
      54.80899078698223
     ],
     [
      63.90741280464485,
      55.19476705789816
     ],
     [
      65.38727233422796,
      55.57205720853165
     ],
     [
      66.88317740818684,
      55.940534071647015
     ],
     [
      68.39482738875105,
      56.29987174784754
     ],
     [
      69.92181868544584,
      56.649747905224245
     ],
     [
      71.46363913550245,
      56.989846289288785
     ],
     [
      73.01966363757825,
      57.31985941844465
     ],
     [
      74.58915133056085,
      57.6394914305967
     ],
     [
      76.17124459605074,
      57.94846103665258
     ],
     [
      77.76497013312931,
      58.24650452716844
     ],
     [
      79.36924230602106,
      58.53337876985742
     ],
     [
      80.98286889934252,
      58.80886412878703
     ],
     [
      82.60455933346057,
      59.072767231505814
     ],
     [
      84.23293529742622,
      59.32492350865941
     ],
     [
      85.86654365402498,
      59.56519943233711
     ],
     [
      87.50387136708108,
      59.79349438468656
     ],
     [
      89.14336210252682,
      60.00974209723999
     ],
     [
      90.78343406933743,
      60.21391161362335
     ],
     [
      92.42249860107363,
      60.406007743298275
     ],
     [
      94.05897893891616,
      60.58607099089916
     ],
     [
      95.69132866612921,
      60.75417696357732
     ],
     [
      97.31804926279972,
      60.910435276467425
     ],
     [
      98.93770629683559,
      61.05498799287615
     ],
     [
      100.54894383855333,
      61.18800765010349
     ],
     [
      102.15049677585672,
      61.30969493318867
     ],
     [
      103.7412008079221,
      61.42027606682457
     ],
     [
      105.32,
      61.52
     ]
    ]
   },
   "properties": {
    "pair": "Greek\u2013Russian",
    "cuisine_a": "Greek",
    "cuisine_b": "Russian",
    "residual": 0.0241,
    "distance_km": 5940.0,
    "is_long_distance": "long-distance"
   }
  },
  {
   "type": "Feature",
   "geometry": {
    "type": "LineString",
    "coordinates": [
     [
      -7.09,
      31.79
     ],
     [
      -5.31228172172073,
      31.92184777029897
     ],
     [
      -3.523942335080111,
      32.04267933544663
     ],
     [
      -1.7250458830308153,
      32.15209052091113
     ],
     [
      0.08429251073895232,
      32.24967952558667
     ],
     [
      1.9039037562459813,
      32.33504882918897
     ],
     [
      3.7335622510284807,
      32.40780725509762
     ],
     [
      5.5729837654057945,
      32.46757217494823
     ],
     [
      7.421823852896633,
      32.51397183635812
     ],
     [
      9.279676878027207,
      32.54664779007872
     ],
     [
      11.146075748654372,
      32.56525738778744
     ],
     [
      13.020492430831284,
      32.56947631687459
     ],
     [
      14.902339310959341,
      32.55900113418819
     ],
     [
      16.790971452529774,
      32.53355175702251
     ],
     [
      18.68568977345216,
      32.49287386692884
     ],
     [
      20.58574514537156,
      32.43674118042274
     ],
     [
      22.490343389352375,
      32.36495754055662
     ],
     [
      24.398651113973806,
      32.27735878476322
     ],
     [
      26.30980231356341,
      32.17381434741943
     ],
     [
      28.222905617438016,
      32.054228560216885
     ],
     [
      30.137052057094714,
      31.918541619546033
     ],
     [
      32.05132319867727,
      31.766730197505286
     ],
     [
      33.96479947391029,
      31.598807681554074
     ],
     [
      35.876568534913105,
      31.41482403689008
     ],
     [
      37.785733457364465,
      31.21486529495314
     ],
     [
      39.69142062244687,
      30.999052680630346
     ],
     [
      41.592787120482186,
      30.767541399358386
     ],
     [
      43.489027537406415,
      30.520519113026243
     ],
     [
      45.37938000812002,
      30.25820414007351
     ],
     [
      47.263131446956706,
      29.980843420232624
     ],
     [
      49.139621893581975,
      29.688710287844696
     ],
     [
      51.0082479410995,
      29.38210209954715
     ],
     [
      52.86846524064185,
      29.061337762432693
     ],
     [
      54.7197901020728,
      28.72675520763683
     ],
     [
      56.56180023269387,
      28.378708851907383
     ],
     [
      58.394134674377156,
      28.017567086271214
     ],
     [
      60.216493013968844,
      27.643709826688927
     ],
     [
      62.02863395202972,
      27.257526156832625
     ],
     [
      63.83037332113606,
      26.85941208807969
     ],
     [
      65.62158164738575,
      26.449768456708007
     ],
     [
      67.40218134790169,
      26.028998973296837
     ],
     [
      69.17214365354474,
      25.597508434636367
     ],
     [
      70.93148534032377,
      25.15570110414479
     ],
     [
      72.68026534569915,
      24.70397926296366
     ],
     [
      74.41858133765703,
      24.242741930596523
     ],
     [
      76.14656629557192,
      23.77238375118783
     ],
     [
      77.86438515287945,
      23.293294039301777
     ],
     [
      79.57223154278785,
      22.805855977326736
     ],
     [
      81.27032467991694,
      22.31044595536024
     ],
     [
      82.95890640305326,
      21.807433043573653
     ],
     [
      84.63823839726456,
      21.29717858656012
     ],
     [
      86.30859960749237,
      20.780035908980512
     ],
     [
      87.97028385045394,
      20.256350121885152
     ],
     [
      89.62359762721822,
      19.72645801935437
     ],
     [
      91.26885813513405,
      19.190688055522145
     ],
     [
      92.90639147481929,
      18.649360392583198
     ],
     [
      94.53653104559996,
      18.102787010999585
     ],
     [
      96.15961612104016,
      17.551271873788334
     ],
     [
      97.77599059495006,
      16.995111137461326
     ],
     [
      99.38600188742683,
      16.43459340288365
     ],
     [
      100.99000000000001,
      15.87
     ]
    ]
   },
   "properties": {
    "pair": "Moroccan\u2013Thai",
    "cuisine_a": "Moroccan",
    "cuisine_b": "Thai",
    "residual": 0.0163,
    "distance_km": 10708.0,
    "is_long_distance": "long-distance"
   }
  },
  {
   "type": "Feature",
   "geometry": {
    "type": "LineString",
    "coordinates": [
     [
      138.25,
      36.2
     ],
     [
      137.7017639458008,
      35.85906198573173
     ],
     [
      137.15564882347348,
      35.516756602269425
     ],
     [
      136.61163466626186,
      35.17310982384635
     ],
     [
      136.06970083406395,
      34.82814731254585
     ],
     [
      135.529826060742,
      34.48189441414866
     ],
     [
      134.9919884997586,
      34.13437615464696
     ],
     [
      134.4561657681301,
      33.78561723739168
     ],
     [
      133.9223349886976,
      33.435642040840264
     ],
     [
      133.3904728307202,
      33.084474616872846
     ],
     [
      132.86055554880096,
      32.73213868964532
     ],
     [
      132.3325590201613,
      32.37865765494879
     ],
     [
      131.8064587802834,
      32.0240545800457
     ],
     [
      131.28223005694446,
      31.668352203953617
     ],
     [
      130.75984780267,
      31.311572938148895
     ],
     [
      130.23928672563625,
      30.953738867663155
     ],
     [
      129.7205213190542,
      30.594871752546645
     ],
     [
      129.2035258890706,
      30.23499302967335
     ],
     [
      128.68827458122237,
      29.87412381486406
     ],
     [
      128.17474140548313,
      29.512284905304064
     ],
     [
      127.66290025994088,
      29.149496782233733
     ],
     [
      127.15272495314792,
      28.785779613890778
     ],
     [
      126.64418922518382,
      28.421153258684214
     ],
     [
      126.13726676747353,
      28.055637268580867
     ],
     [
      125.63193124140204,
      27.6892508926863
     ],
     [
      125.12815629576838,
      27.32201308100297
     ],
     [
      124.62591558312026,
      26.953942488349202
     ],
     [
      124.12518277501127,
      26.5850574784236
     ],
     [
      123.62593157622227,
      26.215376128000322
     ],
     [
      123.1281357379871,
      25.84491623124138
     ],
     [
      122.6317690702636,
      25.473695304113125
     ],
     [
      122.13680545308878,
      25.101730588894558
     ],
     [
      121.64321884705745,
      24.72903905876627
     ],
     [
      121.15098330296152,
      24.355637422469094
     ],
     [
      120.6600729706276,
      23.9815421290225
     ],
     [
      120.17046210698861,
      23.606769372493453
     ],
     [
      119.68212508342431,
      23.231335096806866
     ],
     [
      119.1950363924051,
      22.855255000589636
     ],
     [
      118.70917065347182,
      22.47854454204068
     ],
     [
      118.22450261858351,
      22.101218943819923
     ],
     [
      117.74100717686416,
      21.72329319794992
     ],
     [
      117.25865935877795,
      21.34478207072395
     ],
     [
      116.77743433976198,
      20.96570010761531
     ],
     [
      116.29730744334387,
      20.586061638182493
     ],
     [
      115.81825414377116,
      20.205880780966012
     ],
     [
      115.34025006817771,
      19.825171448372274
     ],
     [
      114.86327099831193,
      19.443947351540988
     ],
     [
      114.38729287185012,
      19.06222200519246
     ],
     [
      113.91229178331758,
      18.680008732451775
     ],
     [
      113.43824398463906,
      18.297320669646986
     ],
     [
      112.96512588533895,
      17.914170771078915
     ],
     [
      112.49291405241132,
      17.530571813760275
     ],
     [
      112.02158520987811,
      17.146536402122223
     ],
     [
      111.55111623805354,
      16.76207697268674
     ],
     [
      111.08148417253216,
      16.377205798703187
     ],
     [
      110.61266620291624,
      15.991934994748128
     ],
     [
      110.14463967129844,
      15.606276521287107
     ],
     [
      109.67738207051389,
      15.220242189197826
     ],
     [
      109.21087104217654,
      14.833843664253887
     ],
     [
      108.74508437451195,
      14.447092471568823
     ],
     [
      108.28,
      14.060000000000002
     ]
    ]
   },
   "properties": {
    "pair": "Japanese\u2013Vietnamese",
    "cuisine_a": "Japanese",
    "cuisine_b": "Vietnamese",
    "residual": 0.0158,
    "distance_km": 3865.0,
    "is_long_distance": "regional"
   }
  },
  {
   "type": "Feature",
   "geometry": {
    "type": "MultiLineString",
    "coordinates": [
     [
      [
       -51.93000000000001,
       -14.24
      ],
      [
       -53.91001338853975,
       -12.6809285037442
      ],
      [
       -55.882558853412405,
       -11.120489924746572
      ],
      [
       -57.849298594755815,
       -9.558989722670338
      ],
      [
       -59.81181302832317,
       -7.996717534246077
      ],
      [
       -61.771623885565106,
       -6.433951672440366
      ],
      [
       -63.730215721413,
       -4.870963289691417
      ],
      [
       -65.68905642383221,
       -3.308020331545868
      ],
      [
       -67.64961727855555,
       -1.7453913971479067
      ],
      [
       -69.61339312436127,
       -0.1833496186763477
      ],
      [
       -71.58192313792955,
       1.3778233272908507
      ],
      [
       -73.55681281287927,
       2.9378329573221844
      ],
      [
       -75.53975774632188,
       4.496367336538698
      ],
      [
       -77.53256992057248,
       6.053091902450234
      ],
      [
       -79.53720727112508,
       7.607643581684303
      ],
      [
       -81.55580746949757,
       9.159623988454417
      ],
      [
       -83.59072702724677,
       10.708591446020074
      ],
      [
       -85.64458705270422,
       12.254051509455858
      ],
      [
       -87.72032727292364,
       13.795445585261357
      ],
      [
       -89.8212702778396,
       15.332137134712765
      ],
      [
       -91.95119835705822,
       16.86339480550067
      ],
      [
       -94.1144457803025,
       18.38837164990773
      ],
      [
       -96.31600990270758,
       19.906079344630882
      ],
      [
       -98.56168500596307,
       21.415356011595392
      ],
      [
       -100.85822320326547,
       22.914825832859155
      ],
      [
       -103.21352681082433,
       24.402848138493574
      ],
      [
       -105.63687587905105,
       25.877453013705384
      ],
      [
       -108.13919226204806,
       27.336259731937925
      ],
      [
       -110.73333621089363,
       28.776373539088546
      ],
      [
       -113.43442044685372,
       30.194255670887173
      ],
      [
       -116.26010576032515,
       31.585561395205264
      ],
      [
       -119.23080481328677,
       32.94494219043832
      ],
      [
       -122.36965800035489,
       34.265812533150736
      ],
      [
       -125.70204778536564,
       35.54009201653384
      ],
      [
       -129.25428537567376,
       36.7579539909236
      ],
      [
       -133.05096702767997,
       37.90764768219782
      ],
      [
       -137.1104632144378,
       38.97551374312583
      ],
      [
       -141.43830304568735,
       39.94637210024797
      ],
      [
       -146.01916693967797,
       40.80448470010589
      ],
      [
       -150.8098933445812,
       41.53520605547848
      ],
      [
       -155.73754874875056,
       42.1271593968215
      ],
      [
       -160.70626569142524,
       42.574373184420146
      ],
      [
       -165.61273654028315,
       42.87756282965486
      ],
      [
       -170.36482963764226,
       43.04397125575821
      ],
      [
       -174.89557137670602,
       43.08584480229961
      ],
      [
       -179.16799134567944,
       43.018224042169656
      ],
      [
       -180,
       42.98468836266056
      ]
     ],
     [
      [
       180,
       42.98468836266056
      ],
      [
       176.828227041717,
       42.85684406578671
      ],
      [
       173.08424443629266,
       42.61662583184708
      ],
      [
       169.579916854771,
       42.31084785982212
      ],
      [
       166.2899881935743,
       41.9508528846967
      ],
      [
       163.18817522122004,
       41.54608549897143
      ],
      [
       160.24948816794466,
       41.104293232906095
      ],
      [
       157.45133432784883,
       40.6317833389768
      ],
      [
       154.7738822721008,
       40.13367723361408
      ],
      [
       152.20002308223025,
       39.61413676572102
      ],
      [
       149.7151387612817,
       39.07655440120031
      ],
      [
       147.30679829849757,
       38.523708127624516
      ],
      [
       144.9644451595118,
       37.95788542417591
      ],
      [
       142.67910670339978,
       37.38098156510573
      ],
      [
       140.44313763140877,
       36.79457726772446
      ],
      [
       138.25,
       36.2
      ]
     ]
    ]
   },
   "properties": {
    "pair": "Brazilian\u2013Japanese",
    "cuisine_a": "Brazilian",
    "cuisine_b": "Japanese",
    "residual": 0.0032,
    "distance_km": 17371.0,
    "is_long_distance": "long-distance"
   }
  }
 ]
}