{
 "type": "FeatureCollection",
 "features": [
  {
   "type": "Feature",
   "geometry": {
    "type": "LineString",
    "coordinates": [
     [
      104.2,
      35.85999999999999
     ],
     [
      104.5889193408263,
      35.89872755326193
     ],
     [
      104.97821326060044,
      35.9361999705032
     ],
     [
      105.36787024793605,
      35.97241433132147
     ],
     [
      105.75787868026957,
      36.00736780604714
     ],
     [
      106.14822682700246,
      36.04105765669111
     ],
     [
      106.53890285271682,
      36.073481237866226
     ],
     [
      106.92989482046269,
      36.10463599768156
     ],
     [
      107.32119069511536,
      36.13451947860908
     ],
     [
      107.71277834680045,
      36.163129318321445
     ],
     [
      108.10464555438509,
      36.19046325050113
     ],
     [
      108.4967800090329,
      36.21651910561927
     ],
     [
      108.88916931782063,
      36.24129481168417
     ],
     [
      109.28180100741409,
      36.264788394958806
     ],
     [
      109.67466252780129,
      36.28699798064642
     ],
     [
      110.06774125608014,
      36.30792179354399
     ],
     [
      110.46102450029828,
      36.32755815866276
     ],
     [
      110.85449950334242,
      36.34590550181548
     ],
     [
      111.24815344687491,
      36.362962350169795
     ],
     [
      111.64197345531414,
      36.3787273327672
     ],
     [
      112.03594659985694,
      36.39319918100744
     ],
     [
      112.43005990253931,
      36.40637672909747
     ],
     [
      112.82430034033321,
      36.41825891446507
     ],
     [
      113.21865484927619,
      36.42884477813642
     ],
     [
      113.61311032863115,
      36.43813346507739
     ],
     [
      114.00765364507296,
      36.44612422449843
     ],
     [
      114.4022716368991,
      36.45281641012249
     ],
     [
      114.79695111826118,
      36.45820948041602
     ],
     [
      115.19167888341441,
      36.462302998782654
     ],
     [
      115.58644171098156,
      36.46509663371951
     ],
     [
      115.98122636822856,
      36.46659015893594
     ],
     [
      116.3760196153486,
      36.46678345343462
     ],
     [
      116.77080820975125,
      36.46567650155496
     ],
     [
      117.16557891035384,
      36.463269392978646
     ],
     [
      117.56031848187169,
      36.45956232269755
     ],
     [
      117.95501369910393,
      36.454555590943855
     ],
     [
      118.34965135121188,
      36.44824960308241
     ],
     [
      118.74421824598708,
      36.440644869465686
     ],
     [
      119.1387012141051,
      36.43174200525111
     ],
     [
      119.53308711336284,
      36.42154173018117
     ],
     [
      119.9273628328958,
      36.410044868326445
     ],
     [
      120.32151529737192,
      36.39725234779168
     ],
     [
      120.7155314711599,
      36.38316520038533
     ],
     [
      121.1093983624679,
      36.367784561252634
     ],
     [
      121.5031030274505,
      36.351111668472825
     ],
     [
      121.89663257428049,
      36.3331478626205
     ],
     [
      122.28997416718278,
      36.31389458629181
     ],
     [
      122.68311503042781,
      36.29335338359569
     ],
     [
      123.07604245228126,
      36.271525899610666
     ],
     [
      123.4687437889078,
      36.248413879807664
     ],
     [
      123.86120646822589,
      36.22401916943926
     ],
     [
      124.25341799371118,
      36.19834371289601
     ],
     [
      124.6453659481463,
      36.171389553030295
     ],
     [
      125.03703799731377,
      36.143158830448236
     ],
     [
      125.42842189363085,
      36.1136537827705
     ],
     [
      125.81950547972279,
      36.08287674386213
     ],
     [
      126.21027669193334,
      36.05083014303259
     ],
     [
      126.60072356376965,
      36.01751650420633
     ],
     [
      126.99083422928001,
      35.98293844506461
     ],
     [
      127.38059692636205,
      35.94709867615944
     ],
     [
      127.77,
      35.91
     ]
    ]
   },
   "properties": {
    "pair": "Chinese\u2013Korean",
    "cuisine_a": "Chinese",
    "cuisine_b": "Korean",
    "residual": 0.4351,
    "distance_km": 2118.0,
    "is_long_distance": "regional"
   }
  },
  {
   "type": "Feature",
   "geometry": {
    "type": "LineString",
    "coordinates": [
     [
      -8.24,
      53.41
     ],
     [
      -9.805741738682238,
      53.60595065356299
     ],
     [
      -11.385307433554654,
      53.78128143637692
     ],
     [
      -12.97733241014338,
      53.93568626912789
     ],
     [
      -14.580367405440954,
      54.06889068824096
     ],
     [
      -16.19288644277844,
      54.180654136843316
     ],
     [
      -17.813295971221375,
      54.270772028395655
     ],
     [
      -19.439945157275773,
      54.33907754296356
     ],
     [
      -21.071137181181406,
      54.38544312009596
     ],
     [
      -22.70514135790427,
      54.409781617537135
     ],
     [
      -24.34020587573183,
      54.41204711137832
     ],
     [
      -25.974570924541467,
      54.39223532054701
     ],
     [
      -27.606481972471972,
      54.35038364647741
     ],
     [
      -29.23420294460789,
      54.286570827102686
     ],
     [
      -30.856029060669773,
      54.20091621264243
     ],
     [
      -32.470299100402194,
      54.0935786787004
     ],
     [
      -34.07540688472722,
      53.96475519963701
     ],
     [
      -35.66981178673786,
      53.814679111766296
     ],
     [
      -37.25204811788166,
      53.64361810143084
     ],
     [
      -38.82073326964431,
      53.45187195727068
     ],
     [
      -40.37457452800131,
      53.239770128934005
     ],
     [
      -41.91237451518655,
      53.007669136055256
     ],
     [
      -43.43303524936989,
      52.755949871588534
     ],
     [
      -44.935560846284076,
      52.48501484263149
     ],
     [
      -46.41905891659855,
      52.195285389845104
     ],
     [
      -47.882740738112034,
      51.887198923644945
     ],
     [
      -49.32592030214015,
      51.561206211702896
     ],
     [
      -50.748012348625075,
      51.217768748154626
     ],
     [
      -52.148529514566576,
      50.85735623045487
     ],
     [
      -53.527078725671544,
      50.48044416524115
     ],
     [
      -54.88335696211002,
      50.087511620018695
     ],
     [
      -56.21714652653824,
      49.67903913310185
     ],
     [
      -57.52830993675467,
      49.25550679014823
     ],
     [
      -58.816784557166805,
      48.81739247188206
     ],
     [
      -60.08257707331802,
      48.365170274277055
     ],
     [
      -61.32575790266379,
      47.899309099586574
     ],
     [
      -62.546455623136374,
      47.42027141417769
     ],
     [
      -63.744851489258416,
      46.92851216714041
     ],
     [
      -64.92117409403711,
      46.42447786207855
     ],
     [
      -66.07569422388784,
      45.908605773316175
     ],
     [
      -67.20871994361444,
      45.381323296933466
     ],
     [
      -68.3205919391604,
      44.84304742653547
     ],
     [
      -69.41167913752456,
      44.29418434341673
     ],
     [
      -70.48237461594275,
      43.735129110766984
     ],
     [
      -71.53309180616283,
      43.166265461731165
     ],
     [
      -72.56426099435264,
      42.587965671451286
     ],
     [
      -73.57632611281161,
      42.00059050364439
     ],
     [
      -74.56974181613816,
      41.4044892227803
     ],
     [
      -75.54497083174745,
      40.79999966348836
     ],
     [
      -76.50248157255344,
      40.18744834942242
     ],
     [
      -77.44274599813532,
      39.567150654429
     ],
     [
      -78.3662377097181,
      38.93941099948031
     ],
     [
      -79.27343026372995,
      38.30452307943985
     ],
     [
      -80.16479568848311,
      37.66277011431408
     ],
     [
      -81.04080318859324,
      37.01442512020292
     ],
     [
      -81.90191802204588,
      36.35975119569057
     ],
     [
      -82.74860053528904,
      35.69900181991062
     ],
     [
      -83.5813053423307,
      35.03242115897823
     ],
     [
      -84.40048063451465,
      34.36024437790263
     ],
     [
      -85.20656760840458,
      33.68269795547796
     ],
     [
      -86.0,
      33.0
     ]
    ]
   },
   "properties": {
    "pair": "Irish\u2013Southern US",
    "cuisine_a": "Irish",
    "cuisine_b": "Southern US",
    "residual": 0.3952,
    "distance_km": 6348.0,
    "is_long_distance": "long-distance"
   }
  },
  {
   "type": "Feature",
   "geometry": {
    "type": "LineString",
    "coordinates": [
     [
      100.99000000000001,
      15.87
     ],
     [
      101.1125115109677,
      15.84177590064902
     ],
     [
      101.23498873552957,
      15.813483026888125
     ],
     [
      101.35743166455198,
      15.785121527235109
     ],
     [
      101.47984028954593,
      15.756691550417496
     ],
     [
      101.60221460266614,
      15.728193245371019
     ],
     [
      101.72455459671009,
      15.699626761238166
     ],
     [
      101.8468602651172,
      15.670992247366714
     ],
     [
      101.96913160196773,
      15.642289853308226
     ],
     [
      102.09136860198197,
      15.613519728816616
     ],
     [
      102.21357126051923,
      15.584682023846677
     ],
     [
      102.33573957357687,
      15.5557768885526
     ],
     [
      102.45787353778928,
      15.526804473286568
     ],
     [
      102.57997315042691,
      15.497764928597261
     ],
     [
      102.70203840939527,
      15.468658405228448
     ],
     [
      102.82406931323393,
      15.439485054117526
     ],
     [
      102.94606586111541,
      15.410245026394094
     ],
     [
      103.06802805284423,
      15.380938473378519
     ],
     [
      103.18995588885575,
      15.35156554658052
     ],
     [
      103.31184937021526,
      15.322126397697726
     ],
     [
      103.43370849861672,
      15.2926211786143
     ],
     [
      103.55553327638182,
      15.263050041399474
     ],
     [
      103.67732370645882,
      15.233413138306195
     ],
     [
      103.79907979242144,
      15.203710621769684
     ],
     [
      103.92080153846776,
      15.173942644406068
     ],
     [
      104.04248894941905,
      15.144109359010965
     ],
     [
      104.16414203071874,
      15.114210918558124
     ],
     [
      104.28576078843112,
      15.084247476197993
     ],
     [
      104.40734522924029,
      15.054219185256416
     ],
     [
      104.52889536044896,
      15.024126199233198
     ],
     [
      104.65041118997726,
      14.993968671800763
     ],
     [
      104.77189272636157,
      14.963746756802792
     ],
     [
      104.89333997875325,
      14.933460608252851
     ],
     [
      105.0147529569176,
      14.903110380333079
     ],
     [
      105.13613167123243,
      14.872696227392776
     ],
     [
      105.25747613268702,
      14.842218303947119
     ],
     [
      105.37878635288071,
      14.8116767646758
     ],
     [
      105.50006234402181,
      14.781071764421698
     ],
     [
      105.62130411892629,
      14.750403458189545
     ],
     [
      105.74251169101643,
      14.719672001144609
     ],
     [
      105.8636850743197,
      14.688877548611394
     ],
     [
      105.98482428346733,
      14.6580202560723
     ],
     [
      106.10592933369314,
      14.627100279166335
     ],
     [
      106.22700024083215,
      14.596117773687801
     ],
     [
      106.34803702131936,
      14.565072895585029
     ],
     [
      106.46903969218833,
      14.533965800959045
     ],
     [
      106.59000827106993,
      14.502796646062315
     ],
     [
      106.71094277619102,
      14.471565587297459
     ],
     [
      106.83184322637298,
      14.440272781215967
     ],
     [
      106.95270964103055,
      14.40891838451694
     ],
     [
      107.07354204017035,
      14.377502554045826
     ],
     [
      107.19434044438951,
      14.346025446793156
     ],
     [
      107.31510487487435,
      14.314487219893289
     ],
     [
      107.435835353399,
      14.282888030623177
     ],
     [
      107.55653190232393,
      14.251228036401102
     ],
     [
      107.67719454459464,
      14.219507394785456
     ],
     [
      107.79782330374023,
      14.187726263473506
     ],
     [
      107.91841820387198,
      14.155884800300164
     ],
     [
      108.03897926968196,
      14.123983163236769
     ],
     [
      108.15950652644153,
      14.092021510389863
     ],
     [
      108.28,
      14.06
     ]
    ]
   },
   "properties": {
    "pair": "Thai\u2013Vietnamese",
    "cuisine_a": "Thai",
    "cuisine_b": "Vietnamese",
    "residual": 0.3951,
    "distance_km": 808.0,
    "is_long_distance": "regional"
   }
  },
  {
   "type": "Feature",
   "geometry": {
    "type": "LineString",
    "coordinates": [
     [
      121.77000000000001,
      12.88
     ],
     [
      121.42849715970738,
      12.944254168635767
     ],
     [
      121.08681883461652,
      13.00806374368026
     ],
     [
      120.74496526747018,
      13.071426227103476
     ],
     [
      120.402936726614,
      13.134339133637363
     ],
     [
      120.06073350603415,
      13.196799990944028
     ],
     [
      119.71835592539156,
      13.25880633978471
     ],
     [
      119.37580433005148,
      13.320355734189299
     ],
     [
      119.03307909110916,
      13.381445741626564
     ],
     [
      118.69018060541123,
      13.442073943174886
     ],
     [
      118.347109295573,
      13.502237933693582
     ],
     [
      118.00386560999124,
      13.561935321994728
     ],
     [
      117.66045002285264,
      13.621163731015498
     ],
     [
      117.31686303413821,
      13.67992079799093
     ],
     [
      116.97310516962271,
      13.738204174627134
     ],
     [
      116.62917698087008,
      13.796011527274883
     ],
     [
      116.28507904522411,
      13.853340537103557
     ],
     [
      115.94081196579448,
      13.91018890027542
     ],
     [
      115.5963763714385,
      13.966554328120168
     ],
     [
      115.2517729167378,
      14.022434547309752
     ],
     [
      114.90700228197076,
      14.07782730003338
     ],
     [
      114.56206517307982,
      14.132730344172737
     ],
     [
      114.21696232163424,
      14.18714145347733
     ],
     [
      113.87169448478816,
      14.24105841773994
     ],
     [
      113.52626244523354,
      14.294479042972105
     ],
     [
      113.18066701114846,
      14.347401151579724
     ],
     [
      112.83490901614047,
      14.399822582538555
     ],
     [
      112.48898931918504,
      14.451741191569706
     ],
     [
      112.14290880455884,
      14.503154851315047
     ],
     [
      111.79666838176844,
      14.554061451512478
     ],
     [
      111.45026898547357,
      14.604458899171032
     ],
     [
      111.10371157540565,
      14.654345118745749
     ],
     [
      110.75699713628106,
      14.70371805231237
     ],
     [
      110.41012667770948,
      14.752575659741643
     ],
     [
      110.06310123409703,
      14.800915918873361
     ],
     [
      109.71592186454424,
      14.848736825690011
     ],
     [
      109.36858965273908,
      14.896036394489997
     ],
     [
      109.02110570684455,
      14.942812658060424
     ],
     [
      108.6734711593814,
      14.989063667849338
     ],
     [
      108.32568716710537,
      15.03478749413748
     ],
     [
      107.97775491087948,
      15.079982226209394
     ],
     [
      107.62967559554099,
      15.124645972523941
     ],
     [
      107.28145044976308,
      15.168776860884128
     ],
     [
      106.93308072591161,
      15.212373038606204
     ],
     [
      106.58456769989624,
      15.255432672688002
     ],
     [
      106.23591267101668,
      15.297953949976492
     ],
     [
      105.88711696180353,
      15.339935077334443
     ],
     [
      105.53818191785398,
      15.381374281806236
     ],
     [
      105.18910890766223,
      15.422269810782678
     ],
     [
      104.83989932244481,
      15.462619932164875
     ],
     [
      104.49055457596054,
      15.502422934527093
     ],
     [
      104.14107610432546,
      15.54167712727846
     ],
     [
      103.79146536582248,
      15.580380840823661
     ],
     [
      103.44172384070585,
      15.618532426722368
     ],
     [
      103.09185303100061,
      15.656130257847519
     ],
     [
      102.74185446029676,
      15.693172728542342
     ],
     [
      102.39172967353842,
      15.729658254776062
     ],
     [
      102.04148023680781,
      15.765585274298267
     ],
     [
      101.69110773710429,
      15.800952246791914
     ],
     [
      101.34061378211825,
      15.835757654024867
     ],
     [
      100.99000000000001,
      15.87
     ]
    ]
   },
   "properties": {
    "pair": "Filipino\u2013Thai",
    "cuisine_a": "Filipino",
    "cuisine_b": "Thai",
    "residual": 0.357,
    "distance_km": 2262.0,
    "is_long_distance": "regional"
   }
  },
  {
   "type": "Feature",
   "geometry": {
    "type": "LineString",
    "coordinates": [
     [
      -3.44,
      55.38000000000001
     ],
     [
      -5.133460356359898,
      55.62136862838833
     ],
     [
      -6.846869483798662,
      55.83913121230796
     ],
     [
      -8.578504566285263,
      56.03282747457302
     ],
     [
      -10.326494974910325,
      56.20203808834461
     ],
     [
      -12.088832728208363,
      56.346388873661134
     ],
     [
      -13.863385634976883,
      56.46555468330642
     ],
     [
      -15.647912979801696,
      56.55926288855959
     ],
     [
      -17.44008351918959,
      56.62729638071079
     ],
     [
      -19.23749546756051,
      56.66949601306148
     ],
     [
      -21.03769807260851,
      56.685762420259216
     ],
     [
      -22.838214313704555,
      56.676057166829665
     ],
     [
      -24.636564209391988,
      56.64040319404544
     ],
     [
      -26.430288193825238,
      56.57888455302511
     ],
     [
      -28.2169700190202,
      56.491645431300064
     ],
     [
      -29.994258660227477,
      56.37888849907692
     ],
     [
      -31.75988874420077,
      56.24087261915282
     ],
     [
      -33.51169908173637,
      56.077909980091036
     ],
     [
      -35.24764896254125,
      55.89036272517148
     ],
     [
      -36.965831957379244,
      55.67863915932597
     ],
     [
      -38.664487064320674,
      55.44318962249709
     ],
     [
      -40.34200712763363,
      55.18450212059079
     ],
     [
      -41.9969445447353,
      54.90309780459243
     ],
     [
      -43.62801435478079,
      54.5995263848242
     ],
     [
      -45.23409486900343,
      54.274361561204245
     ],
     [
      -46.81422605599921,
      53.928196542270335
     ],
     [
      -48.36760593398545,
      53.56163971623525
     ],
     [
      -49.89358524681867,
      53.175310527017274
     ],
     [
      -51.39166071216318,
      52.76983559756639
     ],
     [
      -52.86146713017414,
      52.345845132344216
     ],
     [
      -54.30276863127716,
      51.903969620890564
     ],
     [
      -55.7154493241511,
      51.444836855303954
     ],
     [
      -57.09950358192128,
      50.96906926637736
     ],
     [
      -58.45502617779645,
      50.47728157617356
     ],
     [
      -59.78220245267415,
      49.97007875904049
     ],
     [
      -61.08129866806858,
      49.44805429843843
     ],
     [
      -62.35265266926357,
      48.91178872341595
     ],
     [
      -63.596664956757095,
      48.36184840603643
     ],
     [
      -64.81379023946494,
      47.79878459940791
     ],
     [
      -66.0045295211815,
      47.22313269508395
     ],
     [
      -67.16942275264122,
      46.63541167835391
     ],
     [
      -68.30904206521886,
      46.03612376021017
     ],
     [
      -69.42398558875864,
      45.425754165451636
     ],
     [
      -70.51487184505787,
      44.804771057358124
     ],
     [
      -71.5823346999171,
      44.17362558056063
     ],
     [
      -72.62701885014681,
      43.532752005060985
     ],
     [
      -73.64957581721487,
      42.88256795576109
     ],
     [
      -74.65066041605974,
      42.223474713294
     ],
     [
      -75.63092766572582,
      41.55585757336926
     ],
     [
      -76.5910301076603,
      40.88008625322128
     ],
     [
      -77.53161549753594,
      40.19651533506116
     ],
     [
      -78.45332483714031,
      39.505484737665164
     ],
     [
      -79.3567907140423,
      38.80732020837536
     ],
     [
      -80.2426359182702,
      38.10233382883813
     ],
     [
      -81.11147230700395,
      37.39082452875983
     ],
     [
      -81.96389989019923,
      36.67307860281972
     ],
     [
      -82.8005061120535,
      35.949370226650146
     ],
     [
      -83.62186530523232,
      35.21996196847851
     ],
     [
      -84.42853829675535,
      34.48510529362909
     ],
     [
      -85.22107214636041,
      33.745041059613506
     ],
     [
      -86.0,
      33.0
     ]
    ]
   },
   "properties": {
    "pair": "British\u2013Southern US",
    "cuisine_a": "British",
    "cuisine_b": "Southern US",
    "residual": 0.3264,
    "distance_km": 6599.0,
    "is_long_distance": "long-distance"
   }
  },
  {
   "type": "Feature",
   "geometry": {
    "type": "LineString",
    "coordinates": [
     [
      -51.93,
      -14.24
     ],
     [
      -48.99794589780458,
      -14.812459915108835
     ],
     [
      -46.05087007566737,
      -15.34764969997261
     ],
     [
      -43.08920220842862,
      -15.843962598517043
     ],
     [
      -40.113538142123815,
      -16.29988167401121
     ],
     [
      -37.12463750437377,
      -16.713989586587935
     ],
     [
      -34.12341881106892,
      -17.084978344452676
     ],
     [
      -31.110951959509038,
      -17.411658844679444
     ],
     [
      -28.088448066182202,
      -17.69297000889379
     ],
     [
      -25.057246685027255,
      -17.927987314624296
     ],
     [
      -22.01880052610311,
      -18.11593052549793
     ],
     [
      -18.974657881066037,
      -18.256170433297456
     ],
     [
      -15.926443046111505,
      -18.348234442310325
     ],
     [
      -12.875835110204987,
      -18.39181085106069
     ],
     [
      -9.824545541761498,
      -18.386751717639257
     ],
     [
      -6.774295056250481,
      -18.3330742312095
     ],
     [
      -3.7267902772159753,
      -18.23096055227168
     ],
     [
      -0.6837007119007535,
      -18.080756126055466
     ],
     [
      2.3533634505693657,
      -17.882966514988656
     ],
     [
      5.382872244721006,
      -17.638252835584364
     ],
     [
      8.403395117225642,
      -17.347425920481783
     ],
     [
      11.41361804574797,
      -17.01143935624282
     ],
     [
      14.412358314597746,
      -16.631381570710268
     ],
     [
      17.398576758738056,
      -16.20846715958345
     ],
     [
      20.37138737405716,
      -15.744027650132683
     ],
     [
      23.33006427485953,
      -15.239501900879466
     ],
     [
      26.274046055417216,
      -14.696426330204288
     ],
     [
      29.202937678133456,
      -14.116425155114232
     ],
     [
      32.11651006434452,
      -13.501200804908542
     ],
     [
      35.01469760397345,
      -12.8525246544317
     ],
     [
      37.89759382699906,
      -12.172228199220863
     ],
     [
      40.76544549363861,
      -11.462194771290402
     ],
     [
      43.61864536251263,
      -10.724351870579508
     ],
     [
      46.45772388849068,
      -9.960664164077576
     ],
     [
      49.283340086309146,
      -9.173127183012618
     ],
     [
      52.096271774356985,
      -8.363761728715401
     ],
     [
      54.89740538712923,
      -7.534608980166805
     ],
     [
      57.687725516499754,
      -6.687726280930726
     ],
     [
      60.46830431268859,
      -5.825183570182727
     ],
     [
      63.24029084686706,
      -4.949060411762937
     ],
     [
      66.00490050977365,
      -4.061443566443307
     ],
     [
      68.76340449530791,
      -3.1644250456748053
     ],
     [
      71.51711939537056,
      -2.260100579734183
     ],
     [
      74.26739691265863,
      -1.350568429162446
     ],
     [
      77.01561368191402,
      -0.43792846545806147
     ],
     [
      79.7631611774632,
      0.4757185550626483
     ],
     [
      82.51143567581819,
      1.3882716016597263
     ],
     [
      85.26182823668918,
      2.29762994198398
     ],
     [
      88.01571466400989,
      3.2016937557129697
     ],
     [
      90.77444541047593,
      4.098364867153817
     ],
     [
      93.53933539467226,
      4.985547674191756
     ],
     [
      96.31165370907512,
      5.861150349601967
     ],
     [
      99.0926132100353,
      6.723086388660824
     ],
     [
      101.88335999718795,
      7.56927657401854
     ],
     [
      104.68496280944304,
      8.397651424722989
     ],
     [
      107.49840238751761,
      9.206154190873331
     ],
     [
      110.32456087849123,
      9.992744448391193
     ],
     [
      113.16421138550037,
      10.75540233957567
     ],
     [
      116.0180077946599,
      11.492133494239837
     ],
     [
      118.88647504056405,
      12.200974653138756
     ],
     [
      121.77000000000001,
      12.88
     ]
    ]
   },
   "properties": {
    "pair": "Brazilian\u2013Filipino",
    "cuisine_a": "Brazilian",
    "cuisine_b": "Filipino",
    "residual": 0.3246,
    "distance_km": 19318.0,
    "is_long_distance": "long-distance"
   }
  },
  {
   "type": "Feature",
   "geometry": {
    "type": "LineString",
    "coordinates": [
     [
      78.96,
      20.589999999999996
     ],
     [
      77.77151970959373,
      21.203417913630474
     ],
     [
      76.57319417087143,
      21.808454318020768
     ],
     [
      75.3647726592807,
      22.40477342229074
     ],
     [
      74.14601618019441,
      22.992034840667923
     ],
     [
      72.91669861287303,
      23.56989373503403
     ],
     [
      71.6766079141354,
      24.138000996511956
     ],
     [
      70.4255473789074,
      24.69600346868255
     ],
     [
      69.16333695381465,
      25.24354421499049
     ],
     [
      67.88981459888365,
      25.7802628328309
     ],
     [
      66.60483769121967,
      26.30579581669806
     ],
     [
      65.308284463246,
      26.81977697261989
     ],
     [
      64.0000554667289,
      27.321837885891362
     ],
     [
      62.68007505239013,
      27.811608443852318
     ],
     [
      61.348292853442665,
      28.28871741512631
     ],
     [
      60.00468525989958,
      28.752793086343225
     ],
     [
      58.64925686903017,
      29.20346395690719
     ],
     [
      57.282041895901834,
      29.640359491841767
     ],
     [
      55.90310552659351,
      30.063110932145765
     ],
     [
      54.51254519543458,
      30.471352161428364
     ],
     [
      53.11049176656224,
      30.86472062686434
     ],
     [
      51.69711059924597,
      31.242858311725374
     ],
     [
      50.272602475852956,
      31.605412755910677
     ],
     [
      48.83720437107224,
      31.952038120029187
     ],
     [
      47.39119004112581,
      32.282396287691185
     ],
     [
      45.934870412218714,
      32.59615799976422
     ],
     [
      44.46859374845239,
      32.89300401345531
     ],
     [
      42.99274558087797,
      33.17262627821944
     ],
     [
      41.507748381316375,
      33.43472911968469
     ],
     [
      40.01406096702471,
      33.67903042205008
     ],
     [
      38.51217762523275,
      33.90526279877788
     ],
     [
      37.002626949983956,
      34.11317474088982
     ],
     [
      35.48597038754443,
      34.30253173180988
     ],
     [
      33.96280049082938,
      34.473117317493184
     ],
     [
      32.4337388877588,
      34.62473412056089
     ],
     [
      30.89943397309454,
      34.75720478733515
     ],
     [
      29.360558338021487,
      34.87037285704647
     ],
     [
      27.817805956393133,
      34.96410354307067
     ],
     [
      26.27188915104306,
      35.03828441684118
     ],
     [
      24.72353536773815,
      35.09282598606576
     ],
     [
      23.17348378809491,
      35.127662160039584
     ],
     [
      21.62248181598019,
      35.142750596168085
     ],
     [
      20.071281474473345,
      35.13807292326648
     ],
     [
      18.520635752293646,
      35.113634838756774
     ],
     [
      16.971294939637488,
      35.069466078503936
     ],
     [
      15.424002993587937,
      35.005620259681905
     ],
     [
      13.879493972649971,
      34.922174598701055
     ],
     [
      12.338488578545283,
      34.81922950782194
     ],
     [
      10.801690841220518,
      34.696908075590976
     ],
     [
      9.269784980150611,
      34.55535543762835
     ],
     [
      7.74343247154677,
      34.39473804554743
     ],
     [
      6.223269347115829,
      34.215242842865756
     ],
     [
      4.709903745681661,
      34.01707635765984
     ],
     [
      3.203913734399398,
      33.80046372240922
     ],
     [
      1.7058454115943102,
      33.5656476319619
     ],
     [
      0.21621129856612953,
      33.31288725083487
     ],
     [
      -1.2645109768702567,
      33.042457081143866
     ],
     [
      -2.735879706678569,
      32.754645802348435
     ],
     [
      -4.197489844327239,
      32.44975509371561
     ],
     [
      -5.648973471182744,
      32.1280984499668
     ],
     [
      -7.09,
      31.79
     ]
    ]
   },
   "properties": {
    "pair": "Indian\u2013Moroccan",
    "cuisine_a": "Indian",
    "cuisine_b": "Moroccan",
    "residual": 0.2633,
    "distance_km": 8463.0,
    "is_long_distance": "long-distance"
   }
  },
  {
   "type": "Feature",
   "geometry": {
    "type": "LineString",
    "coordinates": [
     [
      2.21,
      46.22999999999999
     ],
     [
      0.5312517459150061,
      46.32943991821741
     ],
     [
      -1.1528517504928963,
      46.40423076334636
     ],
     [
      -2.8408117433590916,
      46.454240333795504
     ],
     [
      -4.531102266670319,
      46.479379732876964
     ],
     [
      -6.22218079323374,
      46.479604121070594
     ],
     [
      -7.912499177083107,
      46.454913097690834
     ],
     [
      -9.600514692533494,
      46.40535070430389
     ],
     [
      -11.284700979997552,
      46.33100504982693
     ],
     [
      -12.963558711665577,
      46.232007564826105
     ],
     [
      -14.635625799075614,
      46.10853189984643
     ],
     [
      -16.299486979004815,
      45.96079248939542
     ],
     [
      -17.953782633278227,
      45.78904280923707
     ],
     [
      -19.597216721081537,
      45.59357335974428
     ],
     [
      -21.22856372809514,
      45.3747094120718
     ],
     [
      -22.846674564078914,
      45.13280855676097
     ],
     [
      -24.450481368269074,
      44.868258096048656
     ],
     [
      -26.039001209004077,
      44.58147232164664
     ],
     [
      -27.61133868940626,
      44.27288971916056
     ],
     [
      -29.166687493904966,
      43.942970138737486
     ],
     [
      -30.704330930286904,
      43.592191969111795
     ],
     [
      -32.22364153839804,
      43.22104934911799
     ],
     [
      -33.72407984939677,
      42.830049447126854
     ],
     [
      -35.205192388556384,
      42.41970983490576
     ],
     [
      -36.666609020180374,
      41.99055597826528
     ],
     [
      -38.108039735501876,
      41.54311886267823
     ],
     [
      -39.52927098385642,
      41.07793276797025
     ],
     [
      -40.930161644375396,
      40.59553320228824
     ],
     [
      -42.31063873040546,
      40.096455001935524
     ],
     [
      -43.670692912277495,
      39.58123060038134
     ],
     [
      -45.01037393637138,
      39.050388466843565
     ],
     [
      -46.32978601005362,
      38.504451712329356
     ],
     [
      -47.62908321336506,
      37.94393685889994
     ],
     [
      -48.90846498960833,
      37.369352766193984
     ],
     [
      -50.16817175847981,
      36.78119970787928
     ],
     [
      -51.40848068730233,
      36.17996858967535
     ],
     [
      -52.62970164838541,
      35.566140299869176
     ],
     [
      -53.83217338366593,
      34.94018518279539
     ],
     [
      -55.01625989162034,
      34.30256262553592
     ],
     [
      -56.182347046012545,
      33.65372074807428
     ],
     [
      -57.330839451345234,
      32.99409618728459
     ],
     [
      -58.46215753589196,
      32.32411396541033
     ],
     [
      -59.57673487986173,
      31.644187434065465
     ],
     [
      -60.675015773536956,
      30.954718285244276
     ],
     [
      -61.75745299807184,
      30.256096621333896
     ],
     [
      -62.824505819981496,
      29.54870107666466
     ],
     [
      -63.8766381891313,
      28.832898983693003
     ],
     [
      -64.91431712919258,
      28.109046577476235
     ],
     [
      -65.93801130900877,
      27.37748923265572
     ],
     [
      -66.94818978306233,
      26.638561727708723
     ],
     [
      -67.9453208892026,
      25.892588531751393
     ],
     [
      -68.92987129194144,
      25.13988410967177
     ],
     [
      -69.90230515991465,
      24.380753241839408
     ],
     [
      -70.86308346650539,
      23.615491355075264
     ],
     [
      -71.8126634031062,
      22.844384861970298
     ],
     [
      -72.7514978950333,
      22.0677115060147
     ],
     [
      -73.68003521068125,
      21.2857407103411
     ],
     [
      -74.59871865510122,
      20.498733928196692
     ],
     [
      -75.5079863397879,
      19.706944993540965
     ],
     [
      -76.40827102105933,
      18.91062047042042
     ],
     [
      -77.3,
      18.11
     ]
    ]
   },
   "properties": {
    "pair": "French\u2013Jamaican",
    "cuisine_a": "French",
    "cuisine_b": "Jamaican",
    "residual": 0.2549,
    "distance_km": 7769.0,
    "is_long_distance": "long-distance"
   }
  },
  {
   "type": "Feature",
   "geometry": {
    "type": "LineString",
    "coordinates": [
     [
      121.77000000000001,
      12.88
     ],
     [
      121.54634752467855,
      12.90549191115519
     ],
     [
      121.32264961452827,
      12.93079372554692
     ],
     [
      121.09890650937481,
      12.95590501894192
     ],
     [
      120.87511845200063,
      12.980825369984244
     ],
     [
      120.65128568813236,
      13.005554360208777
     ],
     [
      120.42740846642816,
      13.03009157405466
     ],
     [
      120.20348703846462,
      13.054436598878684
     ],
     [
      119.9795216587236,
      13.07858902496864
     ],
     [
      119.75551258457867,
      13.102548445556572
     ],
     [
      119.53146007628142,
      13.12631445683206
     ],
     [
      119.30736439694742,
      13.149886657955365
     ],
     [
      119.08322581254208,
      13.173264651070564
     ],
     [
      118.85904459186611,
      13.196448041318623
     ],
     [
      118.63482100654078,
      13.219436436850408
     ],
     [
      118.41055533099309,
      13.242229448839627
     ],
     [
      118.18624784244044,
      13.264826691495742
     ],
     [
      117.9618988208752,
      13.28722778207677
     ],
     [
      117.7375085490491,
      13.309432340902077
     ],
     [
      117.51307731245726,
      13.331439991365064
     ],
     [
      117.28860539932204,
      13.353250359945818
     ],
     [
      117.06409310057659,
      13.374863076223653
     ],
     [
      116.83954070984822,
      13.396277772889652
     ],
     [
      116.61494852344158,
      13.417494085759069
     ],
     [
      116.39031684032146,
      13.438511653783703
     ],
     [
      116.16564596209551,
      13.459330119064195
     ],
     [
      115.94093619299655,
      13.479949126862218
     ],
     [
      115.71618783986482,
      13.500368325612655
     ],
     [
      115.4914012121299,
      13.52058736693564
     ],
     [
      115.26657662179244,
      13.540605905648558
     ],
     [
      115.04171438340553,
      13.560423599777955
     ],
     [
      114.8168148140561,
      13.58004011057136
     ],
     [
      114.59187823334584,
      13.599455102509062
     ],
     [
      114.36690496337197,
      13.618668243315753
     ],
     [
      114.14189532870785,
      13.637679203972125
     ],
     [
      113.91684965638326,
      13.656487658726364
     ],
     [
      113.69176827586462,
      13.675093285105586
     ],
     [
      113.46665151903468,
      13.693495763927142
     ],
     [
      113.24149972017237,
      13.711694779309875
     ],
     [
      113.01631321593214,
      13.729690018685261
     ],
     [
      112.79109234532315,
      13.747481172808484
     ],
     [
      112.56583744968839,
      13.765067935769395
     ],
     [
      112.34054887268336,
      13.782450005003382
     ],
     [
      112.11522696025463,
      13.79962708130217
     ],
     [
      111.8898720606183,
      13.8165988688245
     ],
     [
      111.66448452423802,
      13.833365075106718
     ],
     [
      111.43906470380301,
      13.849925411073274
     ],
     [
      111.21361295420573,
      13.866279591047102
     ],
     [
      110.9881296325194,
      13.882427332759939
     ],
     [
      110.76261509797534,
      13.898368357362495
     ],
     [
      110.53706971193999,
      13.914102389434564
     ],
     [
      110.31149383789196,
      13.929629156994999
     ],
     [
      110.08588784139855,
      13.944948391511595
     ],
     [
      109.86025209009236,
      13.96005982791088
     ],
     [
      109.63458695364757,
      13.97496320458778
     ],
     [
      109.40889280375607,
      13.989658263415178
     ],
     [
      109.18317001410331,
      14.004144749753372
     ],
     [
      108.95741896034407,
      14.01842241245943
     ],
     [
      108.73164002007799,
      14.03249100389641
     ],
     [
      108.50583357282491,
      14.046350279942498
     ],
     [
      108.28,
      14.06
     ]
    ]
   },
   "properties": {
    "pair": "Filipino\u2013Vietnamese",
    "cuisine_a": "Filipino",
    "cuisine_b": "Vietnamese",
    "residual": 0.2546,
    "distance_km": 1464.0,
    "is_long_distance": "regional"
   }
  },
  {
   "type": "Feature",
   "geometry": {
    "type": "LineString",
    "coordinates": [
     [
      -91.2,
      30.5
     ],
     [
      -90.19130883405175,
      31.298799066959603
     ],
     [
      -89.16545868616507,
      32.089581172178946
     ],
     [
      -88.12179337077966,
      32.87195279997527
     ],
     [
      -87.05965039269647,
      33.64550456791858
     ],
     [
      -85.97836263280294,
      34.40981067209926
     ],
     [
      -84.87726034093943,
      35.16442836018319
     ],
     [
      -83.75567346658164,
      35.908897441323276
     ],
     [
      -82.61293435888773,
      36.64273984329058
     ],
     [
      -81.44838086801238,
      37.36545922857265
     ],
     [
      -80.261359879266,
      38.07654068265121
     ],
     [
      -79.05123131051316,
      38.77545048919371
     ],
     [
      -77.81737260095868,
      39.46163600844904
     ],
     [
      -76.55918371593691,
      40.134525676688405
     ],
     [
      -75.27609268726233,
      40.79352914603169
     ],
     [
      -73.96756170186801,
      41.43803758538876
     ],
     [
      -72.63309374260852,
      42.06742416445065
     ],
     [
      -71.27223977400809,
      42.6810447436016
     ],
     [
      -69.88460645219975,
      43.278238793191456
     ],
     [
      -68.46986432219721,
      43.85833056569172
     ],
     [
      -67.02775644692565,
      44.42063054373967
     ],
     [
      -65.55810739118724,
      44.96443718581566
     ],
     [
      -64.06083246018947,
      45.48903898917126
     ],
     [
      -62.53594706684298,
      45.9937168864965
     ],
     [
      -60.98357607539224,
      46.47774698857129
     ],
     [
      -59.40396294197497,
      46.94040367969868
     ],
     [
      -57.79747844657589,
      47.38096306601346
     ],
     [
      -56.16462878696518,
      47.798706768801004
     ],
     [
      -54.50606278523479,
      48.19292604581397
     ],
     [
      -52.82257794328089,
      48.562926213385985
     ],
     [
      -51.11512507691402,
      48.90803133114647
     ],
     [
      -49.38481126105131,
      49.2275890996748
     ],
     [
      -47.63290083228868,
      49.52097590991601
     ],
     [
      -45.860814221318236,
      49.78760197213164
     ],
     [
      -44.07012442683183,
      50.02691644215181
     ],
     [
      -42.26255099468127,
      50.238412454345884
     ],
     [
      -40.439951430221136,
      50.42163196465362
     ],
     [
      -38.60431004605492,
      50.5761703037829
     ],
     [
      -36.75772432900384,
      50.70168034075767
     ],
     [
      -34.90238899532815,
      50.79787616071585
     ],
     [
      -33.040577987706044,
      50.8645361683519
     ],
     [
      -31.17462474650443,
      50.90150553959272
     ],
     [
      -29.306901156744523,
      50.908697958677834
     ],
     [
      -27.43979562655431,
      50.886096595246485
     ],
     [
      -25.575690789271224,
      50.83375429557863
     ],
     [
      -23.716941337287686,
      50.75179298290289
     ],
     [
      -21.865852490144604,
      50.6404022826935
     ],
     [
      -20.024659572651252,
      50.499837409130265
     ],
     [
      -18.195509132738838,
      50.33041636745046
     ],
     [
      -16.38044196637673,
      50.13251654295902
     ],
     [
      -14.581378342182157,
      49.906570760346895
     ],
     [
      -12.800105635910807,
      49.65306290627216
     ],
     [
      -11.038268499586827,
      49.372523213693526
     ],
     [
      -9.297361606181942,
      49.06552330825096
     ],
     [
      -7.578724932521645,
      48.73267111529976
     ],
     [
      -5.883541473751894,
      48.37460572143439
     ],
     [
      -4.212837224590248,
      47.99199227701144
     ],
     [
      -2.567483217098624,
      47.585517016896944
     ],
     [
      -0.9481993723111241,
      47.15588246604191
     ],
     [
      0.6444400966162304,
      46.70380288513097
     ],
     [
      2.21,
      46.22999999999999
     ]
    ]
   },
   "properties": {
    "pair": "Cajun-Creole\u2013French",
    "cuisine_a": "Cajun-Creole",
    "cuisine_b": "French",
    "residual": 0.2282,
    "distance_km": 7858.0,
    "is_long_distance": "long-distance"
   }
  },
  {
   "type": "Feature",
   "geometry": {
    "type": "LineString",
    "coordinates": [
     [
      -51.93,
      -14.24
     ],
     [
      -49.309039860892895,
      -13.909825964737362
     ],
     [
      -46.69586252892086,
      -13.55176145892687
     ],
     [
      -44.090839815878056,
      -13.166634895949382
     ],
     [
      -41.49427152682264,
      -12.755327066180058
     ],
     [
      -38.90638416393241,
      -12.318767358130977
     ],
     [
      -36.327330385034436,
      -11.857929985878013
     ],
     [
      -33.75718917486616,
      -11.37383026433669
     ],
     [
      -31.195966678966755,
      -10.867520969623582
     ],
     [
      -28.643597644161936,
      -10.34008881696828
     ],
     [
      -26.099947405824878,
      -9.792651083591263
     ],
     [
      -23.564814360329773,
      -9.226352398789926
     ],
     [
      -21.037932861163483,
      -8.642361718315385
     ],
     [
      -18.5189764787888,
      -8.041869495093447
     ],
     [
      -16.007561567293415,
      -7.426085053538851
     ],
     [
      -13.503251084845271,
      -6.796234170206195
     ],
     [
      -11.005558619733153,
      -6.1535568593658105
     ],
     [
      -8.51395257904834,
      -5.499305358320813
     ],
     [
      -6.027860502621335,
      -4.83474230391029
     ],
     [
      -3.546673470450986,
      -4.161139088672868
     ],
     [
      -1.0697505773711888,
      -3.4797743825686136
     ],
     [
      1.4035765460723,
      -2.7919328039556714
     ],
     [
      3.873999182742794,
      -2.0989037216706476
     ],
     [
      6.342226959938851,
      -1.4019801685414324
     ],
     [
      8.808983270535224,
      -0.7024578454435748
     ],
     [
      11.275000689419418,
      -0.00163419407004558
     ],
     [
      13.74101638809311,
      0.699192484100521
     ],
     [
      16.207767548748215,
      1.3987238855989437
     ],
     [
      18.675986778342434,
      2.0956625627065857
     ],
     [
      21.14639752319607,
      2.7887128043252276
     ],
     [
      23.619709485414475,
      3.4765815629391774
     ],
     [
      26.096614043997633,
      4.157979450187346
     ],
     [
      28.577779685803574,
      4.8316218228789305
     ],
     [
      31.063847454560424,
      5.496229980346849
     ],
     [
      33.55542642981561,
      6.1505324928164
     ],
     [
      36.05308925200928,
      6.793266678948238
     ],
     [
      38.557367714674186,
      7.423180248868142
     ],
     [
      41.06874844999464,
      8.039033126797602
     ],
     [
      43.587668739457804,
      8.639599464822876
     ],
     [
      46.11451248695979,
      9.223669856373201
     ],
     [
      48.649606397283875,
      9.790053754608087
     ],
     [
      51.19321640814863,
      10.337582097144052
     ],
     [
      53.74554442878507,
      10.865110134397748
     ],
     [
      56.30672544199173,
      11.37152045431777
     ],
     [
      58.87682502956417,
      11.855726191475187
     ],
     [
      61.455837382628125,
      12.31667440345363
     ],
     [
      64.04368385846493,
      12.753349592321158
     ],
     [
      66.64021214365808,
      13.16477734379217
     ],
     [
      69.24519607962127,
      13.550028051637893
     ],
     [
      71.85833620064118,
      13.90822069012945
     ],
     [
      74.47926102642155,
      14.23852659296869
     ],
     [
      77.10752914076595,
      14.54017319344855
     ],
     [
      79.74263207561289,
      14.812447677662789
     ],
     [
      82.38399800536585,
      15.054700500613928
     ],
     [
      85.03099624068882,
      15.266348714194995
     ],
     [
      87.682942494111,
      15.446879056357698
     ],
     [
      90.33910487244123,
      15.595850752406696
     ],
     [
      92.99871053374216,
      15.712897982307654
     ],
     [
      95.66095293010972,
      15.79773197214819
     ],
     [
      98.3249995424021,
      15.850142673372916
     ],
     [
      100.99000000000001,
      15.87
     ]
    ]
   },
   "properties": {
    "pair": "Brazilian\u2013Thai",
    "cuisine_a": "Brazilian",
    "cuisine_b": "Thai",
    "residual": 0.2208,
    "distance_km": 17104.0,
    "is_long_distance": "long-distance"
   }
  },
  {
   "type": "Feature",
   "geometry": {
    "type": "LineString",
    "coordinates": [
     [
      -3.44,
      55.38000000000001
     ],
     [
      -3.3253995202949325,
      55.23000248310323
     ],
     [
      -3.211660404883499,
      55.07989839375817
     ],
     [
      -3.0987720320583976,
      54.92968912035841
     ],
     [
      -2.986723939520408,
      54.77937602869439
     ],
     [
      -2.875505821622988,
      54.62896046239354
     ],
     [
      -2.765107526666863,
      54.47844374335082
     ],
     [
      -2.655519054243765,
      54.32782717214952
     ],
     [
      -2.5467305526285333,
      54.17711202847323
     ],
     [
      -2.4387323162187338,
      54.02629957150838
     ],
     [
      -2.331514783021025,
      53.87539104033844
     ],
     [
      -2.225068532183461,
      53.724387654329085
     ],
     [
      -2.119384281572941,
      53.573290613505385
     ],
     [
      -2.0144528853970285,
      53.422101098920514
     ],
     [
      -1.9102653318693728,
      53.27082027301668
     ],
     [
      -1.8068127409179504,
      53.11944927997815
     ],
     [
      -1.7040863619353928,
      52.96798924607669
     ],
     [
      -1.6020775715706328,
      52.81644128000951
     ],
     [
      -1.5007778715611428,
      52.664806473230136
     ],
     [
      -1.4001788866050382,
      52.513085900271996
     ],
     [
      -1.3002723622723111,
      52.361280619065155
     ],
     [
      -1.201050162954501,
      52.20939167124634
     ],
     [
      -1.1025042698520942,
      52.05742008246229
     ],
     [
      -1.004626778998961,
      51.905366862666796
     ],
     [
      -0.9074098993231509,
      51.75323300641116
     ],
     [
      -0.8108459507433764,
      51.601019493128895
     ],
     [
      -0.7149273623005227,
      51.448727287414144
     ],
     [
      -0.6196466703235348,
      51.29635733929426
     ],
     [
      -0.5249965166290359,
      51.143910584496844
     ],
     [
      -0.43096964675405813,
      50.99138794471097
     ],
     [
      -0.3375589082212464,
      50.838790327843014
     ],
     [
      -0.24475724883594618,
      50.686118628267316
     ],
     [
      -0.15255771501455653,
      50.53337372707128
     ],
     [
      -0.060953450143567796,
      50.380556492295746
     ],
     [
      0.030062307031295678,
      50.22766777917009
     ],
     [
      0.12049622398641335,
      50.07470843034275
     ],
     [
      0.21035487597262123,
      49.92167927610665
     ],
     [
      0.29964474753916515,
      49.76858113462035
     ],
     [
      0.38837223402976095,
      49.615414812124364
     ],
     [
      0.4765436430513266,
      49.46218110315323
     ],
     [
      0.5641651959158805,
      49.308880790743196
     ],
     [
      0.6512430290561446,
      49.155514646635595
     ],
     [
      0.7377831954153358,
      49.00208343147625
     ],
     [
      0.8237916658116566,
      48.84858789501067
     ],
     [
      0.9092743302779596,
      48.69502877627538
     ],
     [
      0.994236999377075,
      48.541406803785385
     ],
     [
      1.0786854054932529,
      48.387722695717905
     ],
     [
      1.1626252041001994,
      48.233977160092216
     ],
     [
      1.2460619750061446,
      48.080170894946214
     ],
     [
      1.3290012235763857,
      47.92630458850916
     ],
     [
      1.4114483819337507,
      47.77237891937111
     ],
     [
      1.4934088101373932,
      47.61839455664901
     ],
     [
      1.5748877973403494,
      47.46435216014934
     ],
     [
      1.6558905629262588,
      47.31025238052778
     ],
     [
      1.7364222576256603,
      47.156095859445465
     ],
     [
      1.816487964612243,
      47.00188322972237
     ],
     [
      1.896092700579459,
      46.84761511548748
     ],
     [
      1.9752414167978567,
      46.693292132326306
     ],
     [
      2.053939000153525,
      46.53891488742517
     ],
     [
      2.132190274168,
      46.384483979712975
     ],
     [
      2.21,
      46.22999999999999
     ]
    ]
   },
   "properties": {
    "pair": "British\u2013French",
    "cuisine_a": "British",
    "cuisine_b": "French",
    "residual": 0.2137,
    "distance_km": 1091.0,
    "is_long_distance": "regional"
   }
  },
  {
   "type": "Feature",
   "geometry": {
    "type": "LineString",
    "coordinates": [
     [
      104.2,
      35.85999999999999
     ],
     [
      104.75381467443216,
      35.945043547365096
     ],
     [
      105.30880476955501,
      36.027537709747165
     ],
     [
      105.86494026972645,
      36.10746940307541
     ],
     [
      106.42219046361289,
      36.18482587702023
     ],
     [
      106.98052395691676,
      36.25959472340672
     ],
     [
      107.5399086859914,
      36.33176388449142
     ],
     [
      108.10031193233867,
      36.40132166108925
     ],
     [
      108.66170033798178,
      36.46825672053848
     ],
     [
      109.22403992170479,
      36.532558104490846
     ],
     [
      109.78729609614714,
      36.594215236514906
     ],
     [
      110.35143368574042,
      36.65321792949992
     ],
     [
      110.91641694547157,
      36.70955639284843
     ],
     [
      111.4822095804556,
      36.76322123944559
     ],
     [
      112.04877476629785,
      36.81420349239363
     ],
     [
      112.61607517022452,
      36.862494591500095
     ],
     [
      113.18407297295771,
      36.90808639950848
     ],
     [
      113.75272989130957,
      36.9509712080611
     ],
     [
      114.3220072014678,
      36.99114174338325
     ],
     [
      114.89186576294308,
      37.02859117167894
     ],
     [
      115.46226604314752,
      37.0633131042286
     ],
     [
      116.03316814257042,
      37.095301602179696
     ],
     [
      116.60453182051718,
      37.124551181021616
     ],
     [
      117.176316521375,
      37.1510568147366
     ],
     [
      117.74848140136692,
      37.174813939619455
     ],
     [
      118.32098535575572,
      37.195818457758726
     ],
     [
      118.89378704645661,
      37.2140667401732
     ],
     [
      119.46684493001703,
      37.22955562959775
     ],
     [
      120.04011728592077,
      37.24228244291342
     ],
     [
      120.61356224517252,
      37.252244973217245
     ],
     [
      121.18713781911832,
      37.259441491527944
     ],
     [
      121.7608019284563,
      37.26387074812418
     ],
     [
      122.334512432392,
      37.26553197351302
     ],
     [
      122.90822715789203,
      37.26442487902675
     ],
     [
      123.48190392898887,
      37.26054965704676
     ],
     [
      124.05550059609067,
      37.25390698085435
     ],
     [
      124.62897506524875,
      37.244498004108465
     ],
     [
      125.20228532733638,
      37.232324359951576
     ],
     [
      125.77538948709213,
      37.217388159745184
     ],
     [
      126.3482457919821,
      37.19969199143746
     ],
     [
      126.9208126608352,
      37.179238917566096
     ],
     [
      127.49304871220706,
      37.156032472899874
     ],
     [
      128.06491279242812,
      37.13007666172372
     ],
     [
      128.6363640032933,
      37.10137595477197
     ],
     [
      129.20736172935077,
      37.06993528581561
     ],
     [
      129.77786566474956,
      37.03576004790989
     ],
     [
      130.34783583960592,
      36.998856089308994
     ],
     [
      130.91723264585048,
      36.95922970905548
     ],
     [
      131.48601686251988,
      36.91688765225209
     ],
     [
      132.05414968045724,
      36.87183710502491
     ],
     [
      132.62159272638863,
      36.82408568918645
     ],
     [
      133.18830808634337,
      36.77364145660843
     ],
     [
      133.75425832838891,
      36.720512883313994
     ],
     [
      134.31940652465187,
      36.66470886329969
     ],
     [
      134.88371627259957,
      36.60623870209799
     ],
     [
      135.44715171555785,
      36.5451121100912
     ],
     [
      136.00967756244358,
      36.481339195588234
     ],
     [
      136.57125910669123,
      36.41493045767575
     ],
     [
      137.13186224435637,
      36.34589677885558
     ],
     [
      137.69145349137997,
      36.27424941748042
     ],
     [
      138.25,
      36.20000000000001
     ]
    ]
   },
   "properties": {
    "pair": "Chinese\u2013Japanese",
    "cuisine_a": "Chinese",
    "cuisine_b": "Japanese",
    "residual": 0.207,
    "distance_km": 3046.0,
    "is_long_distance": "regional"
   }
  },
  {
   "type": "Feature",
   "geometry": {
    "type": "LineString",
    "coordinates": [
     [
      2.21,
      46.22999999999999
     ],
     [
      0.7427056323524548,
      46.65061456868328
     ],
     [
      -0.7470623102262604,
      47.052182674395134
     ],
     [
      -2.2588771439778768,
      47.434144087395545
     ],
     [
      -3.7922094435385674,
      47.79594643956997
     ],
     [
      -5.346423309420426,
      48.137048188129185
     ],
     [
      -6.920773521602709,
      48.4569217326612
     ],
     [
      -8.514403725726527,
      48.755056656807966
     ],
     [
      -10.126345790629946,
      49.030963059966695
     ],
     [
      -11.755520462435754,
      49.284174938782996
     ],
     [
      -13.400739420830583,
      49.514253573060174
     ],
     [
      -15.060708817559433,
      49.72079086632323
     ],
     [
      -16.734034345853836,
      49.90341258791161
     ],
     [
      -18.41922785323549,
      50.061781461385436
     ],
     [
      -20.11471546999055,
      50.19560004343063
     ],
     [
      -21.818847183044088,
      50.30461333850777
     ],
     [
      -23.529907741727076,
      50.38861109730518
     ],
     [
      -25.246128739969517,
      50.44742975164501
     ],
     [
      -26.965701680807562,
      50.480953944779934
     ],
     [
      -28.68679179574221,
      50.48911762384052
     ],
     [
      -30.407552365216922,
      50.47190467029708
     ],
     [
      -32.12613926874248,
      50.42934905435367
     ],
     [
      -33.84072548498951,
      50.36153450980888
     ],
     [
      -35.54951526396189,
      50.268593736673495
     ],
     [
      -37.250757705053196,
      50.15070714929886
     ],
     [
      -38.94275949571132,
      50.00810119752697
     ],
     [
      -40.62389659441744,
      49.84104629705322
     ],
     [
      -42.2926246771426,
      49.64985441249439
     ],
     [
      -43.94748820650648,
      49.434876342349924
     ],
     [
      -45.58712802550814,
      49.196498759004626
     ],
     [
      -47.21028742091293,
      48.935141059104104
     ],
     [
      -48.81581664326855,
      48.65125208008606
     ],
     [
      -50.40267590943921,
      48.34530673749893
     ],
     [
      -51.969936948157226,
      48.0178026351671
     ],
     [
      -53.51678317843001,
      47.66925669650367
     ],
     [
      -55.04250863412281,
      47.30020186058508
     ],
     [
      -56.54651576543753,
      46.91118388125415
     ],
     [
      -58.02831225943098,
      46.50275826177292
     ],
     [
      -59.48750702752824,
      46.07548735164273
     ],
     [
      -60.92380550876753,
      45.62993762636596
     ],
     [
      -62.33700443397216,
      45.166677165314425
     ],
     [
      -63.726986188972255,
      44.68627333764034
     ],
     [
      -65.09371290520137,
      44.18929070141822
     ],
     [
      -66.43722039425006,
      43.67628911700731
     ],
     [
      -67.75761202999061,
      43.14782207201162
     ],
     [
      -69.05505266832864,
      42.60443521219394
     ],
     [
      -70.32976268102328,
      42.04666507025834
     ],
     [
      -71.5820121667847,
      41.475037982518934
     ],
     [
      -72.81211539033406,
      40.89006918207852
     ],
     [
      -74.02042548853937,
      40.29226205619432
     ],
     [
      -75.20732947227285,
      39.68210755495515
     ],
     [
      -76.37324354335708,
      39.06008373817529
     ],
     [
      -77.51860873790257,
      38.42665544747001
     ],
     [
      -78.64388690046673,
      37.78227409076285
     ],
     [
      -79.74955698773005,
      37.127377526935064
     ],
     [
      -80.83611169570716,
      36.46239003892273
     ],
     [
      -81.90405440079567,
      35.78772238425401
     ],
     [
      -82.95389640210892,
      35.10377191277066
     ],
     [
      -83.9861544504354,
      34.41092274206053
     ],
     [
      -85.00134854771284,
      33.70954598192578
     ],
     [
      -86.0,
      33.0
     ]
    ]
   },
   "properties": {
    "pair": "French\u2013Southern US",
    "cuisine_a": "French",
    "cuisine_b": "Southern US",
    "residual": 0.2043,
    "distance_km": 7306.0,
    "is_long_distance": "long-distance"
   }
  },
  {
   "type": "Feature",
   "geometry": {
    "type": "LineString",
    "coordinates": [
     [
      -8.24,
      53.41
     ],
     [
      -7.4110484740162805,
      54.15894062675621
     ],
     [
      -6.551663387394306,
      54.90197919546614
     ],
     [
      -5.660103273315253,
      55.63872654094695
     ],
     [
      -4.734523668874362,
      56.36876302160146
     ],
     [
      -3.772973338133564,
      57.091635934111046
     ],
     [
      -2.7733911552451986,
      57.80685673797461
     ],
     [
      -1.7336039127403309,
      58.513898089324805
     ],
     [
      -0.65132538278243,
      59.21219068852658
     ],
     [
      0.4758429673323877,
      59.90111995291199
     ],
     [
      1.6504091193187902,
      60.58002253505846
     ],
     [
      2.8749849254420488,
      61.248182718760916
     ],
     [
      4.152277118794798,
      61.9048287398247
     ],
     [
      5.485074109507387,
      62.54912909758491
     ],
     [
      6.876227646934793,
      63.18018894620207
     ],
     [
      8.328628315434589,
      63.797046682778756
     ],
     [
      9.8451737353759,
      64.39867088249582
     ],
     [
      11.428728278278673,
      64.98395776926631
     ],
     [
      13.082073098299846,
      65.55172945331478
     ],
     [
      14.807845361192372,
      66.10073321329696
     ],
     [
      16.60846575254625,
      66.62964214768998
     ],
     [
      18.486053711021295,
      67.13705756439614
     ],
     [
      20.442330402674987,
      67.62151351328879
     ],
     [
      22.478510268174233,
      68.08148388633721
     ],
     [
      24.595183060141856,
      68.51539250464266
     ],
     [
      26.79218963976635,
      68.92162657043853
     ],
     [
      29.068496372564773,
      69.29855377368204
     ],
     [
      31.422074644599288,
      69.64454319751823
     ],
     [
      33.84979363152864,
      69.95798995878803
     ],
     [
      36.347335739146246,
      70.23734325012441
     ],
     [
      38.90914478568229,
      70.48113713056736
     ],
     [
      41.528416690987754,
      70.6880230662001
     ],
     [
      44.19714090964802,
      70.85680288826224
     ],
     [
      46.90619796854794,
      70.98646056098323
     ],
     [
      49.64551433986645,
      71.07619098624453
     ],
     [
      52.40427086184154,
      71.12542406238222
     ],
     [
      55.17115563048624,
      71.13384238808055
     ],
     [
      57.93464750897114,
      71.10139136064716
     ],
     [
      60.683312929365634,
      71.02828093072846
     ],
     [
      63.406097110231066,
      70.91497888345042
     ],
     [
      66.09259146837607,
      70.76219614095751
     ],
     [
      68.73326174282654,
      70.57086514182754
     ],
     [
      71.31962567844546,
      70.34211278022993
     ],
     [
      73.84437429410679,
      70.07722963899612
     ],
     [
      76.30143597752296,
      69.77763731444982
     ],
     [
      78.68598720416755,
      69.44485552491649
     ],
     [
      80.99441709653081,
      69.08047045882911
     ],
     [
      83.22425511903361,
      68.68610550237729
     ],
     [
      85.37407198641425,
      68.26339514071242
     ],
     [
      87.44336356812605,
      67.81396249278815
     ],
     [
      89.43242650684023,
      67.33940064762716
     ],
     [
      91.34223275717265,
      66.8412577356967
     ],
     [
      93.1743085720416,
      66.32102549826423
     ],
     [
      94.93062183067262,
      65.7801310067676
     ],
     [
      96.61348015140035,
      65.21993112486423
     ],
     [
      98.2254410347198,
      64.64170928706417
     ],
     [
      99.76923435699634,
      64.04667417860654
     ],
     [
      101.24769686799634,
      63.43595993150061
     ],
     [
      102.66371790164013,
      62.810627493172085
     ],
     [
      104.02019524671904,
      62.171666870628385
     ],
     [
      105.32000000000001,
      61.52
     ]
    ]
   },
   "properties": {
    "pair": "Irish\u2013Russian",
    "cuisine_a": "Irish",
    "cuisine_b": "Russian",
    "residual": 0.1929,
    "distance_km": 5970.0,
    "is_long_distance": "long-distance"
   }
  },
  {
   "type": "Feature",
   "geometry": {
    "type": "LineString",
    "coordinates": [
     [
      -91.2,
      30.5
     ],
     [
      -90.06064488338352,
      31.389397047800614
     ],
     [
      -88.89962776682222,
      32.26852867534064
     ],
     [
      -87.71603549870176,
      33.13683298239151
     ],
     [
      -86.50894723394462,
      33.993723001916194
     ],
     [
      -85.2774377144315,
      34.838585782775034
     ],
     [
      -84.02058118143603,
      35.6707815403013
     ],
     [
      -82.73745598643075,
      36.489642896502055
     ],
     [
      -81.42714996748151,
      37.29447423490545
     ],
     [
      -80.08876665752335,
      38.08455119854498
     ],
     [
      -78.72143238757248,
      38.85912036318728
     ],
     [
      -77.32430434177476,
      39.61739912158812
     ],
     [
      -75.89657961145714,
      40.35857581818395
     ],
     [
      -74.43750528132696,
      41.081810177043735
     ],
     [
      -72.94638956194163,
      41.7862340689212
     ],
     [
      -71.42261395786075,
      42.47095266562713
     ],
     [
      -69.86564642991645,
      43.135046031400165
     ],
     [
      -68.27505547238849,
      43.777571201169096
     ],
     [
      -66.65052498142718,
      44.397564794208705
     ],
     [
      -64.99186974010345,
      44.99404620831082
     ],
     [
      -63.29905128877253,
      45.5660214338334
     ],
     [
      -61.57219388845829,
      46.1124875184893
     ],
     [
      -59.81160022189124,
      46.632437702186394
     ],
     [
      -58.01776641468377,
      47.12486722642714
     ],
     [
      -56.1913959017602,
      47.58877980466921
     ],
     [
      -54.33341161619213,
      48.02319471878444
     ],
     [
      -52.44496594421769,
      48.42715448273713
     ],
     [
      -50.52744787689512,
      48.79973298851951
     ],
     [
      -48.58248680081969,
      49.14004402223424
     ],
     [
      -46.61195241212534,
      49.44725001129924
     ],
     [
      -44.61795031270658,
      49.72057083863191
     ],
     [
      -42.60281295630324,
      49.95929253809063
     ],
     [
      -40.56908575324209,
      50.16277566921269
     ],
     [
      -38.51950831169675,
      50.33046316010203
     ],
     [
      -36.456990982698294,
      50.461887406629025
     ],
     [
      -34.38458707538624,
      50.556676424907664
     ],
     [
      -32.30546130558772,
      50.61455887271189
     ],
     [
      -30.22285522110566,
      50.63536778377329
     ],
     [
      -28.14005049765772,
      50.61904289570638
     ],
     [
      -26.06033110842946,
      50.565631495859584
     ],
     [
      -23.986945428843008,
      50.47528775733048
     ],
     [
      -21.923069341534372,
      50.348270586949305
     ],
     [
      -19.87177135439816,
      50.184940055323004
     ],
     [
      -17.83598064122189,
      49.98575252324961
     ],
     [
      -15.818458768310169,
      49.751254616539555
     ],
     [
      -13.821775693101428,
      49.48207623066074
     ],
     [
      -11.848290425419822,
      49.17892276651036
     ],
     [
      -9.900136542368148,
      48.84256680860571
     ],
     [
      -7.979212556700313,
      48.47383945740019
     ],
     [
      -6.087176966528529,
      48.073621519200756
     ],
     [
      -4.22544766939376,
      47.64283474168958
     ],
     [
      -2.395205310965373,
      47.182433262022826
     ],
     [
      -0.5974000598237673,
      46.69339540969347
     ],
     [
      1.1672387458569025,
      46.17671597956082
     ],
     [
      2.8981906492715743,
      45.633399063253734
     ],
     [
      4.595130382596345,
      45.06445150088493
     ],
     [
      6.2579129590120175,
      44.47087699070347
     ],
     [
      7.886558030412992,
      43.85367087269111
     ],
     [
      9.48123393558567,
      43.213815583605935
     ],
     [
      11.04224180184763,
      42.552276765774685
     ],
     [
      12.569999999999999,
      41.87
     ]
    ]
   },
   "properties": {
    "pair": "Cajun-Creole\u2013Italian",
    "cuisine_a": "Cajun-Creole",
    "cuisine_b": "Italian",
    "residual": 0.1875,
    "distance_km": 8815.0,
    "is_long_distance": "long-distance"
   }
  },
  {
   "type": "Feature",
   "geometry": {
    "type": "MultiLineString",
    "coordinates": [
     [
      [
       -102.55,
       23.63
      ],
      [
       -102.92744685504555,
       25.12329309419891
      ],
      [
       -103.31423289232464,
       26.615606721900026
      ],
      [
       -103.71124735847307,
       28.106846882902403
      ],
      [
       -104.11945333490665,
       29.59691161590589
      ],
      [
       -104.53989742540952,
       31.085689934674846
      ],
      [
       -104.97372081563145,
       32.57306060908677
      ],
      [
       -105.4221719454909,
       34.05889076289131
      ],
      [
       -105.88662108259105,
       35.54303425423895
      ],
      [
       -106.36857714231496,
       37.02532979791483
      ],
      [
       -106.86970717078937,
       38.50559877938022
      ],
      [
       -107.39185899356664,
       39.983642699721514
      ],
      [
       -107.93708763966028,
       41.459240176845135
      ],
      [
       -108.5076862825012,
       42.93214341096475
      ],
      [
       -109.10622260277701,
       44.402074000601175
      ],
      [
       -109.7355816808869,
       45.868717967636606
      ],
      [
       -110.39901677876989,
       47.331719814703035
      ],
      [
       -111.10020968435876,
       48.7906753930483
      ],
      [
       -111.843342681788,
       50.24512330098782
      ],
      [
       -112.63318469454941,
       51.694534458094736
      ],
      [
       -113.47519474756047,
       53.13829940307819
      ],
      [
       -114.37564662975575,
       54.575712736774776
      ],
      [
       -115.34177953234672,
       56.00595396649312
      ],
      [
       -116.38198050294778,
       57.42806379185133
      ],
      [
       -117.50600578590574,
       58.84091458937627
      ],
      [
       -118.72524946323385,
       60.24317348344264
      ],
      [
       -120.05306912611864,
       61.633255910300136
      ],
      [
       -121.50517927439418,
       63.00926696268197
      ],
      [
       -123.10012310809633,
       64.36892701915446
      ],
      [
       -124.8598310793244,
       65.7094772026462
      ],
      [
       -126.81026766529259,
       67.02755910396705
      ],
      [
       -128.98215207597855,
       68.31906207139302
      ],
      [
       -131.4117066846212,
       69.57893053523873
      ],
      [
       -134.1413267550059,
       70.80092404956376
      ],
      [
       -137.2199580838946,
       71.97732551325386
      ],
      [
       -140.70279137484036,
       73.09860124518929
      ],
      [
       -144.64961282829276,
       74.15303511389922
      ],
      [
       -149.12080352681295,
       75.12639484283505
      ],
      [
       -154.16967965404183,
       76.0017490665632
      ],
      [
       -159.82997409644074,
       76.75963746376344
      ],
      [
       -166.09847347291765,
       77.37887437676908
      ],
      [
       -172.91589332334826,
       77.83825688400646
      ],
      [
       -180,
       78.11326007393522
      ]
     ],
     [
      [
       180,
       78.11326007393522
      ],
      [
       179.8463745105769,
       78.11922377572206
      ],
      [
       172.38317764044828,
       78.20901144245147
      ],
      [
       164.92988893316775,
       78.1032897271315
      ],
      [
       157.72002495987914,
       77.80714406755907
      ],
      [
       150.94367081532326,
       77.33392663275197
      ],
      [
       144.72359135446163,
       76.70253197977777
      ],
      [
       139.1138385389975,
       75.93424991052615
      ],
      [
       134.11387095799256,
       75.05017552096362
      ],
      [
       129.6877575084972,
       74.06958179517399
      ],
      [
       125.78120466942833,
       73.00917916843676
      ],
      [
       122.33365088821101,
       71.88298402810439
      ],
      [
       119.28557551092753,
       70.70252036277007
      ],
      [
       116.5822606687715,
       69.47715954938172
      ],
      [
       114.17529783348546,
       68.21448565364726
      ],
      [
       112.02281698920427,
       66.92063190651801
      ],
      [
       110.08907335679707,
       65.60056821848868
      ],
      [
       108.34376504888193,
       64.25833703511499
      ],
      [
       106.76128397017104,
       62.89724245293726
      ],
      [
       105.32000000000001,
       61.52
      ]
     ]
    ]
   },
   "properties": {
    "pair": "Mexican\u2013Russian",
    "cuisine_a": "Mexican",
    "cuisine_b": "Russian",
    "residual": 0.1832,
    "distance_km": 10223.0,
    "is_long_distance": "long-distance"
   }
  },
  {
   "type": "Feature",
   "geometry": {
    "type": "LineString",
    "coordinates": [
     [
      -3.44,
      55.38000000000001
     ],
     [
      -5.372854346129424,
      55.31555130528485
     ],
     [
      -7.297960504617813,
      55.22070486474359
     ],
     [
      -9.212461984047222,
      55.09571205484272
     ],
     [
      -11.113612573176322,
      54.94090001899285
     ],
     [
      -12.99880194302459,
      54.75666754867188
     ],
     [
      -14.865577934066366,
      54.54348019717196
     ],
     [
      -16.711665137687245,
      54.301864761088254
     ],
     [
      -18.534979535376767,
      54.03240327488008
     ],
     [
      -20.333639111971525,
      53.735726667575804
     ],
     [
      -22.105970501943258,
      53.41250822835855
     ],
     [
      -23.850511853260148,
      53.063457020093736
     ],
     [
      -25.566012196808895,
      52.68931136782489
     ],
     [
      -27.251427688005613,
      52.29083253398254
     ],
     [
      -28.905915140357312,
      51.86879867467686
     ],
     [
      -30.52882329944713,
      51.423999153069545
     ],
     [
      -32.11968231255521,
      50.957229267418526
     ],
     [
      -33.6781918372612,
      50.46928543377093
     ],
     [
      -35.20420820576165,
      49.96096084705767
     ],
     [
      -36.697731024237406,
      49.43304162995305
     ],
     [
      -38.15888954219115,
      48.88630346654948
     ],
     [
      -39.5879290786059,
      48.3215087077599
     ],
     [
      -40.98519774287526,
      47.73940392736864
     ],
     [
      -42.35113364096445,
      47.140717901679864
     ],
     [
      -43.686252712828825,
      46.526159981571375
     ],
     [
      -44.991137306856444,
      45.896418823222994
     ],
     [
      -46.26642556166214,
      45.252161442602485
     ],
     [
      -47.51280163520376,
      44.59403255871584
     ],
     [
      -48.73098679588625,
      43.92265419142545
     ],
     [
      -49.92173136981585,
      43.23862548109584
     ],
     [
      -51.08580752227273,
      42.54252269925688
     ],
     [
      -52.224002839306145,
      41.834899421714546
     ],
     [
      -53.33711466660631,
      41.11628683795965
     ],
     [
      -54.42594515695092,
      40.38719417321694
     ],
     [
      -55.49129697406384,
      39.64810920195811
     ],
     [
      -56.533969599202315,
      38.89949883411006
     ],
     [
      -57.55475618679278,
      38.14180975747943
     ],
     [
      -58.55444091660896,
      37.375469122055634
     ],
     [
      -59.53379679202102,
      36.60088525383069
     ],
     [
      -60.493583836486,
      35.8184483875737
     ],
     [
      -61.43454764348865,
      35.028531409622424
     ],
     [
      -62.357418238409004,
      34.231490603204705
     ],
     [
      -63.26290921415692,
      33.42766639008885
     ],
     [
      -64.15171710577302,
      32.61738406349164
     ],
     [
      -65.02452097247492,
      31.800954508159805
     ],
     [
      -65.88198215877266,
      30.978674904395245
     ],
     [
      -66.72474420925082,
      30.150829413530836
     ],
     [
      -67.55343291439561,
      29.317689842992596
     ],
     [
      -68.3686564674179,
      28.479516289618715
     ],
     [
      -69.17100571438594,
      27.63655776035725
     ],
     [
      -69.96105448213578,
      26.789052769840584
     ],
     [
      -70.7393599703783,
      25.937229914649535
     ],
     [
      -71.50646319618048,
      25.081308424336818
     ],
     [
      -72.26288948057534,
      24.221498689490446
     ],
     [
      -73.00914896846275,
      23.358002767286482
     ],
     [
      -73.74573717421555,
      22.491014865115204
     ],
     [
      -74.47313554651545,
      21.620721802969143
     ],
     [
      -75.1918120469222,
      20.747303455361553
     ],
     [
      -75.902221737544,
      19.870933173602737
     ],
     [
      -76.60480737393374,
      18.991778189303197
     ],
     [
      -77.3,
      18.11
     ]
    ]
   },
   "properties": {
    "pair": "British\u2013Jamaican",
    "cuisine_a": "British",
    "cuisine_b": "Jamaican",
    "residual": 0.1761,
    "distance_km": 7345.0,
    "is_long_distance": "long-distance"
   }
  },
  {
   "type": "Feature",
   "geometry": {
    "type": "LineString",
    "coordinates": [
     [
      -91.2,
      30.5
     ],
     [
      -90.10587925425165,
      31.1629620795082
     ],
     [
      -88.9964488544366,
      31.81654291771865
     ],
     [
      -87.8713222617782,
      32.4603637363253
     ],
     [
      -86.73012471447704,
      33.09403574975712
     ],
     [
      -85.57249542676574,
      33.717160221323475
     ],
     [
      -84.398089971539,
      34.329328580991934
     ],
     [
      -83.20658284800683,
      34.930122611695424
     ],
     [
      -81.99767023337454,
      35.51911471133325
     ],
     [
      -80.77107291464965,
      36.09586823782376
     ],
     [
      -79.52653939328573,
      36.65993794466546
     ],
     [
      -78.26384915148137,
      37.210870514447805
     ],
     [
      -76.98281606455669,
      37.74820519759666
     ],
     [
      -75.6832919389439,
      38.271474563321696
     ],
     [
      -74.36517014998839,
      38.78020536922677
     ],
     [
      -73.02838934802284,
      39.27391955532556
     ],
     [
      -71.672937195139,
      39.752135367253096
     ],
     [
      -70.29885408885866,
      40.214368612256784
     ],
     [
      -68.90623682265704,
      40.66013405007541
     ],
     [
      -67.49524212720333,
      41.088946919062174
     ],
     [
      -66.06609003048558,
      41.50032459587552
     ],
     [
      -64.6190669699335,
      41.89378838476238
     ],
     [
      -63.15452858552781,
      42.26886542990751
     ],
     [
      -61.6729021199883,
      42.625090741560044
     ],
     [
      -60.17468835076943,
      42.962009323716345
     ],
     [
      -58.66046297905816,
      43.27917838810364
     ],
     [
      -57.130877403531315,
      43.57616963614706
     ],
     [
      -55.586658811509544,
      43.8525715876044
     ],
     [
      -54.028609527495156,
      44.10799193172177
     ],
     [
      -52.457605568964524,
      44.34205987420784
     ],
     [
      -50.87459437166123,
      44.55442845116036
     ],
     [
      -49.28059166133969,
      44.74477677941824
     ],
     [
      -47.676677465648524,
      44.912812211762784
     ],
     [
      -46.06399127819692,
      45.05827236504304
     ],
     [
      -44.443726406272866,
      45.18092698972753
     ],
     [
      -42.8171235535306,
      45.28057965063222
     ],
     [
      -41.18546370851617,
      45.35706919066009
     ],
     [
      -39.550060428384796,
      45.410270952291
     ],
     [
      -37.91225162382155,
      45.440097735228775
     ],
     [
      -36.27339096528286,
      45.446500472954924
     ],
     [
      -34.63483904160333,
      45.42946861583325
     ],
     [
      -32.997954409254554,
      45.38903021370757
     ],
     [
      -31.36408467376688,
      45.32525169646494
     ],
     [
      -29.734557743874266,
      45.238237356618
     ],
     [
      -28.110673393866495,
      45.12812854340693
     ],
     [
      -26.493695260665625,
      44.99510258305642
     ],
     [
      -24.884843389704955,
      44.83937144448485
     ],
     [
      -23.285287428339632,
      44.661180173812056
     ],
     [
      -21.696140547939144,
      44.46080512434333
     ],
     [
      -20.118454156747106,
      44.238552011243264
     ],
     [
      -18.553213445814304,
      43.99475382181922
     ],
     [
      -17.001333790568726,
      43.72976861320569
     ],
     [
      -15.463658011571857,
      43.44397722930845
     ],
     [
      -13.940954480329337,
      43.137780968190874
     ],
     [
      -12.43391604016254,
      42.81159922974514
     ],
     [
      -10.943159698472732,
      42.46586717158912
     ],
     [
      -9.469227035470942,
      42.101033398773154
     ],
     [
      -8.01258526571446,
      41.71755771018722
     ],
     [
      -6.5736288825745,
      41.315908921638105
     ],
     [
      -5.152681811954841,
      40.89656278252725
     ],
     [
      -3.7499999999999996,
      40.46
     ]
    ]
   },
   "properties": {
    "pair": "Cajun-Creole\u2013Spanish",
    "cuisine_a": "Cajun-Creole",
    "cuisine_b": "Spanish",
    "residual": 0.1684,
    "distance_km": 7671.0,
    "is_long_distance": "long-distance"
   }
  },
  {
   "type": "Feature",
   "geometry": {
    "type": "LineString",
    "coordinates": [
     [
      -91.2,
      30.5
     ],
     [
      -89.9875430366378,
      31.50300339336625
     ],
     [
      -88.74894165505276,
      32.494329016718844
     ],
     [
      -87.48291106451607,
      33.473253220588234
     ],
     [
      -86.18814490906237,
      34.43901452464259
     ],
     [
      -84.8633196589313,
      35.39081181039418
     ],
     [
      -83.5071001240352,
      36.32780258938945
     ],
     [
      -82.11814624170493,
      37.24910138678677
     ],
     [
      -80.69512129874896,
      38.15377828793187
     ],
     [
      -79.23670175211501,
      39.04085770402097
     ],
     [
      -77.7415888116618,
      39.90931742209931
     ],
     [
      -76.20852194091248,
      40.758088014300164
     ],
     [
      -74.63629441506227,
      41.58605269111162
     ],
     [
      -73.02377104758084,
      42.39204769316919
     ],
     [
      -71.36990815494688,
      43.17486332507043
     ],
     [
      -69.67377577082674,
      43.93324574229052
     ],
     [
      -67.9345820440196,
      44.66589960756665
     ],
     [
      -66.15169965693558,
      45.371491735061284
     ],
     [
      -64.3246939824054,
      46.048655838003235
     ],
     [
      -62.453352556861354,
      46.695998487024504
     ],
     [
      -60.53771529003181,
      47.31210637071542
     ],
     [
      -58.57810466052298,
      47.895554925755405
     ],
     [
      -56.57515497138069,
      48.44491837033631
     ],
     [
      -54.52983957168209,
      48.95878113092186
     ],
     [
      -52.44349480445879,
      49.43575059879653
     ],
     [
      -50.31783933560754,
      49.874471090354774
     ],
     [
      -48.15498747223257,
      50.27363881576822
     ],
     [
      -45.95745511106506,
      50.632017587836394
     ],
     [
      -43.728157084299504,
      50.948454930962065
     ],
     [
      -41.47039490163982,
      51.221898184784045
     ],
     [
      -39.18783422506082,
      51.45141014415811
     ],
     [
      -36.88447184710773,
      51.63618374306416
     ],
     [
      -34.564592452420776,
      51.775555280115064
     ],
     [
      -32.23271599158298,
      51.869015701667514
     ],
     [
      -29.893537042893552,
      51.916219506907765
     ],
     [
      -27.551858032792428,
      51.9169909167967
     ],
     [
      -25.212518581836303,
      51.871327051567086
     ],
     [
      -22.880323500135884,
      51.779397982999384
     ],
     [
      -20.5599720469995,
      51.64154365926214
     ],
     [
      -18.255990984480142,
      51.4582678318312
     ],
     [
      -15.972673702685539,
      51.23022923601597
     ],
     [
      -13.714027302569107,
      50.95823038017147
     ],
     [
      -11.483729029342692,
      50.6432043771042
     ],
     [
      -9.285092904062775,
      50.28620030054993
     ],
     [
      -7.121046850888649,
      49.88836756890965
     ],
     [
      -4.99412010669218,
      49.45093984940987
     ],
     [
      -2.9064402624842667,
      48.97521894246315
     ],
     [
      -0.8597389449795035,
      48.46255905368699
     ],
     [
      1.1446350883921181,
      47.91435179594803
     ],
     [
      3.105696797766858,
      47.33201219205579
     ],
     [
      5.022801044267209,
      46.71696587585233
     ],
     [
      6.895615456501174,
      46.070637619953196
     ],
     [
      8.724091224095226,
      45.39444125562819
     ],
     [
      10.508432917500759,
      44.68977099640083
     ],
     [
      12.249068265751704,
      43.95799413293764
     ],
     [
      13.94661864860322,
      43.200445032830274
     ],
     [
      15.601870888410321,
      42.41842035440804
     ],
     [
      17.215750768680085,
      41.61317536776084
     ],
     [
      18.789298565814416,
      40.78592126745338
     ],
     [
      20.323646760882173,
      39.937823358627526
     ],
     [
      21.82,
      39.07
     ]
    ]
   },
   "properties": {
    "pair": "Cajun-Creole\u2013Greek",
    "cuisine_a": "Cajun-Creole",
    "cuisine_b": "Greek",
    "residual": 0.1624,
    "distance_km": 9636.0,
    "is_long_distance": "long-distance"
   }
  },
  {
   "type": "Feature",
   "geometry": {
    "type": "LineString",
    "coordinates": [
     [
      -3.44,
      55.38000000000001
     ],
     [
      -2.5579551207498943,
      56.059199872030135
     ],
     [
      -1.6444348140595304,
      56.731885166509755
     ],
     [
      -0.6977982229874792,
      57.397647427658455
     ],
     [
      0.2836738140540049,
      58.05604867117604
     ],
     [
      1.3017785739018737,
      58.706619241436776
     ],
     [
      2.358390104895064,
      59.34885557289912
     ],
     [
      3.455456438575802,
      59.98221787096121
     ],
     [
      4.594995017096534,
      60.60612773429494
     ],
     [
      5.779085943073688,
      61.219965749105086
     ],
     [
      7.0098626025885356,
      61.82306909602642
     ],
     [
      8.289499155860259,
      62.41472922271186
     ],
     [
      9.620194337442511,
      62.99418964975886
     ],
     [
      11.00415096384524,
      63.5606439945701
     ],
     [
      12.443550518426067,
      64.11323431700781
     ],
     [
      13.940522180665514,
      64.65104991203583
     ],
     [
      15.49710570145497,
      65.17312669739916
     ],
     [
      17.115207612163033,
      65.6784473678224
     ],
     [
      18.796550409435458,
      66.16594250974185
     ],
     [
      20.542614597393904,
      66.6344928901246
     ],
     [
      22.354573810799995,
      67.08293314665521
     ],
     [
      24.233223699831047,
      67.51005711093858
     ],
     [
      26.1789058346501,
      67.91462498717163
     ],
     [
      28.19142857841105,
      68.29537258137059
     ],
     [
      30.269987654676367,
      68.65102272613915
     ],
     [
      32.4130899495188,
      68.98029896931843
     ],
     [
      34.61848486252049,
      69.28194148955079
     ],
     [
      36.883108150154015,
      69.5547250685114
     ],
     [
      39.20304356473132,
      69.79747879292213
     ],
     [
      41.57350755094656,
      70.00910698884545
     ],
     [
      43.98886170452561,
      70.18861072056588
     ],
     [
      46.442656551992314,
      70.33510903533691
     ],
     [
      48.92770847810268,
      70.44785902458472
     ],
     [
      51.43620940365004,
      70.52627372245334
     ],
     [
      53.95986629748098,
      70.56993689010604
     ],
     [
      56.490065073898734,
      70.57861384704115
     ],
     [
      59.01805120650997,
      70.55225770580343
     ],
     [
      61.535117795869596,
      70.49101062872792
     ],
     [
      64.03279109976664,
      70.39520002889451
     ],
     [
      66.50300378420107,
      70.26532994957076
     ],
     [
      68.93824734130051,
      70.10206814289386
     ],
     [
      71.33169706632167,
      69.90622959953053
     ],
     [
      73.67730540527349,
      69.67875743577981
     ],
     [
      75.96986204954435,
      69.42070211398999
     ],
     [
      78.20502155434104,
      69.13319995909772
     ],
     [
      80.37930125185258,
      68.81745185120398
     ],
     [
      82.49005367185273,
      68.47470284035504
     ],
     [
      84.53541852607269,
      68.1062232664414
     ],
     [
      86.51425959712397,
      67.71329179462282
     ],
     [
      88.4260916955202,
      67.29718061163807
     ],
     [
      90.27100233612498,
      66.85914288265135
     ],
     [
      92.04957206849275,
      66.40040244882474
     ],
     [
      93.76279658984403,
      65.92214565508137
     ],
     [
      95.41201296588014,
      65.42551513467728
     ],
     [
      96.99883154653381,
      64.91160533911587
     ],
     [
      98.52507452833893,
      64.38145958433373
     ],
     [
      99.99272159836612,
      63.836068382295764
     ],
     [
      101.40386269698485,
      63.27636883671828
     ],
     [
      102.76065764833484,
      62.7032448986978
     ],
     [
      104.06530221303832,
      62.11752829937856
     ],
     [
      105.32000000000001,
      61.52
     ]
    ]
   },
   "properties": {
    "pair": "British\u2013Russian",
    "cuisine_a": "British",
    "cuisine_b": "Russian",
    "residual": 0.1536,
    "distance_km": 5614.0,
    "is_long_distance": "long-distance"
   }
  },
  {
   "type": "Feature",
   "geometry": {
    "type": "LineString",
    "coordinates": [
     [
      -8.24,
      53.41
     ],
     [
      -9.991855760333406,
      53.294006702676946
     ],
     [
      -11.733184197620377,
      53.15249454520008
     ],
     [
      -13.462058162281403,
      52.98576164829626
     ],
     [
      -15.176651835704673,
      52.794153485223966
     ],
     [
      -16.875252450087725,
      52.57805952193047
     ],
     [
      -18.556269921189536,
      52.33790955407192
     ],
     [
      -20.21824432577832,
      52.07416981667958
     ],
     [
      -21.85985122035776,
      51.787338942338764
     ],
     [
      -23.479904856979914,
      51.47794384144642
     ],
     [
      -25.077359403455976,
      51.146535573757596
     ],
     [
      -26.651308317595355,
      50.793685274412084
     ],
     [
      -28.200982057477326,
      50.41998019037511
     ],
     [
      -29.725744332071915,
      50.02601987516225
     ],
     [
      -31.225087109215494,
      49.61241258125693
     ],
     [
      -32.69862460188319,
      49.17977188113208
     ],
     [
      -34.14608645006169,
      48.72871353957085
     ],
     [
      -35.5673103056639,
      48.25985265228592
     ],
     [
      -36.96223401325697,
      47.77380105884997
     ],
     [
      -38.330887561280136,
      47.271165031787625
     ],
     [
      -39.673384958187384,
      46.7525432384068
     ],
     [
      -40.989916166685724,
      46.21852496758014
     ],
     [
      -42.28073920789847,
      45.669688610200915
     ],
     [
      -43.546172526615145,
      45.106600379381696
     ],
     [
      -44.7865876893631,
      44.52981325456124
     ],
     [
      -46.00240246924381,
      43.939866132453815
     ],
     [
      -47.194074355562805,
      43.33728316711889
     ],
     [
      -48.36209451236204,
      42.72257328125848
     ],
     [
      -49.506982198053194,
      42.0962298310722
     ],
     [
      -50.62927964838521,
      41.45873040753555
     ],
     [
      -51.729547416843,
      40.81053675773681
     ],
     [
      -52.80836016010965,
      40.152094810849974
     ],
     [
      -53.86630285125566,
      39.48383479437426
     ],
     [
      -54.903967399660786,
      38.80617142739202
     ],
     [
      -55.92194965414188,
      38.11950417874308
     ],
     [
      -56.92084676417784,
      37.424217579157435
     ],
     [
      -57.901254873324525,
      36.72068157750368
     ],
     [
      -58.86376711875153,
      36.00925193238066
     ],
     [
      -59.808971911173266,
      35.29027063129198
     ],
     [
      -60.73745147017669,
      34.56406633058875
     ],
     [
      -61.64978059096503,
      33.830954810240485
     ],
     [
      -62.54652561976011,
      33.09123943829558
     ],
     [
      -63.428243616463874,
      32.34521164062148
     ],
     [
      -64.29548168461741,
      31.5931513721716
     ],
     [
      -65.14877645016766,
      30.835327586615417
     ],
     [
      -65.9886536720215,
      30.071998701692745
     ],
     [
      -66.81562796880836,
      29.303413058117556
     ],
     [
      -67.63020264766443,
      28.529809370265735
     ],
     [
      -68.43286962218,
      27.751417167239122
     ],
     [
      -69.22410940790621,
      26.968457223210066
     ],
     [
      -70.00439118499376,
      26.181141976220644
     ],
     [
      -70.77417291862835,
      25.38967593484353
     ],
     [
      -71.5339015289392,
      24.594256072310703
     ],
     [
      -72.2840131029839,
      23.79507220788602
     ],
     [
      -73.0249331422637,
      22.992307375401133
     ],
     [
      -73.75707683999424,
      22.186138178995304
     ],
     [
      -74.48084938305986,
      21.376735136199777
     ],
     [
      -75.19664627421182,
      20.564263008591276
     ],
     [
      -75.90485367064237,
      19.74888112030675
     ],
     [
      -76.60584873557866,
      18.930743664766922
     ],
     [
      -77.3,
      18.11
     ]
    ]
   },
   "properties": {
    "pair": "Irish\u2013Jamaican",
    "cuisine_a": "Irish",
    "cuisine_b": "Jamaican",
    "residual": 0.1524,
    "distance_km": 7019.0,
    "is_long_distance": "long-distance"
   }
  },
  {
   "type": "Feature",
   "geometry": {
    "type": "LineString",
    "coordinates": [
     [
      -91.2,
      30.5
     ],
     [
      -90.94339646289323,
      30.305269687459447
     ],
     [
      -90.68781166588077,
      30.110040702710617
     ],
     [
      -90.43323621433149,
      29.91431889745315
     ],
     [
      -90.17966073470821,
      29.718110069032086
     ],
     [
      -89.9270758757387,
      29.521419960923776
     ],
     [
      -89.67547230953436,
      29.324254263225388
     ],
     [
      -89.42484073265838,
      29.126618613147553
     ],
     [
      -89.17517186714404,
      28.928518595509743
     ],
     [
      -88.92645646146508,
      28.729959743238293
     ],
     [
      -88.67868529145878,
      28.530947537866588
     ],
     [
      -88.43184916120356,
      28.331487410037184
     ],
     [
      -88.18593890385178,
      28.131584740005675
     ],
     [
      -87.94094538241937,
      27.931244858145924
     ],
     [
      -87.6968594905332,
      27.730473045456534
     ],
     [
      -87.45367215313743,
      27.529274534068186
     ],
     [
      -87.21137432715997,
      27.327654507751745
     ],
     [
      -86.96995700214015,
      27.125618102426838
     ],
     [
      -86.72941120081869,
      26.923170406670696
     ],
     [
      -86.489727979691,
      26.72031646222712
     ],
     [
      -86.25089842952495,
      26.517061264515313
     ],
     [
      -86.0129136758441,
      26.31340976313839
     ],
     [
      -85.77576487937716,
      26.10936686239153
     ],
     [
      -85.53944323647517,
      25.904937421769304
     ],
     [
      -85.30393997949676,
      25.700126256472444
     ],
     [
      -85.06924637716304,
      25.49493813791349
     ],
     [
      -84.83535373488242,
      25.28937779422141
     ],
     [
      -84.6022533950467,
      25.083449910745006
     ],
     [
      -84.36993673729931,
      24.877159130554958
     ],
     [
      -84.13839517877612,
      24.670510054944423
     ],
     [
      -83.90762017432021,
      24.46350724392794
     ],
     [
      -83.67760321667105,
      24.256155216738744
     ],
     [
      -83.44833583662903,
      24.04845845232422
     ],
     [
      -83.21980960319605,
      23.840421389839427
     ],
     [
      -82.99201612369312,
      23.632048429138695
     ],
     [
      -82.76494704385529,
      23.423343931265038
     ],
     [
      -82.53859404790524,
      23.214312218937486
     ],
     [
      -82.3129488586056,
      23.00495757703609
     ],
     [
      -82.0880032372912,
      22.79528425308469
     ],
     [
      -81.86374898388158,
      22.585296457731214
     ],
     [
      -81.6401779368746,
      22.374998365225583
     ],
     [
      -81.41728197332168,
      22.16439411389511
     ],
     [
      -81.19505300878538,
      21.953487806617282
     ],
     [
      -80.97348299727983,
      21.742283511289987
     ],
     [
      -80.75256393119463,
      21.53078526129908
     ],
     [
      -80.53228784120282,
      21.318997055983193
     ],
     [
      -80.31264679615339,
      21.1069228610959
     ],
     [
      -80.0936329029491,
      20.89456660926501
     ],
     [
      -79.8752383064096,
      20.68193220044913
     ],
     [
      -79.65745518912118,
      20.46902350239137
     ],
     [
      -79.44027577127274,
      20.255844351070177
     ],
     [
      -79.2236923104792,
      20.04239855114734
     ],
     [
      -79.00769710159234,
      19.828689876413023
     ],
     [
      -78.79228247649982,
      19.614722070227963
     ],
     [
      -78.5774408039126,
      19.400498845962684
     ],
     [
      -78.36316448914125,
      19.18602388743382
     ],
     [
      -78.14944597386176,
      18.971300849337453
     ],
     [
      -77.93627773587087,
      18.756333357679548
     ],
     [
      -77.72365228883174,
      18.541125010203373
     ],
     [
      -77.51156218200984,
      18.325679376814026
     ],
     [
      -77.3,
      18.11
     ]
    ]
   },
   "properties": {
    "pair": "Cajun-Creole\u2013Jamaican",
    "cuisine_a": "Cajun-Creole",
    "cuisine_b": "Jamaican",
    "residual": 0.1384,
    "distance_km": 1967.0,
    "is_long_distance": "regional"
   }
  },
  {
   "type": "Feature",
   "geometry": {
    "type": "MultiLineString",
    "coordinates": [
     [
      [
       121.77000000000001,
       12.88
      ],
      [
       123.07168239391878,
       14.9155130861628
      ],
      [
       124.3981982543835,
       16.943530727686152
      ],
      [
       125.75358104997787,
       18.962800508433777
      ],
      [
       127.14211883873612,
       20.971975932176527
      ],
      [
       128.56839385747517,
       22.969599762003384
      ],
      [
       130.03732482690484,
       24.95408530830302
      ],
      [
       131.55421196335854,
       26.923695316836376
      ],
      [
       133.12478447145975,
       28.876518075365585
      ],
      [
       134.75524996976924,
       30.810440328346484
      ],
      [
       136.4523448314492,
       32.72311657030586
      ],
      [
       138.22338374881866,
       34.611934288992806
      ],
      [
       140.07630588314868,
       36.473974763249736
      ],
      [
       142.01971365099593,
       38.30596910848954
      ],
      [
       144.06289842273972,
       40.10424943442808
      ],
      [
       146.2158450584944,
       41.86469527681626
      ],
      [
       148.48920418683065,
       43.58267594322292
      ],
      [
       150.8942174056653,
       45.252990144120176
      ],
      [
       153.44257624857295,
       46.869805350225874
      ],
      [
       156.1461911674577,
       48.42660081588844
      ],
      [
       159.01684272827816,
       49.91612021006739
      ],
      [
       162.06568516939308,
       51.33034231531519
      ],
      [
       165.30257480854203,
       52.66048117337517
      ],
      [
       168.73520587710817,
       53.897030019035
      ],
      [
       172.3680582475852,
       55.029865636402825
      ],
      [
       176.2011987524748,
       56.04843022368495
      ],
      [
       180,
       56.891194330275816
      ]
     ],
     [
      [
       -180,
       56.891194330275816
      ],
      [
       -179.77096892402665,
       56.942004877484614
      ],
      [
       -175.56084708717705,
       57.70008072557402
      ],
      [
       -171.18846209714786,
       58.31281951309563
      ],
      [
       -166.6817116758142,
       58.77157579725652
      ],
      [
       -162.07582657367155,
       59.069431332994206
      ],
      [
       -157.4119408615281,
       59.20167513021308
      ],
      [
       -152.73484222338735,
       59.16615761947481
      ],
      [
       -148.09017162313955,
       58.963459697431986
      ],
      [
       -143.52148978124677,
       58.596846581447345
      ],
      [
       -139.06766533345282,
       58.07201479404961
      ],
      [
       -134.76095017981436,
       57.39667639143717
      ],
      [
       -130.6259294486002,
       56.58004713145286
      ],
      [
       -126.67933646754052,
       55.63230992347346
      ],
      [
       -122.9305711397887,
       54.56411388676551
      ],
      [
       -119.38268477185335,
       53.38614943131805
      ],
      [
       -116.03359178574394,
       52.108818386992155
      ],
      [
       -112.87731364631287,
       50.74200060291858
      ],
      [
       -109.90512379278366,
       49.294906854139846
      ],
      [
       -107.10652291452197,
       47.776002155968115
      ],
      [
       -104.47002063811655,
       46.192982272179584
      ],
      [
       -101.98373011557055,
       44.55278760639627
      ],
      [
       -99.63579840205261,
       42.86164135733201
      ],
      [
       -97.41470185483492,
       41.12510182623378
      ],
      [
       -95.30943591254771,
       39.348121540981076
      ],
      [
       -93.30962548504147,
       37.53510816617372
      ],
      [
       -91.40557776788522,
       35.689983951147134
      ],
      [
       -89.58829474502244,
       33.81624177452291
      ],
      [
       -87.84945854020695,
       31.916996759362377
      ],
      [
       -86.1813993486796,
       29.995033047498467
      ],
      [
       -84.57705295297255,
       28.052845715468457
      ],
      [
       -83.029912732404,
       26.092678052626635
      ],
      [
       -81.53397951037488,
       24.11655455401124
      ],
      [
       -80.08371143865675,
       22.12631004256166
      ],
      [
       -78.6739752961411,
       20.123615352928148
      ],
      [
       -77.3,
       18.11
      ]
     ]
    ]
   },
   "properties": {
    "pair": "Filipino\u2013Jamaican",
    "cuisine_a": "Filipino",
    "cuisine_b": "Jamaican",
    "residual": 0.1288,
    "distance_km": 15984.0,
    "is_long_distance": "long-distance"
   }
  },
  {
   "type": "Feature",
   "geometry": {
    "type": "LineString",
    "coordinates": [
     [
      21.82,
      39.07
     ],
     [
      20.177272996273814,
      40.11706393656378
     ],
     [
      18.483763109149574,
      41.14019984541615
     ],
     [
      16.737263023715624,
      42.13775566837177
     ],
     [
      14.935639785228934,
      43.10798601437963
     ],
     [
      13.076873179374736,
      44.04905183393381
     ],
     [
      11.159100521802543,
      44.95902163671894
     ],
     [
      9.180668063268138,
      45.835874607045966
     ],
     [
      7.140188947319778,
      46.67750599961199
     ],
     [
      5.036607289506658,
      47.481735213002366
     ],
     [
      2.869267472526581,
      48.2463169336062
     ],
     [
      0.6379871716771667,
      48.968955710825696
     ],
     [
      -1.6568680455672276,
      49.647324257913375
     ],
     [
      -4.014311429293189,
      50.27908566441006
     ],
     [
      -6.43266667712991,
      50.86191955093277
     ],
     [
      -8.909508742400813,
      51.393551993620754
     ],
     [
      -11.441618542694583,
      51.871788798084026
     ],
     [
      -14.024956457852733,
      52.29455142260073
     ],
     [
      -16.65465926356459,
      52.659914557131735
     ],
     [
      -19.325064407218534,
      52.96614408593353
     ],
     [
      -22.029764259153502,
      53.21173393055224
     ],
     [
      -24.76169120073421,
      53.39544012221027
     ],
     [
      -27.513232263294743,
      53.51631041997582
     ],
     [
      -30.276369716080264,
      53.573707895694
     ],
     [
      -33.042841786181796,
      53.56732715487046
     ],
     [
      -35.80431586926827,
      53.497202241669584
     ],
     [
      -38.55256541482745,
      53.36370575359588
     ],
     [
      -41.27964131787854,
      53.16753921933345
     ],
     [
      -43.97802917398876,
      52.90971531538559
     ],
     [
      -46.64078507660223,
      52.591532958302295
     ],
     [
      -49.26164456052532,
      52.21454666409895
     ],
     [
      -51.835101553961046,
      51.78053178634827
     ],
     [
      -54.356456503740986,
      51.29144732049462
     ],
     [
      -56.82183492471556,
      50.749397904120606
     ],
     [
      -59.22817930329743,
      50.15659647572738
     ],
     [
      -61.573218452130696,
      49.51532881119466
     ],
     [
      -63.85541904812978,
      48.82792087289546
     ],
     [
      -66.07392423892253,
      48.096709613918556
     ],
     [
      -68.22848396714797,
      47.32401760498105
     ],
     [
      -70.31938115224331,
      46.51213161229222
     ],
     [
      -72.34735719869232,
      45.663285060699295
     ],
     [
      -74.31353956657452,
      44.779644170844364
     ],
     [
      -76.21937342058492,
      43.863297459554516
     ],
     [
      -78.06655871921214,
      42.916248233691505
     ],
     [
      -79.856993546121,
      41.94040968192405
     ],
     [
      -81.59272403281004,
      40.93760216863453
     ],
     [
      -83.27590087422153,
      39.90955235216356
     ],
     [
      -84.90874218782771,
      38.85789377950686
     ],
     [
      -86.49350229801406,
      37.784168646266224
     ],
     [
      -88.03244592598072,
      36.68983045017397
     ],
     [
      -89.52782721587505,
      35.57624730600556
     ],
     [
      -90.98187301693673,
      34.44470572724797
     ],
     [
      -92.39676985760407,
      33.29641471432194
     ],
     [
      -93.77465408149955,
      32.132510019850436
     ],
     [
      -95.11760465977162,
      30.95405848821306
     ],
     [
      -96.4276382440267,
      29.762062389496947
     ],
     [
      -97.70670607519514,
      28.557463687185994
     ],
     [
      -98.95669241350608,
      27.34114819486796
     ],
     [
      -100.17941420162973,
      26.113949590262965
     ],
     [
      -101.37662171600994,
      24.87665326538364
     ],
     [
      -102.55,
      23.63
     ]
    ]
   },
   "properties": {
    "pair": "Greek\u2013Mexican",
    "cuisine_a": "Greek",
    "cuisine_b": "Mexican",
    "residual": 0.1257,
    "distance_km": 10960.0,
    "is_long_distance": "long-distance"
   }
  },
  {
   "type": "Feature",
   "geometry": {
    "type": "LineString",
    "coordinates": [
     [
      104.2,
      35.85999999999999
     ],
     [
      104.28299647166705,
      35.497798186981576
     ],
     [
      104.36524780690631,
      35.13554004800262
     ],
     [
      104.44677037229414,
      34.77322682870729
     ],
     [
      104.52758013798085,
      34.41085974421666
     ],
     [
      104.60769269052433,
      34.04843998012879
     ],
     [
      104.68712324525002,
      33.68596869348147
     ],
     [
      104.76588665815757,
      33.323447013679065
     ],
     [
      104.84399743739378,
      32.96087604338498
     ],
     [
      104.92146975431034,
      32.59825685938145
     ],
     [
      104.99831745412375,
      32.23559051339786
     ],
     [
      105.07455406619458,
      31.87287803290903
     ],
     [
      105.15019281394183,
      31.510120421904894
     ],
     [
      105.22524662440776,
      31.14731866163235
     ],
     [
      105.29972813748769,
      30.7844737113111
     ],
     [
      105.37364971483868,
      30.42158650882399
     ],
     [
      105.44702344848031,
      30.05865797138317
     ],
     [
      105.51986116910024,
      29.695688996173207
     ],
     [
      105.59217445407648,
      29.332680460971847
     ],
     [
      105.6639746352281,
      28.96963322474951
     ],
     [
      105.7352728063051,
      28.606548128248303
     ],
     [
      105.80607983022827,
      28.243425994541507
     ],
     [
      105.87640634608867,
      27.880267629574202
     ],
     [
      105.94626277591682,
      27.51707382268589
     ],
     [
      106.01565933123028,
      27.153845347115737
     ],
     [
      106.08460601936869,
      26.7905829604913
     ],
     [
      106.15311264962457,
      26.427287405301193
     ],
     [
      106.22118883917801,
      26.06395940935249
     ],
     [
      106.28884401884264,
      25.700599686213433
     ],
     [
      106.3560874386306,
      25.33720893564194
     ],
     [
      106.42292817314333,
      24.973787844000626
     ],
     [
      106.48937512679495,
      24.61033708465866
     ],
     [
      106.5554370388747,
      24.246857318381274
     ],
     [
      106.6211224884547,
      23.883349193706987
     ],
     [
      106.68643989914895,
      23.51981334731349
     ],
     [
      106.75139754372904,
      23.15625040437221
     ],
     [
      106.81600354860247,
      22.79266097889229
     ],
     [
      106.88026589815829,
      22.429045674054237
     ],
     [
      106.94419243898554,
      22.065405082533683
     ],
     [
      107.00779088396911,
      21.7017397868156
     ],
     [
      107.07106881626751,
      21.338050359499423
     ],
     [
      107.13403369317732,
      20.9743373635953
     ],
     [
      107.19669284988834,
      20.610601352811933
     ],
     [
      107.25905350313367,
      20.24684287183622
     ],
     [
      107.32112275473854,
      19.883062456605096
     ],
     [
      107.38290759507187,
      19.519260634569807
     ],
     [
      107.44441490640409,
      19.155437924952952
     ],
     [
      107.50565146617461,
      18.791594838998495
     ],
     [
      107.56662395017268,
      18.427731880215113
     ],
     [
      107.62733893563453,
      18.063849544613042
     ],
     [
      107.68780290426001,
      17.69994832093472
     ],
     [
      107.74802224515199,
      17.336028690879445
     ],
     [
      107.808003257681,
      16.972091129322237
     ],
     [
      107.86775215427842,
      16.60813610452723
     ],
     [
      107.92727506316031,
      16.244164078355663
     ],
     [
      107.98657803098524,
      15.88017550646878
     ],
     [
      108.04566702544783,
      15.516170838525797
     ],
     [
      108.10454793781105,
      15.152150518377114
     ],
     [
      108.1632265853794,
      14.788114984252989
     ],
     [
      108.22170871391518,
      14.424064668947773
     ],
     [
      108.28,
      14.06
     ]
    ]
   },
   "properties": {
    "pair": "Chinese\u2013Vietnamese",
    "cuisine_a": "Chinese",
    "cuisine_b": "Vietnamese",
    "residual": 0.1249,
    "distance_km": 2458.0,
    "is_long_distance": "regional"
   }
  },
  {
   "type": "Feature",
   "geometry": {
    "type": "MultiLineString",
    "coordinates": [
     [
      [
       105.32000000000001,
       61.52
      ],
      [
       105.83432107647488,
       62.91680147835024
      ],
      [
       106.40010752495108,
       64.31154414072483
      ],
      [
       107.02616812136878,
       65.7038717202023
      ],
      [
       107.7234006163194,
       67.09334214065605
      ],
      [
       108.5054402444047,
       68.47940030548162
      ],
      [
       109.38956061100062,
       69.8613399844768
      ],
      [
       110.39794636720697,
       71.23824942990446
      ],
      [
       111.55952397067364,
       72.60893217024683
      ],
      [
       112.91264682170122,
       73.97178901777865
      ],
      [
       114.50911481747909,
       75.32463787123288
      ],
      [
       116.42031855923736,
       76.66443091681592
      ],
      [
       118.7468209987193,
       77.98679751686595
      ],
      [
       121.63354180809706,
       79.28528200274535
      ],
      [
       125.29394634374967,
       80.5500329725635
      ],
      [
       130.04770174834022,
       81.76549058525046
      ],
      [
       136.37351011660047,
       82.90626972367038
      ],
      [
       144.95638459689417,
       83.93011643579328
      ],
      [
       156.61652286263504,
       84.76792672147795
      ],
      [
       171.79686787135935,
       85.31872540885418
      ],
      [
       180,
       85.39212888195206
      ]
     ],
     [
      [
       -180,
       85.39212888195206
      ],
      [
       -170.5793768878231,
       85.47642673847027
      ],
      [
       -153.39648380746524,
       85.2021106691398
      ],
      [
       -139.16715900960796,
       84.56075279701328
      ],
      [
       -128.4325168601095,
       83.66283086171897
      ],
      [
       -120.55217544976958,
       82.60117313895871
      ],
      [
       -114.7190701796656,
       81.43646253256375
      ],
      [
       -110.30677849450764,
       80.2053944037954
      ],
      [
       -106.88628314080337,
       78.93008625929049
      ],
      [
       -104.17189213105084,
       77.62420827213043
      ],
      [
       -101.97214677564435,
       76.29649828938233
      ],
      [
       -100.15631581307441,
       74.95273549810479
      ],
      [
       -98.6331084454322,
       73.5968658444674
      ],
      [
       -97.33731613584442,
       72.23166193062694
      ],
      [
       -96.22135161739001,
       70.85912221082681
      ],
      [
       -95.24979448764428,
       69.48072002816495
      ],
      [
       -94.39580234328353,
       68.09756353377456
      ],
      [
       -93.63869960686318,
       66.71050114666924
      ],
      [
       -92.96232454731197,
       65.32019280502323
      ],
      [
       -92.35387428574066,
       63.92715917505066
      ],
      [
       -91.80308330847843,
       62.53181632078121
      ],
      [
       -91.30162950480371,
       61.13450057649726
      ],
      [
       -90.84269814642505,
       59.73548668669285
      ],
      [
       -90.42065729786123,
       58.33500123607998
      ],
      [
       -90.03081303783725,
       56.9332327300667
      ],
      [
       -89.66922265070676,
       55.53033925702271
      ],
      [
       -89.33255047533827,
       54.126454380321086
      ],
      [
       -89.01795552558127,
       52.72169171782355
      ],
      [
       -88.72300304220592,
       51.31614853656985
      ],
      [
       -88.44559426083553,
       49.909908600439955
      ],
      [
       -88.18391018168181,
       48.5030444453491
      ],
      [
       -87.9363662006362,
       47.09561921156574
      ],
      [
       -87.70157523800303,
       45.68768813036335
      ],
      [
       -87.47831756906773,
       44.27929973863912
      ],
      [
       -87.26551598011169,
       42.87049687778442
      ],
      [
       -87.06221518618234,
       41.46131752019952
      ],
      [
       -86.86756468214595,
       40.05179545717619
      ],
      [
       -86.68080437698447,
       38.64196087455615
      ],
      [
       -86.50125249773505,
       37.23184083699343
      ],
      [
       -86.32829535458428,
       35.82145969735861
      ],
      [
       -86.16137864018803,
       34.410839444501775
      ],
      [
       -86.0,
       33.0
      ]
     ]
    ]
   },
   "properties": {
    "pair": "Russian\u2013Southern US",
    "cuisine_a": "Russian",
    "cuisine_b": "Southern US",
    "residual": 0.1217,
    "distance_km": 9455.0,
    "is_long_distance": "long-distance"
   }
  },
  {
   "type": "Feature",
   "geometry": {
    "type": "LineString",
    "coordinates": [
     [
      -102.55,
      23.63
     ],
     [
      -101.41871743923483,
      24.50368981326415
     ],
     [
      -100.27167679815915,
      25.368832380351492
     ],
     [
      -99.10817937789433,
      26.224957618637795
     ],
     [
      -97.9275233770903,
      27.071578694216985
     ],
     [
      -96.72900562862377,
      27.908191408692065
     ],
     [
      -95.51192364890065,
      28.734273624920707
     ],
     [
      -94.27557802879036,
      29.549284742165533
     ],
     [
      -93.01927519568895,
      30.352665232524867
     ],
     [
      -91.74233057610164,
      31.143836252029374
     ],
     [
      -90.4440721872969,
      31.922199341367232
     ],
     [
      -89.12384468483549,
      32.68713623281966
     ],
     [
      -87.78101388992374,
      33.43800878161526
     ],
     [
      -86.41497181636655,
      34.17415904150117
     ],
     [
      -85.02514221118426,
      34.8949095058257
     ],
     [
      -83.61098661548134,
      35.59956353676056
     ],
     [
      -82.17201094270517,
      36.2874060063786
     ],
     [
      -80.7077725598212,
      36.957704174048395
     ],
     [
      -79.21788784301609,
      37.6097088248982
     ],
     [
      -77.70204016325276,
      38.242655693817845
     ],
     [
      -76.15998823836323,
      38.85576719847472
     ],
     [
      -74.59157476753123,
      39.448254502984014
     ],
     [
      -72.99673524129564,
      40.01931993105914
     ],
     [
      -71.3755067960954,
      40.56815974354988
     ],
     [
      -69.72803695759065,
      41.093967290152285
     ],
     [
      -68.05459209247331,
      41.595936538670806
     ],
     [
      -66.35556536540021,
      42.07326597750796
     ],
     [
      -64.63148397743385,
      42.525162878083584
     ],
     [
      -62.88301544653232,
      42.95084789375633
     ],
     [
      -61.11097268087002,
      43.349559960729415
     ],
     [
      -59.3163175937879,
      43.72056145466327
     ],
     [
      -57.500163016552264,
      44.063143544676855
     ],
     [
      -55.66377268316456,
      44.376631674577006
     ],
     [
      -53.808559091116244,
      44.660391090069375
     ],
     [
      -51.936079083545316,
      44.913832320988895
     ],
     [
      -50.04802705132539,
      45.136416519873826
     ],
     [
      -48.146225716986784,
      45.32766055310977
     ],
     [
      -46.23261453395014,
      45.487141738929594
     ],
     [
      -44.309235811449405,
      45.61450212819808
     ],
     [
      -42.3782187541277,
      45.70945222939302
     ],
     [
      -40.441761681525115,
      45.771774088572094
     ],
     [
      -38.5021127622519,
      45.801323648214016
     ],
     [
      -36.561549656402875,
      45.79803232523027
     ],
     [
      -34.62235850405198,
      45.76190776753361
     ],
     [
      -32.68681272462019,
      45.69303376950101
     ],
     [
      -30.757152099764802,
      45.59156934853405
     ],
     [
      -28.835562600672873,
      45.45774700668269
     ],
     [
      -26.92415739003506,
      45.291870221949075
     ],
     [
      -25.024959381532863,
      45.094310232501044
     ],
     [
      -23.139885678429163,
      44.86550219281327
     ],
     [
      -21.27073414160032,
      44.60594079313302
     ],
     [
      -19.419172260296357,
      44.31617544227081
     ],
     [
      -17.586728420335366,
      43.996805118418735
     ],
     [
      -15.774785588339919,
      43.64847299359702
     ],
     [
      -13.984577360479122,
      43.271860934718006
     ],
     [
      -12.217186262736206,
      42.86768397858833
     ],
     [
      -10.473544138883028,
      42.436684870004704
     ],
     [
      -8.754434423160717,
      41.97962874205775
     ],
     [
      -7.060496067382166,
      41.49729800647335
     ],
     [
      -5.392228876337978,
      40.99048750989618
     ],
     [
      -3.7499999999999996,
      40.46
     ]
    ]
   },
   "properties": {
    "pair": "Mexican\u2013Spanish",
    "cuisine_a": "Mexican",
    "cuisine_b": "Spanish",
    "residual": 0.1207,
    "distance_km": 9026.0,
    "is_long_distance": "long-distance"
   }
  },
  {
   "type": "Feature",
   "geometry": {
    "type": "LineString",
    "coordinates": [
     [
      138.25,
      36.20000000000001
     ],
     [
      138.07502126918027,
      36.20266957842356
     ],
     [
      137.90003117235113,
      36.2050844508961
     ],
     [
      137.72503084682484,
      36.207244579174876
     ],
     [
      137.55002143056123,
      36.20914992904587
     ],
     [
      137.37500406209594,
      36.21080047032605
     ],
     [
      137.1999798804686,
      36.21219617686564
     ],
     [
      137.02495002515028,
      36.21333702654984
     ],
     [
      136.8499156359719,
      36.21422300130042
     ],
     [
      136.67487785305158,
      36.214854087076944
     ],
     [
      136.4998378167226,
      36.21523027387781
     ],
     [
      136.32479666746104,
      36.21535155574086
     ],
     [
      136.14975554581366,
      36.215217930743904
     ],
     [
      135.9747155923254,
      36.214829401004764
     ],
     [
      135.7996779474671,
      36.21418597268121
     ],
     [
      135.62464375156333,
      36.21328765597042
     ],
     [
      135.44961414471996,
      36.21213446510838
     ],
     [
      135.27459026675206,
      36.2107264183688
     ],
     [
      135.0995732571116,
      36.209063538061926
     ],
     [
      134.92456425481535,
      36.20714585053288
     ],
     [
      134.74956439837283,
      36.2049733861599
     ],
     [
      134.57457482571417,
      36.20254617935215
     ],
     [
      134.39959667411824,
      36.199864268547394
     ],
     [
      134.22463108014105,
      36.19692769620927
     ],
     [
      134.04967917954363,
      36.193736508824294
     ],
     [
      133.87474210722058,
      36.190290756898676
     ],
     [
      133.69982099712874,
      36.18659049495475
     ],
     [
      133.5249169822156,
      36.18263578152724
     ],
     [
      133.35003119434816,
      36.178426679159045
     ],
     [
      133.17516476424206,
      36.17396325439709
     ],
     [
      133.00031882139035,
      36.16924557778749
     ],
     [
      132.825494493993,
      36.16427372387076
     ],
     [
      132.65069290888647,
      36.1590477711766
     ],
     [
      132.47591519147312,
      36.15356780221844
     ],
     [
      132.30116246565117,
      36.14783390348771
     ],
     [
      132.1264358537449,
      36.14184616544786
     ],
     [
      131.95173647643495,
      36.135604682528005
     ],
     [
      131.7770654526886,
      36.129109553116514
     ],
     [
      131.602423899691,
      36.12236087955408
     ],
     [
      131.42781293277582,
      36.11535876812673
     ],
     [
      131.25323366535684,
      36.10810332905841
     ],
     [
      131.07868720885935,
      36.10059467650342
     ],
     [
      130.9041746726522,
      36.092832928538506
     ],
     [
      130.7296971639797,
      36.08481820715478
     ],
     [
      130.55525578789428,
      36.07655063824922
     ],
     [
      130.3808516471893,
      36.068030351616144
     ],
     [
      130.20648584233197,
      36.05925748093816
     ],
     [
      130.0321594713969,
      36.05023216377711
     ],
     [
      129.8578736299997,
      36.040954541564545
     ],
     [
      129.68362941123127,
      36.03142475959211
     ],
     [
      129.5094279055922,
      36.021642967001576
     ],
     [
      129.33527020092748,
      36.01160931677464
     ],
     [
      129.16115738236184,
      36.00132396572254
     ],
     [
      128.98709053223521,
      35.990787074475335
     ],
     [
      128.81307073003882,
      35.979998807470956
     ],
     [
      128.6390990523513,
      35.96895933294411
     ],
     [
      128.4651765727758,
      35.95766882291482
     ],
     [
      128.2913043618768,
      35.94612745317672
     ],
     [
      128.11748348711805,
      35.93433540328528
     ],
     [
      127.9437150128003,
      35.92229285654558
     ],
     [
      127.77,
      35.91
     ]
    ]
   },
   "properties": {
    "pair": "Japanese\u2013Korean",
    "cuisine_a": "Japanese",
    "cuisine_b": "Korean",
    "residual": 0.1159,
    "distance_km": 942.0,
    "is_long_distance": "regional"
   }
  },
  {
   "type": "Feature",
   "geometry": {
    "type": "LineString",
    "coordinates": [
     [
      12.569999999999999,
      41.87
     ],
     [
      10.852482459435802,
      42.70637847088682
     ],
     [
      9.088804760781487,
      43.516403753322116
     ],
     [
      7.2779727261065625,
      44.29859173630578
     ],
     [
      5.419178735059607,
      45.05141011277215
     ],
     [
      3.5118369069724658,
      45.77328388963819
     ],
     [
      1.5556202820303235,
      46.46260247636852
     ],
     [
      -0.4495007379183285,
      47.11772849020615
     ],
     [
      -2.503219676237969,
      47.73700838448043
     ],
     [
      -4.604856242527631,
      48.318784960299745
     ],
     [
      -6.753321066902899,
      48.86141176033445
     ],
     [
      -8.947084629359846,
      49.363269266221586
     ],
     [
      -11.184152270391003,
      49.82278272977216
     ],
     [
      -13.462047243646927,
      50.23844136585438
     ],
     [
      -15.777803725289848,
      50.60881852683188
     ],
     [
      -18.12797150151314,
      50.93259237206283
     ],
     [
      -20.50863369929252,
      51.208566450233214
     ],
     [
      -22.915438404870496,
      51.435689537238154
     ],
     [
      -25.343644348263037,
      51.613074027915715
     ],
     [
      -27.788180059996858,
      51.74001217477385
     ],
     [
      -30.24371508788575,
      51.81598950673078
     ],
     [
      -32.70474107091896,
      51.84069484755859
     ],
     [
      -35.16565978382739,
      51.81402648408457
     ],
     [
      -37.62087476363388,
      51.73609420018153
     ],
     [
      -40.064882865567235,
      51.60721708176127
     ],
     [
      -42.49236210096204,
      51.42791719503659
     ],
     [
      -44.898252383558535,
      51.19890942888102
     ],
     [
      -47.277826320995125,
      50.92108795693652
     ],
     [
      -49.626747877323915,
      50.5955099039298
     ],
     [
      -51.94111752563305,
      50.22337688556604
     ],
     [
      -54.217503327780065,
      49.80601512946313
     ],
     [
      -56.45295814725602,
      49.34485487779888
     ],
     [
      -58.64502386244,
      48.84140972659046
     ],
     [
      -60.79172396200178,
      48.29725648048825
     ],
     [
      -62.89154625424857,
      47.71401600564634
     ],
     [
      -64.94341760938629,
      47.09333545663985
     ],
     [
      -66.9466726946676,
      46.43687214550058
     ],
     [
      -68.90101858376055,
      45.74627921897029
     ],
     [
      -70.80649695452584,
      45.02319321921544
     ],
     [
      -72.66344536504498,
      44.26922352665345
     ],
     [
      -74.47245884444065,
      43.48594362254005
     ],
     [
      -76.23435277604048,
      42.67488406343915
     ],
     [
      -77.95012780323584,
      41.83752702847515
     ],
     [
      -79.62093726478749,
      40.975302281533146
     ],
     [
      -81.24805747310663,
      40.0895843821888
     ],
     [
      -82.83286098892515,
      39.18169097891573
     ],
     [
      -84.3767929184641,
      38.25288202396366
     ],
     [
      -85.88135016239234,
      37.304359759378556
     ],
     [
      -87.34806347599427,
      36.33726933639934
     ],
     [
      -88.77848215294722,
      35.35269994466119
     ],
     [
      -90.17416111676332,
      34.35168634230549
     ],
     [
      -91.53665019032772,
      33.3352106925339
     ],
     [
      -92.86748531152746,
      32.30420462586416
     ],
     [
      -94.16818146867658,
      31.25955146003689
     ],
     [
      -95.44022714078905,
      30.20208852101192
     ],
     [
      -96.68508004271506,
      29.132609518712272
     ],
     [
      -97.90416399216973,
      28.051866940123546
     ],
     [
      -99.0988667335626,
      26.960574430095047
     ],
     [
      -100.27053857142309,
      25.859409136796934
     ],
     [
      -101.42049168351029,
      24.749014004373187
     ],
     [
      -102.55,
      23.63
     ]
    ]
   },
   "properties": {
    "pair": "Italian\u2013Mexican",
    "cuisine_a": "Italian",
    "cuisine_b": "Mexican",
    "residual": 0.1139,
    "distance_km": 10148.0,
    "is_long_distance": "long-distance"
   }
  },
  {
   "type": "Feature",
   "geometry": {
    "type": "LineString",
    "coordinates": [
     [
      2.21,
      46.22999999999999
     ],
     [
      2.976396336763766,
      46.99970690652383
     ],
     [
      3.7651197438355397,
      47.764151443413475
     ],
     [
      4.577284429801881,
      48.52303171740091
     ],
     [
      5.41405967729676,
      49.27602591704085
     ],
     [
      6.276671537493788,
      50.02279087467625
     ],
     [
      7.166404262754779,
      50.76296053898772
     ],
     [
      8.084601389807872,
      51.49614435785311
     ],
     [
      9.032666368304762,
      52.221925572932165
     ],
     [
      10.012062609497704,
      52.93985942958014
     ],
     [
      11.024312806938346,
      53.64947130848813
     ],
     [
      12.07099735547807,
      54.35025478896266
     ],
     [
      13.153751666530763,
      55.04166965812243
     ],
     [
      14.274262146836898,
      55.72313988564547
     ],
     [
      15.434260575429137,
      56.3940515901892
     ],
     [
      16.635516580126662,
      57.05375103137161
     ],
     [
      17.879827882187527,
      57.70154267037034
     ],
     [
      19.169007947904806,
      58.336687352862185
     ],
     [
      20.504870661957284,
      58.958400680227015
     ],
     [
      21.889211623225076,
      59.565851648624765
     ],
     [
      23.32378566469587,
      60.15816165054276
     ],
     [
      24.81028022137307,
      60.73440394934142
     ],
     [
      26.35028422130052,
      61.2936037536019
     ],
     [
      27.9452522634753,
      61.83473903380241
     ],
     [
      29.596463981599516,
      62.35674223776372
     ],
     [
      31.304978683113962,
      62.8585030717528
     ],
     [
      33.071585606027334,
      63.3388725190245
     ],
     [
      34.89675045570508,
      63.796668264449515
     ],
     [
      36.78055926853249,
      64.23068167995643
     ],
     [
      38.72266108970335,
      64.63968649796604
     ],
     [
      40.722211428167114,
      65.0224492562251
     ],
     [
      42.77781893013292,
      65.377741535549
     ],
     [
      44.887498147017915,
      65.70435393131845
     ],
     [
      47.04863160550317,
      66.00111160136468
     ],
     [
      49.25794454936607,
      66.2668911207869
     ],
     [
      51.511495647345164,
      66.500638254753
     ],
     [
      53.8046865911681,
      66.70138614277771
     ],
     [
      56.132292809263994,
      66.86827328405694
     ],
     [
      58.488516497411666,
      67.00056063617198
     ],
     [
      60.86706186689089,
      67.09764710150372
     ],
     [
      63.26123103229393,
      67.15908268726027
     ],
     [
      65.66403744667937,
      67.18457869186722
     ],
     [
      68.06833240900134,
      67.17401439217609
     ],
     [
      70.46693908641349,
      67.12743987515411
     ],
     [
      72.85278785277566,
      67.04507486050433
     ],
     [
      75.21904663098654,
      66.92730357825155
     ],
     [
      77.5592403561932,
      66.77466597671973
     ],
     [
      79.86735459105483,
      66.5878457214592
     ],
     [
      82.13791960206972,
      66.36765558835702
     ],
     [
      84.3660726869365,
      66.11502094417473
     ],
     [
      86.54759805543941,
      65.83096204184517
     ],
     [
      88.67894495534033,
      65.5165758393753
     ],
     [
      90.75722588235244,
      65.17301798876527
     ],
     [
      92.7801975496049,
      64.80148554687847
     ],
     [
      94.74622779591401,
      64.40320084676361
     ],
     [
      96.65425180374528,
      63.97939684795487
     ],
     [
      98.50372092619251,
      63.53130416816471
     ],
     [
      100.29454715246257,
      63.060139894224946
     ],
     [
      102.02704584167262,
      62.56709818192199
     ],
     [
      103.7018788881737,
      62.05334258468786
     ],
     [
      105.32000000000001,
      61.52
     ]
    ]
   },
   "properties": {
    "pair": "French\u2013Russian",
    "cuisine_a": "French",
    "cuisine_b": "Russian",
    "residual": 0.1136,
    "distance_km": 6221.0,
    "is_long_distance": "long-distance"
   }
  },
  {
   "type": "Feature",
   "geometry": {
    "type": "LineString",
    "coordinates": [
     [
      -91.2,
      30.5
     ],
     [
      -90.39040623647942,
      31.26342081736443
     ],
     [
      -89.56765170641785,
      32.02168431437342
     ],
     [
      -88.73121326677033,
      32.77454801709359
     ],
     [
      -87.8805555073307,
      33.521759299045144
     ],
     [
      -87.01513097043616,
      34.263054908317336
     ],
     [
      -86.13438048647654,
      34.99816048614816
     ],
     [
      -85.2377336415113,
      35.726790078999834
     ],
     [
      -84.32460939489914,
      36.448645646628584
     ],
     [
      -83.39441686649702,
      37.163416569177436
     ],
     [
      -82.44655631466405,
      37.870779156920236
     ],
     [
      -81.48042032797325,
      38.570396166957906
     ],
     [
      -80.49539525514832,
      39.261916331919075
     ],
     [
      -79.49086289924405,
      39.944973906548555
     ],
     [
      -78.46620250340679,
      40.61918823898127
     ],
     [
      -77.4207930565986,
      41.28416337449437
     ],
     [
      -76.35401594833948,
      41.93948770060397
     ],
     [
      -75.26525800169378,
      42.58473364351828
     ],
     [
      -74.15391491325208,
      43.21945742716284
     ],
     [
      -73.01939512757974,
      43.84319890724254
     ],
     [
      -71.86112417132715,
      44.455481494072586
     ],
     [
      -70.6785494687305,
      45.05581217916772
     ],
     [
      -69.47114565535814,
      45.64368168178653
     ],
     [
      -68.23842040045928,
      46.21856473273483
     ],
     [
      -66.97992073993518,
      46.779920513681546
     ],
     [
      -65.69523991158032,
      47.32719327096078
     ],
     [
      -64.38402467167062,
      47.859813123243114
     ],
     [
      -63.04598305710317,
      48.37719708246885
     ],
     [
      -61.680892540090305,
      48.878750306943374
     ],
     [
      -60.288608502966234,
      49.36386760439853
     ],
     [
      -58.869072939200734,
      49.83193520101479
     ],
     [
      -57.42232326362329,
      50.28233278977757
     ],
     [
      -55.94850109073663,
      50.71443586801634
     ],
     [
      -54.44786081564493,
      51.12761836947792
     ],
     [
      -52.92077780858054,
      51.52125559077703
     ],
     [
      -51.36775601253893,
      51.894727405549865
     ],
     [
      -49.789434715582516,
      52.247421752166694
     ],
     [
      -48.186594256547714,
      52.57873837255338
     ],
     [
      -46.56016041685175,
      52.88809277071917
     ],
     [
      -44.91120725346399,
      53.1749203502521
     ],
     [
      -43.24095814032837,
      53.43868068066036
     ],
     [
      -41.550784808708144,
      53.67886183341462
     ],
     [
      -39.84220421170418,
      53.89498472033852
     ],
     [
      -38.11687308455756,
      54.08660736009001
     ],
     [
      -36.376580129526886,
      54.253328993366885
     ],
     [
      -34.623235820529814,
      54.394793964606336
     ],
     [
      -32.85885989593636,
      54.51069528771977
     ],
     [
      -31.085566684711317,
      54.60077781607804
     ],
     [
      -29.305548487753327,
      54.66484094267197
     ],
     [
      -27.521057308637623,
      54.70274076507718
     ],
     [
      -25.73438529186612,
      54.714391661329266
     ],
     [
      -23.947844278279078,
      54.699767236664904
     ],
     [
      -22.163744923232017,
      54.65890061674599
     ],
     [
      -20.38437584116436,
      54.59188407976428
     ],
     [
      -18.611983239093036,
      54.498868036961085
     ],
     [
      -16.84875148143266,
      54.38005938778752
     ],
     [
      -15.096784990690194,
      54.23571929142009
     ],
     [
      -13.358091835457394,
      54.0661604099525
     ],
     [
      -11.634569292066018,
      53.87174368976506
     ],
     [
      -9.927991593214056,
      53.65287475594552
     ],
     [
      -8.24,
      53.41
     ]
    ]
   },
   "properties": {
    "pair": "Cajun-Creole\u2013Irish",
    "cuisine_a": "Cajun-Creole",
    "cuisine_b": "Irish",
    "residual": 0.1059,
    "distance_km": 6887.0,
    "is_long_distance": "long-distance"
   }
  },
  {
   "type": "Feature",
   "geometry": {
    "type": "LineString",
    "coordinates": [
     [
      -3.44,
      55.38000000000001
     ],
     [
      -5.253570199348594,
      55.6761996768272
     ],
     [
      -7.093532707668658,
      55.945271125412674
     ],
     [
      -8.957900137837603,
      56.18655785874591
     ],
     [
      -10.844460148568338,
      56.39945338739084
     ],
     [
      -12.750786612045605,
      56.58340811076423
     ],
     [
      -14.674255455720434,
      56.73793586346306
     ],
     [
      -16.612065107009844,
      56.86261994768279
     ],
     [
      -18.56126128441491,
      56.95711848603004
     ],
     [
      -20.518765689922937,
      57.02116893996126
     ],
     [
      -22.48140797785869,
      57.054591657712535
     ],
     [
      -24.44596021737822,
      57.057292341387694
     ],
     [
      -26.409172941485885,
      57.029263354733764
     ],
     [
      -28.36781179459861,
      56.970583829431504
     ],
     [
      -30.31869375982772,
      56.881418566456745
     ],
     [
      -32.25872196883273,
      56.76201576799335
     ],
     [
      -34.18491816954072,
      56.612703672259805
     ],
     [
      -36.09445204433175,
      56.43388619638252
     ],
     [
      -37.98466672416774,
      56.22603771941219
     ],
     [
      -39.85310002094379,
      55.989697157527445
     ],
     [
      -41.69750108833863,
      55.72546149576623
     ],
     [
      -43.51584240811514,
      55.43397894520649
     ],
     [
      -45.306327172996625,
      55.11594189185186
     ],
     [
      -47.06739228994487,
      54.77207979446004
     ],
     [
      -48.79770735262847,
      54.40315217437822
     ],
     [
      -50.49617002569058,
      54.00994182249208
     ],
     [
      -52.161898345387996,
      53.59324832804744
     ],
     [
      -53.79422047285197,
      53.15388201269869
     ],
     [
      -55.392662440918826,
      52.69265833183831
     ],
     [
      -56.956934417635296,
      52.210392785021284
     ],
     [
      -58.486915974153824,
      51.70789635883421
     ],
     [
      -59.982640796854724,
      51.18597150934951
     ],
     [
      -61.4442812278993,
      50.64540867761436
     ],
     [
      -62.872132959185855,
      50.086983320524695
     ],
     [
      -64.26660014526932,
      49.511453430861295
     ],
     [
      -65.62818114386327,
      48.919557514033905
     ],
     [
      -66.95745503995788,
      48.31201298494147
     ],
     [
      -68.2550690625707,
      47.68951494602341
     ],
     [
      -69.52172696233598,
      47.05273530674293
     ],
     [
      -70.75817838370627,
      46.40232220511349
     ],
     [
      -71.96520923731961,
      45.738899693176926
     ],
     [
      -73.14363305566502,
      45.06306765031864
     ],
     [
      -74.29428329799234,
      44.37540189074884
     ],
     [
      -75.41800655781967,
      43.67645443420842
     ],
     [
      -76.51565661771814,
      42.96675391183009
     ],
     [
      -77.58808929065027,
      42.24680608198401
     ],
     [
      -78.63615798439007,
      41.51709443377723
     ],
     [
      -79.66070992490826,
      40.77808085859292
     ],
     [
      -80.66258297558078,
      40.0302063726081
     ],
     [
      -81.64260299125343,
      39.27389187558809
     ],
     [
      -82.6015816492254,
      38.509538933410035
     ],
     [
      -83.5403147028095,
      37.737530573710394
     ],
     [
      -84.45958060706083,
      36.95823208578725
     ],
     [
      -85.36013947035487,
      36.17199181742378
     ],
     [
      -86.2427322896045,
      35.379141962647275
     ],
     [
      -87.10808043092875,
      34.57999933561243
     ],
     [
      -87.95688532145125,
      33.7748661268114
     ],
     [
      -88.78982832156254,
      32.96403063868533
     ],
     [
      -89.60757075039653,
      32.14776799845275
     ],
     [
      -90.41075404042884,
      31.326340846599376
     ],
     [
      -91.2,
      30.5
     ]
    ]
   },
   "properties": {
    "pair": "British\u2013Cajun-Creole",
    "cuisine_a": "British",
    "cuisine_b": "Cajun-Creole",
    "residual": 0.0972,
    "distance_km": 7128.0,
    "is_long_distance": "long-distance"
   }
  },
  {
   "type": "Feature",
   "geometry": {
    "type": "LineString",
    "coordinates": [
     [
      -51.93,
      -14.24
     ],
     [
      -52.784478359337875,
      -13.615185588869211
     ],
     [
      -53.634444354232194,
      -12.98747115404795
     ],
     [
      -54.48011642660291,
      -12.357009472203222
     ],
     [
      -55.32171268904549,
      -11.723951121464218
     ],
     [
      -56.15945086430101,
      -11.088444587114116
     ],
     [
      -56.99354823767031,
      -10.450636368389953
     ],
     [
      -57.82422162140124,
      -9.810671086190819
     ],
     [
      -58.65168733012176,
      -9.168691591519625
     ],
     [
      -59.476161166432945,
      -8.524839074506705
     ],
     [
      -60.29785841581735,
      -7.879253173884852
     ],
     [
      -61.11699385005673,
      -7.232072086804751
     ],
     [
      -61.93378173839075,
      -6.58343267889759
     ],
     [
      -62.74843586568335,
      -5.933470594507653
     ],
     [
      -63.56116955689632,
      -5.282320367032413
     ],
     [
      -64.37219570720052,
      -4.630115529320533
     ],
     [
      -65.18172681708283,
      -3.9769887240900585
     ],
     [
      -65.98997503183256,
      -3.323071814339266
     ],
     [
      -66.79715218481395,
      -2.668495993731745
     ],
     [
      -67.60346984395134,
      -2.0133918969450293
     ],
     [
      -68.40913936087064,
      -1.3578897099788048
     ],
     [
      -69.2143719221556,
      -0.7021192804239882
     ],
     [
      -70.01937860218906,
      -0.046210227698540045
     ],
     [
      -70.82437041705744,
      0.6097079467410901
     ],
     [
      -71.62955837900363,
      1.2655057492016684
     ],
     [
      -72.43515355091596,
      1.9210535835557705
     ],
     [
      -73.24136710034112,
      2.5762216410329017
     ],
     [
      -74.04841035250654,
      3.230879789987727
     ],
     [
      -74.85649484183169,
      3.8848974656361013
     ],
     [
      -75.66583236140026,
      4.5381435597525845
     ],
     [
      -76.47663500985277,
      5.190486310327389
     ],
     [
      -77.28911523514597,
      5.841793191185962
     ],
     [
      -78.10348587460814,
      6.491930801580825
     ],
     [
      -78.91996019069998,
      7.140764755773012
     ],
     [
      -79.73875190186777,
      7.788159572629138
     ],
     [
      -80.56007520785127,
      8.433978565270477
     ],
     [
      -81.38414480878033,
      9.078083730821731
     ],
     [
      -82.2111759173647,
      9.720335640320156
     ],
     [
      -83.04138426344794,
      10.360593328860043
     ],
     [
      -83.87498609016276,
      10.998714186063443
     ],
     [
      -84.71219814088677,
      11.634553846985495
     ],
     [
      -85.55323763615964,
      12.267966083582062
     ],
     [
      -86.39832223968199,
      12.898802696888097
     ],
     [
      -87.24767001247415,
      13.526913410078317
     ],
     [
      -88.10149935423054,
      14.152145762606192
     ],
     [
      -88.96002893086181,
      14.774345005644285
     ],
     [
      -89.82347758717356,
      15.393353999077476
     ],
     [
      -90.69206424358745,
      16.00901311033198
     ],
     [
      -91.56600777576917,
      16.62116011535576
     ],
     [
      -92.4455268759871,
      17.229630102101474
     ],
     [
      -93.33083989499006,
      17.83425537690082
     ],
     [
      -94.22216466315741,
      18.43486537415852
     ],
     [
      -95.1197182896488,
      19.031286569836634
     ],
     [
      -96.0237169382567,
      19.623342399243793
     ],
     [
      -96.93437557865235,
      20.210853179690126
     ],
     [
      -97.85190771170868,
      20.793636038616864
     ],
     [
      -98.77652506759073,
      21.37150484785937
     ],
     [
      -99.70843727532096,
      21.944270164753597
     ],
     [
      -100.64785150256081,
      22.511739180848647
     ],
     [
      -101.5949720643981,
      23.073715679040983
     ],
     [
      -102.55,
      23.63
     ]
    ]
   },
   "properties": {
    "pair": "Brazilian\u2013Mexican",
    "cuisine_a": "Brazilian",
    "cuisine_b": "Mexican",
    "residual": 0.0963,
    "distance_km": 6928.0,
    "is_long_distance": "long-distance"
   }
  },
  {
   "type": "Feature",
   "geometry": {
    "type": "LineString",
    "coordinates": [
     [
      -77.3,
      18.11
     ],
     [
      -77.16675272299341,
      20.539720694759744
     ],
     [
      -77.02920030577576,
      22.969336288110775
     ],
     [
      -76.8866099990916,
      25.398828885659956
     ],
     [
      -76.73815672028944,
      27.828178335860844
     ],
     [
      -76.58290210146247,
      30.257361717413335
     ],
     [
      -76.41976850069774,
      32.68635270326272
     ],
     [
      -76.24750638266477,
      35.11512076209551
     ],
     [
      -76.06465289334969,
      37.54363014393724
     ],
     [
      -75.86947861866732,
      39.97183857591678
     ],
     [
      -75.65991829968992,
      42.3996955643037
     ],
     [
      -75.4334794748302,
      44.82714015451906
     ],
     [
      -75.1871203020754,
      47.2540979338066
     ],
     [
      -74.91708363700693,
      49.680476958109594
     ],
     [
      -74.61866788001244,
      52.10616212245116
     ],
     [
      -74.28590454741766,
      54.53100723264562
     ],
     [
      -73.9110950736578,
      56.95482360328459
     ],
     [
      -73.48412964715573,
      59.377363268272006
     ],
     [
      -72.99145858133444,
      61.798293585963734
     ],
     [
      -72.4144910504752,
      64.21715762697478
     ],
     [
      -71.72701319403326,
      66.63331013786808
     ],
     [
      -70.89085011491933,
      69.04580958622313
     ],
     [
      -69.84821278168862,
      71.45322684150891
     ],
     [
      -68.50737967652506,
      73.85328496717071
     ],
     [
      -66.71391246022891,
      76.24212840978852
     ],
     [
      -64.18737639838037,
      78.61269338085982
     ],
     [
      -60.365611394458085,
      80.95060001101345
     ],
     [
      -53.96363965339667,
      83.22196558355434
     ],
     [
      -41.5276500504825,
      85.32869132826471
     ],
     [
      -13.366332834220264,
      86.9129641480258
     ],
     [
      33.65928024633454,
      86.98872758220725
     ],
     [
      63.65416844369926,
      85.4794868760156
     ],
     [
      76.85145034417258,
      83.39457727977839
     ],
     [
      83.55386427635624,
      81.13109667731771
     ],
     [
      87.5162079112188,
      78.79676345911055
     ],
     [
      90.11826859180566,
      76.42808991126601
     ],
     [
      91.95659577283742,
      74.04036087817062
     ],
     [
      93.32612142303866,
      71.64101206341066
     ],
     [
      94.38817092101672,
      69.23407318212747
     ],
     [
      95.23805596648376,
      66.82191115215844
     ],
     [
      95.93557930245882,
      64.40600527386948
     ],
     [
      96.52011376216383,
      61.98732680057809
     ],
     [
      97.01862102110881,
      59.5665394825326
     ],
     [
      97.45017783110401,
      57.14411224067322
     ],
     [
      97.8286605030761,
      54.72038576271961
     ],
     [
      98.16440483892545,
      52.29561357405017
     ],
     [
      98.46526972019342,
      49.86998829937335
     ],
     [
      98.73733985769458,
      47.44365898621465
     ],
     [
      98.98540273634022,
      45.01674284642157
     ],
     [
      99.21328004060555,
      42.58933340630293
     ],
     [
      99.42406283873956,
      40.16150628479817
     ],
     [
      99.62028163606334,
      37.73332336824774
     ],
     [
      99.80403143747928,
      35.30483587863627
     ],
     [
      99.97706515468445,
      32.87608666392402
     ],
     [
      100.1408643696887,
      30.447111932310392
     ],
     [
      100.29669365820916,
      28.01794258301667
     ],
     [
      100.4456428166104,
      25.588605240347608
     ],
     [
      100.58866008190418,
      23.15912306691772
     ],
     [
      100.72657857478481,
      20.729516410783656
     ],
     [
      100.8601375978661,
      18.299803326529428
     ],
     [
      100.99000000000001,
      15.87
     ]
    ]
   },
   "properties": {
    "pair": "Jamaican\u2013Thai",
    "cuisine_a": "Jamaican",
    "cuisine_b": "Thai",
    "residual": 0.091,
    "distance_km": 16232.0,
    "is_long_distance": "long-distance"
   }
  },
  {
   "type": "Feature",
   "geometry": {
    "type": "LineString",
    "coordinates": [
     [
      78.96,
      20.589999999999996
     ],
     [
      77.64774882531627,
      22.477001865559753
     ],
     [
      76.29933748520327,
      24.35309383971753
     ],
     [
      74.91047926668396,
      26.216906842975746
     ],
     [
      73.47656024562764,
      28.0669441067019
     ],
     [
      71.99260187857413,
      29.901562290584373
     ],
     [
      70.45322220220254,
      31.718950173266926
     ],
     [
      68.85259642947877,
      33.517104613212695
     ],
     [
      67.18441820931771,
      35.29380347886452
     ],
     [
      65.44186347784674,
      37.04657527157974
     ],
     [
      63.61755972958483,
      38.77266522458505
     ],
     [
      61.703564740409846,
      40.46899777462664
     ],
     [
      59.691360349343704,
      42.13213549525753
     ],
     [
      57.571868913606636,
      43.7582348853369
     ],
     [
      55.335502521474396,
      45.34299986609734
     ],
     [
      52.972257940299436,
      46.881634506445096
     ],
     [
      50.47187341747981,
      48.3687974249409
     ],
     [
      47.82406643357199,
      49.79856155853854
     ],
     [
      45.01887356387002,
      51.16438456722737
     ],
     [
      42.04711347397703,
      52.45909702433743
     ],
     [
      38.900989897333844,
      53.674917575659364
     ],
     [
      35.57484082530324,
      54.80350610766315
     ],
     [
      32.066020561797714,
      55.83606707013212
     ],
     [
      28.375871080545945,
      56.763514602130456
     ],
     [
      24.510699120921515,
      57.57670796970975
     ],
     [
      20.48263115952291,
      58.26675907198526
     ],
     [
      16.310181539123416,
      58.825403021325855
     ],
     [
      12.018356908658946,
      59.24540890140563
     ],
     [
      7.638150659396212,
      59.52099334748318
     ],
     [
      3.2053635545037626,
      59.64818879199691
     ],
     [
      -1.2411880801489727,
      59.62511575114425
     ],
     [
      -5.6618790467319515,
      59.45211746969851
     ],
     [
      -10.018597154503295,
      59.13173505798813
     ],
     [
      -14.276850971052479,
      58.66852721947134
     ],
     [
      -18.40738876968327,
      58.068763458168846
     ],
     [
      -22.38717142424289,
      57.34003645678722
     ],
     [
      -26.199679303551704,
      56.49084461948006
     ],
     [
      -29.834647683748628,
      55.53019030389669
     ],
     [
      -33.28739173479772,
      54.46722683385291
     ],
     [
      -36.55789798430413,
      53.31097270997059
     ],
     [
      -39.649837426984895,
      52.070098310470414
     ],
     [
      -42.569614677438445,
      50.75278082984334
     ],
     [
      -45.32552363961292,
      49.36661763900425
     ],
     [
      -47.927042838943315,
      47.91858603486717
     ],
     [
      -50.384276676970636,
      46.41503744708329
     ],
     [
      -52.70753228120702,
      44.86171558324195
     ],
     [
      -54.907013255544484,
      43.26378995370256
     ],
     [
      -56.99260893344542,
      41.62589822898461
     ],
     [
      -58.97375844545986,
      39.952192680161396
     ],
     [
      -60.85937136180663,
      38.246387428453524
     ],
     [
      -62.65778976291429,
      36.511804371575614
     ],
     [
      -64.37677968558452,
      34.751416496787606
     ],
     [
      -66.02354266641113,
      32.96788788771436
     ],
     [
      -67.60474043226978,
      31.163610139100925
     ],
     [
      -69.1265276573337,
      29.34073515973411
     ],
     [
      -70.59458916015635,
      27.501204508701605
     ],
     [
      -72.01417901768055,
      25.64677550480656
     ],
     [
      -73.39015989349267,
      23.779044396212196
     ],
     [
      -74.72704147720187,
      21.899466893765993
     ],
     [
      -76.02901736293457,
      20.009376368551028
     ],
     [
      -77.3,
      18.11
     ]
    ]
   },
   "properties": {
    "pair": "Indian\u2013Jamaican",
    "cuisine_a": "Indian",
    "cuisine_b": "Jamaican",
    "residual": 0.0849,
    "distance_km": 14994.0,
    "is_long_distance": "long-distance"
   }
  },
  {
   "type": "Feature",
   "geometry": {
    "type": "LineString",
    "coordinates": [
     [
      -51.93,
      -14.24
     ],
     [
      -49.72896726416096,
      -13.655380394332733
     ],
     [
      -47.53899689568924,
      -13.051462637363114
     ],
     [
      -45.359861753886314,
      -12.429222953484231
     ],
     [
      -43.19127600107628,
      -11.789648808122918
     ],
     [
      -41.032898410494404,
      -11.133736916648845
     ],
     [
      -38.8843357944009,
      -10.462491461405783
     ],
     [
      -36.74514650883255,
      -9.776922514304148
     ],
     [
      -34.61484399713544,
      -9.078044659865252
     ],
     [
      -32.492900340236574,
      -8.366875811421767
     ],
     [
      -30.378749787357002,
      -7.644436211338873
     ],
     [
      -28.27179224642233,
      -6.911747604601642
     ],
     [
      -26.17139671869084,
      -6.169832573886767
     ],
     [
      -24.07690466702283,
      -5.41971402326769
     ],
     [
      -21.987633311706585,
      -4.662414796956489
     ],
     [
      -19.90287885180468,
      -3.898957418929692
     ],
     [
      -17.821919613569463,
      -3.130363938884027
     ],
     [
      -15.744019130593351,
      -2.357655869691176
     ],
     [
      -13.668429163008977,
      -1.5818542013391517
     ],
     [
      -11.594392665241648,
      -0.8039794762363203
     ],
     [
      -9.521146713553732,
      -0.02505191069159875
     ],
     [
      -7.4479254059143525,
      0.7539084526473911
     ],
     [
      -5.373962747590293,
      1.5318815766299656
     ],
     [
      -3.2984955362896886,
      2.307847260948022
     ],
     [
      -1.2207662607036731,
      3.080784988228218
     ],
     [
      0.8599739741176148,
      3.8496738001028574
     ],
     [
      2.944462481952434,
      4.613492218478938
     ],
     [
      5.033421979822641,
      5.371218227194731
     ],
     [
      7.127557512008654,
      6.121829329193064
     ],
     [
      9.227553306195302,
      6.864302694232866
     ],
     [
      11.33406955689776,
      7.597615411983964
     ],
     [
      13.44773913440472,
      8.32074486508047
     ],
     [
      15.569164221030215,
      9.032669236315757
     ],
     [
      17.698912880485018,
      9.732368163616556
     ],
     [
      19.837515570641997,
      10.418823555701708
     ],
     [
      21.985461614848358,
      11.091020580376906
     ],
     [
      24.143195652181358,
      11.747948836207462
     ],
     [
      26.31111409258,
      12.388603716811568
     ],
     [
      28.48956160852249,
      13.011987975198034
     ],
     [
      30.678827700732835,
      13.617113493409486
     ],
     [
      32.87914338114113,
      14.20300326020692
     ],
     [
      35.09067802181454,
      14.768693556636684
     ],
     [
      37.31353642360997,
      15.31323634606026
     ],
     [
      39.547756162651936,
      15.835701861620608
     ],
     [
      41.79330527615732,
      16.33518138020037
     ],
     [
      44.05008035136163,
      16.81079016775332
     ],
     [
      46.31790508208905,
      17.26167057653314
     ],
     [
      48.596529356612976,
      17.686995270298628
     ],
     [
      50.885628937663334,
      18.085970549154435
     ],
     [
      53.184805790582594,
      18.45783974142197
     ],
     [
      55.49358910861889,
      18.801886625972177
     ],
     [
      57.811437075139004,
      19.11743884494247
     ],
     [
      60.137739391225146,
      19.403871263863465
     ],
     [
      62.47182058385149,
      19.660609234087477
     ],
     [
      64.812944094906,
      19.887131711183027
     ],
     [
      67.16031713511099,
      20.08297418275474
     ],
     [
      69.51309626989023,
      20.24773136005809
     ],
     [
      71.87039368699273,
      20.381059589855255
     ],
     [
      74.23128407883691,
      20.48267894621308
     ],
     [
      76.594812056731,
      20.55237496633888
     ],
     [
      78.96,
      20.589999999999996
     ]
    ]
   },
   "properties": {
    "pair": "Brazilian\u2013Indian",
    "cuisine_a": "Brazilian",
    "cuisine_b": "Indian",
    "residual": 0.0816,
    "distance_km": 14776.0,
    "is_long_distance": "long-distance"
   }
  },
  {
   "type": "Feature",
   "geometry": {
    "type": "LineString",
    "coordinates": [
     [
      2.21,
      46.22999999999999
     ],
     [
      2.0596715793199927,
      46.35669423147519
     ],
     [
      1.9086450093617138,
      46.48319055867555
     ],
     [
      1.7569150417945465,
      46.60948718023754
     ],
     [
      1.6044763956388273,
      46.73558227694698
     ],
     [
      1.4513237573155602,
      46.86147401156056
     ],
     [
      1.2974517807065182,
      46.98716052862631
     ],
     [
      1.142855087225096,
      47.11263995430283
     ],
     [
      0.9875282658982601,
      47.237910396177845
     ],
     [
      0.8314658734599568,
      47.36296994308532
     ],
     [
      0.6746624344563509,
      47.4878166649219
     ],
     [
      0.5171124413632738,
      47.612448612462245
     ],
     [
      0.35881035471626654,
      47.73686381717354
     ],
     [
      0.1997506032536173,
      47.8610602910289
     ],
     [
      0.039927584072794994,
      47.985036026320294
     ],
     [
      -0.12066433719930256,
      48.10878899547015
     ],
     [
      -0.2820308262218651,
      48.23231715084268
     ],
     [
      -0.4441775797410152,
      48.35561842455399
     ],
     [
      -0.6071103253755457,
      48.47869072828177
     ],
     [
      -0.7708348213870844,
      48.60153195307427
     ],
     [
      -0.9353568564342442,
      48.72413996915861
     ],
     [
      -1.1006822493102655,
      48.84651262574844
     ],
     [
      -1.266816848663687,
      48.96864775085119
     ],
     [
      -1.4337665327015459,
      49.09054315107489
     ],
     [
      -1.6015372088746058,
      49.21219661143431
     ],
     [
      -1.7701348135441062,
      49.33360589515698
     ],
     [
      -1.9395653116295077,
      49.45476874348883
     ],
     [
      -2.109834696236711,
      49.57568287549957
     ],
     [
      -2.2809489882661915,
      49.69634598788773
     ],
     [
      -2.4529142360005163,
      49.81675575478589
     ],
     [
      -2.62573651467067,
      49.93690982756562
     ],
     [
      -2.7994219260006323,
      50.056805834642425
     ],
     [
      -2.973976597729597,
      50.176441381280945
     ],
     [
      -3.1494066831112826,
      50.29581404940017
     ],
     [
      -3.3257183603896916,
      50.414921397378954
     ],
     [
      -3.5029178322507266,
      50.53376095986191
     ],
     [
      -3.6810113252490466,
      50.652330247565544
     ],
     [
      -3.8600050892095177,
      50.77062674708513
     ],
     [
      -4.039905396602612,
      50.88864792070201
     ],
     [
      -4.22071854189314,
      51.00639120619162
     ],
     [
      -4.402450840861589,
      51.1238540166323
     ],
     [
      -4.585108629897475,
      51.24103374021507
     ],
     [
      -4.768698265263953,
      51.357927740054215
     ],
     [
      -4.953226122333058,
      51.474533353999256
     ],
     [
      -5.138698594790833,
      51.590847894447855
     ],
     [
      -5.325122093811659,
      51.70686864816025
     ],
     [
      -5.512503047201079,
      51.82259287607508
     ],
     [
      -5.700847898506358,
      51.93801781312666
     ],
     [
      -5.89016310609409,
      52.05314066806435
     ],
     [
      -6.080455142194074,
      52.16795862327324
     ],
     [
      -6.2717304919087375,
      52.282468834597296
     ],
     [
      -6.463995652187338,
      52.396668431164315
     ],
     [
      -6.657257130764207,
      52.510554515213265
     ],
     [
      -6.851521445060208,
      52.62412416192412
     ],
     [
      -7.046795121046737,
      52.737374419250074
     ],
     [
      -7.243084692071372,
      52.85030230775267
     ],
     [
      -7.440396697644494,
      52.96290482043974
     ],
     [
      -7.6387376821860125,
      53.075178922606476
     ],
     [
      -7.8381141937314665,
      53.187121551679596
     ],
     [
      -8.038532782596638,
      53.298729617065234
     ],
     [
      -8.24,
      53.41
     ]
    ]
   },
   "properties": {
    "pair": "French\u2013Irish",
    "cuisine_a": "French",
    "cuisine_b": "Irish",
    "residual": 0.0805,
    "distance_km": 1093.0,
    "is_long_distance": "regional"
   }
  },
  {
   "type": "Feature",
   "geometry": {
    "type": "LineString",
    "coordinates": [
     [
      127.77,
      35.91
     ],
     [
      127.37450517004781,
      35.571825176911865
     ],
     [
      126.98234152707235,
      35.232369496565404
     ],
     [
      126.59345215304812,
      34.891659536888575
     ],
     [
      126.20778072968925,
      34.54972135482532
     ],
     [
      125.82527154573025,
      34.206580497046936
     ],
     [
      125.4458695029355,
      33.86226201057095
     ],
     [
      125.06952012091651,
      33.5167904532788
     ],
     [
      124.696169540832,
      33.17018990432458
     ],
     [
      124.32576452804268,
      32.8224839744281
     ],
     [
      123.95825247378866,
      32.47369581604579
     ],
     [
      123.59358139595449,
      32.12384813341461
     ],
     [
      123.23169993898362,
      31.772963192463774
     ],
     [
      122.8725573730002,
      31.4210628305905
     ],
     [
      122.51610359219431,
      31.068168466296378
     ],
     [
      122.16228911252259,
      30.714301108681113
     ],
     [
      121.81106506877427,
      30.359481366791684
     ],
     [
      121.46238321104984,
      30.00372945882465
     ],
     [
      121.11619590069616,
      29.647065221180224
     ],
     [
      120.77245610574073,
      29.289508117367067
     ],
     [
      120.43111739586413,
      28.93107724675697
     ],
     [
      120.09213393694851,
      28.571791353189177
     ],
     [
      119.75546048523671,
      28.211668833424138
     ],
     [
      119.42105238113578,
      27.85072774544703
     ],
     [
      119.08886554269543,
      27.48898581662143
     ],
     [
      118.75885645879112,
      27.126460451693927
     ],
     [
      118.43098218203913,
      26.763168740650617
     ],
     [
      118.1052003214692,
      26.399127466426492
     ],
     [
      117.78146903497934,
      26.03435311246925
     ],
     [
      117.45974702159481,
      25.668861870158842
     ],
     [
      117.13999351355314,
      25.302669646084357
     ],
     [
      116.82216826823438,
      24.93579206918018
     ],
     [
      116.5062315599555,
      24.568244497723075
     ],
     [
      116.19214417164561,
      24.200042026192378
     ],
     [
      115.87986738641885,
      23.831199491995118
     ],
     [
      115.56936297905904,
      23.461731482058504
     ],
     [
      115.26059320743049,
      23.091652339291752
     ],
     [
      114.95352080382777,
      22.7209761689196
     ],
     [
      114.64810896627617,
      22.349716844689954
     ],
     [
      114.3443213497941,
      21.97788801495785
     ],
     [
      114.04212205762757,
      21.60550310864831
     ],
     [
      113.74147563246606,
      21.232575341100368
     ],
     [
      113.44234704764874,
      20.859117719794924
     ],
     [
      113.14470169836845,
      20.485143049968677
     ],
     [
      112.84850539288136,
      20.11066394011687
     ],
     [
      112.5537243437286,
      19.735692807387107
     ],
     [
      112.2603251589758,
      19.36024188286693
     ],
     [
      111.96827483347657,
      18.984323216767596
     ],
     [
      111.67754074016442,
      18.60794868350649
     ],
     [
      111.38809062137784,
      18.231129986690753
     ],
     [
      111.09989258022263,
      17.853878664004558
     ],
     [
      110.8129150719749,
      17.47620609200252
     ],
     [
      110.52712689552821,
      17.098123490811663
     ],
     [
      110.24249718488741,
      16.71964192874442
     ],
     [
      109.95899540071184,
      16.340772326825007
     ],
     [
      109.67659132190988,
      15.961525463231704
     ],
     [
      109.39525503728683,
      15.581911977657215
     ],
     [
      109.11495693724743,
      15.201942375589683
     ],
     [
      108.83566770555444,
      14.82162703251646
     ],
     [
      108.55735831114423,
      14.440976198053152
     ],
     [
      108.28,
      14.06
     ]
    ]
   },
   "properties": {
    "pair": "Korean\u2013Vietnamese",
    "cuisine_a": "Korean",
    "cuisine_b": "Vietnamese",
    "residual": 0.0783,
    "distance_km": 3111.0,
    "is_long_distance": "regional"
   }
  },
  {
   "type": "Feature",
   "geometry": {
    "type": "LineString",
    "coordinates": [
     [
      12.569999999999999,
      41.87
     ],
     [
      11.123192657452694,
      42.490015980850885
     ],
     [
      9.647855209470997,
      43.091474383778525
     ],
     [
      8.143730535587709,
      43.67360855849685
     ],
     [
      6.610655237460403,
      44.23563901654154
     ],
     [
      5.048570210751039,
      44.77677595422126
     ],
     [
      3.4575313094647444,
      45.29622217927437
     ],
     [
      1.8377199084889084,
      45.79317645397654
     ],
     [
      0.18945313713378434,
      46.26683726002198
     ],
     [
      -1.4868064747529326,
      46.71640698145387
     ],
     [
      -3.1904422240845776,
      47.14109649128097
     ],
     [
      -4.920675642893387,
      47.540130115317346
     ],
     [
      -6.676560408747238,
      47.912750933469695
     ],
     [
      -8.456978080838526,
      48.25822636454088
     ],
     [
      -10.260635974961442,
      48.57585396612368
     ],
     [
      -12.086067465307716,
      48.864967366948825
     ],
     [
      -13.931634959596423,
      49.12494223585694
     ],
     [
      -15.795535736158055,
      49.355202180179745
     ],
     [
      -17.675810757959344,
      49.55522445756231
     ],
     [
      -19.57035649116513,
      49.72454537991632
     ],
     [
      -21.47693965794456,
      49.86276528693251
     ],
     [
      -23.393214749290667,
      49.969552969903035
     ],
     [
      -25.316744019044457,
      50.04464943476636
     ],
     [
      -27.24501958110827,
      50.08787090626361
     ],
     [
      -29.17548714413494,
      50.09911099254875
     ],
     [
      -31.10557084752525,
      50.078341950872996
     ],
     [
      -33.03269861414775,
      50.02561501913942
     ],
     [
      -34.95432741219922,
      49.941059804047086
     ],
     [
      -36.867967822679695,
      49.82488274293247
     ],
     [
      -38.77120733977717,
      49.67736468194847
     ],
     [
      -40.66173188686166,
      49.498857636645745
     ],
     [
      -42.53734510693034,
      49.28978082124641
     ],
     [
      -44.395985078098825,
      49.05061604907377
     ],
     [
      -46.23573820618531,
      48.781902618166285
     ],
     [
      -48.05485015143058,
      48.484231802814136
     ],
     [
      -49.85173374906326,
      48.15824107367432
     ],
     [
      -51.62497397859539,
      47.804608166583854
     ],
     [
      -53.37333012031263,
      47.42404511375501
     ],
     [
      -55.09573530651905,
      47.01729234141577
     ],
     [
      -56.79129372811022,
      46.5851129259501
     ],
     [
      -58.459275793578364,
      46.128287087013724
     ],
     [
      -60.09911155824377,
      45.64760698173539
     ],
     [
      -61.710382747809895,
      45.14387184965936
     ],
     [
      -63.2928136942802,
      44.61788354413318
     ],
     [
      -64.84626148619118,
      44.07044247286101
     ],
     [
      -66.37070561145447,
      43.50234395865696
     ],
     [
      -67.86623734222628,
      42.91437502125929
     ],
     [
      -69.33304907929372,
      42.3073115725037
     ],
     [
      -70.77142384034823,
      41.68191601020978
     ],
     [
      -72.18172504373105,
      41.0389351907482
     ],
     [
      -73.56438670796321,
      40.37909875630761
     ],
     [
      -74.91990415845751,
      39.7031177902202
     ],
     [
      -76.24882530680307,
      39.01168377216266
     ],
     [
      -77.55174254520881,
      38.30546780444806
     ],
     [
      -78.82928527918334,
      37.58512008079042
     ],
     [
      -80.0821131052465,
      36.85126956969656
     ],
     [
      -81.31090962723455,
      36.104523885869206
     ],
     [
      -82.51637689431732,
      35.345469324564945
     ],
     [
      -83.69923043589503,
      34.57467103562663
     ],
     [
      -84.86019486276226,
      33.79267331581288
     ],
     [
      -86.0,
      33.0
     ]
    ]
   },
   "properties": {
    "pair": "Italian\u2013Southern US",
    "cuisine_a": "Italian",
    "cuisine_b": "Southern US",
    "residual": 0.073,
    "distance_km": 8263.0,
    "is_long_distance": "long-distance"
   }
  },
  {
   "type": "Feature",
   "geometry": {
    "type": "LineString",
    "coordinates": [
     [
      -51.93,
      -14.24
     ],
     [
      -51.20316569029347,
      -13.2985718138949
     ],
     [
      -50.481961597257936,
      -12.355095588891393
     ],
     [
      -49.76594695559738,
      -11.409735587320435
     ],
     [
      -49.054689528691014,
      -10.462652003939832
     ],
     [
      -48.34776491212257,
      -9.514001329755349
     ],
     [
      -47.64475584513951,
      -8.563936703498067
     ],
     [
      -46.9452515300321,
      -7.612608251889398
     ],
     [
      -46.24884695922489,
      -6.660163419802126
     ],
     [
      -45.555142249705874,
      -5.706747291403458
     ],
     [
      -44.86374198427914,
      -4.752502903344502
     ],
     [
      -44.17425455900975,
      -3.797571551040588
     ],
     [
      -43.486291536134004,
      -2.842093089068755
     ],
     [
      -42.7994670016294,
      -1.8862062266926098
     ],
     [
      -42.11339692657753,
      -0.9300488195111555
     ],
     [
      -41.42769853140449,
      0.026241841782894477
     ],
     [
      -40.74198965204946,
      0.9825287445582903
     ],
     [
      -40.05588810708925,
      1.9386748683424906
     ],
     [
      -39.36901106483576,
      2.894542898892324
     ],
     [
      -38.68097440942382,
      3.849994941269385
     ],
     [
      -37.991392104918056,
      4.804892230948487
     ],
     [
      -37.2998755564909,
      5.759094841981779
     ],
     [
      -36.60603296775902,
      6.71246139123239
     ],
     [
      -35.90946869341362,
      7.664848737680467
     ],
     [
      -35.20978258634374,
      8.616111675790398
     ],
     [
      -34.50656933852971,
      9.56610262191214
     ],
     [
      -33.79941781508186,
      10.514671292670986
     ],
     [
      -33.08791038091699,
      11.461664374280451
     ],
     [
      -32.37162221970658,
      12.406925181690756
     ],
     [
      -31.65012064489902,
      13.35029330646371
     ],
     [
      -30.922964402817886,
      14.29160425224081
     ],
     [
      -30.189702968072798,
      15.230689056649654
     ],
     [
      -29.44987583179613,
      16.167373898471162
     ],
     [
      -28.703011783541307,
      17.101479688871272
     ],
     [
      -27.948628188056052,
      18.032821645483978
     ],
     [
      -27.186230258582114,
      18.961208848121057
     ],
     [
      -26.415310328842622,
      19.88644377487892
     ],
     [
      -25.635347126467412,
      20.808321817415738
     ],
     [
      -24.845805051287428,
      21.72663077418674
     ],
     [
      -24.046133462712874,
      22.64115032045295
     ],
     [
      -23.235765981310433,
      23.55165145392367
     ],
     [
      -22.41411981072575,
      24.457895914959146
     ],
     [
      -21.580595087275313,
      25.35963558035082
     ],
     [
      -20.73457426587279,
      26.25661182981924
     ],
     [
      -19.87542155247624,
      27.148554884528824
     ],
     [
      -19.002482394963362,
      28.035183117122052
     ],
     [
      -18.115083046279203,
      28.916202333030974
     ],
     [
      -17.21253021587307,
      29.791305023141028
     ],
     [
      -16.294110827865442,
      30.66016958827051
     ],
     [
      -15.359091907075173,
      31.522459536400778
     ],
     [
      -14.406720617003078,
      32.377822654160866
     ],
     [
      -13.436224477115102,
      33.22589015474858
     ],
     [
      -12.446811790293173,
      34.06627580527516
     ],
     [
      -11.437672315111506,
      34.898575037467566
     ],
     [
      -10.407978221621443,
      35.722364046770224
     ],
     [
      -9.356885373543477,
      36.53719888617241
     ],
     [
      -8.283534984099255,
      37.34261456256776
     ],
     [
      -7.187055697070932,
      38.138124145144886
     ],
     [
      -6.066566148913108,
      38.923217897225705
     ],
     [
      -4.9211780716864135,
      39.69736244512467
     ],
     [
      -3.7499999999999996,
      40.46
     ]
    ]
   },
   "properties": {
    "pair": "Brazilian\u2013Spanish",
    "cuisine_a": "Brazilian",
    "cuisine_b": "Spanish",
    "residual": 0.0696,
    "distance_km": 7851.0,
    "is_long_distance": "long-distance"
   }
  },
  {
   "type": "Feature",
   "geometry": {
    "type": "MultiLineString",
    "coordinates": [
     [
      [
       121.77000000000001,
       12.88
      ],
      [
       122.84092285289668,
       14.723833877455936
      ],
      [
       123.93009366292885,
       16.56266360120278
      ],
      [
       125.04022930151065,
       18.395727244865736
      ],
      [
       126.17420603508315,
       20.222211594215274
      ],
      [
       127.33508334568583,
       22.041243744785042
      ],
      [
       128.52612969702767,
       23.851881724495076
      ],
      [
       129.75085042743353,
       25.65310397569196
      ],
      [
       131.0130179162784,
       27.443797510124487
      ],
      [
       132.31670411171655,
       29.222744527616953
      ],
      [
       133.66631541394747,
       30.9886072652691
      ],
      [
       135.06662976526343,
       32.73991082013945
      ],
      [
       136.5228355858404,
       34.47502366663482
      ],
      [
       138.04057188613092,
       36.19213557355311
      ],
      [
       139.62596844793933,
       37.889232620037724
      ],
      [
       141.28568435201913,
       39.56406902230829
      ],
      [
       143.0269422844947,
       41.2141355252435
      ],
      [
       144.85755491103401,
       42.83662420091057
      ],
      [
       146.78593809258004,
       44.42838965258958
      ],
      [
       148.82110375752154,
       45.98590687840069
      ],
      [
       150.9726227915025,
       47.505226443304466
      ],
      [
       153.25054536354884,
       48.981928191497744
      ],
      [
       155.66526279876004,
       50.411075559517144
      ],
      [
       158.22729176636915,
       51.78717367943764
      ],
      [
       160.9469588497525,
       53.10413592989027
      ],
      [
       163.8339626682928,
       54.355265391345284
      ],
      [
       166.89679342610626,
       55.53325968709278
      ],
      [
       170.14199850962487,
       56.63024967741481
      ],
      [
       173.57330033760417,
       57.63788392235758
      ],
      [
       177.1906013824614,
       58.54747095681759
      ],
      [
       180,
       59.141190747794454
      ]
     ],
     [
      [
       -180,
       59.141190747794454
      ],
      [
       -179.01104867243646,
       59.35018920455377
      ],
      [
       -175.0424014773935,
       60.037368734505144
      ],
      [
       -170.9207084390424,
       60.60083938830016
      ],
      [
       -166.6699804986052,
       61.033326510888664
      ],
      [
       -162.32063924631885,
       61.32886072240336
      ],
      [
       -157.9084630046557,
       61.48315581328269
      ],
      [
       -153.47285640294143,
       61.4939037744673
      ],
      [
       -149.05461952565116,
       61.36094199106096
      ],
      [
       -144.6935156906703,
       61.08626524382521
      ],
      [
       -140.4259892979751,
       60.673880504705124
      ],
      [
       -136.28334599940737,
       60.12952844113811
      ],
      [
       -132.29059244623045,
       59.46031466290932
      ],
      [
       -128.4659857337617,
       58.674301564573426
      ],
      [
       -124.82121197635205,
       57.780108016685624
      ],
      [
       -121.36203132713467,
       56.78655258208577
      ],
      [
       -118.08920060018055,
       55.70236121565576
      ],
      [
       -114.99950245838761,
       54.535946703930996
      ],
      [
       -112.08675190728972,
       53.295256823014064
      ],
      [
       -109.34269835970026,
       51.98768198813392
      ],
      [
       -106.75778305325663,
       50.62001050618647
      ],
      [
       -104.32174207591422,
       49.19841939017354
      ],
      [
       -102.02406438116749,
       47.728490001991595
      ],
      [
       -99.85432406238547,
       46.21523973401258
      ],
      [
       -97.80240959382493,
       44.66316298080562
      ],
      [
       -95.85867225635687,
       43.07627649455855
      ],
      [
       -94.01401344512159,
       41.45816573766494
      ],
      [
       -92.2599272574002,
       39.81203002395351
      ],
      [
       -90.58851141786815,
       38.140725109868846
      ],
      [
       -88.99245658955834,
       36.44680251305611
      ],
      [
       -87.4650215898044,
       34.73254525526068
      ],
      [
       -86.0,
       33.0
      ]
     ]
    ]
   },
   "properties": {
    "pair": "Filipino\u2013Southern US",
    "cuisine_a": "Filipino",
    "cuisine_b": "Southern US",
    "residual": 0.0648,
    "distance_km": 14123.0,
    "is_long_distance": "long-distance"
   }
  },
  {
   "type": "Feature",
   "geometry": {
    "type": "LineString",
    "coordinates": [
     [
      -51.93,
      -14.24
     ],
     [
      -49.16753442897364,
      -14.134830689532954
     ],
     [
      -46.408002544013236,
      -13.99815797587744
     ],
     [
      -43.65212281810837,
      -13.8303361701166
     ],
     [
      -40.90057620266698,
      -13.631798220638347
     ],
     [
      -38.153999487525475,
      -13.403053356931997
     ],
     [
      -35.41297928524732,
      -13.144684383164837
     ],
     [
      -32.67804670642594,
      -12.857344665694393
     ],
     [
      -29.949672776397705,
      -12.541754861989462
     ],
     [
      -27.228264627157294,
      -12.19869944044724
     ],
     [
      -24.51416248194105,
      -11.829023041319612
     ],
     [
      -21.807637434446395,
      -11.433626728460599
     ],
     [
      -19.108890010435644,
      -11.013464179975367
     ],
     [
      -16.41804948689995,
      -10.569537863223319
     ],
     [
      -13.735173933283763,
      -10.102895236153719
     ],
     [
      -11.06025093065088,
      -9.614625012799314
     ],
     [
      -8.39319891816286,
      -9.105853526092107
     ],
     [
      -5.733869111799933,
      -8.577741216160348
     ],
     [
      -3.082047937778821,
      -8.031479267077062
     ],
     [
      -0.43745992243156345,
      -7.468286409797048
     ],
     [
      2.2002290188109606,
      -6.889405903866025
     ],
     [
      4.83140794848023,
      -6.296102705517175
     ],
     [
      7.456516982064134,
      -5.689660825065934
     ],
     [
      10.076043118755521,
      -5.071380872139981
     ],
     [
      12.690515871179292,
      -4.442577783276937
     ],
     [
      15.300502732420039,
      -3.8045787228174577
     ],
     [
      17.90660451369521,
      -3.158721144826841
     ],
     [
      20.509450581161122,
      -2.5063510009952337
     ],
     [
      23.109694015768984,
      -1.8488210770888733
     ],
     [
      25.70800671595356,
      -1.1874894385385808
     ],
     [
      28.30507445935188,
      -0.5237179641420362
     ],
     [
      30.901591936813933,
      0.14112905439399612
     ],
     [
      33.49825776974933,
      0.8056862702514833
     ],
     [
      36.095769520407735,
      1.4685886203932272
     ],
     [
      38.694818704045716,
      2.1284726695550913
     ],
     [
      41.29608581210925,
      2.7839779832764227
     ],
     [
      43.90023535654541,
      3.4337485535190773
     ],
     [
      46.507910947137376,
      4.076434299711395
     ],
     [
      49.1197304162869,
      4.710692667003317
     ],
     [
      51.73628100888944,
      5.33519034211757
     ],
     [
      54.358114658778,
      5.94860510541445
     ],
     [
      56.98574337754846,
      6.549627835637468
     ],
     [
      59.61963478628819,
      7.136964681257968
     ],
     [
      62.26020782566423,
      7.709339409380683
     ],
     [
      64.90782868479253,
      8.265495939801422
     ],
     [
      67.5628069941171,
      8.80420106803263
     ],
     [
      70.22539233192451,
      9.324247376945982
     ],
     [
      72.89577109788098,
      9.824456332161546
     ],
     [
      75.5740638098223,
      10.303681551487418
     ],
     [
      78.26032288170224,
      10.760812233655228
     ],
     [
      80.95453094084922,
      11.19477672639686
     ],
     [
      83.65659974125352,
      11.604546208675583
     ],
     [
      86.36636972631938,
      11.98913845675727
     ],
     [
      89.08361028920356,
      12.347621658927094
     ],
     [
      91.80802077145795,
      12.679118239191512
     ],
     [
      94.53923223118798,
      12.982808646419675
     ],
     [
      97.2768100004348,
      13.257935062243671
     ],
     [
      100.02025703817809,
      13.50380497881451
     ],
     [
      102.76901807054604,
      13.719794596345064
     ],
     [
      105.52248449390675,
      13.905351990379712
     ],
     [
      108.28,
      14.06
     ]
    ]
   },
   "properties": {
    "pair": "Brazilian\u2013Vietnamese",
    "cuisine_a": "Brazilian",
    "cuisine_b": "Vietnamese",
    "residual": 0.0574,
    "distance_km": 17882.0,
    "is_long_distance": "long-distance"
   }
  },
  {
   "type": "Feature",
   "geometry": {
    "type": "LineString",
    "coordinates": [
     [
      -86.0,
      33.0
     ],
     [
      -84.92665496216614,
      33.57468161879884
     ],
     [
      -83.83904103998212,
      34.13997514977321
     ],
     [
      -82.73690405780873,
      34.695550462646175
     ],
     [
      -81.62000564673967,
      35.24107064888036
     ],
     [
      -80.48812519836329,
      35.776192253578344
     ],
     [
      -79.34106192469369,
      36.30056556311326
     ],
     [
      -78.17863701807407,
      36.81383495271914
     ],
     [
      -77.00069590258728,
      37.31563929819761
     ],
     [
      -75.80711056600288,
      37.805612455745575
     ],
     [
      -74.59778195856107,
      38.28338381367025
     ],
     [
      -73.37264244196577,
      38.748578919419096
     ],
     [
      -72.1316582688663,
      39.20082018490523
     ],
     [
      -70.87483206989822,
      39.639727672542044
     ],
     [
      -69.60220532208905,
      40.06491996370884
     ],
     [
      -68.31386076919148,
      40.476015110544026
     ],
     [
      -67.00992476137296,
      40.87263167100341
     ],
     [
      -65.69056947877331,
      41.25438982602757
     ],
     [
      -64.35601500085495,
      41.62091257643982
     ],
     [
      -63.00653118134277,
      41.97182701585527
     ],
     [
      -61.642439287013374,
      42.30676567443538
     ],
     [
      -60.26411335778568,
      42.62536792679563
     ],
     [
      -58.87198124561343,
      42.92728145578947
     ],
     [
      -57.466525290713285,
      43.212163762287155
     ],
     [
      -56.048282595778815,
      43.47968370947877
     ],
     [
      -54.61784486211452,
      43.72952308870311
     ],
     [
      -53.17585775611787,
      43.96137819238421
     ],
     [
      -51.72301978025031,
      44.174961378397356
     ],
     [
      -50.260080629527195,
      44.37000260913546
     ],
     [
      -48.7878390225311,
      44.54625094775642
     ],
     [
      -47.307140004868394,
      44.70347599360605
     ],
     [
      -45.818871732645796,
      44.841469238672616
     ],
     [
      -44.32396175369797,
      44.960045327164686
     ],
     [
      -42.82337281465751,
      45.05904320093822
     ],
     [
      -41.31809823220707,
      45.13832711453759
     ],
     [
      -39.809156876649965,
      45.197787505051956
     ],
     [
      -38.29758782494001,
      45.23734170380278
     ],
     [
      -36.78444474819373,
      45.25693447903538
     ],
     [
      -35.27079010517489,
      45.25653840123544
     ],
     [
      -33.75768921803813,
      45.236154025371334
     ],
     [
      -32.246204309560476,
      45.19580988720164
     ],
     [
      -30.737388582055793,
      45.13556231370555
     ],
     [
      -29.23228041712123,
      45.055495050611825
     ],
     [
      -27.7318977723471,
      44.95571871283517
     ],
     [
      -26.237232846253605,
      44.83637006630049
     ],
     [
      -24.749247076190958,
      44.6976111520741
     ],
     [
      -23.268866526005766,
      44.53962826586434
     ],
     [
      -21.796977711234792,
      44.36263080775466
     ],
     [
      -20.334423899766087,
      44.16685001845317
     ],
     [
      -18.882001915648576,
      43.95253761936592
     ],
     [
      -17.440459463372374,
      43.71996437441847
     ],
     [
      -16.010492979803235,
      43.469418591771515
     ],
     [
      -14.59274601132179,
      43.201204583423205
     ],
     [
      -13.187808104837321,
      42.91564110019134
     ],
     [
      -11.796214193411483,
      42.61305975876784
     ],
     [
      -10.418444450383806,
      42.29380347647741
     ],
     [
      -9.054924580225643,
      41.95822492810487
     ],
     [
      -7.706026509903769,
      41.606685037730756
     ],
     [
      -6.372069441298287,
      41.23955151698388
     ],
     [
      -5.053321223147369,
      40.85719745952857
     ],
     [
      -3.7499999999999996,
      40.46
     ]
    ]
   },
   "properties": {
    "pair": "Southern US\u2013Spanish",
    "cuisine_a": "Southern US",
    "cuisine_b": "Spanish",
    "residual": 0.0573,
    "distance_km": 7109.0,
    "is_long_distance": "long-distance"
   }
  },
  {
   "type": "Feature",
   "geometry": {
    "type": "MultiLineString",
    "coordinates": [
     [
      [
       78.96,
       20.589999999999996
      ],
      [
       79.04493381443469,
       22.851216345693576
      ],
      [
       79.13274202681255,
       25.112386110502694
      ],
      [
       79.22386156127355,
       27.37350221268819
      ],
      [
       79.31878442188719,
       29.634556677356702
      ],
      [
       79.41806934620043,
       31.895540447416227
      ],
      [
       79.522356177164,
       34.1564431504062
      ],
      [
       79.63238376907765,
       36.41725280795361
      ],
      [
       79.74901252795425,
       38.67795546997722
      ],
      [
       79.87325308957946,
       40.938534749210056
      ],
      [
       80.00630321634154,
       43.19897122221131
      ],
      [
       80.14959583503625,
       45.459241649350645
      ],
      [
       80.3048623824908,
       47.719317945983846
      ],
      [
       80.47421750085198,
       49.97916580649836
      ],
      [
       80.66027400516192,
       52.23874283595533
      ],
      [
       80.86630156909766,
       54.49799597028608
      ],
      [
       81.09644985004513,
       56.75685784725504
      ],
      [
       81.35606879474031,
       59.01524159403047
      ],
      [
       81.65217933294005,
       61.273033162473844
      ],
      [
       81.99418371944274,
       63.5300797528031
      ],
      [
       82.39497080328665,
       65.78617178325207
      ],
      [
       82.87269789996365,
       68.04101378543179
      ],
      [
       83.45378580006428,
       70.29417540401978
      ],
      [
       84.17820963765394,
       72.54500464397891
      ],
      [
       85.10942745150594,
       74.79246457893699
      ],
      [
       86.35446053268343,
       77.03480164307575
      ],
      [
       88.10856738651077,
       79.2688026847771
      ],
      [
       90.7679000682717,
       81.48790041645378
      ],
      [
       95.26658628607431,
       83.67638411713953
      ],
      [
       104.3579078461452,
       85.78627888363972
      ],
      [
       128.92018765367135,
       87.6004516045606
      ],
      [
       180,
       87.93531560381922
      ]
     ],
     [
      [
       -180,
       87.93531560381922
      ],
      [
       -169.95319829059733,
       88.00117943623422
      ],
      [
       -133.4195142173924,
       86.46902281959859
      ],
      [
       -121.09768079326763,
       84.41650849316544
      ],
      [
       -115.50711326891758,
       82.2464196573253
      ],
      [
       -112.3671206700401,
       80.0352782626634
      ],
      [
       -110.36222443490465,
       77.80539571674876
      ],
      [
       -108.97060565545866,
       75.56545570032884
      ],
      [
       -107.94653932983324,
       73.31951022523005
      ],
      [
       -107.1596916314991,
       71.06969751996184
      ],
      [
       -106.53466453769461,
       68.81725062486547
      ],
      [
       -106.02486487402633,
       66.56292990555104
      ],
      [
       -105.59996764897996,
       64.3072295123437
      ],
      [
       -105.23939319849393,
       62.050484433438896
      ],
      [
       -104.92868586322588,
       59.79292978265731
      ],
      [
       -104.6573939351116,
       57.53473544575633
      ],
      [
       -104.4177723594017,
       55.27602725183593
      ],
      [
       -104.20395859886781,
       53.016900408417776
      ],
      [
       -104.01143198994544,
       50.75742830746633
      ],
      [
       -103.83664904772179,
       48.497668461421235
      ],
      [
       -103.67679137546055,
       46.23766660405535
      ],
      [
       -103.52958760668011,
       43.97745958563898
      ],
      [
       -103.39318519433321,
       41.71707745677257
      ],
      [
       -103.26605648286917,
       39.45654499449521
      ],
      [
       -103.14692881147951,
       37.195882837611684
      ],
      [
       -103.03473175328376,
       34.93510834346614
      ],
      [
       -102.92855676406582,
       32.674236243055084
      ],
      [
       -102.82762594444696,
       30.413279148083884
      ],
      [
       -102.73126758020018,
       28.152247947931638
      ],
      [
       -102.63889678183466,
       25.89115212381086
      ],
      [
       -102.55,
       23.63
      ]
     ]
    ]
   },
   "properties": {
    "pair": "Indian\u2013Mexican",
    "cuisine_a": "Indian",
    "cuisine_b": "Mexican",
    "residual": 0.054,
    "distance_km": 15095.0,
    "is_long_distance": "long-distance"
   }
  },
  {
   "type": "Feature",
   "geometry": {
    "type": "LineString",
    "coordinates": [
     [
      104.2,
      35.85999999999999
     ],
     [
      104.55919021041281,
      35.49797572854151
     ],
     [
      104.91515278345886,
      35.1348964942953
     ],
     [
      105.2679501743877,
      34.770785679538626
     ],
     [
      105.61764386648737,
      34.405666152897204
     ],
     [
      105.96429438063825,
      34.039560282449244
     ],
     [
      106.30796128553771,
      33.672489948557626
     ],
     [
      106.64870320852773,
      33.304476556430856
     ],
     [
      106.98657784696218,
      32.93554104841442
     ],
     [
      107.32164198005506,
      32.565703916014385
     ],
     [
      107.65395148115437,
      32.194985211655435
     ],
     [
      107.98356133039105,
      31.82340456017642
     ],
     [
      108.31052562765507,
      31.450981170065827
     ],
     [
      108.63489760585496,
      31.07773384444106
     ],
     [
      108.95672964441991,
      30.703680991774746
     ],
     [
      109.27607328300634,
      30.328840636371826
     ],
     [
      109.59297923537456,
      29.953230428601607
     ],
     [
      109.90749740340262,
      29.576867654888627
     ],
     [
      110.21967689120807,
      29.199769247466897
     ],
     [
      110.52956601934993,
      28.821951793901626
     ],
     [
      110.8372123390859,
      28.44343154638297
     ],
     [
      111.14266264666131,
      28.064224430796557
     ],
     [
      111.44596299760929,
      27.684346055575038
     ],
     [
      111.747158721042,
      27.30381172033569
     ],
     [
      112.0462944339159,
      26.92263642430846
     ],
     [
      112.34341405525467,
      26.540834874559238
     ],
     [
      112.6385608203152,
      26.158421494013172
     ],
     [
      112.9317772946837,
      25.775410429282523
     ],
     [
      113.22310538828954,
      25.391815558303918
     ],
     [
      113.51258636932673,
      25.007650497789523
     ],
     [
      113.80026087807299,
      24.622928610496803
     ],
     [
      114.08616894059793,
      24.23766301232149
     ],
     [
      114.37034998235316,
      23.851866579218264
     ],
     [
      114.65284284163717,
      23.465551953953625
     ],
     [
      114.93368578292947,
      23.078731552695455
     ],
     [
      115.21291651008903,
      22.69141757144353
     ],
     [
      115.49057217941225,
      22.303621992305498
     ],
     [
      115.76668941254762,
      21.915356589622352
     ],
     [
      116.04130430926317,
      21.526632935947813
     ],
     [
      116.31445246006498,
      21.137462407885508
     ],
     [
      116.58616895866443,
      20.747856191788266
     ],
     [
      116.85648841429298,
      20.35782528932328
     ],
     [
      117.12544496386353,
      19.96738052290719
     ],
     [
      117.39307228397762,
      19.57653254101483
     ],
     [
      117.65940360277858,
      19.18529182336555
     ],
     [
      117.92447171165082,
      18.79366868599064
     ],
     [
      118.18830897676544,
      18.40167328618559
     ],
     [
      118.45094735047356,
      18.009315627350713
     ],
     [
      118.71241838254797,
      17.6166055637236
     ],
     [
      118.9727532312748,
      17.223552805006797
     ],
     [
      119.23198267439666,
      16.83016692089413
     ],
     [
      119.49013711990915,
      16.43645734549882
     ],
     [
      119.74724661671249,
      16.042433381686713
     ],
     [
      120.00334086512079,
      15.648104205317676
     ],
     [
      120.25844922723124,
      15.25347886939826
     ],
     [
      120.51260073715531,
      14.858566308148637
     ],
     [
      120.76582411111504,
      14.463375340986778
     ],
     [
      121.01814775740706,
      14.067914676432672
     ],
     [
      121.26959978623691,
      13.6721929159355
     ],
     [
      121.52020801942683,
      13.276218557626462
     ],
     [
      121.77000000000001,
      12.88
     ]
    ]
   },
   "properties": {
    "pair": "Chinese\u2013Filipino",
    "cuisine_a": "Chinese",
    "cuisine_b": "Filipino",
    "residual": 0.0518,
    "distance_km": 3102.0,
    "is_long_distance": "regional"
   }
  },
  {
   "type": "Feature",
   "geometry": {
    "type": "LineString",
    "coordinates": [
     [
      2.21,
      46.22999999999999
     ],
     [
      2.1008393435659674,
      46.13653334821142
     ],
     [
      1.9920488287902154,
      46.042963143357234
     ],
     [
      1.883626403965893,
      45.94929007296085
     ],
     [
      1.7755700271596422,
      45.85551481955641
     ],
     [
      1.6678776662090795,
      45.76163806072607
     ],
     [
      1.560547298718968,
      45.66766046913729
     ],
     [
      1.453576912056109,
      45.573582712579714
     ],
     [
      1.3469645033429944,
      45.47940545400208
     ],
     [
      1.240708079450239,
      45.38512935154867
     ],
     [
      1.1348056569878433,
      45.29075505859584
     ],
     [
      1.0292552622952988,
      45.19628322378812
     ],
     [
      0.9240549314305831,
      45.101714491074205
     ],
     [
      0.8192027101580609,
      45.00704949974273
     ],
     [
      0.7146966539353298,
      44.91228888445788
     ],
     [
      0.6105348278990386,
      44.81743327529471
     ],
     [
      0.5067153068497011,
      44.722483297774296
     ],
     [
      0.40323617523553956,
      44.627439572898666
     ],
     [
      0.30009552713538423,
      44.53230271718562
     ],
     [
      0.19729146624064742,
      44.43707334270315
     ],
     [
      0.09482210583641217,
      44.34175205710384
     ],
     [
      -0.007314431218346967,
      44.246339463658884
     ],
     [
      -0.10912001251139174,
      44.15083616129206
     ],
     [
      -0.21059649609865463,
      44.055242744613395
     ],
     [
      -0.3117457305264723,
      43.959559803952565
     ],
     [
      -0.4125695548545897,
      43.86378792539224
     ],
     [
      -0.5130697986799021,
      43.7679276908011
     ],
     [
      -0.613248282160931,
      43.67197967786664
     ],
     [
      -0.7131068160429895,
      43.5759444601278
     ],
     [
      -0.8126472016840346,
      43.47982260700742
     ],
     [
      -0.9118712310811744,
      43.38361468384435
     ],
     [
      -1.010780686897811,
      43.28732125192556
     ],
     [
      -1.1093773424913975,
      43.190942868517716
     ],
     [
      -1.2076629619418027,
      43.094480086898955
     ],
     [
      -1.3056393000802307,
      42.99793345639004
     ],
     [
      -1.4033081025187197,
      42.90130352238562
     ],
     [
      -1.500671105680165,
      42.80459082638511
     ],
     [
      -1.5977300368288665,
      42.70779590602342
     ],
     [
      -1.6944866141015789,
      42.61091929510139
     ],
     [
      -1.7909425465390456,
      42.513961523616175
     ],
     [
      -1.887099534117992,
      42.416923117791235
     ],
     [
      -1.9829592677835877,
      42.31980460010625
     ],
     [
      -2.0785234294823183,
      42.222606489326814
     ],
     [
      -2.173793692195293,
      42.1253293005338
     ],
     [
      -2.2687717199719444,
      42.02797354515266
     ],
     [
      -2.3634591679641197,
      41.930539730982474
     ],
     [
      -2.457857682460533,
      41.833028362224745
     ],
     [
      -2.5519689009215907,
      41.73543993951203
     ],
     [
      -2.645794452014543,
      41.637774959936365
     ],
     [
      -2.7393359556489667,
      41.54003391707746
     ],
     [
      -2.8325950230125705,
      41.442217301030716
     ],
     [
      -2.9255732566072883,
      41.34432559843504
     ],
     [
      -3.018272250285669,
      41.246359292500465
     ],
     [
      -3.1106935892875334,
      41.148318863035456
     ],
     [
      -3.2028388502769,
      41.050204786474225
     ],
     [
      -3.2947096013791533,
      40.95201753590367
     ],
     [
      -3.3863074022184563,
      40.85375758109014
     ],
     [
      -3.4776338039553796,
      40.755425388506104
     ],
     [
      -3.5686903493247577,
      40.65702142135654
     ],
     [
      -3.6594785726737316,
      40.55854613960506
     ],
     [
      -3.7499999999999996,
      40.46
     ]
    ]
   },
   "properties": {
    "pair": "French\u2013Spanish",
    "cuisine_a": "French",
    "cuisine_b": "Spanish",
    "residual": 0.0511,
    "distance_km": 802.0,
    "is_long_distance": "regional"
   }
  },
  {
   "type": "Feature",
   "geometry": {
    "type": "LineString",
    "coordinates": [
     [
      21.82,
      39.07
     ],
     [
      21.67223349636613,
      39.12253582795621
     ],
     [
      21.524246823532827,
      39.17488482815454
     ],
     [
      21.376040030193668,
      39.227046372976474
     ],
     [
      21.227613172695808,
      39.279019834565645
     ],
     [
      21.078966315095585,
      39.330804584849346
     ],
     [
      20.930099529213933,
      39.38239999556026
     ],
     [
      20.781012894691642,
      39.43380543825831
     ],
     [
      20.631706499044434,
      39.48502028435292
     ],
     [
      20.482180437717837,
      39.536043905125325
     ],
     [
      20.332434814141866,
      39.586875671751244
     ],
     [
      20.182469739785486,
      39.63751495532365
     ],
     [
      20.032285334210854,
      39.68796112687591
     ],
     [
      19.881881725127304,
      39.73821355740502
     ],
     [
      19.73125904844512,
      39.78827161789513
     ],
     [
      19.58041744832902,
      39.83813467934129
     ],
     [
      19.42935707725138,
      39.88780211277341
     ],
     [
      19.27807809604519,
      39.937273289280434
     ],
     [
      19.1265806739567,
      39.98654758003478
     ],
     [
      18.974864988697764,
      40.03562435631694
     ],
     [
      18.82293122649786,
      40.08450298954033
     ],
     [
      18.670779582155827,
      40.133182851276395
     ],
     [
      18.5184102590912,
      40.1816633132799
     ],
     [
      18.365823469395238,
      40.22994374751441
     ],
     [
      18.21301943388155,
      40.27802352617808
     ],
     [
      18.059998382136385,
      40.32590202172959
     ],
     [
      17.90676055256853,
      40.37357860691429
     ],
     [
      17.75330619245876,
      40.421052654790635
     ],
     [
      17.59963555800891,
      40.46832353875677
     ],
     [
      17.44574891439056,
      40.51539063257733
     ],
     [
      17.291646535793188,
      40.56225331041055
     ],
     [
      17.137328705471965,
      40.60891094683539
     ],
     [
      16.982795715795024,
      40.65536291687914
     ],
     [
      16.828047868290266,
      40.701608596045006
     ],
     [
      16.673085473691724,
      40.74764736033997
     ],
     [
      16.517908851985332,
      40.793478586302975
     ],
     [
      16.362518332454282,
      40.83910165103309
     ],
     [
      16.206914253723767,
      40.884515932218186
     ],
     [
      16.05109696380523,
      40.929720808163445
     ],
     [
      15.895066820140054,
      40.97471565782043
     ],
     [
      15.73882418964266,
      41.01949986081611
     ],
     [
      15.582369448743034,
      41.06407279748218
     ],
     [
      15.425702983428707,
      41.1084338488846
     ],
     [
      15.268825189286016,
      41.152582396853234
     ],
     [
      15.111736471540878,
      41.19651782401186
     ],
     [
      14.95443724509881,
      41.24023951380812
     ],
     [
      14.79692793458438,
      41.283746850543885
     ],
     [
      14.639208974379965,
      41.32703921940571
     ],
     [
      14.481280808663836,
      41.3701160064955
     ],
     [
      14.323143891447543,
      41.41297659886127
     ],
     [
      14.164798686612624,
      41.45562038452828
     ],
     [
      14.00624566794657,
      41.49804675253018
     ],
     [
      13.84748531917808,
      41.54025509294034
     ],
     [
      13.688518134011563,
      41.582244796903524
     ],
     [
      13.52934461616088,
      41.624015256667484
     ],
     [
      13.369965279382317,
      41.66556586561493
     ],
     [
      13.210380647506788,
      41.70689601829562
     ],
     [
      13.050591254471213,
      41.74800511045849
     ],
     [
      12.890597644349103,
      41.788892539084166
     ],
     [
      12.730400371380327,
      41.829557702417446
     ],
     [
      12.569999999999999,
      41.87
     ]
    ]
   },
   "properties": {
    "pair": "Greek\u2013Italian",
    "cuisine_a": "Greek",
    "cuisine_b": "Italian",
    "residual": 0.0414,
    "distance_km": 842.0,
    "is_long_distance": "regional"
   }
  },
  {
   "type": "Feature",
   "geometry": {
    "type": "LineString",
    "coordinates": [
     [
      104.2,
      35.85999999999999
     ],
     [
      104.13547335164522,
      35.52753820140783
     ],
     [
      104.07147921478867,
      35.1950423196206
     ],
     [
      104.00800682001052,
      34.86251304731921
     ],
     [
      103.9450456390982,
      34.52995106154137
     ],
     [
      103.88258537781363,
      34.19735702415477
     ],
     [
      103.82061596890898,
      33.86473158231373
     ],
     [
      103.75912756538054,
      33.532075368900124
     ],
     [
      103.69811053395127,
      33.1993890029493
     ],
     [
      103.63755544877316,
      32.86667309006127
     ],
     [
      103.57745308534041,
      32.53392822279824
     ],
     [
      103.5177944146052,
      32.20115498106858
     ],
     [
      103.45857059728817,
      31.868353932498014
     ],
     [
      103.39977297837602,
      31.535525632788495
     ],
     [
      103.3413930817987,
      31.202670626065242
     ],
     [
      103.28342260527977,
      30.869789445212334
     ],
     [
      103.22585341535257,
      30.536882612197473
     ],
     [
      103.16867754253656,
      30.20395063838609
     ],
     [
      103.11188717666705,
      29.870994024845473
     ],
     [
      103.05547466237317,
      29.5380132626391
     ],
     [
      102.99943249469777,
      29.20500883311161
     ],
     [
      102.94375331485455,
      28.871981208164822
     ],
     [
      102.88842990611678,
      28.5389308505251
     ],
     [
      102.8334551898331,
      28.205858214002383
     ],
     [
      102.77882222156533,
      27.872763743741107
     ],
     [
      102.724524187344,
      27.539647876463572
     ],
     [
      102.67055440003719,
      27.206511040705774
     ],
     [
      102.61690629582846,
      26.8733536570461
     ],
     [
      102.56357343080003,
      26.54017613832714
     ],
     [
      102.51054947761725,
      26.206978889870886
     ],
     [
      102.45782822231062,
      25.87376230968749
     ],
     [
      102.40540356115208,
      25.54052678867788
     ],
     [
      102.35326949762195,
      25.207272710830484
     ],
     [
      102.3014201394632,
      24.874000453412183
     ],
     [
      102.24984969582034,
      24.54071038715374
     ],
     [
      102.19855247445933,
      24.207402876429946
     ],
     [
      102.14752287906609,
      23.874078279434666
     ],
     [
      102.09675540662057,
      23.54073694835087
     ],
     [
      102.0462446448439,
      23.20737922951594
     ],
     [
      101.99598526971566,
      22.874005463582424
     ],
     [
      101.94597204305948,
      22.540615985674233
     ],
     [
      101.89619981019375,
      22.20721112553872
     ],
     [
      101.84666349764579,
      21.873791207694516
     ],
     [
      101.79735811092704,
      21.540356551575425
     ],
     [
      101.74827873236703,
      21.20690747167048
     ],
     [
      101.69942051900432,
      20.873444277660326
     ],
     [
      101.65077870053214,
      20.53996727454992
     ],
     [
      101.6023485772972,
      20.20647676279796
     ],
     [
      101.55412551834945,
      19.872973038442773
     ],
     [
      101.50610495954122,
      19.539456393225162
     ],
     [
      101.45828240167405,
      19.20592711470808
     ],
     [
      101.41065340869154,
      18.872385486393274
     ],
     [
      101.36321360591647,
      18.538831787835132
     ],
     [
      101.31595867833093,
      18.205266294751635
     ],
     [
      101.26888436889773,
      17.871689279132735
     ],
     [
      101.22198647692183,
      17.538101009346004
     ],
     [
      101.17526085645024,
      17.204501750239892
     ],
     [
      101.1287034147093,
      16.870891763244494
     ],
     [
      101.08231011057777,
      16.537271306469993
     ],
     [
      101.03607695309452,
      16.203640634802895
     ],
     [
      100.99000000000001,
      15.87
     ]
    ]
   },
   "properties": {
    "pair": "Chinese\u2013Thai",
    "cuisine_a": "Chinese",
    "cuisine_b": "Thai",
    "residual": 0.0385,
    "distance_km": 2245.0,
    "is_long_distance": "regional"
   }
  },
  {
   "type": "Feature",
   "geometry": {
    "type": "LineString",
    "coordinates": [
     [
      12.569999999999999,
      41.87
     ],
     [
      12.293710563282952,
      41.86568009844119
     ],
     [
      12.01746132125274,
      41.86069811811983
     ],
     [
      11.74125797964112,
      41.85505427800255
     ],
     [
      11.46510623611912,
      41.84874882603934
     ],
     [
      11.189011779302668,
      41.841782039112765
     ],
     [
      10.912980287761968,
      41.8341542229816
     ],
     [
      10.637017429035058,
      41.82586571221834
     ],
     [
      10.36112885864594,
      41.81691687014121
     ],
     [
      10.085320219127635,
      41.80730808874011
     ],
     [
      9.809597139050695,
      41.797039788597075
     ],
     [
      9.533965232057376,
      41.786112418800855
     ],
     [
      9.258430095902046,
      41.77452645685599
     ],
     [
      8.982997311498039,
      41.76228240858611
     ],
     [
      8.707672441971493,
      41.74938080803185
     ],
     [
      8.432461031722408,
      41.73582221734311
     ],
     [
      8.15736860549338,
      41.72160722666592
     ],
     [
      7.882400667446348,
      41.706736454023826
     ],
     [
      7.607562700247673,
      41.69121054519408
     ],
     [
      7.332860164161967,
      41.67503017357832
     ],
     [
      7.058298496154927,
      41.65819604006815
     ],
     [
      6.783883109005616,
      41.640708872905606
     ],
     [
      6.509619390428402,
      41.62256942753833
     ],
     [
      6.2355127022049786,
      41.603778486469885
     ],
     [
      5.961568379326714,
      41.584336859104944
     ],
     [
      5.687791729147661,
      41.56424538158982
     ],
     [
      5.414188030548531,
      41.5435049166479
     ],
     [
      5.140762533111894,
      41.522116353410524
     ],
     [
      4.86752045630893,
      41.5000806072431
     ],
     [
      4.594466988697967,
      41.47739861956671
     ],
     [
      4.32160728713508,
      41.45407135767518
     ],
     [
      4.048946475997025,
      41.43009981454767
     ],
     [
      3.776489646416738,
      41.405485008656974
     ],
     [
      3.504241855531641,
      41.38022798377363
     ],
     [
      3.2322081257449904,
      41.35432980876579
     ],
     [
      2.9603934440004727,
      41.32779157739498
     ],
     [
      2.6888027610702925,
      41.30061440810799
     ],
     [
      2.4174409908569086,
      41.2727994438248
     ],
     [
      2.1463130097086593,
      41.24434785172268
     ],
     [
      1.8754236557494122,
      41.215260823016685
     ],
     [
      1.6047777282224602,
      41.18553957273647
     ],
     [
      1.3343799868487782,
      41.155185339499546
     ],
     [
      1.0642351511998636,
      41.12419938528125
     ],
     [
      0.7943479000851995,
      41.0925829951813
     ],
     [
      0.5247228709546111,
      41.06033747718718
     ],
     [
      0.25536465931551244,
      41.02746416193432
     ],
     [
      -0.013722181834742,
      40.9939644024634
     ],
     [
      -0.2825331425613624,
      40.95983957397456
     ],
     [
      -0.5510637565293462,
      40.92509107357904
     ],
     [
      -0.8193096015253372,
      40.889720320047786
     ],
     [
      -1.08726629996408,
      40.853728753557725
     ],
     [
      -1.3549295193793316,
      40.817117835435354
     ],
     [
      -1.6222949728992482,
      40.77988904789803
     ],
     [
      -1.889358419706131,
      40.74204389379286
     ],
     [
      -2.1561156654805482,
      40.70358389633347
     ],
     [
      -2.4225625628297345,
      40.664510598834596
     ],
     [
      -2.688695011700333,
      40.62482556444476
     ],
     [
      -2.9545089597753713,
      40.584530375877
     ],
     [
      -3.220000402855544,
      40.543626635137755
     ],
     [
      -3.485165385224761,
      40.50211596325424
     ],
     [
      -3.7499999999999996,
      40.46
     ]
    ]
   },
   "properties": {
    "pair": "Italian\u2013Spanish",
    "cuisine_a": "Italian",
    "cuisine_b": "Spanish",
    "residual": 0.037,
    "distance_km": 1373.0,
    "is_long_distance": "regional"
   }
  },
  {
   "type": "Feature",
   "geometry": {
    "type": "LineString",
    "coordinates": [
     [
      -102.55,
      23.63
     ],
     [
      -101.26686691618373,
      24.336374122140022
     ],
     [
      -99.96945638106966,
      25.031838666587426
     ],
     [
      -98.65737609447638,
      25.715912650148553
     ],
     [
      -97.330252529223,
      26.38810559379444
     ],
     [
      -95.98773339266411,
      27.04791775698508
     ],
     [
      -94.62949025483438,
      27.694840460616845
     ],
     [
      -93.25522133728924,
      28.32835650630338
     ],
     [
      -91.86465445337147,
      28.947940699711587
     ],
     [
      -90.45755008683861,
      29.5530604855498
     ],
     [
      -89.03370459155914,
      30.143176701520826
     ],
     [
      -87.59295349035374,
      30.71774445808385
     ],
     [
      -86.1351748460662,
      31.2762141501916
     ],
     [
      -84.66029267266885,
      31.818032606259884
     ],
     [
      -83.16828034873129,
      32.34264437846532
     ],
     [
      -81.65916399003855,
      32.849493177037
     ],
     [
      -80.13302573268463,
      33.33802344949827
     ],
     [
      -78.59000687277755,
      33.80768210382254
     ],
     [
      -77.03031080418272,
      34.25792037219623
     ],
     [
      -75.45420569173672,
      34.688195809551345
     ],
     [
      -73.8620268143413,
      35.09797441826544
     ],
     [
      -72.25417851055319,
      35.486732887473096
     ],
     [
      -70.63113565898315,
      35.85396093234497
     ],
     [
      -68.9934446272481,
      36.199163715540266
     ],
     [
      -67.3417236265901,
      36.52186432991143
     ],
     [
      -65.67666241475067,
      36.821606318531934
     ],
     [
      -63.99902129735466,
      37.097956205337944
     ],
     [
      -62.309629387929306,
      37.3505060072334
     ],
     [
      -60.6093820986716,
      37.578875696522104
     ],
     [
      -58.899237847986534,
      37.78271558110719
     ],
     [
      -57.18021398634809,
      37.96170856914151
     ],
     [
      -55.453381958771246,
      38.1155722848026
     ],
     [
      -53.71986173961885,
      38.24406100266678
     ],
     [
      -51.98081559301473,
      38.34696736980147
     ],
     [
      -50.23744122915438,
      38.42412388718566
     ],
     [
      -48.49096444263265,
      38.47540412537189
     ],
     [
      -46.742631332901915,
      38.50072365335262
     ],
     [
      -44.993700218531075,
      38.500040664286
     ],
     [
      -43.245433365558135,
      38.47335628693951
     ],
     [
      -41.499088655521085,
      38.42071457726727
     ],
     [
      -39.75591132048083,
      38.3422021902717
     ],
     [
      -38.01712587043033,
      38.237947738032865
     ],
     [
      -36.283928333009584,
      38.10812084532971
     ],
     [
      -34.55747891665942,
      37.952930919458936
     ],
     [
      -32.83889519664788,
      37.77262565551837
     ],
     [
      -31.129245909297623,
      37.56748930243402
     ],
     [
      -29.429545423835968,
      37.33784071827283
     ],
     [
      -27.74074894422431,
      37.08403124582897
     ],
     [
      -26.063748475767156,
      36.80644244107251
     ],
     [
      -24.39936957388794,
      36.50548368780576
     ],
     [
      -22.74836887577331,
      36.181589731822086
     ],
     [
      -21.11143240013537,
      35.83521816706774
     ],
     [
      -19.48917458652465,
      35.46684690485189
     ],
     [
      -17.882138033747502,
      35.07697165513757
     ],
     [
      -16.290793887184556,
      34.66610344648392
     ],
     [
      -14.715542817256619,
      34.23476620841593
     ],
     [
      -13.156716525924153,
      33.783494436980355
     ],
     [
      -11.614579714842105,
      33.31283096111665
     ],
     [
      -10.089332447458096,
      32.82332482432204
     ],
     [
      -8.581112837729728,
      32.31552929300808
     ],
     [
      -7.09,
      31.79
     ]
    ]
   },
   "properties": {
    "pair": "Mexican\u2013Moroccan",
    "cuisine_a": "Mexican",
    "cuisine_b": "Moroccan",
    "residual": 0.029,
    "distance_km": 9132.0,
    "is_long_distance": "long-distance"
   }
  },
  {
   "type": "Feature",
   "geometry": {
    "type": "LineString",
    "coordinates": [
     [
      127.77,
      35.91
     ],
     [
      127.23488726617691,
      35.62562406869972
     ],
     [
      126.70358313347651,
      35.33889871965356
     ],
     [
      126.17605121799913,
      35.04986522151996
     ],
     [
      125.65225432167774,
      34.758564354270746
     ],
     [
      125.13215449120639,
      34.46503640606063
     ],
     [
      124.61571307484306,
      34.16932117080889
     ],
     [
      124.10289077709855,
      33.87145794645719
     ],
     [
      123.5936477113283,
      33.57148553386862
     ],
     [
      123.08794345024852,
      33.269442236333624
     ],
     [
      122.58573707440284,
      32.96536585964988
     ],
     [
      122.08698721860833,
      32.65929371274334
     ],
     [
      121.5916521164146,
      32.351262608799715
     ],
     [
      121.09968964261152,
      32.041308866875454
     ],
     [
      120.61105735382392,
      31.729468313959316
     ],
     [
      120.12571252723464,
      31.41577628745614
     ],
     [
      119.64361219747794,
      31.100267638065436
     ],
     [
      119.16471319174788,
      30.782976733028793
     ],
     [
      118.68897216316724,
      30.463937459720682
     ],
     [
      118.21634562246356,
      30.1431832295587
     ],
     [
      117.7467899679996,
      29.820746982209897
     ],
     [
      117.28026151420633,
      29.49666119007124
     ],
     [
      116.81671651846693,
      29.170957863002915
     ],
     [
      116.35611120649989,
      28.843668553294272
     ],
     [
      115.89840179629034,
      28.51482436084332
     ],
     [
      115.44354452061735,
      28.184455938531197
     ],
     [
      114.9914956482257,
      27.852593497774556
     ],
     [
      114.54221150368971,
      27.51926681423892
     ],
     [
      114.095648486016,
      27.184505233697745
     ],
     [
      113.6517630860319,
      26.848337678022094
     ],
     [
      113.2105119026052,
      26.510792651286962
     ],
     [
      112.77185165773997,
      26.171898245981012
     ],
     [
      112.33573921059296,
      25.831682149307273
     ],
     [
      111.90213157045329,
      25.4901716495629
     ],
     [
      111.47098590872768,
      25.147393642587037
     ],
     [
      111.04225956997267,
      24.80337463826637
     ],
     [
      110.6159100820136,
      24.458140767088558
     ],
     [
      110.19189516518938,
      24.111717786734474
     ],
     [
      109.77017274076121,
      23.76413108870068
     ],
     [
      109.35070093852188,
      23.41540570494421
     ],
     [
      108.93343810364128,
      23.065566314542174
     ],
     [
      108.51834280278293,
      22.71463725035938
     ],
     [
      108.10537382952477,
      22.36264250571742
     ],
     [
      107.69449020911642,
      22.00960574105952
     ],
     [
      107.28565120260464,
      21.655550290605397
     ],
     [
      106.87881631035634,
      21.300499168991323
     ],
     [
      106.47394527500884,
      20.944475077890598
     ],
     [
      106.07099808387485,
      20.587500412610257
     ],
     [
      105.66993497082932,
      20.229597268660125
     ],
     [
      105.27071641770384,
      19.87078744829065
     ],
     [
      104.87330315521348,
      19.51109246699637
     ],
     [
      104.47765616344,
      19.150533559982097
     ],
     [
      104.08373667189397,
      18.78913168858926
     ],
     [
      103.6915061591781,
      18.42690754668007
     ],
     [
      103.30092635227241,
      18.063881566977468
     ],
     [
      102.91195922546167,
      17.700073927359185
     ],
     [
      102.5245669989238,
      17.33550455710417
     ],
     [
      102.13871213699831,
      16.970193143090235
     ],
     [
      101.75435734615154,
      16.604159135941703
     ],
     [
      101.37146557265612,
      16.237421756126242
     ],
     [
      100.99000000000001,
      15.87
     ]
    ]
   },
   "properties": {
    "pair": "Korean\u2013Thai",
    "cuisine_a": "Korean",
    "cuisine_b": "Thai",
    "residual": 0.0245,
    "distance_km": 3463.0,
    "is_long_distance": "regional"
   }
  },
  {
   "type": "Feature",
   "geometry": {
    "type": "LineString",
    "coordinates": [
     [
      21.82,
      39.07
     ],
     [
      22.503599485425713,
      39.7869219606655
     ],
     [
      23.201554476360936,
      40.499748923541404
     ],
     [
      23.914456061879932,
      41.208287122971406
     ],
     [
      24.642917143884617,
      41.9123329335595
     ],
     [
      25.387572895606016,
      42.61167231076111
     ],
     [
      26.149081139842245,
      43.3060802055625
     ],
     [
      26.92812262792932,
      43.995319953434056
     ],
     [
      27.725401197566953,
      44.67914263809868
     ],
     [
      28.54164378442931,
      45.35728643108933
     ],
     [
      29.377600258968034,
      46.02947590859349
     ],
     [
      30.234043055958274,
      46.69542134770966
     ],
     [
      31.111766560154987,
      47.35481800498653
     ],
     [
      32.01158620693652,
      48.007345380995005
     ],
     [
      32.93433725205754,
      48.65266647571339
     ],
     [
      33.88087315967609,
      49.290427040700735
     ],
     [
      34.8520635527587,
      49.92025483541346
     ],
     [
      35.848791664936094,
      50.54175889659462
     ],
     [
      36.87195122806451,
      51.154528831451294
     ],
     [
      37.92244272538228,
      51.75813414733856
     ],
     [
      39.00116893654548,
      52.35212363289169
     ],
     [
      40.10902969836189,
      52.936024807985945
     ],
     [
      41.24691580418678,
      53.509343462538894
     ],
     [
      42.41570196625449,
      54.07156330696887
     ],
     [
      43.616238769346324,
      54.622145760039274
     ],
     [
      44.849343551875535,
      55.16052990277366
     ],
     [
      46.1157901625161,
      55.68613263002345
     ],
     [
      47.41629755777116,
      56.19834903397486
     ],
     [
      48.75151722923599,
      56.69655305622842
     ],
     [
      50.12201947956516,
      57.1800984468645
     ],
     [
      51.52827860397456,
      57.64832006988268
     ],
     [
      52.97065707991577,
      58.10053559428913
     ],
     [
      54.449388921396526,
      58.53604760859885
     ],
     [
      55.964562415803506,
      58.95414619329384
     ],
     [
      57.51610252884041,
      59.35411198051443
     ],
     [
      59.10375333532137,
      59.735219722662926
     ],
     [
      60.72706090708185,
      60.096742381437814
     ],
     [
      62.38535716018752,
      60.43795573595749
     ],
     [
      64.07774522691668,
      60.75814349309092
     ],
     [
      65.8030869677832,
      61.056602865086184
     ],
     [
      67.55999326869238,
      61.332650559506625
     ],
     [
      69.34681777161671,
      61.585629105029696
     ],
     [
      71.16165465789052,
      61.81491341478351
     ],
     [
      73.00234103658366,
      62.019917467781724
     ],
     [
      74.86646438375053,
      62.200100970053526
     ],
     [
      76.75137533187227,
      62.35497584174895
     ],
     [
      78.65420592620868,
      62.48411236630922
     ],
     [
      80.57189325353978,
      62.58714483405794
     ],
     [
      82.50120812005552,
      62.6637765163047
     ],
     [
      84.43878822314315,
      62.713783817821984
     ],
     [
      86.3811750426522,
      62.73701947534812
     ],
     [
      88.32485348741652,
      62.73341469694077
     ],
     [
      90.26629318757101,
      62.70298017029246
     ],
     [
      92.20199023462851,
      62.645805905701835
     ],
     [
      94.1285081469538,
      62.5620599190607
     ],
     [
      96.0425168802957,
      62.45198579955724
     ],
     [
      97.94082880778281,
      62.31589924342848
     ],
     [
      99.82043075234073,
      62.15418366689665
     ],
     [
      101.6785113537557,
      61.96728503671556
     ],
     [
      103.51248327686389,
      61.75570607442497
     ],
     [
      105.32000000000001,
      61.52
     ]
    ]
   },
   "properties": {
    "pair": "Greek\u2013Russian",
    "cuisine_a": "Greek",
    "cuisine_b": "Russian",
    "residual": 0.0241,
    "distance_km": 5940.0,
    "is_long_distance": "long-distance"
   }
  },
  {
   "type": "Feature",
   "geometry": {
    "type": "LineString",
    "coordinates": [
     [
      -7.09,
      31.79
     ],
     [
      -5.341144566786807,
      32.40729134140512
     ],
     [
      -3.568686670548395,
      33.00010222691843
     ],
     [
      -1.7727686289573676,
      33.56753449091363
     ],
     [
      0.04635372756804252,
      34.10869524204447
     ],
     [
      1.8883046435095887,
      34.62270110190142
     ],
     [
      3.75258278006329,
      35.10868278910582
     ],
     [
      5.638556515716579,
      35.56579001840348
     ],
     [
      7.545460413844372,
      35.99319667338841
     ],
     [
      9.472393062282682,
      36.39010620017494
     ],
     [
      11.4183164784912,
      36.75575715804617
     ],
     [
      13.382057253699152,
      37.089428852313915
     ],
     [
      15.362309579909647,
      37.39044696486266
     ],
     [
      17.35764026488098,
      37.658189089679645
     ],
     [
      19.366495792856654,
      37.892090074656686
     ],
     [
      21.387211434159028,
      38.09164706760609
     ],
     [
      23.418022346708984,
      38.25642416419989
     ],
     [
      25.457076549571426,
      38.38605655873308
     ],
     [
      27.50244958569646,
      38.48025410537651
     ],
     [
      29.552160631343746,
      38.53880420788938
     ],
     [
      31.60418975650678,
      38.561573969361554
     ],
     [
      33.6564959970606,
      38.548511550011746
     ],
     [
      35.70703586794879,
      38.499646699749796
     ],
     [
      37.753781929436535,
      38.41509045234834
     ],
     [
      39.79474101636548,
      38.29503398878476
     ],
     [
      41.82797175358565,
      38.13974669769707
     ],
     [
      43.85160100847893,
      37.94957348005568
     ],
     [
      45.86383897201424,
      37.72493136228054
     ],
     [
      47.862992610637086,
      37.466305496459654
     ],
     [
      49.847477289533416,
      37.174244637553976
     ],
     [
      51.81582643018217,
      36.84935619521044
     ],
     [
      53.76669912836925,
      36.49230096195663
     ],
     [
      55.69888571994485,
      36.10378762022081
     ],
     [
      57.611311337939554,
      35.684567128081845
     ],
     [
      59.50303755413453,
      35.235427078312696
     ],
     [
      61.373262239356634,
      34.75718611763974
     ],
     [
      63.22131780881965,
      34.250688503753175
     ],
     [
      65.04666804154753,
      33.716798867035465
     ],
     [
      66.84890367659867,
      33.156397232769685
     ],
     [
      68.62773699419057,
      32.57037434824002
     ],
     [
      70.38299558792968,
      31.959627348067052
     ],
     [
      72.1146155263957,
      31.325055780673416
     ],
     [
      73.8226340896084,
      30.667558009210644
     ],
     [
      75.50718224970181,
      29.988027991771098
     ],
     [
      77.16847704664525,
      29.287352438362642
     ],
     [
      78.8068139901598,
      28.566408335972955
     ],
     [
      80.42255959899138,
      27.826060828078035
     ],
     [
      82.01614416915818,
      27.067161431096455
     ],
     [
      83.58805484425987,
      26.290546567467203
     ],
     [
      85.13882904382207,
      25.497036393126635
     ],
     [
      86.66904829021756,
      24.687433896059524
     ],
     [
      88.17933246109418,
      23.862524242178917
     ],
     [
      89.67033448249022,
      23.02307434492997
     ],
     [
      91.14273546789234,
      22.169832635602308
     ],
     [
      92.5972403002979,
      21.303529012271436
     ],
     [
      94.03457364774657,
      20.424874946481182
     ],
     [
      95.45547639762955,
      19.534563728147226
     ],
     [
      96.86070249120036,
      18.63327083064074
     ],
     [
      98.25101613692605,
      17.721654379543683
     ],
     [
      99.62718937946703,
      16.800355710111806
     ],
     [
      100.99000000000001,
      15.87
     ]
    ]
   },
   "properties": {
    "pair": "Moroccan\u2013Thai",
    "cuisine_a": "Moroccan",
    "cuisine_b": "Thai",
    "residual": 0.0163,
    "distance_km": 10708.0,
    "is_long_distance": "long-distance"
   }
  },
  {
   "type": "Feature",
   "geometry": {
    "type": "LineString",
    "coordinates": [
     [
      138.25,
      36.20000000000001
     ],
     [
      137.64219765733506,
      35.893359968292735
     ],
     [
      137.0391084966077,
      35.58368133837649
     ],
     [
      136.4406881472486,
      35.27102183076967
     ],
     [
      135.8468907423643,
      34.95543847232412
     ],
     [
      135.25766902387113,
      34.636987586997016
     ],
     [
      134.672974443908,
      34.315724788104355
     ],
     [
      134.0927572625113,
      33.991704971981505
     ],
     [
      133.5169666415502,
      33.66498231297837
     ],
     [
      132.94555073493376,
      33.335610259717434
     ],
     [
      132.37845677511325,
      33.00364153254514
     ],
     [
      131.81563115591402,
      32.66912812210841
     ],
     [
      131.25701951174088,
      32.33212128899044
     ],
     [
      130.70256679320988,
      31.99267156434137
     ],
     [
      130.15221733926668,
      31.650828751441985
     ],
     [
      129.60591494585836,
      31.306641928140344
     ],
     [
      129.06360293123157,
      30.960159450103646
     ],
     [
      128.52522419793465,
      30.611428954829666
     ],
     [
      127.99072129160527,
      30.260497366364575
     ],
     [
      127.46003645662918,
      29.907410900675693
     ],
     [
      126.93311168875752,
      29.55221507163051
     ],
     [
      126.40988878477316,
      29.19495469753506
     ],
     [
      125.8903093892974,
      28.83567390818714
     ],
     [
      125.37431503883005,
      28.474416152401922
     ],
     [
      124.86184720311563,
      28.111224205969556
     ],
     [
      124.35284732392974,
      27.7461401800066
     ],
     [
      123.84725685137835,
      27.379205529664894
     ],
     [
      123.34501727780285,
      27.01046106316355
     ],
     [
      122.84607016938283,
      26.63994695111182
     ],
     [
      122.3503571955269,
      26.26770273609196
     ],
     [
      121.8578201561413,
      25.89376734247361
     ],
     [
      121.36840100686396,
      25.518179086432347
     ],
     [
      120.88204188234988,
      25.140975686147264
     ],
     [
      120.39868511769224,
      24.762194272153536
     ],
     [
      119.91827326806133,
      24.381871397827773
     ],
     [
      119.44074912664135,
      24.000043049985447
     ],
     [
      118.9660557409429,
      23.61674465957081
     ],
     [
      118.4941364275669,
      23.23201111242141
     ],
     [
      118.02493478549292,
      22.845876760090388
     ],
     [
      117.55839470796336,
      22.45837543071093
     ],
     [
      117.09446039303147,
      22.069540439888705
     ],
     [
      116.6330763528399,
      21.679404601608784
     ],
     [
      116.17418742169328,
      21.288000239145124
     ],
     [
      115.71773876298636,
      20.89535919596109
     ],
     [
      115.26367587504699,
      20.501512846591133
     ],
     [
      114.81194459595046,
      20.10649210749394
     ],
     [
      114.36249110735986,
      19.710327447868856
     ],
     [
      113.91526193744473,
      19.313048900427688
     ],
     [
      113.47020396292797,
      18.91468607211505
     ],
     [
      113.027264410309,
      18.515268154771082
     ],
     [
      112.58639085630877,
      18.114823935730918
     ],
     [
      112.14753122758074,
      17.71338180835616
     ],
     [
      111.71063379972912,
      17.31096978249383
     ],
     [
      111.27564719567451,
      16.907615494859417
     ],
     [
      110.84252038340477,
      16.503346219340415
     ],
     [
      110.41120267314723,
      16.098188877218053
     ],
     [
      109.9816437139965,
      15.692170047304682
     ],
     [
      109.55379349003087,
      15.285315975995168
     ],
     [
      109.12760231594784,
      14.877652587230859
     ],
     [
      108.70302083224875,
      14.469205492375158
     ],
     [
      108.28,
      14.06
     ]
    ]
   },
   "properties": {
    "pair": "Japanese\u2013Vietnamese",
    "cuisine_a": "Japanese",
    "cuisine_b": "Vietnamese",
    "residual": 0.0158,
    "distance_km": 3865.0,
    "is_long_distance": "regional"
   }
  },
  {
   "type": "Feature",
   "geometry": {
    "type": "MultiLineString",
    "coordinates": [
     [
      [
       -51.93,
       -14.24
      ],
      [
       -52.87073345601427,
       -11.802878156468593
      ],
      [
       -53.79487152610164,
       -9.36271835128868
      ],
      [
       -54.70610798834627,
       -6.920199383711863
      ],
      [
       -55.60795487775522,
       -4.47596489091721
      ],
      [
       -56.50379381977432,
       -2.0306333461637753
      ],
      [
       -57.396923825362194,
       0.41519268957462885
      ],
      [
       -58.29060686777524,
       2.8609177817499254
      ],
      [
       -59.18811247086416,
       5.305945043375022
      ],
      [
       -60.09276249858057,
       7.749667514052562
      ],
      [
       -61.00797734354713,
       10.191459245831522
      ],
      [
       -61.93732476936134,
       12.630665831086338
      ],
      [
       -62.884572769604176,
       15.066594081197106
      ],
      [
       -63.85374797164254,
       17.498500523963482
      ],
      [
       -64.84920134324094,
       19.925578329668824
      ],
      [
       -65.87568326555015,
       22.346942196565372
      ],
      [
       -66.93843043091877,
       24.76161062078535
      ],
      [
       -68.04326752452792,
       27.168484835827833
      ],
      [
       -69.19672727316365,
       29.566323522803017
      ],
      [
       -70.40619321001391,
       31.953712151213555
      ],
      [
       -71.68007042309233,
       34.329025493705196
      ],
      [
       -73.02799062289445,
       36.6903814442394
      ],
      [
       -74.46105904305384,
       39.035583728809364
      ],
      [
       -75.9921518651031,
       41.3620503961379
      ],
      [
       -77.63627378503436,
       43.66672407302035
      ],
      [
       -79.41098550553558,
       45.945958826282016
      ],
      [
       -81.33690936085416,
       48.195377067493446
      ],
      [
       -83.4383161378846,
       50.409688293195394
      ],
      [
       -85.74378417235621,
       52.58245971649306
      ],
      [
       -88.28689728930456,
       54.70582741678631
      ],
      [
       -91.1069016896114,
       56.77013643378948
      ],
      [
       -94.24915884434091,
       58.76350116393701
      ],
      [
       -97.7650918526405,
       60.67128711070534
      ],
      [
       -101.71110618970137,
       62.47553781451964
      ],
      [
       -106.14567120520096,
       64.15441627612653
      ],
      [
       -111.12344524669625,
       65.6818096641433
      ],
      [
       -116.68525158763958,
       67.02736387361297
      ],
      [
       -122.84337713856452,
       68.15734540795846
      ],
      [
       -129.56377838446954,
       69.03678081505012
      ],
      [
       -136.75054076573605,
       69.63312456772996
      ],
      [
       -144.24158981203828,
       69.92109495589963
      ],
      [
       -151.82388672168568,
       69.88742189130403
      ],
      [
       -159.267858978407,
       69.53369517701081
      ],
      [
       -166.36876956513095,
       68.8760101979812
      ],
      [
       -172.97778824453187,
       67.94158104214729
      ],
      [
       -179.01275854595428,
       66.76383120482146
      ],
      [
       -180,
       66.51219090575506
      ]
     ],
     [
      [
       180,
       66.51219090575506
      ],
      [
       175.54924527788967,
       65.3777275536001
      ],
      [
       170.68858022879854,
       63.816427774474995
      ],
      [
       166.3604818994911,
       62.10943968849359
      ],
      [
       162.50882561535025,
       60.281969373400074
      ],
      [
       159.07520419530377,
       58.3550048125291
      ],
      [
       156.0040848176548,
       56.34576273979132
      ],
      [
       153.24526146929367,
       54.2682592718003
      ],
      [
       150.75466430837213,
       52.13387533395721
      ],
      [
       148.49427351606724,
       49.95185947938005
      ],
      [
       146.4316046547001,
       47.72975052118587
      ],
      [
       144.5390332559205,
       45.47372176509151
      ],
      [
       142.79310035447062,
       43.18885649816869
      ],
      [
       141.1738667482958,
       40.87936644097569
      ],
      [
       139.66434288461207,
       38.54876429864695
      ],
      [
       138.25,
       36.20000000000001
      ]
     ]
    ]
   },
   "properties": {
    "pair": "Brazilian\u2013Japanese",
    "cuisine_a": "Brazilian",
    "cuisine_b": "Japanese",
    "residual": 0.0032,
    "distance_km": 17371.0,
    "is_long_distance": "long-distance"
   }
  }
 ]
}