{
 "type": "FeatureCollection",
 "features": [
  {
   "type": "Feature",
   "geometry": {
    "type": "LineString",
    "coordinates": [
     [
      104.2,
      35.86
     ],
     [
      104.59185483520658,
      35.87030688831548
     ],
     [
      104.98380331515011,
      35.8802999926258
     ],
     [
      105.375842561984,
      35.889978582830366
     ],
     [
      105.76796967006739,
      35.899341951511786
     ],
     [
      106.16018170675062,
      35.908389414172774
     ],
     [
      106.5524757131792,
      35.917120309466554
     ],
     [
      106.94484870511567,
      35.92553399942039
     ],
     [
      107.33729767377885,
      35.933629869652265
     ],
     [
      107.72981958670012,
      35.94140732958036
     ],
     [
      108.12241138859628,
      35.94886581262528
     ],
     [
      108.51507000225823,
      35.95600477640481
     ],
     [
      108.90779232945516,
      35.96282370292104
     ],
     [
      109.30057525185353,
      35.969322098739696
     ],
     [
      109.69341563195033,
      35.9754994951616
     ],
     [
      110.08631031402004,
      35.981355448386
     ],
     [
      110.47925612507457,
      35.98688953966569
     ],
     [
      110.8722498758356,
      35.99210137545387
     ],
     [
      111.26528836171872,
      35.99699058754245
     ],
     [
      111.65836836382853,
      36.0015568331918
     ],
     [
      112.05148664996423,
      36.00579979525186
     ],
     [
      112.44463997563483,
      36.00971918227437
     ],
     [
      112.8378250850833,
      36.013314728616265
     ],
     [
      113.23103871231905,
      36.0165861945341
     ],
     [
      113.62427758215779,
      36.01953336626934
     ],
     [
      114.01753841126825,
      36.0221560561246
     ],
     [
      114.41081790922478,
      36.024454102530626
     ],
     [
      114.80411277956529,
      36.02642737010401
     ],
     [
      115.19741972085359,
      36.02807574969567
     ],
     [
      115.59073542774539,
      36.02939915842988
     ],
     [
      115.98405659205713,
      36.03039753973398
     ],
     [
      116.37737990383714,
      36.03107086335866
     ],
     [
      116.77070205243781,
      36.03141912538874
     ],
     [
      117.16401972758845,
      36.03144234824466
     ],
     [
      117.55732962046793,
      36.03114058067439
     ],
     [
      117.95062842477599,
      36.030513897735965
     ],
     [
      118.34391283780297,
      36.0295624007706
     ],
     [
      118.73717956149677,
      36.02828621736642
     ],
     [
      119.13042530352628,
      36.02668550131278
     ],
     [
      119.52364677834072,
      36.02476043254529
     ],
     [
      119.91684070822396,
      36.02251121708161
     ],
     [
      120.31000382434297,
      36.01993808694792
     ],
     [
      120.70313286778998,
      36.01704130009633
     ],
     [
      121.09622459061697,
      36.013821140313155
     ],
     [
      121.48927575686263,
      36.0102779171182
     ],
     [
      121.88228314357012,
      36.00641196565512
     ],
     [
      122.27524354179569,
      36.00222364657295
     ],
     [
      122.66815375760696,
      35.997713345898916
     ],
     [
      123.06101061307032,
      35.99288147490266
     ],
     [
      123.45381094722694,
      35.98772846995191
     ],
     [
      123.84655161705646,
      35.98225479235981
     ],
     [
      124.23922949842779,
      35.976460928224
     ],
     [
      124.63184148703657,
      35.970347388257565
     ],
     [
      125.02438449932842,
      35.963914707612055
     ],
     [
      125.41685547340771,
      35.957163445692615
     ],
     [
      125.80925136993069,
      35.95009418596553
     ],
     [
      126.20156917298334,
      35.942707535758146
     ],
     [
      126.5938058909424,
      35.93500412605158
     ],
     [
      126.98595855732,
      35.92698461126615
     ],
     [
      127.3780242315905,
      35.91864966903986
     ],
     [
      127.77,
      35.91
     ]
    ]
   },
   "properties": {
    "pair": "Chinese\u2013Korean",
    "cuisine_a": "Chinese",
    "cuisine_b": "Korean",
    "residual": 0.4351,
    "distance_km": 2118.0,
    "is_long_distance": "regional"
   }
  },
  {
   "type": "Feature",
   "geometry": {
    "type": "LineString",
    "coordinates": [
     [
      -8.24,
      53.41
     ],
     [
      -9.603435434670558,
      53.203862663390744
     ],
     [
      -10.970326858388663,
      52.99257035909423
     ],
     [
      -12.340333102535844,
      52.77604656728197
     ],
     [
      -13.713091851360238,
      52.55422267206024
     ],
     [
      -15.08822161069461,
      52.32703853421083
     ],
     [
      -16.465323992805345,
      52.09444300709892
     ],
     [
      -17.843986289318945,
      51.85639438574089
     ],
     [
      -19.223784295295353,
      51.61286078002398
     ],
     [
      -20.604285339476068,
      51.36382040438428
     ],
     [
      -21.98505146893296,
      51.10926177784458
     ],
     [
      -23.365642731135367,
      50.84918383013675
     ],
     [
      -24.745620493117993,
      50.58359591161935
     ],
     [
      -26.124550736151974,
      50.312517706775665
     ],
     [
      -27.502007265167443,
      50.0359790531606
     ],
     [
      -28.87757477510055,
      49.754019669675095
     ],
     [
      -30.250851721181803,
      49.46668879990925
     ],
     [
      -31.621452946684464,
      49.174044777941575
     ],
     [
      -32.989012029470416,
      48.876154525357705
     ],
     [
      -34.35318331741107,
      48.57309298931767
     ],
     [
      -35.713643632000334,
      48.2649425322335
     ],
     [
      -37.07009362879664,
      47.95179228401381
     ],
     [
      -38.42225881234247,
      47.633737467897134
     ],
     [
      -39.769890211571024,
      47.310878710657875
     ],
     [
      -41.11276472914964,
      46.98332134746128
     ],
     [
      -42.45068518452801,
      46.65117473091124
     ],
     [
      -43.78348007553504,
      46.31455155292572
     ],
     [
      -45.11100308715628,
      45.973567187038654
     ],
     [
      -46.433132378641645,
      45.628339057613715
     ],
     [
      -47.74976968141789,
      45.27898604131029
     ],
     [
      -49.06083924052751,
      44.925627905004674
     ],
     [
      -50.36628663163457,
      44.56838478327546
     ],
     [
      -51.666077484188676,
      44.20737669753706
     ],
     [
      -52.96019613929171,
      43.842723117970515
     ],
     [
      -54.24864426832951,
      43.47454256856926
     ],
     [
      -55.53143947566595,
      43.10295227489664
     ],
     [
      -56.80861390578409,
      42.728067853544424
     ],
     [
      -58.08021287231461,
      42.3500030417851
     ],
     [
      -59.346293523509274,
      41.96886946551963
     ],
     [
      -60.60692355597197,
      41.58477644332904
     ],
     [
      -61.86217998590361,
      41.197830824233364
     ],
     [
      -63.1121479847901,
      40.808136856633865
     ],
     [
      -64.35691978438115,
      40.41579608585418
     ],
     [
      -65.59659365398568,
      40.02090727769174
     ],
     [
      -66.8312729515407,
      39.623566365432794
     ],
     [
      -68.06106524858816,
      39.22386641786282
     ],
     [
      -69.28608152820291,
      38.82189762591109
     ],
     [
      -70.50643545403454,
      38.41774730569507
     ],
     [
      -71.72224270793687,
      38.011499915872086
     ],
     [
      -72.93362039313836,
      37.6032370873556
     ],
     [
      -74.14068649953383,
      37.19303766360724
     ],
     [
      -75.34355942742953,
      36.780977749870075
     ],
     [
      -76.54235756593249,
      36.36713076985996
     ],
     [
      -77.73719892212077,
      35.951567528578515
     ],
     [
      -78.92820079714832,
      35.53435628005073
     ],
     [
      -80.11547950551147,
      35.115562798922646
     ],
     [
      -81.29915013382227,
      34.69525045497765
     ],
     [
      -82.47932633558267,
      34.273480289744555
     ],
     [
      -83.65612015862865,
      33.85031109447566
     ],
     [
      -84.82964190210114,
      33.42579948886949
     ],
     [
      -86.0,
      33.0
     ]
    ]
   },
   "properties": {
    "pair": "Irish\u2013Southern US",
    "cuisine_a": "Irish",
    "cuisine_b": "Southern US",
    "residual": 0.3952,
    "distance_km": 6348.0,
    "is_long_distance": "long-distance"
   }
  },
  {
   "type": "Feature",
   "geometry": {
    "type": "LineString",
    "coordinates": [
     [
      100.99,
      15.87
     ],
     [
      101.11175287774192,
      15.840318975162255
     ],
     [
      101.23349718388238,
      15.810620756722031
     ],
     [
      101.355232916138,
      15.780905381808775
     ],
     [
      101.47696007238648,
      15.751172887604373
     ],
     [
      101.59867865066654,
      15.721423311342754
     ],
     [
      101.72038864917752,
      15.691656690309541
     ],
     [
      101.84209006627928,
      15.661873061841677
     ],
     [
      101.96378290049192,
      15.632072463327056
     ],
     [
      102.08546715049549,
      15.602254932204154
     ],
     [
      102.20714281512981,
      15.572420505961668
     ],
     [
      102.32880989339421,
      15.542569222138148
     ],
     [
      102.45046838444732,
      15.512701118321642
     ],
     [
      102.57211828760671,
      15.482816232149315
     ],
     [
      102.69375960234882,
      15.452914601307112
     ],
     [
      102.81539232830849,
      15.422996263529381
     ],
     [
      102.93701646527886,
      15.393061256598523
     ],
     [
      103.05863201321105,
      15.36310961834463
     ],
     [
      103.18023897221393,
      15.333141386645131
     ],
     [
      103.30183734255381,
      15.303156599424433
     ],
     [
      103.42342712465418,
      15.273155294653574
     ],
     [
      103.54500831909546,
      15.243137510349868
     ],
     [
      103.6665809266147,
      15.21310328457655
     ],
     [
      103.78814494810536,
      15.18305265544242
     ],
     [
      103.90970038461693,
      15.152985661101516
     ],
     [
      104.03124723735476,
      15.122902339752741
     ],
     [
      104.15278550767968,
      15.09280272963953
     ],
     [
      104.27431519710778,
      15.062686869049498
     ],
     [
      104.39583630731008,
      15.032554796314102
     ],
     [
      104.51734884011222,
      15.002406549808299
     ],
     [
      104.63885279749431,
      14.97224216795019
     ],
     [
      104.76034818159039,
      14.942061689200699
     ],
     [
      104.88183499468832,
      14.911865152063212
     ],
     [
      105.0033132392294,
      14.88165259508327
     ],
     [
      105.1247829178081,
      14.851424056848195
     ],
     [
      105.24624403317175,
      14.82117957598678
     ],
     [
      105.36769658822017,
      14.790919191168951
     ],
     [
      105.48914058600545,
      14.760642941105424
     ],
     [
      105.61057602973158,
      14.730350864547386
     ],
     [
      105.7320029227541,
      14.700043000286152
     ],
     [
      105.85342126857992,
      14.669719387152849
     ],
     [
      105.97483107086683,
      14.639380064018074
     ],
     [
      106.09623233342329,
      14.609025069791583
     ],
     [
      106.21762506020804,
      14.57865444342195
     ],
     [
      106.33900925532984,
      14.548268223896258
     ],
     [
      106.46038492304709,
      14.51786645023976
     ],
     [
      106.58175206776747,
      14.48744916151558
     ],
     [
      106.70311069404775,
      14.457016396824365
     ],
     [
      106.82446080659325,
      14.426568195303993
     ],
     [
      106.94580241025764,
      14.396104596129234
     ],
     [
      107.06713551004259,
      14.365625638511457
     ],
     [
      107.18846011109737,
      14.33513136169829
     ],
     [
      107.3097762187186,
      14.304621804973323
     ],
     [
      107.43108383834975,
      14.274097007655795
     ],
     [
      107.55238297558098,
      14.243557009100275
     ],
     [
      107.67367363614866,
      14.213001848696365
     ],
     [
      107.79495582593506,
      14.182431565868377
     ],
     [
      107.91622955096798,
      14.151846200075042
     ],
     [
      108.03749481742048,
      14.121245790809194
     ],
     [
      108.15875163161039,
      14.090630377597465
     ],
     [
      108.28,
      14.06
     ]
    ]
   },
   "properties": {
    "pair": "Thai\u2013Vietnamese",
    "cuisine_a": "Thai",
    "cuisine_b": "Vietnamese",
    "residual": 0.3951,
    "distance_km": 808.0,
    "is_long_distance": "regional"
   }
  },
  {
   "type": "Feature",
   "geometry": {
    "type": "LineString",
    "coordinates": [
     [
      121.77000000000001,
      12.88
     ],
     [
      121.42487428992683,
      12.933438542158942
     ],
     [
      121.07970470865412,
      12.986765935920065
     ],
     [
      120.73449131686755,
      13.03998155677587
     ],
     [
      120.3892341816535,
      13.09308478340934
     ],
     [
      120.04393337650853,
      13.146074997736008
     ],
     [
      119.69858898134788,
      13.198951584946178
     ],
     [
      119.35320108251287,
      13.251713933547325
     ],
     [
      119.0077697727773,
      13.304361435406642
     ],
     [
      118.6622951513528,
      13.356893485793723
     ],
     [
      118.31677732389323,
      13.409309483423396
     ],
     [
      117.9712164024978,
      13.461608830498683
     ],
     [
      117.62561250571315,
      13.513790932753874
     ],
     [
      117.27996575853456,
      13.565855199497733
     ],
     [
      116.93427629240567,
      13.617801043656785
     ],
     [
      116.58854424521752,
      13.669627881818723
     ],
     [
      116.24276976130604,
      13.721335134275888
     ],
     [
      115.89695299144861,
      13.772922225068855
     ],
     [
      115.55109409285963,
      13.824388582030043
     ],
     [
      115.20519322918446,
      13.875733636827437
     ],
     [
      114.85925057049269,
      13.926956825008347
     ],
     [
      114.51326629326995,
      13.978057586043183
     ],
     [
      114.16724058040856,
      14.029035363369333
     ],
     [
      113.82117362119705,
      14.079889604434985
     ],
     [
      113.4750656113084,
      14.130619760743027
     ],
     [
      113.1289167527871,
      14.18122528789493
     ],
     [
      112.78272725403511,
      14.231705645634639
     ],
     [
      112.43649732979625,
      14.282060297892428
     ],
     [
      112.0902272011397,
      14.332288712828761
     ],
     [
      111.7439170954421,
      14.38239036287812
     ],
     [
      111.3975672463684,
      14.432364724792759
     ],
     [
      111.05117789385142,
      14.482211279686439
     ],
     [
      110.70474928407026,
      14.531929513078092
     ],
     [
      110.35828166942736,
      14.58151891493541
     ],
     [
      110.01177530852425,
      14.63097897971834
     ],
     [
      109.66523046613605,
      14.680309206422503
     ],
     [
      109.31864741318475,
      14.729509098622499
     ],
     [
      108.97202642671112,
      14.778578164515107
     ],
     [
      108.62536778984534,
      14.827515916962334
     ],
     [
      108.27867179177633,
      14.876321873534371
     ],
     [
      107.93193872771987,
      14.924995556552348
     ],
     [
      107.58516889888523,
      14.973536493130986
     ],
     [
      107.23836261244077,
      15.021944215221032
     ],
     [
      106.8915201814779,
      15.07021825965155
     ],
     [
      106.54464192497404,
      15.118358168172001
     ],
     [
      106.19772816775418,
      15.16636348749412
     ],
     [
      105.85077924045088,
      15.21423376933361
     ],
     [
      105.50379547946349,
      15.26196857045156
     ],
     [
      105.15677722691555,
      15.30956745269567
     ],
     [
      104.8097248306112,
      15.357029983041219
     ],
     [
      104.46263864399012,
      15.404355733631771
     ],
     [
      104.11551902608137,
      15.451544281819615
     ],
     [
      103.76836634145562,
      15.498595210205917
     ],
     [
      103.42118096017646,
      15.545508106680591
     ],
     [
      103.07396325775015,
      15.592282564461879
     ],
     [
      102.72671361507417,
      15.638918182135585
     ],
     [
      102.3794324183846,
      15.685414563694016
     ],
     [
      102.03212005920196,
      15.731771318574566
     ],
     [
      101.68477693427607,
      15.777988061697979
     ],
     [
      101.33740344552956,
      15.824064413506216
     ],
     [
      100.99,
      15.87
     ]
    ]
   },
   "properties": {
    "pair": "Filipino\u2013Thai",
    "cuisine_a": "Filipino",
    "cuisine_b": "Thai",
    "residual": 0.357,
    "distance_km": 2262.0,
    "is_long_distance": "regional"
   }
  },
  {
   "type": "Feature",
   "geometry": {
    "type": "LineString",
    "coordinates": [
     [
      -3.44,
      55.38000000000001
     ],
     [
      -4.8953650890899745,
      55.160592157097085
     ],
     [
      -6.355717370949666,
      54.93528280307699
     ],
     [
      -7.820626141571315,
      54.70395686864326
     ],
     [
      -9.289623743727581,
      54.466509522086156
     ],
     [
      -10.762208182052092,
      54.22284721841529
     ],
     [
      -12.237846408744222,
      53.972888670826606
     ],
     [
      -13.715978244950422,
      53.716565722139904
     ],
     [
      -15.196020879797398,
      53.453824095177694
     ],
     [
      -16.67737386689013,
      53.18462400326538
     ],
     [
      -18.159424518152125,
      52.90894060506481
     ],
     [
      -19.64155357842614,
      52.62676429170742
     ],
     [
      -21.123141052348,
      52.33810079851136
     ],
     [
      -22.60357204845631,
      52.04297113825628
     ],
     [
      -24.082242504755047,
      51.741411357825015
     ],
     [
      -25.55856466505687,
      51.43347212476924
     ],
     [
      -27.031972186050194,
      51.1192181547882
     ],
     [
      -28.501924770434094,
      50.79872749502276
     ],
     [
      -29.967912240635314,
      50.472090681292876
     ],
     [
      -31.42945798934481,
      50.13940978983149
     ],
     [
      -32.886121766080166,
      49.800797405624266
     ],
     [
      -34.33750178190841,
      49.4563755301477
     ],
     [
      -35.783236136183824,
      49.10627445114811
     ],
     [
      -37.2230035886952,
      48.750631596206055
     ],
     [
      -38.656523717250856,
      48.38959039030106
     ],
     [
      -40.0835565139998,
      48.023299135567584
     ],
     [
      -41.503901483496364,
      47.65190992905881
     ],
     [
      -42.917396311704664,
      47.27557763175432
     ],
     [
      -44.32391517804079,
      46.894458899391594
     ],
     [
      -45.723366782543536,
      46.50871128308606
     ],
     [
      -47.11569215781929,
      46.11849240522264
     ],
     [
      -48.50086233103778,
      45.723959213825985
     ],
     [
      -49.87887589548032,
      45.325267316594335
     ],
     [
      -51.24975654444911,
      44.92257039404339
     ],
     [
      -52.613550613168535,
      44.51601968976012
     ],
     [
      -53.970324667017145,
      44.10576357460961
     ],
     [
      -55.32016316731589,
      43.69194718085399
     ],
     [
      -56.66316623918928,
      43.27471210150911
     ],
     [
      -57.999447559866226,
      42.85419614985198
     ],
     [
      -59.32913238029538,
      42.43053317377098
     ],
     [
      -60.652355688160306,
      42.003852919588475
     ],
     [
      -61.969260516304715,
      41.574280940052546
     ],
     [
      -63.27999639718965,
      41.141938541362904
     ],
     [
      -64.58471796126446,
      40.70694276433953
     ],
     [
      -65.88358367497928,
      40.26940639514016
     ],
     [
      -67.1767547125367,
      39.829438001265245
     ],
     [
      -68.46439395430372,
      39.38714198894027
     ],
     [
      -69.74666510401494,
      38.942618678323505
     ],
     [
      -71.02373191643146,
      38.49596439334231
     ],
     [
      -72.29575752691508,
      38.047271563305316
     ],
     [
      -73.56290387438399,
      37.596628833765294
     ],
     [
      -74.82533120928508,
      37.14412118441629
     ],
     [
      -76.08319767851057,
      36.68983005209384
     ],
     [
      -77.33665897956755,
      36.233833457209535
     ],
     [
      -78.58586807675098,
      35.776206132189955
     ],
     [
      -79.8309749725498,
      35.31701965070493
     ],
     [
      -81.07212652801337,
      34.85634255666254
     ],
     [
      -82.30946632630807,
      34.39424049211963
     ],
     [
      -83.54313457418884,
      33.93077632340727
     ],
     [
      -84.7732680365901,
      33.46601026490338
     ],
     [
      -86.0,
      33.0
     ]
    ]
   },
   "properties": {
    "pair": "British\u2013Southern US",
    "cuisine_a": "British",
    "cuisine_b": "Southern US",
    "residual": 0.3264,
    "distance_km": 6599.0,
    "is_long_distance": "long-distance"
   }
  },
  {
   "type": "Feature",
   "geometry": {
    "type": "LineString",
    "coordinates": [
     [
      -51.93,
      -14.24
     ],
     [
      -49.02573647445114,
      -14.044114978777209
     ],
     [
      -46.11771751891685,
      -13.838912424993154
     ],
     [
      -43.20605055210715,
      -13.623990649629262
     ],
     [
      -40.29088453553096,
      -13.398970418502802
     ],
     [
      -37.372409376093444,
      -13.163497396646983
     ],
     [
      -34.45085470276723,
      -12.91724458611317
     ],
     [
      -31.52648798987726,
      -12.659914711169861
     ],
     [
      -28.59961201654555,
      -12.391242502223449
     ],
     [
      -25.670561671256817,
      -12.110996828656074
     ],
     [
      -22.73970013152578,
      -11.818982631374483
     ],
     [
      -19.80741447026651,
      -11.515042608324364
     ],
     [
      -16.874110761527874,
      -11.19905861057758
     ],
     [
      -13.940208777551248,
      -10.870952712765174
     ],
     [
      -11.006136385440374,
      -10.530687929409815
     ],
     [
      -8.072323764062622,
      -10.178268557802376
     ],
     [
      -5.139197569303999,
      -9.81374013806792
     ],
     [
      -2.207175177975191,
      -9.437189031513867
     ],
     [
      0.7233408626423359,
      -9.048741628747166
     ],
     [
      3.6519680611802485,
      -8.648563208896093
     ],
     [
      6.578348779306404,
      -8.236856480120446
     ],
     [
      9.502154511436988,
      -7.813859839060706
     ],
     [
      12.42308957864943,
      -7.379845392677568
     ],
     [
      15.340894189684509,
      -6.9351167898958614
     ],
     [
      18.255346843514292,
      -6.48000691253317
     ],
     [
      21.166266068714883,
      -6.014875475219866
     ],
     [
      24.0735115138543,
      -5.540106582551072
     ],
     [
      26.97698441953336,
      -5.056106288778558
     ],
     [
      29.87662751608613,
      -4.563300201227135
     ],
     [
      32.77242440099336,
      -4.0621311636079245
     ],
     [
      35.664398456749765,
      -3.5530570498052154
     ],
     [
      38.55261137340966,
      -3.036548692822599
     ],
     [
      41.43716134062815,
      -2.5130879676448767
     ],
     [
      44.31818097212267,
      -1.9831660410193925
     ],
     [
      47.19583502157728,
      -1.4472817957531543
     ],
     [
      50.070317943589245,
      -0.9059404321788489
     ],
     [
      52.94185134678229,
      -0.35965224504170257
     ],
     [
      55.81068137912493,
      0.19106842976731842
     ],
     [
      58.67707607817214,
      0.7457041074543169
     ],
     [
      61.54132271171677,
      1.3037348970592657
     ],
     [
      64.40372512744341,
      1.8646391083891718
     ],
     [
      67.26460112382696,
      2.4278937385812984
     ],
     [
      70.12427984884263,
      2.9929748550664526
     ],
     [
      72.98309922816466,
      3.5593578927093885
     ],
     [
      75.8414034204785,
      4.126517883635484
     ],
     [
      78.69954029436578,
      4.6939296387656615
     ],
     [
      81.55785891895454,
      5.261067900414933
     ],
     [
      84.4167070591723,
      5.827407485495995
     ],
     [
      87.27642866600249,
      6.392423438928243
     ],
     [
      90.13736135261898,
      6.955591216788454
     ],
     [
      92.99983384866806,
      7.516386918547941
     ],
     [
      95.86416342726876,
      8.074287587400491
     ],
     [
      98.73065330250881,
      8.628771597165207
     ],
     [
      101.59958999929695,
      9.179319143504634
     ],
     [
      104.47124070236075,
      9.725412856180748
     ],
     [
      107.3458505968794,
      10.266538547718334
     ],
     [
      110.22364021962281,
      10.802186112097798
     ],
     [
      113.10480284637508,
      11.331850584893917
     ],
     [
      115.98950194866495,
      11.85503337355996
     ],
     [
      118.87786876014098,
      12.37124366328469
     ],
     [
      121.76999999999998,
      12.88
     ]
    ]
   },
   "properties": {
    "pair": "Brazilian\u2013Filipino",
    "cuisine_a": "Brazilian",
    "cuisine_b": "Filipino",
    "residual": 0.3246,
    "distance_km": 19318.0,
    "is_long_distance": "long-distance"
   }
  },
  {
   "type": "Feature",
   "geometry": {
    "type": "LineString",
    "coordinates": [
     [
      78.96,
      20.589999999999996
     ],
     [
      77.58725492739843,
      20.883354478407618
     ],
     [
      76.21204854271785,
      21.17461357950519
     ],
     [
      74.83431816482017,
      21.463693355572683
     ],
     [
      73.4540040450486,
      21.75050871016698
     ],
     [
      72.07104965321825,
      22.034973433758505
     ],
     [
      70.68540197853385,
      22.317000249127986
     ],
     [
      69.29701184472684,
      22.596500867170636
     ],
     [
      67.90583423845365,
      22.873386053747623
     ],
     [
      66.51182864972091,
      23.147565708207726
     ],
     [
      65.1149594228049,
      23.418948954174517
     ],
     [
      63.715196115811494,
      23.687444243154975
     ],
     [
      62.31251386668222,
      23.952959471472838
     ],
     [
      60.90689376309753,
      24.21540211096308
     ],
     [
      59.49832321336066,
      24.47467935378158
     ],
     [
      58.08679631497489,
      24.73069827158581
     ],
     [
      56.67231421725754,
      24.983365989226797
     ],
     [
      55.25488547397546,
      25.23258987296044
     ],
     [
      53.834526381648374,
      25.47827773303644
     ],
     [
      52.41126129885865,
      25.720338040357092
     ],
     [
      50.985122941640554,
      25.958680156716085
     ],
     [
      49.556152649811494,
      26.193214577931343
     ],
     [
      48.124400618963236,
      26.42385318897767
     ],
     [
      46.689926092768054,
      26.650509530007298
     ],
     [
      45.25279751028145,
      26.8730990719228
     ],
     [
      43.81309260305468,
      27.091539499941057
     ],
     [
      42.3708984371131,
      27.30575100336383
     ],
     [
      40.92631139521949,
      27.51565656955486
     ],
     [
      39.47943709532909,
      27.721182279921173
     ],
     [
      38.03039024175617,
      27.92225760551252
     ],
     [
      36.57929440630818,
      28.11881569969447
     ],
     [
      35.12628173749598,
      28.310793685222453
     ],
     [
      33.671492596886104,
      28.49813293295247
     ],
     [
      32.21507512270734,
      28.680779329373294
     ],
     [
      30.7571847219397,
      28.858683530140222
     ],
     [
      29.297983493273634,
      29.03180119683379
     ],
     [
      27.83763958450537,
      29.200093214261614
     ],
     [
      26.37632648909828,
      29.363525885767665
     ],
     [
      24.91422228776076,
      29.522071104210294
     ],
     [
      23.451508841934533,
      29.675706496516437
     ],
     [
      21.98837094702373,
      29.824415540009895
     ],
     [
      20.524995453995047,
      29.96818764904202
     ],
     [
      19.061570368618337,
      30.107018230816617
     ],
     [
      17.59828393807341,
      30.240908709689194
     ],
     [
      16.135323734909374,
      30.369866519625983
     ],
     [
      14.672875748396983,
      30.493905064920476
     ],
     [
      13.21112349316249,
      30.613043649675262
     ],
     [
      11.750247144636315,
      30.727307376955487
     ],
     [
      10.290422710305123,
      30.83672701889774
     ],
     [
      8.831821245037654,
      30.941338859407086
     ],
     [
      7.374608117886691,
      31.041184511386856
     ],
     [
      5.9189423367789535,
      31.136310710716437
     ],
     [
      4.46497593642041,
      31.226769089414958
     ],
     [
      3.0128534335998522,
      31.312615930602306
     ],
     [
      1.562711352898578,
      31.39391190799048
     ],
     [
      0.11467782464153053,
      31.470721812708717
     ],
     [
      -1.3311277442175684,
      31.543114270285965
     ],
     [
      -2.774594926669638,
      31.611161450587108
     ],
     [
      -4.215622461081808,
      31.674938773428902
     ],
     [
      -5.654118367795686,
      31.7345246124917
     ],
     [
      -7.0900000000000025,
      31.79
     ]
    ]
   },
   "properties": {
    "pair": "Indian\u2013Moroccan",
    "cuisine_a": "Indian",
    "cuisine_b": "Moroccan",
    "residual": 0.2633,
    "distance_km": 8463.0,
    "is_long_distance": "long-distance"
   }
  },
  {
   "type": "Feature",
   "geometry": {
    "type": "LineString",
    "coordinates": [
     [
      2.21,
      46.23
     ],
     [
      0.7964379364787515,
      45.90335997955435
     ],
     [
      -0.618462937623224,
      45.57055769083659
     ],
     [
      -2.034327935839773,
      45.23156008344887
     ],
     [
      -3.4507755666675797,
      44.886344933219235
     ],
     [
      -4.867420198308435,
      44.53490103026765
     ],
     [
      -6.283874794270776,
      44.1772282744227
     ],
     [
      -7.6997536731333724,
      43.81333767607597
     ],
     [
      -9.114675244999386,
      43.44325126245673
     ],
     [
      -10.528264677916393,
      43.06700189120653
     ],
     [
      -11.940156449768901,
      42.68463297496161
     ],
     [
      -13.349996744751202,
      42.296198122348855
     ],
     [
      -14.757445658319558,
      41.90176070230926
     ],
     [
      -16.162179180270382,
      41.50139333993607
     ],
     [
      -17.56389093202378,
      41.09517735301795
     ],
     [
      -18.962293641019727,
      40.68320213919024
     ],
     [
      -20.35712034206727,
      40.26556452401216
     ],
     [
      -21.74812530225102,
      39.84236808041166
     ],
     [
      -23.13508467235156,
      39.41372242979014
     ],
     [
      -24.517796873476236,
      38.97974253468437
     ],
     [
      -25.896082732571724,
      38.54054799227795
     ],
     [
      -27.269785384599505,
      38.0962623372795
     ],
     [
      -28.63876996234919,
      37.64701236178172
     ],
     [
      -30.002923097139092,
      37.19292745872644
     ],
     [
      -31.362152255045093,
      36.73413899456632
     ],
     [
      -32.71638493387547,
      36.270779715669555
     ],
     [
      -34.0655677459641,
      35.80298319199256
     ],
     [
      -35.40966541109385,
      35.330883300572054
     ],
     [
      -36.74865968260136,
      34.85461375048388
     ],
     [
      -38.08254822806937,
      34.37430765009533
     ],
     [
      -39.41134348409284,
      33.89009711671089
     ],
     [
      -40.7350715025134,
      33.40211292808233
     ],
     [
      -42.05377080334126,
      32.91048421472499
     ],
     [
      -43.367491247402086,
      32.41533819154849
     ],
     [
      -44.67629293961995,
      31.91679992696982
     ],
     [
      -45.98024517182558,
      31.414992147418836
     ],
     [
      -47.27942541209635,
      30.910035074967293
     ],
     [
      -48.57391834591648,
      30.402046295698845
     ],
     [
      -49.863814972905075,
      29.891140656383982
     ],
     [
      -51.14921176150313,
      29.377430187018568
     ],
     [
      -52.43020986283631,
      28.86102404682115
     ],
     [
      -53.706914383972986,
      28.34202849135258
     ],
     [
      -54.97943371996542,
      27.820546858516366
     ],
     [
      -56.24787894338423,
      27.296679571311067
     ],
     [
      -57.51236324951795,
      26.770524155333476
     ],
     [
      -58.77300145499537,
      26.242175269166164
     ],
     [
      -60.02990954728283,
      25.711724745923245
     ],
     [
      -61.28320428229814,
      25.17926164436906
     ],
     [
      -62.53300282725219,
      24.64487230816393
     ],
     [
      -63.77942244576558,
      24.10864043192718
     ],
     [
      -65.02258022230065,
      23.570647132937843
     ],
     [
      -66.26259282298535,
      23.03097102741794
     ],
     [
      -67.49957628997866,
      22.489688310459854
     ],
     [
      -68.73364586662635,
      21.946872838768815
     ],
     [
      -69.96491585077655,
      21.402596215492572
     ],
     [
      -71.19349947375832,
      20.856927876503676
     ],
     [
      -72.41950880267031,
      20.309935177585274
     ],
     [
      -73.6430546637753,
      19.761683482049172
     ],
     [
      -74.86424658494697,
      19.21223624838524
     ],
     [
      -76.08319275526483,
      18.661655117605108
     ],
     [
      -77.3,
      18.11
     ]
    ]
   },
   "properties": {
    "pair": "French\u2013Jamaican",
    "cuisine_a": "French",
    "cuisine_b": "Jamaican",
    "residual": 0.2549,
    "distance_km": 7769.0,
    "is_long_distance": "long-distance"
   }
  },
  {
   "type": "Feature",
   "geometry": {
    "type": "LineString",
    "coordinates": [
     [
      121.77000000000001,
      12.88
     ],
     [
      121.54546188116963,
      12.901122977788797
     ],
     [
      121.32091240363206,
      12.92219843138673
     ],
     [
      121.0963516273437,
      12.94322625473548
     ],
     [
      120.87177961300014,
      12.964206342496063
     ],
     [
      120.64719642203309,
      12.985138590052195
     ],
     [
      120.42260211660704,
      13.006022893513665
     ],
     [
      120.19799675961616,
      13.02685914971967
     ],
     [
      119.97338041468089,
      13.047647256242161
     ],
     [
      119.74875314614468,
      13.068387111389143
     ],
     [
      119.52411501907035,
      13.089078614208017
     ],
     [
      119.29946609923685,
      13.109721664488841
     ],
     [
      119.07480645313552,
      13.130316162767642
     ],
     [
      118.85013614796652,
      13.150862010329657
     ],
     [
      118.62545525163519,
      13.171359109212604
     ],
     [
      118.40076383274827,
      13.191807362209907
     ],
     [
      118.1760619606101,
      13.212206672873936
     ],
     [
      117.9513497052188,
      13.232556945519192
     ],
     [
      117.72662713726227,
      13.252858085225519
     ],
     [
      117.50189432811432,
      13.273109997841267
     ],
     [
      117.2771513498305,
      13.293312589986455
     ],
     [
      117.05239827514416,
      13.313465769055915
     ],
     [
      116.82763517746206,
      13.333569443222414
     ],
     [
      116.60286213086039,
      13.353623521439767
     ],
     [
      116.37807921008036,
      13.373627913445926
     ],
     [
      116.15328649052387,
      13.39358252976605
     ],
     [
      115.92848404824915,
      13.413487281715554
     ],
     [
      115.7036719599662,
      13.433342081403165
     ],
     [
      115.47885030303247,
      13.453146841733911
     ],
     [
      115.2540191554481,
      13.47290147641214
     ],
     [
      115.02917859585139,
      13.49260589994449
     ],
     [
      114.80432870351403,
      13.512260027642842
     ],
     [
      114.57946955833646,
      13.531863775627267
     ],
     [
      114.35460124084298,
      13.551417060828939
     ],
     [
      114.12972383217695,
      13.570919800993032
     ],
     [
      113.90483741409581,
      13.59037191468159
     ],
     [
      113.67994206896616,
      13.609773321276396
     ],
     [
      113.45503787975866,
      13.629123940981785
     ],
     [
      113.23012493004309,
      13.64842369482747
     ],
     [
      113.00520330398304,
      13.667672504671316
     ],
     [
      112.7802730863308,
      13.686870293202121
     ],
     [
      112.5553343624221,
      13.706016983942348
     ],
     [
      112.33038721817084,
      13.725112501250846
     ],
     [
      112.10543174006365,
      13.744156770325542
     ],
     [
      111.88046801515458,
      13.763149717206126
     ],
     [
      111.6554961310595,
      13.78209126877668
     ],
     [
      111.43051617595076,
      13.800981352768318
     ],
     [
      111.20552823855144,
      13.819819897761777
     ],
     [
      110.98053240812985,
      13.838606833189985
     ],
     [
      110.75552877449384,
      13.857342089340625
     ],
     [
      110.530517427985,
      13.876025597358641
     ],
     [
      110.305498459473,
      13.89465728924875
     ],
     [
      110.08047196034963,
      13.913237097877898
     ],
     [
      109.85543802252309,
      13.931764956977721
     ],
     [
      109.63039673841189,
      13.950240801146945
     ],
     [
      109.40534820093902,
      13.968664565853796
     ],
     [
      109.18029250352583,
      13.987036187438344
     ],
     [
      108.95522974008601,
      14.005355603114857
     ],
     [
      108.7301600050195,
      14.023622750974102
     ],
     [
      108.50508339320623,
      14.041837569985624
     ],
     [
      108.28,
      14.06
     ]
    ]
   },
   "properties": {
    "pair": "Filipino\u2013Vietnamese",
    "cuisine_a": "Filipino",
    "cuisine_b": "Vietnamese",
    "residual": 0.2546,
    "distance_km": 1464.0,
    "is_long_distance": "regional"
   }
  },
  {
   "type": "Feature",
   "geometry": {
    "type": "LineString",
    "coordinates": [
     [
      -91.2,
      30.5
     ],
     [
      -89.78020220851295,
      30.896324766739898
     ],
     [
      -88.35611467154126,
      31.29064529304474
     ],
     [
      -86.92757334269491,
      31.682863199993818
     ],
     [
      -85.49441259817412,
      32.07287614197965
     ],
     [
      -84.05646565820074,
      32.46057766802482
     ],
     [
      -82.61356508523487,
      32.8458570900458
     ],
     [
      -81.16554336664541,
      33.22859936033082
     ],
     [
      -79.71223358972193,
      33.60868496082264
     ],
     [
      -78.2534702170031,
      33.985989807143156
     ],
     [
      -76.7890899698165,
      34.36038517066281
     ],
     [
      -75.3189328276283,
      34.731737622298425
     ],
     [
      -73.84284315023967,
      35.09990900211226
     ],
     [
      -72.36067092898423,
      35.464756419172105
     ],
     [
      -70.87227317181559,
      35.82613228650792
     ],
     [
      -69.377515425467,
      36.18388439634719
     ],
     [
      -67.87627343565214,
      36.53785604111266
     ],
     [
      -66.36843494350202,
      36.8878861859004
     ],
     [
      -64.85390161304994,
      37.23380969829787
     ],
     [
      -63.33259108054931,
      37.57545764142293
     ],
     [
      -61.80443911173142,
      37.91265763593491
     ],
     [
      -60.26940184779681,
      38.245234296453916
     ],
     [
      -58.72745811504737,
      38.573009747292815
     ],
     [
      -57.178611766710745,
      38.89580422162412
     ],
     [
      -55.622894018848065,
      39.21343674714282
     ],
     [
      -54.06036573549375,
      39.52572591992467
     ],
     [
      -52.49111961164398,
      39.83249076650336
     ],
     [
      -50.915282196741295,
      40.13355169220025
     ],
     [
      -49.333015696308706,
      40.42873151145349
     ],
     [
      -47.74451948582023,
      40.71785655334649
     ],
     [
      -46.150031269228506,
      41.00075783278661
     ],
     [
      -44.54982781526283,
      41.2772722749187
     ],
     [
      -42.94422520807217,
      41.547243977479006
     ],
     [
      -41.33357855532956,
      41.81052549303291
     ],
     [
      -39.71828110670796,
      42.06697911053795
     ],
     [
      -38.09876274867032,
      42.31647811358647
     ],
     [
      -36.47548785755529,
      42.5589079911634
     ],
     [
      -34.84895251151373,
      42.79416757594572
     ],
     [
      -33.21968108225097,
      43.022170085189416
     ],
     [
      -31.588222248832043,
      43.24284404017896
     ],
     [
      -29.95514449692652,
      43.456134042087974
     ],
     [
      -28.321031186626115,
      43.662001384898176
     ],
     [
      -26.686475289186134,
      43.860424489669455
     ],
     [
      -25.052073906638583,
      44.051399148811626
     ],
     [
      -23.418422697317812,
      44.23493857389465
     ],
     [
      -21.78611033432192,
      44.411073245725724
     ],
     [
      -20.155713122536152,
      44.57985057067337
     ],
     [
      -18.52778989316282,
      44.741334352282564
     ],
     [
      -16.902877283184715,
      44.89560409186261
     ],
     [
      -15.281485491594191,
      45.042754135739756
     ],
     [
      -13.66409458554554,
      45.18289269008672
     ],
     [
      -12.051151408977706,
      45.31614072656804
     ],
     [
      -10.443067124896713,
      45.442630803423384
     ],
     [
      -8.840215401545494,
      45.562505827062736
     ],
     [
      -7.242931233130411,
      45.67591777882494
     ],
     [
      -5.651510368437976,
      45.783026430358596
     ],
     [
      -4.0662093061475675,
      45.883998069252854
     ],
     [
      -2.487245804274664,
      45.979004254224236
     ],
     [
      -0.9147998430777806,
      46.06822061651047
     ],
     [
      0.6509850241540448,
      46.15182572128275
     ],
     [
      2.2099999999999955,
      46.23
     ]
    ]
   },
   "properties": {
    "pair": "Cajun-Creole\u2013French",
    "cuisine_a": "Cajun-Creole",
    "cuisine_b": "French",
    "residual": 0.2282,
    "distance_km": 7858.0,
    "is_long_distance": "long-distance"
   }
  },
  {
   "type": "Feature",
   "geometry": {
    "type": "LineString",
    "coordinates": [
     [
      -51.93,
      -14.24
     ],
     [
      -49.36325996522322,
      -13.781081491184342
     ],
     [
      -46.79846563223021,
      -13.315190364731718
     ],
     [
      -44.23570995396952,
      -12.842533723987348
     ],
     [
      -41.67506788170566,
      -12.363331766545015
     ],
     [
      -39.116596040983104,
      -11.877816839532743
     ],
     [
      -36.560332596258604,
      -11.386232496469503
     ],
     [
      -34.00629729371654,
      -10.888832566084172
     ],
     [
      -31.45449166974169,
      -10.385880242405896
     ],
     [
      -28.904899411040482,
      -9.87764720424207
     ],
     [
      -26.357486851456223,
      -9.364412770897816
     ],
     [
      -23.812203590082447,
      -8.846463099697482
     ],
     [
      -21.26898321529087,
      -8.324090429578845
     ],
     [
      -18.7277441196972,
      -7.797592373773362
     ],
     [
      -16.188390391823358,
      -7.267271263384713
     ],
     [
      -13.65081277121132,
      -6.733433542551549
     ],
     [
      -11.114889654933288,
      -6.196389214841452
     ],
     [
      -8.58048814476209,
      -5.6564513395802045
     ],
     [
      -6.047465125655336,
      -5.113935575977573
     ],
     [
      -3.5156683676127516,
      -4.569159772168217
     ],
     [
      -0.9849376443428002,
      -4.022443595642154
     ],
     [
      1.5448941365180686,
      -3.4741082009889186
     ],
     [
      4.073999795685694,
      -2.924475930417662
     ],
     [
      6.602556739984711,
      -2.3738700421353585
     ],
     [
      9.130745817633805,
      -1.8226144613608934
     ],
     [
      11.65875017235485,
      -1.2710335485175108
     ],
     [
      14.186754097023275,
      -0.7194518789748702
     ],
     [
      16.71494188718705,
      -0.16819402860026417
     ],
     [
      19.243496694585602,
      0.3824156406766467
     ],
     [
      21.772599380799015,
      0.9320532010813062
     ],
     [
      24.302427371353613,
      1.480395390734794
     ],
     [
      26.833153510999413,
      2.027119862546838
     ],
     [
      29.364944921450896,
      2.571905455719733
     ],
     [
      31.897961863640106,
      3.114432495086713
     ],
     [
      34.4323566074539,
      3.6543831232040986
     ],
     [
      36.968272313002316,
      4.191441669737061
     ],
     [
      39.505841928668545,
      4.725295062217034
     ],
     [
      42.04518711249865,
      5.255633281699399
     ],
     [
      44.58641718486444,
      5.782149866205719
     ],
     [
      47.12962812173995,
      6.3045424640933
     ],
     [
      49.67490159932096,
      6.82251343865202
     ],
     [
      52.22230410203715,
      7.335770524286014
     ],
     [
      54.77188610719625,
      7.844027533599435
     ],
     [
      57.32368136049793,
      8.34700511357944
     ],
     [
      59.87770625739103,
      8.844431547868796
     ],
     [
      62.43395934565703,
      9.336043600863407
     ],
     [
      64.99242096461623,
      9.82158739808029
     ],
     [
      67.5530530359145,
      10.300819335948042
     ],
     [
      70.11579901990532,
      10.773507012909475
     ],
     [
      72.68058405016029,
      11.239430172532362
     ],
     [
      75.24731525660539,
      11.698381648242174
     ],
     [
      77.81588228519148,
      12.150168298362138
     ],
     [
      80.38615801890322,
      12.594611919415696
     ],
     [
      82.95799950134145,
      13.031550125153482
     ],
     [
      85.53124906017219,
      13.460837178548749
     ],
     [
      88.10573562352772,
      13.88234476408942
     ],
     [
      90.68127621811028,
      14.295962688101675
     ],
     [
      93.25767763343552,
      14.701599495576911
     ],
     [
      95.83473823252743,
      15.099182993037047
     ],
     [
      98.41224988560052,
      15.488660668343227
     ],
     [
      100.98999999999998,
      15.87
     ]
    ]
   },
   "properties": {
    "pair": "Brazilian\u2013Thai",
    "cuisine_a": "Brazilian",
    "cuisine_b": "Thai",
    "residual": 0.2208,
    "distance_km": 17104.0,
    "is_long_distance": "long-distance"
   }
  },
  {
   "type": "Feature",
   "geometry": {
    "type": "LineString",
    "coordinates": [
     [
      -3.44,
      55.38000000000001
     ],
     [
      -3.340724880073733,
      55.228125620775806
     ],
     [
      -3.2416651012208746,
      55.07622459843955
     ],
     [
      -3.1428180080145993,
      54.9242972800896
     ],
     [
      -3.0441809848801022,
      54.7723440071736
     ],
     [
      -2.9457514554057473,
      54.62036511559838
     ],
     [
      -2.847526881666716,
      54.46836093583771
     ],
     [
      -2.749504763560941,
      54.31633179303738
     ],
     [
      -2.651682638157133,
      54.16427800711831
     ],
     [
      -2.554058079054683,
      54.0121998928771
     ],
     [
      -2.4566286957552563,
      53.860097760084614
     ],
     [
      -2.3593921330458656,
      53.70797191358228
     ],
     [
      -2.262346070393235,
      53.555822653376346
     ],
     [
      -2.165488221349257,
      53.403650274730126
     ],
     [
      -2.0688163329673435,
      53.251455068254174
     ],
     [
      -1.9723281852294874,
      53.099237319994536
     ],
     [
      -1.876021590483848,
      52.94699731151917
     ],
     [
      -1.7798943928926583,
      52.79473532000238
     ],
     [
      -1.6839444678902855,
      52.64245161830753
     ],
     [
      -1.5881697216512594,
      52.490146475067995
     ],
     [
      -1.4925680905680778,
      52.33782015476629
     ],
     [
      -1.397137540738625,
      52.18547291781158
     ],
     [
      -1.3018760674630234,
      52.03310502061557
     ],
     [
      -1.20678169474974,
      51.8807167156667
     ],
     [
      -1.1118524748307874,
      51.72830825160279
     ],
     [
      -1.0170864876858439,
      51.575879873282226
     ],
     [
      -0.9224818405751304,
      51.42343182185354
     ],
     [
      -0.8280366675808833,
      51.270964334823574
     ],
     [
      -0.7337491291572589,
      51.118477646124205
     ],
     [
      -0.6396174116885144,
      50.96597198617774
     ],
     [
      -0.5456397270553114,
      50.81344758196075
     ],
     [
      -0.451814312208986,
      50.66090465706682
     ],
     [
      -0.35813942875363886,
      50.50834343176782
     ],
     [
      -0.2646133625358916,
      50.35576412307393
     ],
     [
      -0.17123442324217605,
      50.20316694479253
     ],
     [
      -0.07800094400339624,
      50.05055210758569
     ],
     [
      0.01508871899315544,
      49.89791981902667
     ],
     [
      0.10803618688479147,
      49.74527028365508
     ],
     [
      0.20084305850744047,
      49.59260370303109
     ],
     [
      0.2935109107628319,
      49.4399202757883
     ],
     [
      0.3860412989789701,
      49.2872201976858
     ],
     [
      0.47843575726403653,
      49.1345036616589
     ],
     [
      0.570695798853834,
      48.981770857869066
     ],
     [
      0.6628229164529147,
      48.82902197375267
     ],
     [
      0.7548185825694901,
      48.67625719406884
     ],
     [
      0.8466842498442693,
      48.52347670094635
     ],
     [
      0.9384213513733135,
      48.37068067392947
     ],
     [
      1.03003130102505,
      48.21786929002305
     ],
     [
      1.1215154937515366,
      48.065042723736546
     ],
     [
      1.2128753058940966,
      47.91220114712729
     ],
     [
      1.3041120954834382,
      47.75934472984277
     ],
     [
      1.3952272025343484,
      47.60647363916225
     ],
     [
      1.486221949335088,
      47.45358804003733
     ],
     [
      1.577097640731565,
      47.30068809513194
     ],
     [
      1.6678555644064157,
      47.147773964861365
     ],
     [
      1.758496991153061,
      46.99484580743059
     ],
     [
      1.8490231751448647,
      46.84190377887187
     ],
     [
      1.939435354199464,
      46.68894803308157
     ],
     [
      2.0297347500383816,
      46.53597872185629
     ],
     [
      2.119922568542,
      46.38299599492824
     ],
     [
      2.21,
      46.23
     ]
    ]
   },
   "properties": {
    "pair": "British\u2013French",
    "cuisine_a": "British",
    "cuisine_b": "French",
    "residual": 0.2137,
    "distance_km": 1091.0,
    "is_long_distance": "regional"
   }
  },
  {
   "type": "Feature",
   "geometry": {
    "type": "LineString",
    "coordinates": [
     [
      104.2,
      35.86
     ],
     [
      104.76407866860805,
      35.885510886841274
     ],
     [
      105.32845119238875,
      35.910384427436796
     ],
     [
      105.8931100674316,
      35.93461735076885
     ],
     [
      106.45804761590321,
      35.95820646925506
     ],
     [
      107.0232559892292,
      35.98114868085168
     ],
     [
      107.58872717149785,
      36.003440971122856
     ],
     [
      108.15445298308467,
      36.02508041527231
     ],
     [
      108.72042508449545,
      36.04606418013462
     ],
     [
      109.2866349804262,
      36.06638952612271
     ],
     [
      109.85307402403679,
      36.08605380912873
     ],
     [
      110.4197334214351,
      36.10505448237498
     ],
     [
      110.9866042363679,
      36.1233890982121
     ],
     [
      111.55367739511391,
      36.1410553098614
     ],
     [
      112.12094369157447,
      36.158050873098404
     ],
     [
      112.68839379255614,
      36.17437364787503
     ],
     [
      113.25601824323944,
      36.19002159987712
     ],
     [
      113.8238074728274,
      36.204992802015276
     ],
     [
      114.39175180036695,
      36.21928543584582
     ],
     [
      114.95984144073577,
      36.23289779291973
     ],
     [
      115.52806651078687,
      36.24582827605715
     ],
     [
      116.09641703564262,
      36.258075400544925
     ],
     [
      116.6648829551293,
      36.269637795255406
     ],
     [
      117.23345413034374,
      36.28051420368415
     ],
     [
      117.80212035034174,
      36.29070348490487
     ],
     [
      118.37087133893894,
      36.30020461443968
     ],
     [
      118.93969676161416,
      36.309016685043304
     ],
     [
      119.50858623250426,
      36.31713890739943
     ],
     [
      120.07752932148018,
      36.32457061072836
     ],
     [
      120.64651556129311,
      36.33131124330431
     ],
     [
      121.21553445477957,
      36.33736037288199
     ],
     [
      121.78457548211408,
      36.34271768703105
     ],
     [
      122.353628108098,
      36.347382993378254
     ],
     [
      122.92268178947302,
      36.351356219756696
     ],
     [
      123.49172598224722,
      36.35463741426169
     ],
     [
      124.06075014902267,
      36.357226745213595
     ],
     [
      124.62974376631219,
      36.35912450102712
     ],
     [
      125.1986963318341,
      36.360331089987895
     ],
     [
      125.76759737177304,
      36.360847039936296
     ],
     [
      126.33643644799554,
      36.36067299785937
     ],
     [
      126.9052031652088,
      36.35980972939152
     ],
     [
      127.47388717805177,
      36.358258118224974
     ],
     [
      128.04247819810703,
      36.35601916543093
     ],
     [
      128.61096600082334,
      36.35309398869299
     ],
     [
      129.17934043233768,
      36.3494838214539
     ],
     [
      129.7475914161874,
      36.34519001197747
     ],
     [
      130.31570895990149,
      36.34021402232725
     ],
     [
      130.8836831614626,
      36.334557427263874
     ],
     [
      131.45150421562997,
      36.328221913063025
     ],
     [
      132.0191624201143,
      36.321209276256226
     ],
     [
      132.58664818159716,
      36.31352142229662
     ],
     [
      133.15395202158584,
      36.30516036415211
     ],
     [
      133.72106458209723,
      36.2961282208285
     ],
     [
      134.28797663116296,
      36.28642721582492
     ],
     [
      134.8546790681499,
      36.2760596755245
     ],
     [
      135.42116292888946,
      36.2650280275228
     ],
     [
      135.98741939061088,
      36.25333479889706
     ],
     [
      136.5534397766728,
      36.24098261441894
     ],
     [
      137.1192155610891,
      36.227974194713894
     ],
     [
      137.684738372845,
      36.21431235437011
     ],
     [
      138.25,
      36.2
     ]
    ]
   },
   "properties": {
    "pair": "Chinese\u2013Japanese",
    "cuisine_a": "Chinese",
    "cuisine_b": "Japanese",
    "residual": 0.207,
    "distance_km": 3046.0,
    "is_long_distance": "regional"
   }
  },
  {
   "type": "Feature",
   "geometry": {
    "type": "LineString",
    "coordinates": [
     [
      2.21,
      46.23
     ],
     [
      0.7405514080881137,
      46.16977864217081
     ],
     [
      -0.734515577556565,
      46.10479566859878
     ],
     [
      -2.215094285994469,
      46.034911021848885
     ],
     [
      -3.701052360884642,
      45.95998660989249
     ],
     [
      -5.192230827355106,
      45.8798870470323
     ],
     [
      -6.688443380400677,
      45.794480433165305
     ],
     [
      -8.18947593143163,
      45.70363916420199
     ],
     [
      -9.695086447657486,
      45.607240764991666
     ],
     [
      -11.205005115608937,
      45.50516873469575
     ],
     [
      -12.718934855207644,
      45.39731339326504
     ],
     [
      -14.236552204389856,
      45.28357271658081
     ],
     [
      -15.757508586463457,
      45.1638531469779
     ],
     [
      -17.281431963308872,
      45.03807036534636
     ],
     [
      -18.807928867497637,
      44.90615001085766
     ],
     [
      -20.33658679576102,
      44.76802833462694
     ],
     [
      -21.86697693543177,
      44.623652774326295
     ],
     [
      -23.398657184992377,
      44.47298243791125
     ],
     [
      -24.93117542020189,
      44.31598848619498
     ],
     [
      -26.464072948935552,
      44.15265440596013
     ],
     [
      -27.99688809130423,
      43.98297616757427
     ],
     [
      -29.529159817185615,
      43.80696226358842
     ],
     [
      -31.060431371247375,
      43.62463362745222
     ],
     [
      -32.59025381599047,
      43.43602343416837
     ],
     [
      -34.1181894262633,
      43.24117678732471
     ],
     [
      -35.64381487392783,
      43.04015029938174
     ],
     [
      -37.16672414860436,
      42.8330115742633
     ],
     [
      -38.686531169285644,
      42.6198386031236
     ],
     [
      -40.20287205162661,
      42.40071908558748
     ],
     [
      -41.715407006377035,
      42.17574968975116
     ],
     [
      -43.22382185522823,
      41.945035264776024
     ],
     [
      -44.72782916081714,
      41.70868802002152
     ],
     [
      -46.2271689773598,
      41.46682668437473
     ],
     [
      -47.72160923703931,
      41.219575658791776
     ],
     [
      -49.2109457946075,
      40.967064174125916
     ],
     [
      -50.6950021585307,
      40.70942546514627
     ],
     [
      -52.173628941359375,
      40.44679597031354
     ],
     [
      -53.64670306485774,
      40.17931456544323
     ],
     [
      -55.11412675688206,
      39.90712183791068
     ],
     [
      -56.57582637719189,
      39.63035940659149
     ],
     [
      -58.03175110849303,
      39.34916929132861
     ],
     [
      -59.48187154724306,
      39.06369333441008
     ],
     [
      -60.92617822630034,
      38.77407267535456
     ],
     [
      -62.364680098562516,
      38.48044727925183
     ],
     [
      -63.79740300749765,
      38.182955518002906
     ],
     [
      -65.22438816708217,
      37.88173380304848
     ],
     [
      -66.64569067025583,
      37.576916267564584
     ],
     [
      -68.06137804169617,
      37.26863449562973
     ],
     [
      -69.47152884758351,
      36.957017295519634
     ],
     [
      -70.87623137213484,
      36.64219051404858
     ],
     [
      -72.2755823680682,
      36.32427688873879
     ],
     [
      -73.66968588583927,
      36.00339593454382
     ],
     [
      -75.05865218447565,
      35.679663861867496
     ],
     [
      -76.44259672511669,
      35.35319352269072
     ],
     [
      -77.8216392469325,
      35.02409438173376
     ],
     [
      -79.19590292392678,
      34.692472509730685
     ],
     [
      -80.56551360019893,
      34.3584305960635
     ],
     [
      -81.93059910052723,
      34.022067978192666
     ],
     [
      -83.29128861260885,
      33.683480685515136
     ],
     [
      -84.6477121369282,
      33.34276149548145
     ],
     [
      -86.0,
      33.0
     ]
    ]
   },
   "properties": {
    "pair": "French\u2013Southern US",
    "cuisine_a": "French",
    "cuisine_b": "Southern US",
    "residual": 0.2043,
    "distance_km": 7306.0,
    "is_long_distance": "long-distance"
   }
  },
  {
   "type": "Feature",
   "geometry": {
    "type": "LineString",
    "coordinates": [
     [
      -8.24,
      53.41
     ],
     [
      -6.61326211850407,
      53.69861015668906
     ],
     [
      -4.978915846848577,
      53.985744798866534
     ],
     [
      -3.3365258183288136,
      54.27130663523674
     ],
     [
      -1.6856309172185913,
      54.55519075540036
     ],
     [
      -0.025743334533392837,
      54.83728398352776
     ],
     [
      1.6436522111887002,
      55.11746418449365
     ],
     [
      3.323099021814916,
      55.3955995223312
     ],
     [
      5.0131686543043905,
      55.671547672131645
     ],
     [
      6.714460741833096,
      55.945154988228
     ],
     [
      8.427602279829694,
      56.21625563376462
     ],
     [
      10.153246231360509,
      56.484670679690225
     ],
     [
      11.892069279698699,
      56.750207184956174
     ],
     [
      13.644768527376845,
      57.012657274396226
     ],
     [
      15.412056911733695,
      57.27179723655051
     ],
     [
      17.194657078858647,
      57.52738667069469
     ],
     [
      18.99329343384397,
      57.77916772062395
     ],
     [
      20.808682069569663,
      58.02686444231658
     ],
     [
      22.641518274574956,
      58.27018236332869
     ],
     [
      24.49246134029809,
      58.508808303324244
     ],
     [
      26.362116438136557,
      58.74241053692249
     ],
     [
      28.251013427755318,
      58.970639391099034
     ],
     [
      30.159582600668738,
      59.19312837832219
     ],
     [
      32.08812756704356,
      59.409495971584306
     ],
     [
      34.036795765035464,
      59.61934812616066
     ],
     [
      36.005547409941585,
      59.82228164260964
     ],
     [
      37.99412409314119,
      60.01788844342051
     ],
     [
      40.00201866114982,
      60.205760799379554
     ],
     [
      42.02844840788215,
      60.38549748969701
     ],
     [
      44.072333934786556,
      60.5567108125311
     ],
     [
      46.132286196420566,
      60.71903428264184
     ],
     [
      48.206604172746935,
      60.87213076655003
     ],
     [
      50.293285227412,
      61.01570072206556
     ],
     [
      52.39004949213698,
      61.14949014024581
     ],
     [
      54.494378584966604,
      61.27329774656113
     ],
     [
      56.60356771546037,
      61.38698101559556
     ],
     [
      58.71478890762155,
      61.49046059702014
     ],
     [
      60.82516187724278,
      61.58372284016178
     ],
     [
      62.931828232341395,
      61.66682023268211
     ],
     [
      65.03202427755777,
      61.7398697208626
     ],
     [
      67.12314786709402,
      61.80304903523938
     ],
     [
      69.20281543570664,
      61.85659128545689
     ],
     [
      71.26890641961135,
      61.900778195057484
     ],
     [
      73.3195935735267,
      61.93593240974903
     ],
     [
      75.35335899438073,
      61.96240932861245
     ],
     [
      77.36899680104187,
      61.980588881229124
     ],
     [
      79.36560427413269,
      61.990867614707284
     ],
     [
      81.34256377975841,
      61.993651375594325
     ],
     [
      83.29951799660357,
      61.98934878517811
     ],
     [
      85.2363408920315,
      61.978365623197035
     ],
     [
      87.15310662671006,
      61.961100161906785
     ],
     [
      89.05005818929315,
      61.93793943392418
     ],
     [
      90.9275771430104,
      61.909256374566056
     ],
     [
      92.78615545766816,
      61.875407751691895
     ],
     [
      94.62637003785008,
      61.83673278121606
     ],
     [
      96.44886025867993,
      61.79355232176604
     ],
     [
      98.25430858924908,
      61.74616854465164
     ],
     [
      100.04342421699907,
      61.69486498287515
     ],
     [
      101.81692947541003,
      61.63990687329303
     ],
     [
      103.57554881167975,
      61.58154171765709
     ],
     [
      105.32,
      61.52
     ]
    ]
   },
   "properties": {
    "pair": "Irish\u2013Russian",
    "cuisine_a": "Irish",
    "cuisine_b": "Russian",
    "residual": 0.1929,
    "distance_km": 5970.0,
    "is_long_distance": "long-distance"
   }
  },
  {
   "type": "Feature",
   "geometry": {
    "type": "LineString",
    "coordinates": [
     [
      -91.2,
      30.5
     ],
     [
      -89.61803622084588,
      30.864474261950154
     ],
     [
      -88.03065694170556,
      31.22638216883516
     ],
     [
      -86.43763387467544,
      31.585583245597878
     ],
     [
      -84.83873680848616,
      31.94193075047905
     ],
     [
      -83.23373442860787,
      32.29527144569376
     ],
     [
      -81.62239529535901,
      32.64544538507533
     ],
     [
      -80.00448899660769,
      32.992285724125516
     ],
     [
      -78.37978749187039,
      33.33561855872637
     ],
     [
      -76.74806666438084,
      33.67526279963624
     ],
     [
      -75.10910809689312,
      34.011030090796815
     ],
     [
      -73.46270108544368,
      34.342724780397035
     ],
     [
      -71.80864490286429,
      34.67014395454599
     ],
     [
      -70.14675132033173,
      34.99307754426093
     ],
     [
      -68.4768473904854,
      35.3113085172303
     ],
     [
      -66.79877848946518,
      35.62461316640678
     ],
     [
      -65.11241160747912,
      35.93276150785004
     ],
     [
      -63.41763886809713,
      36.23551780029227
     ],
     [
      -61.71438124535679,
      36.53264119855218
     ],
     [
      -60.00259243502587,
      36.8238865520777
     ],
     [
      -58.28226282219313,
      37.10900535845835
     ],
     [
      -56.553423472114574,
      37.38774687962233
     ],
     [
      -54.81615005547281,
      37.6598594255466
     ],
     [
      -53.07056660367094,
      37.92509180660679
     ],
     [
      -51.31684897544004,
      38.1831949511673
     ],
     [
      -49.55522790404803,
      38.43392367969611
     ],
     [
      -47.78599148605442,
      38.677038620684286
     ],
     [
      -46.00948696922377,
      38.91230824712988
     ],
     [
      -44.226121700204914,
      39.13951100555856
     ],
     [
      -42.43636310303133,
      39.35843750282481
     ],
     [
      -40.64073757817664,
      39.56889270965798
     ],
     [
      -38.8398282390758,
      39.770698134522654
     ],
     [
      -37.034271438310526,
      39.963693917303175
     ],
     [
      -35.22475207792418,
      40.14774079002551
     ],
     [
      -33.411997745674576,
      40.322721851657256
     ],
     [
      -31.59677176884655,
      40.48854410622692
     ],
     [
      -29.77986532639693,
      40.645139718177965
     ],
     [
      -27.962088805276412,
      40.79246694594332
     ],
     [
      -26.14426262441443,
      40.930510723926595
     ],
     [
      -24.32720777710736,
      41.05928287396489
     ],
     [
      -22.51173635721075,
      41.17882193933262
     ],
     [
      -20.69864233538359,
      41.28919264673733
     ],
     [
      -18.888692838599546,
      41.39048501383075
     ],
     [
      -17.082620160305467,
      41.4828131308124
     ],
     [
      -15.281114692077544,
      41.56631365413489
     ],
     [
      -13.484818923275348,
      41.64114405766518
     ],
     [
      -11.694322606354945,
      41.70748069162759
     ],
     [
      -9.910159135592036,
      41.76551670215142
     ],
     [
      -8.132803139175065,
      41.815459864350046
     ],
     [
      -6.362669241632129,
      41.85753037980019
     ],
     [
      -4.6001119173484355,
      41.891958685422395
     ],
     [
      -2.845426327741338,
      41.9189833155057
     ],
     [
      -1.0988500149559353,
      41.93884885242337
     ],
     [
      0.6394346864642229,
      41.9518039948902
     ],
     [
      2.3692976623179027,
      41.95809976581343
     ],
     [
      4.090657595649086,
      41.957987875221235
     ],
     [
      5.803478239753016,
      41.95171924767587
     ],
     [
      7.50776450760325,
      41.939542718172774
     ],
     [
      9.20355848389642,
      41.92170389590149
     ],
     [
      10.890935450461912,
      41.898444191443666
     ],
     [
      12.570000000000006,
      41.87
     ]
    ]
   },
   "properties": {
    "pair": "Cajun-Creole\u2013Italian",
    "cuisine_a": "Cajun-Creole",
    "cuisine_b": "Italian",
    "residual": 0.1875,
    "distance_km": 8815.0,
    "is_long_distance": "long-distance"
   }
  },
  {
   "type": "Feature",
   "geometry": {
    "type": "MultiLineString",
    "coordinates": [
     [
      [
       -102.55000000000001,
       23.63
      ],
      [
       -104.54598671376141,
       24.476948273549727
      ],
      [
       -106.54430822308117,
       25.323651680475006
      ],
      [
       -108.54518683961828,
       26.1700867207256
      ],
      [
       -110.54886333372667,
       27.01622790397647
      ],
      [
       -112.55559935635239,
       27.86204748366871
      ],
      [
       -114.56568020390786,
       28.707515152271693
      ],
      [
       -116.57941798637275,
       29.552597690722827
      ],
      [
       -118.59715527064776,
       30.397258563559735
      ],
      [
       -120.61926928557875,
       31.241457449478702
      ],
      [
       -122.64617679269735,
       32.08514969484506
      ],
      [
       -124.67833974839166,
       32.92828567493038
      ],
      [
       -126.71627190991506,
       33.77081004421128
      ],
      [
       -128.7605465706253,
       34.612660852741186
      ],
      [
       -130.81180565069428,
       35.4537685001503
      ],
      [
       -132.87077042022173,
       36.29405449190915
      ],
      [
       -134.93825419469246,
       37.13342995367576
      ],
      [
       -137.0151774210897,
       37.971793848262074
      ],
      [
       -139.102585670447,
       38.80903082524696
      ],
      [
       -141.20167117363735,
       39.64500861452369
      ],
      [
       -143.3137986868901,
       40.47957485076955
      ],
      [
       -145.44053665743894,
       41.31255318419369
      ],
      [
       -147.5836948830867,
       42.143738491623274
      ],
      [
       -149.74537012573697,
       42.97289094796283
      ],
      [
       -151.92800144647643,
       43.79972864734407
      ],
      [
       -154.13443736580845,
       44.623918370860665
      ],
      [
       -156.36801728152966,
       45.44506397757503
      ],
      [
       -158.63266981859857,
       46.26269174067049
      ],
      [
       -160.9330307770241,
       47.07623175478861
      ],
      [
       -163.27458276983108,
       47.884994300661546
      ],
      [
       -165.66381691632316,
       48.688139775991765
      ],
      [
       -168.10841301899467,
       49.48464051784826
      ],
      [
       -170.6174266711553,
       50.27323263380968
      ],
      [
       -173.2014566887515,
       51.052356012390945
      ],
      [
       -175.87273952097365,
       51.82008137831346
      ],
      [
       -178.6450728437101,
       52.57402531129732
      ],
      [
       -180,
       52.91986443616856
      ]
     ],
     [
      [
       180,
       52.91986443616856
      ],
      [
       178.4665967929268,
       53.3112587784748
      ],
      [
       175.44717411829674,
       54.028223710708765
      ],
      [
       172.28333008648954,
       54.720687266640795
      ],
      [
       168.9666314758898,
       55.383784365940855
      ],
      [
       165.4978816317706,
       56.01221859419228
      ],
      [
       161.8919016691629,
       56.600689221001616
      ],
      [
       158.18084362764424,
       57.14455594393051
      ],
      [
       154.41341941011206,
       57.64062786061287
      ],
      [
       150.64847223329193,
       58.08782243178287
      ],
      [
       146.9443812399698,
       58.487411016889766
      ],
      [
       143.34866770383078,
       58.842731658187994
      ],
      [
       139.8920228386154,
       59.15850799494444
      ],
      [
       136.58795963474935,
       59.440062477631535
      ],
      [
       133.43634273949812,
       59.6926688802409
      ],
      [
       130.42818937712428,
       59.921145448793496
      ],
      [
       127.54992616735709,
       60.12966979210919
      ],
      [
       124.78641272205275,
       60.32174600702609
      ],
      [
       122.12276887773189,
       60.50025509069252
      ],
      [
       119.54531516719285,
       60.66753988734543
      ],
      [
       117.04194945837136,
       60.82549641341181
      ],
      [
       114.60220424730106,
       60.975657976629506
      ],
      [
       112.21714333919927,
       61.11926705462217
      ],
      [
       109.87919126222049,
       61.257334258778755
      ],
      [
       107.58194599254276,
       61.39068561323431
      ],
      [
       105.32,
       61.52
      ]
     ]
    ]
   },
   "properties": {
    "pair": "Mexican\u2013Russian",
    "cuisine_a": "Mexican",
    "cuisine_b": "Russian",
    "residual": 0.1832,
    "distance_km": 10223.0,
    "is_long_distance": "long-distance"
   }
  },
  {
   "type": "Feature",
   "geometry": {
    "type": "LineString",
    "coordinates": [
     [
      -3.44,
      55.38000000000001
     ],
     [
      -4.846463586532355,
      54.898012826321214
     ],
     [
      -6.250990126154452,
      54.4084262161859
     ],
     [
      -7.652865496011806,
      53.91130301371068
     ],
     [
      -9.051403143294081,
      53.40672500474821
     ],
     [
      -10.445950485756146,
      52.89479188716797
     ],
     [
      -11.835894483516592,
      52.37562004929299
     ],
     [
      -13.22066628442181,
      51.84934119027207
     ],
     [
      -14.599744883844192,
      51.31610081872003
     ],
     [
      -15.972659777992881,
      50.77605666689395
     ],
     [
      -17.33899262548581,
      50.229377057089636
     ],
     [
      -18.698377963315036,
      49.67623925502343
     ],
     [
      -20.050503049202224,
      49.11682784195623
     ],
     [
      -21.395106922001403,
      48.55133313349563
     ],
     [
      -22.73197878508933,
      47.979949668669214
     ],
     [
      -24.060955824861782,
      47.40287478826738
     ],
     [
      -25.381920578138804,
      46.82030731685464
     ],
     [
      -26.694797959315302,
      46.23244635844273
     ],
     [
      -27.99955205144041,
      45.63949021176441
     ],
     [
      -29.296182756059352,
      45.04163540748827
     ],
     [
      -30.584722385547785,
      44.43907586663737
     ],
     [
      -31.86523226965148,
      43.83200217693998
     ],
     [
      -33.13779943571882,
      43.22060098184216
     ],
     [
      -34.40253341024112,
      42.60505447541997
     ],
     [
      -35.65956317820721,
      41.98553999539284
     ],
     [
      -36.909034326714114,
      41.36222970580575
     ],
     [
      -38.151106390415535,
      40.73529036065062
     ],
     [
      -39.38595040880094,
      40.10488313967896
     ],
     [
      -40.61374669897157,
      39.471163547856364
     ],
     [
      -41.83468284245396,
      38.83428137027396
     ],
     [
      -43.04895188056818,
      38.19438067481423
     ],
     [
      -44.256750709826534,
      37.55159985542864
     ],
     [
      -45.45827866665157,
      36.906071709489915
     ],
     [
      -46.653736289237735,
      36.25792354330424
     ],
     [
      -47.843324243515966,
      35.60727730048953
     ],
     [
      -49.02724239980058,
      34.95424970852751
     ],
     [
      -50.20568904669819,
      34.298952439369856
     ],
     [
      -51.378860229152245,
      33.64149228051391
     ],
     [
      -52.54694919800525,
      32.98197131345768
     ],
     [
      -53.7101459591215,
      32.32048709689342
     ],
     [
      -54.868636910872155,
      31.65713285240561
     ],
     [
      -56.02260455960225,
      30.991997650801178
     ],
     [
      -57.17222730353923,
      30.325166597522212
     ],
     [
      -58.31767927644326,
      29.65672101587291
     ],
     [
      -59.45913024311872,
      28.986738627039955
     ],
     [
      -60.59674553969316,
      28.315293726098812
     ],
     [
      -61.730686052312706,
      27.64245735338271
     ],
     [
      -62.8611082285989,
      26.968297460748147
     ],
     [
      -63.98816411685448,
      26.29287907240468
     ],
     [
      -65.11200142859649,
      25.61626444008931
     ],
     [
      -66.23276362053394,
      24.938513192460146
     ],
     [
      -67.35058999259458,
      24.259682478662384
     ],
     [
      -68.46561579904511,
      23.579827106084203
     ],
     [
      -69.57797237014383,
      22.898999672372614
     ],
     [
      -70.68778724211569,
      22.21725069182162
     ],
     [
      -71.79518429355389,
      21.534628716278803
     ],
     [
      -72.90028388662887,
      20.851180450742287
     ],
     [
      -74.00320301173055,
      20.16695086384039
     ],
     [
      -75.104055434386,
      19.481983293400685
     ],
     [
      -76.20295184348342,
      18.7963195473258
     ],
     [
      -77.3,
      18.11
     ]
    ]
   },
   "properties": {
    "pair": "British\u2013Jamaican",
    "cuisine_a": "British",
    "cuisine_b": "Jamaican",
    "residual": 0.1761,
    "distance_km": 7345.0,
    "is_long_distance": "long-distance"
   }
  },
  {
   "type": "Feature",
   "geometry": {
    "type": "LineString",
    "coordinates": [
     [
      -91.2,
      30.5
     ],
     [
      -89.83334481356292,
      30.790240519877052
     ],
     [
      -88.46286221360916,
      31.078135729429665
     ],
     [
      -87.08845556544455,
      31.363590934081323
     ],
     [
      -85.71003117861926,
      31.64650893743928
     ],
     [
      -84.32749885669143,
      31.92679005533087
     ],
     [
      -82.94077249288475,
      32.20433214524798
     ],
     [
      -81.5497707120017,
      32.47903065292385
     ],
     [
      -80.15441755834364,
      32.75077867783331
     ],
     [
      -78.75464322866242,
      33.01946705945594
     ],
     [
      -77.35038484832143,
      33.284984486166366
     ],
     [
      -75.94158728787033,
      33.54721762861195
     ],
     [
      -74.52820401613917,
      33.806051299399165
     ],
     [
      -73.11019798473598,
      34.06136864083042
     ],
     [
      -71.6875425374971,
      34.31305134230669
     ],
     [
      -70.26022233700571,
      34.56097988883139
     ],
     [
      -68.82823429878475,
      34.80503384181327
     ],
     [
      -67.39158852221466,
      35.045092153064196
     ],
     [
      -65.95030920566427,
      35.28103351251885
     ],
     [
      -64.50443553180084,
      35.51273672976554
     ],
     [
      -63.0540225076214,
      35.74008114896888
     ],
     [
      -61.599141742483376,
      35.9629470961906
     ],
     [
      -60.13988214638196,
      36.18121635747688
     ],
     [
      -58.67635052999707,
      36.39477268539001
     ],
     [
      -57.20867208769236,
      36.60350233092909
     ],
     [
      -55.73699074476455,
      36.80729459702591
     ],
     [
      -54.26146935088283,
      37.006042409036766
     ],
     [
      -52.78228970287739,
      37.199642896901096
     ],
     [
      -51.29965238187379,
      37.38799798293044
     ],
     [
      -49.81377639224114,
      37.571014968551964
     ],
     [
      -48.32489859291531,
      37.7486071127901
     ],
     [
      -46.83327291533492,
      37.92069419485456
     ],
     [
      -45.339169366412136,
      38.087203052940694
     ],
     [
      -43.84287281954923,
      38.24806809126076
     ],
     [
      -42.34468160156822,
      38.40323174743188
     ],
     [
      -40.84490588838265,
      38.55264491265805
     ],
     [
      -39.343865927129045,
      38.696267297665024
     ],
     [
      -37.8418901070962,
      38.834067738072754
     ],
     [
      -36.339312905955396,
      38.96602443380719
     ],
     [
      -34.83647274132072,
      39.092125118238734
     ],
     [
      -33.333709760400836,
      39.21236715395831
     ],
     [
      -31.831363602313644,
      39.32675755342689
     ],
     [
      -30.329771168441724,
      39.43531292411623
     ],
     [
      -28.829264435968568,
      39.5380593391545
     ],
     [
      -27.33016834846663,
      39.63503213585173
     ],
     [
      -25.832798815166406,
      39.726275645764105
     ],
     [
      -24.33746084742624,
      39.811842861121214
     ],
     [
      -22.84444685708491,
      39.891795043453016
     ],
     [
      -21.354035136984784,
      39.96620128108584
     ],
     [
      -19.866488539186776,
      40.03513800281082
     ],
     [
      -18.38205336145358,
      40.098688455454806
     ],
     [
      -16.900958447642186,
      40.15694215330142
     ],
     [
      -15.423414502892962,
      40.209994307327115
     ],
     [
      -13.949613620082335,
      40.25794524204772
     ],
     [
      -12.47972901004064,
      40.30089980743628
     ],
     [
      -11.01391492461819,
      40.33896679289728
     ],
     [
      -9.552306758867735,
      40.37225834969329
     ],
     [
      -8.095021316428618,
      40.40088942754681
     ],
     [
      -6.64215722064363,
      40.424977230409525
     ],
     [
      -5.193795452988718,
      40.44464069563181
     ],
     [
      -3.75,
      40.46
     ]
    ]
   },
   "properties": {
    "pair": "Cajun-Creole\u2013Spanish",
    "cuisine_a": "Cajun-Creole",
    "cuisine_b": "Spanish",
    "residual": 0.1684,
    "distance_km": 7671.0,
    "is_long_distance": "long-distance"
   }
  },
  {
   "type": "Feature",
   "geometry": {
    "type": "LineString",
    "coordinates": [
     [
      -91.2,
      30.5
     ],
     [
      -89.48413575915946,
      30.857875848341564
     ],
     [
      -87.76173541376319,
      31.21283225417971
     ],
     [
      -86.03247776612903,
      31.564688305147058
     ],
     [
      -84.2960362272656,
      31.913253631160647
     ],
     [
      -82.55207991473283,
      32.25832795259855
     ],
     [
      -80.8002750310088,
      32.59970064734736
     ],
     [
      -79.04028656042624,
      32.9371503466967
     ],
     [
      -77.27178032468724,
      33.270444571982964
     ],
     [
      -75.49442543802874,
      33.599339426005244
     ],
     [
      -73.70789720291546,
      33.92357935552483
     ],
     [
      -71.91188048522812,
      34.242897003575045
     ],
     [
      -70.10607360376557,
      34.5570131727779
     ],
     [
      -68.29019276189521,
      34.8656369232923
     ],
     [
      -66.46397703873672,
      35.16846583126761
     ],
     [
      -64.62719394270668,
      35.465186435572626
     ],
     [
      -62.77964551100491,
      35.75547490189166
     ],
     [
      -60.9211749142339,
      36.03899793376532
     ],
     [
      -59.05167349560135,
      36.31541395950081
     ],
     [
      -57.171088139215335,
      36.584374621756126
     ],
     [
      -55.27942882250795,
      36.84552659267886
     ],
     [
      -53.37677616513075,
      37.09851373143885
     ],
     [
      -51.46328874284518,
      37.34297959258407
     ],
     [
      -49.53920989292052,
      37.57857028273047
     ],
     [
      -47.6048737011147,
      37.80493764969913
     ],
     [
      -45.66070983390188,
      38.021742772588695
     ],
     [
      -43.70724686805814,
      38.22865970394206
     ],
     [
      -41.745113777766264,
      38.425379396959094
     ],
     [
      -39.775039271074874,
      38.611613732740516
     ],
     [
      -37.79784872540995,
      38.78709954619601
     ],
     [
      -35.8144585562652,
      38.95160253603952
     ],
     [
      -33.82586796177693,
      39.10492093576604
     ],
     [
      -31.833148113105196,
      39.246888820028765
     ],
     [
      -29.837428997895742,
      39.37737892541688
     ],
     [
      -27.839884260723387,
      39.49630487672694
     ],
     [
      -25.841714508198102,
      39.603622729199174
     ],
     [
      -23.84412964545908,
      39.699331762891774
     ],
     [
      -21.848330875033962,
      39.78347449574984
     ],
     [
      -19.855493011749875,
      39.85613591481554
     ],
     [
      -17.866747746120033,
      39.9174419579578
     ],
     [
      -15.88316842567139,
      39.96755730900399
     ],
     [
      -13.905756825642268,
      40.00668259504287
     ],
     [
      -11.935432257335671,
      40.03505109427606
     ],
     [
      -9.973023226015691,
      40.05292507513748
     ],
     [
      -8.019261712722166,
      40.060591892227414
     ],
     [
      -6.074780026673036,
      40.05835996235247
     ],
     [
      -4.140110065621055,
      40.04655473561579
     ],
     [
      -2.215684736244872,
      40.02551476342175
     ],
     [
      -0.3018412279019643,
      39.99558794898701
     ],
     [
      1.6011741994417126,
      39.95712804801395
     ],
     [
      3.4932002610668134,
      39.91049146896308
     ],
     [
      5.374153864125297,
      39.8560344049883
     ],
     [
      7.244022806023812,
      39.79411031390705
     ],
     [
      9.102858229375187,
      39.725067749100205
     ],
     [
      10.950767066437937,
      39.64924853323441
     ],
     [
      12.787904662150808,
      39.56698625820757
     ],
     [
      14.614467722102585,
      39.47860508860201
     ],
     [
      16.430687692170018,
      39.38441884194021
     ],
     [
      18.236824641453616,
      39.284730316863346
     ],
     [
      20.033161690220545,
      39.17983083965688
     ],
     [
      21.820000000000007,
      39.07
     ]
    ]
   },
   "properties": {
    "pair": "Cajun-Creole\u2013Greek",
    "cuisine_a": "Cajun-Creole",
    "cuisine_b": "Greek",
    "residual": 0.1624,
    "distance_km": 9636.0,
    "is_long_distance": "long-distance"
   }
  },
  {
   "type": "Feature",
   "geometry": {
    "type": "LineString",
    "coordinates": [
     [
      -3.44,
      55.38000000000001
     ],
     [
      -1.8599887801874737,
      55.62654996800754
     ],
     [
      -0.2721087035148829,
      55.871471291627444
     ],
     [
      1.3240504442531302,
      56.114661856914616
     ],
     [
      2.9289184535135004,
      56.35601216779402
     ],
     [
      4.542944643475468,
      56.5954048103592
     ],
     [
      6.166597526223766,
      56.83271389322478
     ],
     [
      7.800364109643951,
      57.0678044677403
     ],
     [
      9.444748754274134,
      57.30053193357374
     ],
     [
      11.10027148576842,
      57.530741437276276
     ],
     [
      12.767465650647132,
      57.758267274006606
     ],
     [
      14.446874788965061,
      57.98293230567796
     ],
     [
      16.139048584360626,
      58.204547412439716
     ],
     [
      17.844537740961307,
      58.422910998642536
     ],
     [
      19.563887629606516,
      58.63780857925195
     ],
     [
      21.297630545166374,
      58.84901247800896
     ],
     [
      23.04627642536374,
      59.05628167434979
     ],
     [
      24.810301903040756,
      59.2593618419556
     ],
     [
      26.59013760235886,
      59.45798562743546
     ],
     [
      28.386153649348476,
      59.65187322253115
     ],
     [
      30.198643452699997,
      59.840733286663806
     ],
     [
      32.02780592495776,
      60.024264277734645
     ],
     [
      33.873726458662524,
      60.20215624679291
     ],
     [
      35.73635714460276,
      60.374093145342655
     ],
     [
      37.61549691366909,
      60.539755681534785
     ],
     [
      39.5107724873797,
      60.698824742329606
     ],
     [
      41.42162121563012,
      60.8509853723877
     ],
     [
      43.347277037538504,
      60.99593126712785
     ],
     [
      45.28676089118284,
      61.13336969823053
     ],
     [
      47.23887688773664,
      61.26302674721136
     ],
     [
      49.2022154261314,
      61.38465268014147
     ],
     [
      51.17516413799808,
      61.49802725883423
     ],
     [
      53.155927119525664,
      61.60296475614618
     ],
     [
      55.14255235091251,
      61.69931843061334
     ],
     [
      57.13296657437024,
      61.78698422252651
     ],
     [
      59.12501626847469,
      61.8659034617603
     ],
     [
      61.116512801627486,
      61.936064426450855
     ],
     [
      63.105279448967394,
      61.99750265718198
     ],
     [
      65.08919777494167,
      62.050300007223626
     ],
     [
      67.06625094605027,
      62.094582487392685
     ],
     [
      69.03456183532512,
      62.13051703572347
     ],
     [
      70.99242426658041,
      62.15830739988263
     ],
     [
      72.93832635131837,
      62.17818935894496
     ],
     [
      74.87096551238609,
      62.1904255284975
     ],
     [
      76.78925538858525,
      62.195299989774426
     ],
     [
      78.69232531296313,
      62.193112962800996
     ],
     [
      80.57951341796318,
      62.18417571008876
     ],
     [
      82.45035463151817,
      62.16880581661036
     ],
     [
      84.30456489928099,
      62.147322948655706
     ],
     [
      86.14202292388003,
      62.12004515290951
     ],
     [
      87.96275058403124,
      62.08728572066284
     ],
     [
      89.76689301712318,
      62.04935061220619
     ],
     [
      91.554699147461,
      62.00653641377035
     ],
     [
      93.32650324147004,
      61.95912878366932
     ],
     [
      95.08270788663344,
      61.90740133477897
     ],
     [
      96.82376863208472,
      61.85161489608344
     ],
     [
      98.55018039959153,
      61.79201709557394
     ],
     [
      100.2624656742462,
      61.728842209179575
     ],
     [
      101.96116441208372,
      61.66231122467445
     ],
     [
      103.64682555325956,
      61.592632074844644
     ],
     [
      105.32,
      61.52
     ]
    ]
   },
   "properties": {
    "pair": "British\u2013Russian",
    "cuisine_a": "British",
    "cuisine_b": "Russian",
    "residual": 0.1536,
    "distance_km": 5614.0,
    "is_long_distance": "long-distance"
   }
  },
  {
   "type": "Feature",
   "geometry": {
    "type": "LineString",
    "coordinates": [
     [
      -8.24,
      53.41
     ],
     [
      -9.541213940083352,
      52.939751675669235
     ],
     [
      -10.839796049405093,
      52.46312363630002
     ],
     [
      -12.135264540570352,
      51.980190412074066
     ],
     [
      -13.42716295892617,
      51.49103837130599
     ],
     [
      -14.715063112521932,
      50.99576488048262
     ],
     [
      -15.998567480297385,
      50.49447738851798
     ],
     [
      -17.27731108144458,
      49.987292454169896
     ],
     [
      -18.55096280508944,
      49.47433473558469
     ],
     [
      -19.819226214244978,
      48.955735960361594
     ],
     [
      -21.081839850863993,
      48.4316338934394
     ],
     [
      -22.33857707939884,
      47.902171318603024
     ],
     [
      -23.58924551436933,
      47.36749504759377
     ],
     [
      -24.83368608301798,
      46.82775496879056
     ],
     [
      -26.071771777303873,
      46.28310314531423
     ],
     [
      -27.3034061504708,
      45.733692970283016
     ],
     [
      -28.52852161251542,
      45.17967838489271
     ],
     [
      -29.747077576415975,
      44.62121316307148
     ],
     [
      -30.95905850331424,
      44.05845026471249
     ],
     [
      -32.16447189032003,
      43.491541257946906
     ],
     [
      -33.36334623954684,
      42.9206358096017
     ],
     [
      -34.555729041671434,
      42.34588124189503
     ],
     [
      -35.741684801974614,
      41.76742215255023
     ],
     [
      -36.92129313165379,
      41.18540009484542
     ],
     [
      -38.09464692234078,
      40.59995331364031
     ],
     [
      -39.261850617310955,
      40.011216533113455
     ],
     [
      -40.423018588890706,
      39.41932079177972
     ],
     [
      -41.57827362809051,
      38.82439332031461
     ],
     [
      -42.7277455495133,
      38.22655745776805
     ],
     [
      -43.871569912096305,
      37.62593260188388
     ],
     [
      -45.00988685421075,
      37.0226341894342
     ],
     [
      -46.14284004002742,
      36.41677370271249
     ],
     [
      -47.270575712813915,
      35.80845869859356
     ],
     [
      -48.3932418499152,
      35.197792856848004
     ],
     [
      -49.510987413535474,
      34.58487604468577
     ],
     [
      -50.623961691044464,
      33.96980439478936
     ],
     [
      -51.732313718331135,
      33.35267039437592
     ],
     [
      -52.83619177968789,
      32.73356298309516
     ],
     [
      -53.93574297779332,
      32.11256765782299
     ],
     [
      -55.031112867544174,
      31.489766582647185
     ],
     [
      -56.12244514774126,
      30.86523870256012
     ],
     [
      -57.20988140494003,
      30.239059859573892
     ],
     [
      -58.29356090411597,
      29.611302910155366
     ],
     [
      -59.37362042115436,
      28.9820378430429
     ],
     [
      -60.45019411254191,
      28.351331896653853
     ],
     [
      -61.523413418005376,
      27.719249675423185
     ],
     [
      -62.59340699220209,
      27.085853264529387
     ],
     [
      -63.66030066191611,
      26.451202342566436
     ],
     [
      -64.724217405545,
      25.81535429180978
     ],
     [
      -65.78527735197655,
      25.178364305802518
     ],
     [
      -66.84359779624845,
      24.54028549405516
     ],
     [
      -67.89929322965709,
      23.901168983710882
     ],
     [
      -68.95247538223481,
      23.261064018077676
     ],
     [
      -70.00325327574598,
      22.620018051971506
     ],
     [
      -71.05173328556593,
      21.978076843850282
     ],
     [
      -72.09801920999855,
      21.335284544748827
     ],
     [
      -73.14221234576496,
      20.691683784049943
     ],
     [
      -74.18441156855295,
      20.047315752147817
     ],
     [
      -75.2247134176606,
      19.40222028007669
     ],
     [
      -76.26321218389465,
      18.756435916191734
     ],
     [
      -77.3,
      18.11
     ]
    ]
   },
   "properties": {
    "pair": "Irish\u2013Jamaican",
    "cuisine_a": "Irish",
    "cuisine_b": "Jamaican",
    "residual": 0.1524,
    "distance_km": 7019.0,
    "is_long_distance": "long-distance"
   }
  },
  {
   "type": "Feature",
   "geometry": {
    "type": "LineString",
    "coordinates": [
     [
      -91.2,
      30.5
     ],
     [
      -90.9620991157233,
      30.296442421864864
     ],
     [
      -90.72445291647018,
      30.092760175677654
     ],
     [
      -90.48705905358287,
      29.888954724363288
     ],
     [
      -90.24991518367706,
      29.68502751725802
     ],
     [
      -90.01301896893467,
      29.480979990230946
     ],
     [
      -89.7763680773836,
      29.276813565806346
     ],
     [
      -89.5399601831646,
      29.07252965328689
     ],
     [
      -89.303792966786,
      28.868129648877435
     ],
     [
      -89.06786411536628,
      28.663614935809573
     ],
     [
      -88.8321713228647,
      28.458986884466647
     ],
     [
      -88.5967122903009,
      28.254246852509297
     ],
     [
      -88.36148472596294,
      28.04939618500142
     ],
     [
      -88.12648634560485,
      27.84443621453648
     ],
     [
      -87.8917148726333,
      27.639368261364133
     ],
     [
      -87.65716803828434,
      27.434193633517047
     ],
     [
      -87.42284358179,
      27.228913626937935
     ],
     [
      -87.18873925053504,
      27.023529525606712
     ],
     [
      -86.95485280020468,
      26.818042601667674
     ],
     [
      -86.72118199492274,
      26.61245411555678
     ],
     [
      -86.48772460738124,
      26.406765316128826
     ],
     [
      -86.25447841896103,
      26.200977440784598
     ],
     [
      -86.02144121984429,
      25.995091715597884
     ],
     [
      -85.7886108091188,
      25.789109355442324
     ],
     [
      -85.5559849948742,
      25.583031564118112
     ],
     [
      -85.32356159429077,
      25.37685953447837
     ],
     [
      -85.0913384337206,
      25.170594448555352
     ],
     [
      -84.85931334876167,
      24.96423747768625
     ],
     [
      -84.62748418432483,
      24.75778978263874
     ],
     [
      -84.39584879469403,
      24.551252513736102
     ],
     [
      -84.16440504358005,
      24.344626810981982
     ],
     [
      -83.93315080416777,
      24.137913804184684
     ],
     [
      -83.70208395915725,
      23.931114613081057
     ],
     [
      -83.471202400799,
      23.72423034745986
     ],
     [
      -83.24050403092329,
      23.517262107284672
     ],
     [
      -83.00998676096383,
      23.31021098281626
     ],
     [
      -82.7796485119763,
      23.103078054734368
     ],
     [
      -82.54948721465139,
      22.895864394259025
     ],
     [
      -82.3195008093228,
      22.688571063271173
     ],
     [
      -82.0896872459704,
      22.481199114432805
     ],
     [
      -81.86004448421865,
      22.273749591306395
     ],
     [
      -81.63057049333042,
      22.066223528473778
     ],
     [
      -81.40126325219634,
      21.85862195165432
     ],
     [
      -81.17212074931996,
      21.650945877822497
     ],
     [
      -80.94314098279865,
      21.44319631532477
     ],
     [
      -80.71432196030071,
      21.235374263995798
     ],
     [
      -80.48566169903835,
      21.027480715273974
     ],
     [
      -80.25715822573727,
      20.819516652316253
     ],
     [
      -80.0288095766024,
      20.611483050112284
     ],
     [
      -79.80061379728029,
      20.40338087559784
     ],
     [
      -79.57256894281818,
      20.195211087767543
     ],
     [
      -79.34467307761979,
      19.986974637786833
     ],
     [
      -79.11692427539809,
      19.778672469103256
     ],
     [
      -78.88932061912496,
      19.570305517556992
     ],
     [
      -78.66186020097814,
      19.361874711490668
     ],
     [
      -78.43454112228531,
      19.153380971858454
     ],
     [
      -78.20736149346544,
      18.944825212334365
     ],
     [
      -77.98031943396772,
      18.73620833941989
     ],
     [
      -77.75341307220793,
      18.527531252550844
     ],
     [
      -77.52664054550246,
      18.318794844203506
     ],
     [
      -77.3,
      18.11
     ]
    ]
   },
   "properties": {
    "pair": "Cajun-Creole\u2013Jamaican",
    "cuisine_a": "Cajun-Creole",
    "cuisine_b": "Jamaican",
    "residual": 0.1384,
    "distance_km": 1967.0,
    "is_long_distance": "regional"
   }
  },
  {
   "type": "Feature",
   "geometry": {
    "type": "MultiLineString",
    "coordinates": [
     [
      [
       121.77000000000001,
       12.88
      ],
      [
       124.10704559847969,
       13.4542532715407
      ],
      [
       126.45029956359588,
       14.026632681921539
      ],
      [
       128.80077026249444,
       14.596825127108445
      ],
      [
       131.15952970968402,
       15.164493983044132
      ],
      [
       133.5277234643688,
       15.729274940500847
      ],
      [
       135.9065812067262,
       16.290771327075756
      ],
      [
       138.29742799083962,
       16.848548829209093
      ],
      [
       140.7016961178649,
       17.402129518841395
      ],
      [
       143.12093749244232,
       17.95098508208662
      ],
      [
       145.5568362078623,
       18.494529142576468
      ],
      [
       148.01122093720466,
       19.0321085722482
      ],
      [
       150.48607647078717,
       19.562993690812434
      ],
      [
       152.983553412749,
       20.086367277122385
      ],
      [
       155.50597460568494,
       20.601312358607018
      ],
      [
       158.0558362646236,
       21.106798819204066
      ],
      [
       160.63580104670766,
       21.60166898580573
      ],
      [
       163.2486793514163,
       22.084622536030043
      ],
      [
       165.89739406214323,
       22.55420133755647
      ],
      [
       168.58492279186441,
       23.00877520397211
      ],
      [
       171.31421068206953,
       23.44653005251685
      ],
      [
       174.08804629234825,
       23.8654605788288
      ],
      [
       176.90889370213552,
       24.26337029334379
      ],
      [
       179.77867646927706,
       24.63788250475875
      ],
      [
       180,
       24.664305141225192
      ]
     ],
     [
      [
       -180,
       24.664305141225192
      ],
      [
       -177.30148543810373,
       24.986466409100707
      ],
      [
       -174.3315753118813,
       25.306482555921235
      ],
      [
       -171.31299223100666,
       25.595251219371157
      ],
      [
       -168.24883677179426,
       25.850145181393504
      ],
      [
       -165.14411552428697,
       26.06870487827391
      ],
      [
       -162.00580291895352,
       26.24876894931413
      ],
      [
       -158.84270664341787,
       26.38860783324855
      ],
      [
       -155.66511021538201,
       26.487043782553272
      ],
      [
       -152.48421055584683,
       26.543539404868703
      ],
      [
       -149.31141790578488,
       26.558239924358
      ],
      [
       -146.1576224453117,
       26.53196164536184
      ],
      [
       -143.0325413333632,
       26.466128698512403
      ],
      [
       -139.94423754495358,
       26.362669097859293
      ],
      [
       -136.89885736215004,
       26.223886782863215
      ],
      [
       -133.90058411688514,
       26.052327480868364
      ],
      [
       -130.95176778494715,
       25.850653471691377
      ],
      [
       -128.05317119296333,
       25.621537357829514
      ],
      [
       -125.20427294643599,
       25.367579596748037
      ],
      [
       -122.40357841157822,
       25.091250150729646
      ],
      [
       -119.64890594819593,
       24.79485171353496
      ],
      [
       -116.93763072863051,
       24.48050053899203
      ],
      [
       -114.26688015952914,
       24.150120568044898
      ],
      [
       -111.63368252889262,
       23.80544690159907
      ],
      [
       -109.03507460051314,
       23.448035339333003
      ],
      [
       -106.46817546370872,
       23.079275456558445
      ],
      [
       -103.93023397813693,
       22.70040538524527
      ],
      [
       -101.41865637126037,
       22.312527041543433
      ],
      [
       -98.93101944197132,
       21.916620987786782
      ],
      [
       -96.46507368625562,
       21.513560443630727
      ],
      [
       -94.01873963505176,
       21.104124189840597
      ],
      [
       -91.59009983716987,
       20.689008261874616
      ],
      [
       -89.17738823824313,
       20.26883642886711
      ],
      [
       -86.77897818310099,
       19.844169513156658
      ],
      [
       -84.39336987759371,
       19.415513638502812
      ],
      [
       -82.01917785966418,
       18.983327510640414
      ],
      [
       -79.65511882403527,
       18.548028838232035
      ],
      [
       -77.30000000000001,
       18.11
      ]
     ]
    ]
   },
   "properties": {
    "pair": "Filipino\u2013Jamaican",
    "cuisine_a": "Filipino",
    "cuisine_b": "Jamaican",
    "residual": 0.1288,
    "distance_km": 15984.0,
    "is_long_distance": "long-distance"
   }
  },
  {
   "type": "Feature",
   "geometry": {
    "type": "LineString",
    "coordinates": [
     [
      21.82,
      39.07
     ],
     [
      19.854693249068454,
      39.138765984140946
     ],
     [
      17.876690777287394,
      39.20154996135404
     ],
     [
      15.885440755928904,
      39.25793891709294
     ],
     [
      13.880409946307234,
      39.307496503594905
     ],
     [
      11.861093294843686,
      39.34976295848345
     ],
     [
      9.827025130450636,
      39.38425540917974
     ],
     [
      7.777792015817033,
      39.41046865176149
     ],
     [
      5.713047236829944,
      39.42787649990299
     ],
     [
      3.632526822376665,
      39.43593380325059
     ],
     [
      1.5360668681316467,
      39.434079233401555
     ],
     [
      -0.5763782070807084,
      39.42173892770643
     ],
     [
      -2.7047170113918084,
      39.39833106447834
     ],
     [
      -4.848702857323298,
      39.36327141610251
     ],
     [
      -7.007916669282479,
      39.31597988773319
     ],
     [
      -9.181752185600203,
      39.255887998405186
     ],
     [
      -11.369404635673648,
      39.18244719952101
     ],
     [
      -13.569864114463181,
      39.09513785565018
     ],
     [
      -15.781914815891147,
      38.993478639282934
     ],
     [
      -18.004141101804635,
      38.877036021483384
     ],
     [
      -20.234941064788373,
      38.74543348263806
     ],
     [
      -22.472547800183552,
      38.59836003055256
     ],
     [
      -24.715058065823687,
      38.43557760499395
     ],
     [
      -26.96046742902007,
      38.2569269739235
     ],
     [
      -29.206710446545454,
      38.062331788717614
     ],
     [
      -31.451703967317073,
      37.851800560417395
     ],
     [
      -33.693391353706865,
      37.625426438398975
     ],
     [
      -35.92978532946964,
      37.38338480483336
     ],
     [
      -38.1590072934972,
      37.1259288288464
     ],
     [
      -40.37932126915055,
      36.85338323957558
     ],
     [
      -42.58916114013133,
      36.56613666602474
     ],
     [
      -44.78715038849026,
      36.264632946587064
     ],
     [
      -46.97211412593525,
      35.94936183012366
     ],
     [
      -49.14308373117889,
      35.62084947603015
     ],
     [
      -51.299294825824354,
      35.27964911893184
     ],
     [
      -53.44017961303268,
      34.92633220279866
     ],
     [
      -55.56535476203245,
      34.56148021822386
     ],
     [
      -57.674606059730635,
      34.18567740347964
     ],
     [
      -59.76787099178699,
      33.79950440124526
     ],
     [
      -61.84522028806083,
      33.40353290307306
     ],
     [
      -63.906839299673074,
      32.99832126517482
     ],
     [
      -65.95300989164363,
      32.58441104271109
     ],
     [
      -67.98409335514623,
      32.16232436488863
     ],
     [
      -70.00051467980305,
      31.732562058422875
     ],
     [
      -72.00274838653026,
      31.295602420481014
     ],
     [
      -73.99130600820251,
      30.85190054215863
     ],
     [
      -75.9667252185554,
      30.40188808804089
     ],
     [
      -77.92956054695694,
      29.945973444876714
     ],
     [
      -79.88037557450353,
      29.484542161566555
     ],
     [
      -81.81973648149517,
      29.017957612543494
     ],
     [
      -83.74820680396877,
      28.54656182650139
     ],
     [
      -85.66634325423418,
      28.07067643181199
     ],
     [
      -87.57469246440101,
      27.590603678580482
     ],
     [
      -89.47378852037488,
      27.10662750496261
     ],
     [
      -91.36415116494291,
      26.619014622053264
     ],
     [
      -93.24628456100668,
      26.128015597374237
     ],
     [
      -95.12067651879879,
      25.6338659217965
     ],
     [
      -96.98779810337652,
      25.13678704871699
     ],
     [
      -98.84810355040744,
      24.63698739756574
     ],
     [
      -100.70203042900249,
      24.134663316345907
     ],
     [
      -102.55000000000001,
      23.63
     ]
    ]
   },
   "properties": {
    "pair": "Greek\u2013Mexican",
    "cuisine_a": "Greek",
    "cuisine_b": "Mexican",
    "residual": 0.1257,
    "distance_km": 10960.0,
    "is_long_distance": "long-distance"
   }
  },
  {
   "type": "Feature",
   "geometry": {
    "type": "LineString",
    "coordinates": [
     [
      104.2,
      35.86
     ],
     [
      104.27174911791676,
      35.4969495467454
     ],
     [
      104.34331195172658,
      35.133885012000654
     ],
     [
      104.41469259307354,
      34.77080670717682
     ],
     [
      104.48589503449523,
      34.40771493605416
     ],
     [
      104.55692317263109,
      34.044609995032204
     ],
     [
      104.6277808113125,
      33.681492173370366
     ],
     [
      104.6984716645394,
      33.318361753419765
     ],
     [
      104.76899935934844,
      32.95521901084624
     ],
     [
      104.83936743857758,
      32.592064214845365
     ],
     [
      104.90957936353094,
      32.228897628349465
     ],
     [
      104.97963851654866,
      31.865719508227258
     ],
     [
      105.04954820348546,
      31.502530105476225
     ],
     [
      105.11931165610194,
      31.139329665408088
     ],
     [
      105.18893203437193,
      30.776118427827775
     ],
     [
      105.25841242870966,
      30.412896627206
     ],
     [
      105.32775586212007,
      30.049664492845793
     ],
     [
      105.39696529227507,
      29.6864222490433
     ],
     [
      105.46604361351913,
      29.323170115242963
     ],
     [
      105.53499365880702,
      28.95990830618738
     ],
     [
      105.60381820157627,
      28.596637032062077
     ],
     [
      105.67251995755707,
      28.233356498635377
     ],
     [
      105.74110158652216,
      27.87006690739355
     ],
     [
      105.8095656939792,
      27.506768455671473
     ],
     [
      105.87791483280758,
      27.143461336778934
     ],
     [
      105.94615150484219,
      26.780145740122826
     ],
     [
      106.01427816240614,
      26.416821851325302
     ],
     [
      106.0822972097945,
      26.053489852338124
     ],
     [
      106.15021100471066,
      25.69014992155336
     ],
     [
      106.21802185965764,
      25.326802233910485
     ],
     [
      106.28573204328583,
      24.963446961000155
     ],
     [
      106.35334378169875,
      24.60008427116466
     ],
     [
      106.42085925971868,
      24.23671432959532
     ],
     [
      106.48828062211368,
      23.873337298426744
     ],
     [
      106.55560997478725,
      23.509953336828374
     ],
     [
      106.62284938593226,
      23.146562601093052
     ],
     [
      106.6900008871506,
      22.783165244723072
     ],
     [
      106.75706647453958,
      22.41976141851356
     ],
     [
      106.8240481097464,
      22.05635127063342
     ],
     [
      106.89094772099229,
      21.6929349467039
     ],
     [
      106.95776720406687,
      21.329512589874856
     ],
     [
      107.02450842329432,
      20.966084340898824
     ],
     [
      107.09117321247209,
      20.602650338202984
     ],
     [
      107.1577633757834,
      20.239210717959057
     ],
     [
      107.22428068868464,
      19.875765614151277
     ],
     [
      107.29072689876797,
      19.51231515864245
     ],
     [
      107.35710372660103,
      19.14885948123824
     ],
     [
      107.42341286654366,
      18.785398709749625
     ],
     [
      107.48965598754317,
      18.42193297005378
     ],
     [
      107.55583473390863,
      18.05846238615326
     ],
     [
      107.621950726065,
      17.69498708023368
     ],
     [
      107.68800556128801,
      17.331507172719864
     ],
     [
      107.75400081442025,
      16.96802278233056
     ],
     [
      107.81993803856962,
      16.60453402613181
     ],
     [
      107.88581876579008,
      16.241041019588916
     ],
     [
      107.95164450774631,
      15.877543876617198
     ],
     [
      108.01741675636195,
      15.51404270963145
     ],
     [
      108.08313698445276,
      15.150537629594279
     ],
     [
      108.14880664634485,
      14.78702874606325
     ],
     [
      108.2144271784788,
      14.423516167236945
     ],
     [
      108.28,
      14.060000000000002
     ]
    ]
   },
   "properties": {
    "pair": "Chinese\u2013Vietnamese",
    "cuisine_a": "Chinese",
    "cuisine_b": "Vietnamese",
    "residual": 0.1249,
    "distance_km": 2458.0,
    "is_long_distance": "regional"
   }
  },
  {
   "type": "Feature",
   "geometry": {
    "type": "MultiLineString",
    "coordinates": [
     [
      [
       105.32,
       61.52
      ],
      [
       107.55708026911873,
       61.51270036958756
      ],
      [
       109.80702688123776,
       61.50488603518121
      ],
      [
       112.07204203034217,
       61.49646793005058
      ],
      [
       114.35485015407984,
       61.48733553516401
      ],
      [
       116.65886006110117,
       61.477350076370406
      ],
      [
       118.98839015275014,
       61.4663349961192
      ],
      [
       121.34898659180175,
       61.45406235747612
      ],
      [
       123.74788099266841,
       61.440233042561715
      ],
      [
       126.1946617054253,
       61.42444725444466
      ],
      [
       128.70227870436977,
       61.40615946780822
      ],
      [
       131.28857963980934,
       61.38460772920398
      ],
      [
       133.97870524967982,
       61.35869937921649
      ],
      [
       136.80888545202427,
       61.32682050068634
      ],
      [
       139.8324865859374,
       61.28650824314087
      ],
      [
       143.12942543708505,
       61.23387264631262
      ],
      [
       146.81937752915013,
       61.16256743091759
      ],
      [
       151.07359614922353,
       61.06202910894832
      ],
      [
       156.09713071565875,
       60.914981680369486
      ],
      [
       162.00071696783985,
       60.69618135221354
      ],
      [
       168.51515577804423,
       60.37910668461757
      ],
      [
       174.9193790481337,
       59.95402766728495
      ],
      [
       180,
       59.49057132035369
      ]
     ],
     [
      [
       -180,
       59.49057132035369
      ],
      [
       -179.414789752402,
       59.43718819925333
      ],
      [
       -174.62262921502736,
       58.85620771542975
      ],
      [
       -170.5440438624424,
       58.23429328473968
      ],
      [
       -166.97726754491637,
       57.586615633140944
      ],
      [
       -163.7656946236269,
       56.922348600948844
      ],
      [
       -160.80207078520084,
       56.24702156482262
      ],
      [
       -158.01497303276273,
       55.56405206803261
      ],
      [
       -155.3565366939111,
       54.875624572345586
      ],
      [
       -152.7940789532686,
       54.18318387452621
      ],
      [
       -150.30477711135805,
       53.48771646111685
      ],
      [
       -147.8723290339611,
       52.78991548265674
      ],
      [
       -145.4848379043475,
       52.0902805527067
      ],
      [
       -143.13344862191107,
       51.38918000704123
      ],
      [
       -140.8114505858209,
       50.68689088344364
      ],
      [
       -138.5136749017158,
       49.983625286667305
      ],
      [
       -136.23608113682798,
       49.27954820125581
      ],
      [
       -133.97546857143516,
       48.57478979376267
      ],
      [
       -131.72927082711962,
       47.869454080195304
      ],
      [
       -129.49540737620094,
       47.16362514412432
      ],
      [
       -127.27217453660626,
       46.457371671673215
      ],
      [
       -125.05816432446531,
       45.75075030901999
      ],
      [
       -122.85220325945932,
       45.04380818251667
      ],
      [
       -120.6533056626767,
       44.33658481425568
      ],
      [
       -118.46063761883458,
       43.62911359508028
      ],
      [
       -116.27348888139532,
       42.92142292945589
      ],
      [
       -114.09125076055149,
       42.21353713414246
      ],
      [
       -111.91339856520888,
       41.50547715010999
      ],
      [
       -109.73947754542046,
       40.79726111133728
      ],
      [
       -107.56909155015903,
       40.088904802891435
      ],
      [
       -105.40189380950075,
       39.38042203259084
      ],
      [
       -103.23757939226692,
       38.67182493465978
      ],
      [
       -101.07587899502792,
       37.9631242194461
      ],
      [
       -98.91655379654559,
       37.25432938004988
      ],
      [
       -96.75939117053649,
       36.545448864294045
      ],
      [
       -94.6042010942461,
       35.83649021863904
      ],
      [
       -92.45081312443374,
       35.127460209248355
      ],
      [
       -90.29907383864605,
       34.41836492433965
      ],
      [
       -88.148844660047,
       33.709209861125444
      ],
      [
       -86.0,
       33.0
      ]
     ]
    ]
   },
   "properties": {
    "pair": "Russian\u2013Southern US",
    "cuisine_a": "Russian",
    "cuisine_b": "Southern US",
    "residual": 0.1217,
    "distance_km": 9455.0,
    "is_long_distance": "long-distance"
   }
  },
  {
   "type": "Feature",
   "geometry": {
    "type": "LineString",
    "coordinates": [
     [
      -102.55,
      23.63
     ],
     [
      -101.03217935980871,
      24.058797453316036
     ],
     [
      -99.51041919953978,
      24.48545809508787
     ],
     [
      -97.98454484447358,
      24.90986440465945
     ],
     [
      -96.45438084427258,
      25.331894673554245
     ],
     [
      -94.91975140715594,
      25.751422852173015
     ],
     [
      -93.38048091222515,
      26.168318406230174
     ],
     [
      -91.83639450719758,
      26.58244618554138
     ],
     [
      -90.28731879892223,
      26.993666308131218
     ],
     [
      -88.73308264402542,
      27.401834063007342
     ],
     [
      -87.17351804682423,
      27.806799835341806
     ],
     [
      -85.60846117120887,
      28.208409058204914
     ],
     [
      -84.03775347248093,
      28.606502195403813
     ],
     [
      -82.46124295409163,
      29.00091476037529
     ],
     [
      -80.87878555279607,
      29.39147737645642
     ],
     [
      -79.29024665387033,
      29.77801588419014
     ],
     [
      -77.6955027356763,
      30.16035150159465
     ],
     [
      -76.0944431399553,
      30.5383010435121
     ],
     [
      -74.48697196075402,
      30.911677206224546
     ],
     [
      -72.8730100408132,
      31.280288923454464
     ],
     [
      -71.25249705959081,
      31.64394179961868
     ],
     [
      -69.6253936918828,
      32.002438625746
     ],
     [
      -67.9916838103239,
      32.35557998276478
     ],
     [
      -66.35137669902385,
      32.703164935887465
     ],
     [
      -64.70450923939765,
      33.04499182253807
     ],
     [
      -63.05114802311833,
      33.3808591346677
     ],
     [
      -61.391391341350044,
      33.71056649437699
     ],
     [
      -59.72537099435846,
      34.0339157195209
     ],
     [
      -58.053253861633074,
      34.35071197343908
     ],
     [
      -56.3752431702175,
      34.66076499018235
     ],
     [
      -54.691579398446976,
      34.96389036366582
     ],
     [
      -53.00254075413807,
      35.259910886169216
     ],
     [
      -51.308443170791136,
      35.54865791864425
     ],
     [
      -49.60963977277906,
      35.829972772517344
     ],
     [
      -47.90651977088633,
      36.10370808024722
     ],
     [
      -46.19950676283135,
      36.36972912996846
     ],
     [
      -44.489056429246695,
      36.627915138277444
     ],
     [
      -42.77565363348753,
      36.87816043473239
     ],
     [
      -41.059808952862355,
      37.12037553204952
     ],
     [
      -39.342054688531924,
      37.35448805734826
     ],
     [
      -37.62294042038128,
      37.58044352214303
     ],
     [
      -35.90302819056297,
      37.798205912053504
     ],
     [
      -34.18288741410072,
      38.00775808130757
     ],
     [
      -32.46308962601299,
      38.209101941883404
     ],
     [
      -30.744203181155044,
      38.40225844237525
     ],
     [
      -29.026788024941204,
      38.58726733713351
     ],
     [
      -27.311390650168214,
      38.76418675167067
     ],
     [
      -25.598539347508765,
      38.933092555487264
     ],
     [
      -23.88873984538321,
      39.094077558125264
     ],
     [
      -22.18247141960729,
      39.24725054820331
     ],
     [
      -20.48018353540008,
      39.392735198283255
     ],
     [
      -18.782293065074093,
      39.5306688605677
     ],
     [
      -17.08918210508384,
      39.66120127960468
     ],
     [
      -15.401196397084982,
      39.78449324839925
     ],
     [
      -13.718644340119777,
      39.900715233679506
     ],
     [
      -12.041796565684052,
      40.01004599464708
     ],
     [
      -10.370886034720751,
      40.11267121750118
     ],
     [
      -8.706108605790178,
      40.20878218551444
     ],
     [
      -7.047624016845544,
      40.29857450161834
     ],
     [
      -5.395557219084501,
      40.382246877474046
     ],
     [
      -3.75,
      40.46
     ]
    ]
   },
   "properties": {
    "pair": "Mexican\u2013Spanish",
    "cuisine_a": "Mexican",
    "cuisine_b": "Spanish",
    "residual": 0.1207,
    "distance_km": 9026.0,
    "is_long_distance": "long-distance"
   }
  },
  {
   "type": "Feature",
   "geometry": {
    "type": "LineString",
    "coordinates": [
     [
      138.25,
      36.2
     ],
     [
      138.07525531729507,
      36.197042394605894
     ],
     [
      137.9005077930878,
      36.19402111272402
     ],
     [
      137.7257577117062,
      36.190936144793724
     ],
     [
      137.5510053576403,
      36.18778748226147
     ],
     [
      137.376251015524,
      36.18457511758152
     ],
     [
      137.20149497011715,
      36.18129904421641
     ],
     [
      137.02673750628756,
      36.177959256637465
     ],
     [
      136.85197890899298,
      36.174555750325105
     ],
     [
      136.6772194632629,
      36.171088521769235
     ],
     [
      136.50245945418064,
      36.167557568469455
     ],
     [
      136.32769916686527,
      36.16396288893522
     ],
     [
      136.1529388864534,
      36.16030448268598
     ],
     [
      135.97817889808135,
      36.156582350251185
     ],
     [
      135.80341948686677,
      36.1527964931703
     ],
     [
      135.62866093789083,
      36.1489469139926
     ],
     [
      135.45390353617998,
      36.14503361627709
     ],
     [
      135.279147566688,
      36.1410566045922
     ],
     [
      135.1043933142779,
      36.13701588451548
     ],
     [
      134.92964106370383,
      36.13291146263322
     ],
     [
      134.7548910995932,
      36.12874334653998
     ],
     [
      134.58014370642854,
      36.124511544838036
     ],
     [
      134.40539916852956,
      36.120216067136845
     ],
     [
      134.23065777003526,
      36.11585692405232
     ],
     [
      134.0559197948859,
      36.111434127206074
     ],
     [
      133.88118552680515,
      36.10694768922467
     ],
     [
      133.7064552492822,
      36.10239762373869
     ],
     [
      133.5317292455539,
      36.097783945381806
     ],
     [
      133.35700779858703,
      36.09310666978976
     ],
     [
      133.1822911910605,
      36.08836581359927
     ],
     [
      133.00757970534758,
      36.083561394446875
     ],
     [
      132.83287362349824,
      36.07869343096769
     ],
     [
      132.6581732272216,
      36.07376194279415
     ],
     [
      132.48347879786826,
      36.06876695055461
     ],
     [
      132.30879061641278,
      36.06370847587193
     ],
     [
      132.13410896343623,
      36.05858654136196
     ],
     [
      131.95943411910872,
      36.053401170632
     ],
     [
      131.78476636317214,
      36.04815238827913
     ],
     [
      131.61010597492273,
      36.04284021988852
     ],
     [
      131.43545323319395,
      36.03746469203168
     ],
     [
      131.26080841633922,
      36.03202583226461
     ],
     [
      131.08617180221484,
      36.02652366912585
     ],
     [
      130.91154366816303,
      36.020958232134625
     ],
     [
      130.73692429099492,
      36.015329551788696
     ],
     [
      130.56231394697357,
      36.0096376595623
     ],
     [
      130.3877129117973,
      36.00388258790404
     ],
     [
      130.21312146058298,
      35.99806437023454
     ],
     [
      130.0385398678492,
      35.992183040944276
     ],
     [
      129.8639684074999,
      35.98623863539113
     ],
     [
      129.6894073528078,
      35.98023118989803
     ],
     [
      129.51485697639805,
      35.97416074175039
     ],
     [
      129.34031755023187,
      35.96802732919366
     ],
     [
      129.16578934559044,
      35.96183099143063
     ],
     [
      128.9912726330588,
      35.95557176861883
     ],
     [
      128.8167676825097,
      35.94924970186774
     ],
     [
      128.6422747630878,
      35.94286483323602
     ],
     [
      128.46779414319394,
      35.9364172057287
     ],
     [
      128.29332609046918,
      35.92990686329418
     ],
     [
      128.1188708717795,
      35.923333850821315
     ],
     [
      127.94442875320007,
      35.91669821413639
     ],
     [
      127.77,
      35.91
     ]
    ]
   },
   "properties": {
    "pair": "Japanese\u2013Korean",
    "cuisine_a": "Japanese",
    "cuisine_b": "Korean",
    "residual": 0.1159,
    "distance_km": 942.0,
    "is_long_distance": "regional"
   }
  },
  {
   "type": "Feature",
   "geometry": {
    "type": "LineString",
    "coordinates": [
     [
      12.57,
      41.87
     ],
     [
      10.70162061485895,
      41.8510946177217
     ],
     [
      8.821701190195371,
      41.82560093833053
     ],
     [
      6.9299931815266405,
      41.793147934076444
     ],
     [
      5.026294683764902,
      41.753352528193034
     ],
     [
      3.1104592267431164,
      41.70582097240954
     ],
     [
      1.1824050705075808,
      41.65015061909213
     ],
     [
      -0.7578751844795824,
      41.58593212255154
     ],
     [
      -2.7103049190594923,
      41.51275209612011
     ],
     [
      -4.674714060631908,
      41.430196240074935
     ],
     [
      -6.650830266725725,
      41.33785294008361
     ],
     [
      -8.638271157339961,
      41.235317316555395
     ],
     [
      -10.636538067597751,
      41.122195682443035
     ],
     [
      -12.645011810911733,
      40.998110341463594
     ],
     [
      -14.662950931322463,
      40.86270463170797
     ],
     [
      -16.689492875378285,
      40.7156480930157
     ],
     [
      -18.72365842482313,
      40.5566416125583
     ],
     [
      -20.764359601217624,
      40.385422384309535
     ],
     [
      -22.81041108706576,
      40.20176850697892
     ],
     [
      -24.860545014999214,
      40.005503043693466
     ],
     [
      -26.913428771971436,
      39.796497376682694
     ],
     [
      -28.967685267729742,
      39.574673711889645
     ],
     [
      -31.021914945956844,
      39.340006621021146
     ],
     [
      -33.07471869090847,
      39.092523550045385
     ],
     [
      -35.124720716391806,
      38.83230427044032
     ],
     [
      -37.17059052524051,
      38.55947929875914
     ],
     [
      -39.211063095889635,
      38.27422735722025
     ],
     [
      -41.24495658024878,
      37.97677198923412
     ],
     [
      -43.27118696933098,
      37.66737747598245
     ],
     [
      -45.28877938140826,
      37.34634422139151
     ],
     [
      -47.296875831945016,
      37.01400378236578
     ],
     [
      -49.29473953681401,
      36.67071371944972
     ],
     [
      -51.28175596561,
      36.31685243164761
     ],
     [
      -53.25743099050045,
      35.95281412012206
     ],
     [
      -55.22138656356214,
      35.57900400141159
     ],
     [
      -57.173354402346575,
      35.195833864159965
     ],
     [
      -59.1131681736669,
      34.803718036375145
     ],
     [
      -61.04075464594014,
      34.40306980474257
     ],
     [
      -62.95612423863146,
      33.99429830480386
     ],
     [
      -64.85936134126125,
      33.57780588166336
     ],
     [
      -66.75061471111017,
      33.15398590563501
     ],
     [
      -68.63008819401013,
      32.723221015859785
     ],
     [
      -70.49803195080897,
      32.28588175711879
     ],
     [
      -72.35473431619688,
      31.842325570383284
     ],
     [
      -74.20051436827666,
      31.3928960955472
     ],
     [
      -76.0357152472313,
      30.93792274472893
     ],
     [
      -77.86069822961603,
      30.47772050599091
     ],
     [
      -79.6758375405981,
      30.01258993984464
     ],
     [
      -81.48151586899857,
      29.542817334099837
     ],
     [
      -83.2781205382368,
      29.0686749861653
     ],
     [
      -85.06604027919084,
      28.590421585576372
     ],
     [
      -86.84566254758194,
      28.108302673133473
     ],
     [
      -88.61737132788187,
      27.622551156466038
     ],
     [
      -90.38154536716917,
      27.133387865009222
     ],
     [
      -92.13855678519727,
      26.641022130252978
     ],
     [
      -93.88877001067877,
      26.145652379678065
     ],
     [
      -95.63254099804244,
      25.647466735030886
     ],
     [
      -97.37021668339067,
      25.14664360752376
     ],
     [
      -99.10213464285579,
      24.64335228419923
     ],
     [
      -100.82862292087758,
      24.1377535010933
     ],
     [
      -102.55000000000001,
      23.63
     ]
    ]
   },
   "properties": {
    "pair": "Italian\u2013Mexican",
    "cuisine_a": "Italian",
    "cuisine_b": "Mexican",
    "residual": 0.1139,
    "distance_km": 10148.0,
    "is_long_distance": "long-distance"
   }
  },
  {
   "type": "Feature",
   "geometry": {
    "type": "LineString",
    "coordinates": [
     [
      2.21,
      46.23
     ],
     [
      3.6904740841909414,
      46.61355172663096
     ],
     [
      5.176529935958886,
      46.99578786085337
     ],
     [
      6.66844610745047,
      47.37663292935022
     ],
     [
      8.16651491932419,
      47.75600647926021
     ],
     [
      9.671042884373447,
      48.13382271866906
     ],
     [
      11.182351065688696,
      48.50999013474693
     ],
     [
      12.700775347451968,
      48.88441108946327
     ],
     [
      14.226666592076189,
      49.25698139323303
     ],
     [
      15.760390652374426,
      49.62758985739503
     ],
     [
      17.302328201734586,
      49.99611782712203
     ],
     [
      18.852874338869515,
      50.36243869724066
     ],
     [
      20.412437916632694,
      50.7264174145306
     ],
     [
      21.98144053670923,
      51.08790997141137
     ],
     [
      23.560315143857284,
      51.4467628975473
     ],
     [
      25.149504145031667,
      51.802812757842894
     ],
     [
      26.74945697054688,
      52.155885667592585
     ],
     [
      28.3606269869762,
      52.505796838215545
     ],
     [
      29.98346766548932,
      52.85235017005675
     ],
     [
      31.618427905806268,
      53.19533791215619
     ],
     [
      33.26594641617397,
      53.53454041263569
     ],
     [
      34.926445055343265,
      53.86972598733535
     ],
     [
      36.600321055325125,
      54.20065093840047
     ],
     [
      38.28793806586883,
      54.527059758450605
     ],
     [
      39.98961599539988,
      54.84868555944093
     ],
     [
      41.70561967077849,
      55.165250767938204
     ],
     [
      43.43614640150683,
      55.47646812975613
     ],
     [
      45.18131261392627,
      55.78204206611238
     ],
     [
      46.94113981713313,
      56.08167041998911
     ],
     [
      48.71554027242584,
      56.37504662449151
     ],
     [
      50.50430285704178,
      56.66186231405628
     ],
     [
      52.30707973253324,
      56.94181038388725
     ],
     [
      54.123374536754476,
      57.21458848282961
     ],
     [
      55.9525329013758,
      57.47990290034117
     ],
     [
      57.79373613734151,
      57.737472780196725
     ],
     [
      59.64599891183629,
      57.98703456368825
     ],
     [
      61.50817164779202,
      58.22834653569443
     ],
     [
      63.378948202315996,
      58.461193321014235
     ],
     [
      65.2568791243529,
      58.685390159042996
     ],
     [
      67.14039046672272,
      58.900786775375934
     ],
     [
      69.02780775807348,
      59.10727067181506
     ],
     [
      70.91738436166983,
      59.304769672966806
     ],
     [
      72.80733310225033,
      59.49325359804402
     ],
     [
      74.69585977160337,
      59.67273496878853
     ],
     [
      76.5811969631939,
      59.84326871512609
     ],
     [
      78.46163665774662,
      60.004950894562896
     ],
     [
      80.3355600890483,
      60.15791649417993
     ],
     [
      82.2014636477637,
      60.302336430364804
     ],
     [
      84.05797990051742,
      60.43841389708926
     ],
     [
      85.90389317173411,
      60.566380236043685
     ],
     [
      87.73814951385984,
      60.6864905104613
     ],
     [
      89.55986123883508,
      60.799018959843835
     ],
     [
      91.36830647058811,
      60.90425449719132
     ],
     [
      93.16292438740122,
      61.00249638671962
     ],
     [
      94.9433069489785,
      61.094050211690906
     ],
     [
      96.70918795093633,
      61.17922421198872
     ],
     [
      98.46043023154812,
      61.258326042041176
     ],
     [
      100.19701178811565,
      61.33165997355624
     ],
     [
      101.91901146041815,
      61.3995245454805
     ],
     [
      103.62659472204342,
      61.46221064617197
     ],
     [
      105.32,
      61.52
     ]
    ]
   },
   "properties": {
    "pair": "French\u2013Russian",
    "cuisine_a": "French",
    "cuisine_b": "Russian",
    "residual": 0.1136,
    "distance_km": 6221.0,
    "is_long_distance": "long-distance"
   }
  },
  {
   "type": "Feature",
   "geometry": {
    "type": "LineString",
    "coordinates": [
     [
      -91.2,
      30.5
     ],
     [
      -89.96060155911985,
      30.977230204341108
     ],
     [
      -88.71791292660447,
      31.453171078593353
     ],
     [
      -87.47180331669259,
      31.927762004273397
     ],
     [
      -86.22213887683269,
      32.40093982476128
     ],
     [
      -84.96878274260904,
      32.872638727079334
     ],
     [
      -83.71159512161913,
      33.342790121537035
     ],
     [
      -82.45043341037783,
      33.81132251974996
     ],
     [
      -81.18515234872478,
      34.278161411657145
     ],
     [
      -79.91560421662426,
      34.74322914229436
     ],
     [
      -78.64163907866602,
      35.20644478923006
     ],
     [
      -77.36310508199331,
      35.667724041739476
     ],
     [
      -76.07984881378708,
      36.12697908297977
     ],
     [
      -74.79171572481101,
      36.584118476637144
     ],
     [
      -73.4985506258517,
      37.03904705974532
     ],
     [
      -72.20019826414966,
      37.49166584362359
     ],
     [
      -70.89650398708488,
      37.94187192515099
     ],
     [
      -69.58731450042345,
      38.38955841087957
     ],
     [
      -68.27247872831302,
      38.83461435679071
     ],
     [
      -66.95184878189494,
      39.276924726810634
     ],
     [
      -65.62528104283179,
      39.716370373518146
     ],
     [
      -64.29263736718264,
      40.15282804479193
     ],
     [
      -62.95378641383954,
      40.586170420446635
     ],
     [
      -61.608605100114815,
      41.01626618318371
     ],
     [
      -60.256980184983796,
      41.44298012842039
     ],
     [
      -58.898809977895084,
      41.86617331774019
     ],
     [
      -57.53400616791765,
      42.28570328081078
     ],
     [
      -56.16249576427579,
      42.70142427061721
     ],
     [
      -54.78422313502257,
      43.11318757673584
     ],
     [
      -53.39915212574156,
      43.52084190109963
     ],
     [
      -52.00726823480018,
      43.924233800253695
     ],
     [
      -50.60858081590582,
      44.32320819744439
     ],
     [
      -49.20312527268416,
      44.71760896700408
     ],
     [
      -47.79096520391123,
      45.10727959236947
     ],
     [
      -46.37219445214513,
      45.49206389769426
     ],
     [
      -44.94693900313473,
      45.87180685138746
     ],
     [
      -43.51535867889562,
      46.246355438041675
     ],
     [
      -42.07764856413692,
      46.615559593138336
     ],
     [
      -40.634040104212936,
      46.97927319267979
     ],
     [
      -39.18480181336599,
      47.337355087563026
     ],
     [
      -37.73023953508209,
      47.68967017016509
     ],
     [
      -36.270696202177035,
      48.036090458353655
     ],
     [
      -34.80655105292605,
      48.37649618008463
     ],
     [
      -33.33821827113939,
      48.7107768400225
     ],
     [
      -31.866145032381723,
      49.03883224834172
     ],
     [
      -30.390808955132453,
      49.360573491151584
     ],
     [
      -28.912714973984084,
      49.67592382192994
     ],
     [
      -27.432391671177825,
      49.98481945401951
     ],
     [
      -25.950387121938327,
      50.287210235668
     ],
     [
      -24.467264327159402,
      50.58306019126929
     ],
     [
      -22.983596322966527,
      50.87234791533232
     ],
     [
      -21.499961069569768,
      51.15506680916623
     ],
     [
      -20.016936230808003,
      51.4312251541865
     ],
     [
      -18.53509396029109,
      51.70084601994107
     ],
     [
      -17.05499580977325,
      51.96396700924027
     ],
     [
      -15.577187870358166,
      52.22063984694688
     ],
     [
      -14.102196247672541,
      52.47092982285502
     ],
     [
      -12.630522958864352,
      52.71491510248812
     ],
     [
      -11.162642323016499,
      52.95268592244126
     ],
     [
      -9.69899789830351,
      53.184343688986374
     ],
     [
      -8.239999999999997,
      53.41
     ]
    ]
   },
   "properties": {
    "pair": "Cajun-Creole\u2013Irish",
    "cuisine_a": "Cajun-Creole",
    "cuisine_b": "Irish",
    "residual": 0.1059,
    "distance_km": 6887.0,
    "is_long_distance": "long-distance"
   }
  },
  {
   "type": "Feature",
   "geometry": {
    "type": "LineString",
    "coordinates": [
     [
      -3.44,
      55.38000000000001
     ],
     [
      -4.990392549837148,
      55.1430499192068
     ],
     [
      -6.547383176917165,
      54.899317781353176
     ],
     [
      -8.110475034459402,
      54.64863946468648
     ],
     [
      -9.679115037142084,
      54.39086334684771
     ],
     [
      -11.252696653011402,
      54.12585202769106
     ],
     [
      -12.83056386393011,
      53.85348396586577
     ],
     [
      -14.41201627675246,
      53.5736549869207
     ],
     [
      -15.996315321103728,
      53.28627962150752
     ],
     [
      -17.582691422480735,
      52.99129223499032
     ],
     [
      -19.170351994464674,
      52.68864791442813
     ],
     [
      -20.758490054344556,
      52.37832308534693
     ],
     [
      -22.346293235371476,
      52.060315838683444
     ],
     [
      -23.932952948649653,
      51.734645957357884
     ],
     [
      -25.517673439956933,
      51.40135464161418
     ],
     [
      -27.099680492208186,
      51.06050394199834
     ],
     [
      -28.678229542385182,
      50.71217591806495
     ],
     [
      -30.252613011082943,
      50.35647154909563
     ],
     [
      -31.822166681041935,
      49.99350942985305
     ],
     [
      -33.38627500523595,
      49.623424289381866
     ],
     [
      -34.94437527208466,
      49.246365373941565
     ],
     [
      -36.49596060202878,
      48.86249473630163
     ],
     [
      -38.04058179324915,
      48.47198547296296
     ],
     [
      -39.57784807248622,
      48.07501994861501
     ],
     [
      -41.10742683815712,
      47.67178804359455
     ],
     [
      -42.62904250642265,
      47.26248545562302
     ],
     [
      -44.14247458634699,
      46.847312082011854
     ],
     [
      -45.64755511821299,
      46.42647050317467
     ],
     [
      -47.144165610229706,
      46.00016458295958
     ],
     [
      -48.632233604408825,
      45.56859819625532
     ],
     [
      -50.111728993538456,
      45.13197408970855
     ],
     [
      -51.582660199213684,
      44.69049287733738
     ],
     [
      -53.04507030697482,
      44.24435216940359
     ],
     [
      -54.49903323979647,
      43.79374583013117
     ],
     [
      -55.94465003631733,
      43.338863357715326
     ],
     [
      -57.38204528596583,
      42.87988937850847
     ],
     [
      -58.81136375998946,
      42.41700324623537
     ],
     [
      -60.23276726564267,
      41.950378736505854
     ],
     [
      -61.64643174058399,
      41.48018382668573
     ],
     [
      -63.05254459592656,
      41.006580551278375
     ],
     [
      -64.4513023093299,
      40.52972492329423
     ],
     [
      -65.84290826391626,
      40.049766912579656
     ],
     [
      -67.22757082449809,
      39.56685047268721
     ],
     [
      -68.60550163945493,
      39.08111360855211
     ],
     [
      -69.97691415442954,
      38.59268847795752
     ],
     [
      -71.34202232266257,
      38.101701520496
     ],
     [
      -72.70103949609752,
      37.60827360844431
     ],
     [
      -74.05417748122706,
      37.11252021464823
     ],
     [
      -75.4016457438952,
      36.61455159315202
     ],
     [
      -76.74365074781336,
      36.114472968897026
     ],
     [
      -78.08039541230636,
      35.612384733352506
     ],
     [
      -79.41207867570238,
      35.108382643427596
     ],
     [
      -80.7388951517652,
      34.60255802144682
     ],
     [
      -82.06103486758872,
      34.09499795435595
     ],
     [
      -83.37868307240113,
      33.58578549066182
     ],
     [
      -84.69202010773219,
      33.07499983390311
     ],
     [
      -86.00122133036281,
      32.56271653170285
     ],
     [
      -87.30645708039063,
      32.04900765967133
     ],
     [
      -88.60789268759913,
      31.533941999613187
     ],
     [
      -89.90568851010721,
      31.017585211649845
     ],
     [
      -91.2,
      30.5
     ]
    ]
   },
   "properties": {
    "pair": "British\u2013Cajun-Creole",
    "cuisine_a": "British",
    "cuisine_b": "Cajun-Creole",
    "residual": 0.0972,
    "distance_km": 7128.0,
    "is_long_distance": "long-distance"
   }
  },
  {
   "type": "Feature",
   "geometry": {
    "type": "LineString",
    "coordinates": [
     [
      -51.93,
      -14.24
     ],
     [
      -52.77636958983447,
      -13.610421397217301
     ],
     [
      -53.62161108855805,
      -12.98011778851199
     ],
     [
      -54.46577910665072,
      -12.349127368050807
     ],
     [
      -55.30892817226137,
      -11.717487780366055
     ],
     [
      -56.15111271607525,
      -11.08523614677853
     ],
     [
      -56.99238705941758,
      -10.452409092097488
     ],
     [
      -57.832805405350314,
      -9.819042771547705
     ],
     [
      -58.672421832530446,
      -9.185172897879907
     ],
     [
      -59.51129029160823,
      -8.550834768626675
     ],
     [
      -60.34946460395434,
      -7.916063293471214
     ],
     [
      -61.18699846251418,
      -7.280893021701188
     ],
     [
      -62.02394543459769,
      -6.645358169724398
     ],
     [
      -62.86035896642083,
      -6.009492648626914
     ],
     [
      -63.69629238922408,
      -5.373330091758104
     ],
     [
      -64.53179892680012,
      -4.736903882330134
     ],
     [
      -65.3669317042707,
      -4.100247181022515
     ],
     [
      -66.20174375795814,
      -3.463392953584818
     ],
     [
      -67.0362880462035,
      -2.8263739984329375
     ],
     [
      -67.87061746098783,
      -2.189222974236258
     ],
     [
      -68.70478484021766,
      -1.5519724274947029
     ],
     [
      -69.5388429805389,
      -0.9146548201059984
     ],
     [
      -70.37284465054726,
      -0.27730255692463607
     ],
     [
      -71.20684260426435,
      0.36005198668527183
     ],
     [
      -72.04088959475091,
      0.9973764373004167
     ],
     [
      -72.87503838772899,
      1.6346383958889426
     ],
     [
      -73.70934177508528,
      2.2718054102582257
     ],
     [
      -74.54385258812664,
      2.908844947496931
     ],
     [
      -75.37862371045793,
      3.5457243664090234
     ],
     [
      -76.21370809035007,
      4.182410889938146
     ],
     [
      -77.04915875246319,
      4.818871577581846
     ],
     [
      -77.8850288087865,
      5.455073297796491
     ],
     [
      -78.72137146865204,
      6.090982700395206
     ],
     [
      -79.55824004767499,
      6.726566188943254
     ],
     [
      -80.39568797546694,
      7.361789893157282
     ],
     [
      -81.23376880196281,
      7.9966196413176185
     ],
     [
      -82.07253620219508,
      8.63102093270543
     ],
     [
      -82.91204397934118,
      9.26495891008004
     ],
     [
      -83.75234606586197,
      9.89839833221501
     ],
     [
      -84.59349652254069,
      10.531303546515861
     ],
     [
      -85.43554953522168,
      11.163638461746372
     ],
     [
      -86.2785594090399,
      11.795366520895513
     ],
     [
      -87.1225805599205,
      12.426450674222021
     ],
     [
      -87.96766750311853,
      13.056853352519578
     ],
     [
      -88.81387483855764,
      13.686536440651548
     ],
     [
      -89.66125723271546,
      14.315461251411069
     ],
     [
      -90.50986939679339,
      14.943588499769367
     ],
     [
      -91.35976606089687,
      15.570878277582992
     ],
     [
      -92.21100194394229,
      16.19729002883894
     ],
     [
      -93.06363171899676,
      16.822782525525366
     ],
     [
      -93.9177099737475,
      17.447313844225206
     ],
     [
      -94.77329116578935,
      18.070841343539627
     ],
     [
      -95.63042957241221,
      18.693321642459157
     ],
     [
      -96.48917923456418,
      19.314710599810947
     ],
     [
      -97.34959389466309,
      19.93496329492253
     ],
     [
      -98.21172692792717,
      20.554034009654213
     ],
     [
      -99.07563126689767,
      21.171876211964836
     ],
     [
      -99.94135931883025,
      21.788442541188395
     ],
     [
      -100.80896287564019,
      22.40368479521216
     ],
     [
      -101.67849301609954,
      23.017553919760246
     ],
     [
      -102.55,
      23.629999999999995
     ]
    ]
   },
   "properties": {
    "pair": "Brazilian\u2013Mexican",
    "cuisine_a": "Brazilian",
    "cuisine_b": "Mexican",
    "residual": 0.0963,
    "distance_km": 6928.0,
    "is_long_distance": "long-distance"
   }
  },
  {
   "type": "Feature",
   "geometry": {
    "type": "LineString",
    "coordinates": [
     [
      -77.3,
      18.11
     ],
     [
      -75.03806318074834,
      18.689430173689935
     ],
     [
      -72.77505007644393,
      19.268834072027694
     ],
     [
      -70.5107774997729,
      19.848207221414988
     ],
     [
      -68.24503918007237,
      20.427544583965208
     ],
     [
      -65.97760052536562,
      21.006840429353332
     ],
     [
      -63.708192125174435,
      21.586088175815682
     ],
     [
      -61.436501595666186,
      22.165280190523877
     ],
     [
      -59.16216322333742,
      22.74440753598431
     ],
     [
      -56.88474465466683,
      23.323459643979195
     ],
     [
      -54.60372957492248,
      23.902423891075923
     ],
     [
      -52.31849486870755,
      24.481285038629764
     ],
     [
      -50.02828007551885,
      25.06002448345165
     ],
     [
      -47.73214590925173,
      25.638619239527397
     ],
     [
      -45.42891697000311,
      26.217040530612792
     ],
     [
      -43.117101136854416,
      26.795251808161407
     ],
     [
      -40.79477376841445,
      27.373205900821148
     ],
     [
      -38.45940741178893,
      27.950840817068
     ],
     [
      -36.10761464533361,
      28.52807339649093
     ],
     [
      -33.7347477626188,
      29.104789406743695
     ],
     [
      -31.33425329850832,
      29.68082753446702
     ],
     [
      -28.89658752872984,
      30.255952396555784
     ],
     [
      -26.40730319542216,
      30.829806710377227
     ],
     [
      -23.843469919131266,
      31.401821241792675
     ],
     [
      -21.166478115057224,
      31.97103210244713
     ],
     [
      -18.306219099595094,
      32.53567334521496
     ],
     [
      -15.122152848614519,
      33.092150002753364
     ],
     [
      -11.293034913349171,
      33.63199139588858
     ],
     [
      -5.955412512620624,
      34.13067283206618
     ],
     [
      3.3135417914449286,
      34.49874103700645
     ],
     [
      17.298570061583632,
      34.48968189555181
     ],
     [
      27.02591711092482,
      34.0843717190039
     ],
     [
      32.55386258604314,
      33.53514431994459
     ],
     [
      36.458091069089065,
      32.94127416932943
     ],
     [
      39.677301977804696,
      32.32969086477764
     ],
     [
      42.556442147951415,
      31.709522477816503
     ],
     [
      45.24464894320935,
      31.084590219542655
     ],
     [
      47.81565535575966,
      30.456753015852662
     ],
     [
      50.30979273025417,
      29.827018295531868
     ],
     [
      52.75088899162094,
      29.19597778803961
     ],
     [
      55.1538948256147,
      28.56400131846737
     ],
     [
      57.52865344054095,
      27.93133170014452
     ],
     [
      59.88190525527719,
      27.29813487063315
     ],
     [
      62.218419457776,
      26.664528060168305
     ],
     [
      64.54166512576901,
      26.0305964406799
     ],
     [
      66.85422620973137,
      25.396403393512543
     ],
     [
      69.15806743004835,
      24.761997074843336
     ],
     [
      71.45470996442363,
      24.12741474655366
     ],
     [
      73.74535068408507,
      23.49268571160539
     ],
     [
      76.03094501015138,
      22.85783335157573
     ],
     [
      78.31226570968488,
      22.222876571199542
     ],
     [
      80.58994540901583,
      21.587830842061933
     ],
     [
      82.86450785936982,
      20.952708969659067
     ],
     [
      85.1363912886711,
      20.317521665981005
     ],
     [
      87.40596609242216,
      19.682277983077597
     ],
     [
      89.67354841455227,
      19.046985645754166
     ],
     [
      91.9394107041526,
      18.4116513100869
     ],
     [
      94.20379002047605,
      17.77628076672943
     ],
     [
      96.4668946436962,
      17.140879102695916
     ],
     [
      98.72890939946652,
      16.50545083163236
     ],
     [
      100.99,
      15.87
     ]
    ]
   },
   "properties": {
    "pair": "Jamaican\u2013Thai",
    "cuisine_a": "Jamaican",
    "cuisine_b": "Thai",
    "residual": 0.091,
    "distance_km": 16232.0,
    "is_long_distance": "long-distance"
   }
  },
  {
   "type": "Feature",
   "geometry": {
    "type": "LineString",
    "coordinates": [
     [
      78.96,
      20.589999999999996
     ],
     [
      76.67868720632907,
      21.03075046638994
     ],
     [
      74.3883343713008,
      21.46877345992938
     ],
     [
      72.08786981667099,
      21.90372671074394
     ],
     [
      69.7761400614069,
      22.335236026675474
     ],
     [
      67.45190046964353,
      22.762890572646093
     ],
     [
      65.11380555055064,
      23.18623754331673
     ],
     [
      62.76039910736968,
      23.604776153303174
     ],
     [
      60.39010455232942,
      24.01795086971613
     ],
     [
      58.00121586946168,
      24.425143817894934
     ],
     [
      55.59188993239621,
      24.82566630614626
     ],
     [
      53.16014118510246,
      25.218749443656655
     ],
     [
      50.70384008733593,
      25.603533873814385
     ],
     [
      48.220717228401654,
      25.979058721334226
     ],
     [
      45.70837563036859,
      26.344249966524334
     ],
     [
      43.164314485074854,
      26.697908626611273
     ],
     [
      40.58596835436995,
      27.038699356235224
     ],
     [
      37.970766608393,
      27.365140389634636
     ],
     [
      35.31621839096751,
      27.675596141806842
     ],
     [
      32.62002836849425,
      27.968274256084356
     ],
     [
      29.880247474333462,
      28.24122939391484
     ],
     [
      27.095460206325807,
      28.492376526915788
     ],
     [
      24.26500514044943,
      28.71951676753303
     ],
     [
      21.38921777013648,
      28.920378650532612
     ],
     [
      18.469674780230378,
      29.092676992427435
     ],
     [
      15.509407789880722,
      29.234189767996313
     ],
     [
      12.513045384780852,
      29.342850755331465
     ],
     [
      9.486839227164737,
      29.416852225351406
     ],
     [
      6.438537664849045,
      29.454748336870793
     ],
     [
      3.3770908886259363,
      29.455547197999223
     ],
     [
      0.31220297996275553,
      29.418778937786065
     ],
     [
      -2.7462197616829966,
      29.344529367424627
     ],
     [
      -5.78864928862582,
      29.233433764497033
     ],
     [
      -8.806462742763124,
      29.086631804867835
     ],
     [
      -11.792347192420817,
      28.90569086454221
     ],
     [
      -14.740542856060731,
      28.692509114196806
     ],
     [
      -17.64691982588792,
      28.449211154870014
     ],
     [
      -20.50891192093716,
      28.178047575974173
     ],
     [
      -23.32534793369943,
      27.881306708463228
     ],
     [
      -26.09622449607604,
      27.56124317749265
     ],
     [
      -28.822459356746215,
      27.220024577617604
     ],
     [
      -31.50565366935961,
      26.859695207460835
     ],
     [
      -34.14788090990323,
      26.48215440975106
     ],
     [
      -36.75151070973583,
      26.08914650871679
     ],
     [
      -39.31906916924265,
      25.682259361770825
     ],
     [
      -41.85313307030175,
      25.26292889581049
     ],
     [
      -44.35625331388613,
      24.832447488425643
     ],
     [
      -46.83090223336134,
      24.39197455724615
     ],
     [
      -49.279439611364964,
      23.942548170040347
     ],
     [
      -51.70409284045166,
      23.485096857113383
     ],
     [
      -54.10694744072858,
      23.020451092893904
     ],
     [
      -56.48994492139614,
      22.549354124196903
     ],
     [
      -58.85488566660278,
      22.07247197192859
     ],
     [
      -61.203435108067445,
      21.59040253477523
     ],
     [
      -63.53713191433342,
      21.103683789933527
     ],
     [
      -65.85739729003907,
      20.612801127175402
     ],
     [
      -68.16554475442014,
      20.118193876201637
     ],
     [
      -70.46278997337316,
      19.62026109905305
     ],
     [
      -72.75026036930046,
      19.119366723441498
     ],
     [
      -75.02900434073364,
      18.615844092137756
     ],
     [
      -77.3,
      18.11
     ]
    ]
   },
   "properties": {
    "pair": "Indian\u2013Jamaican",
    "cuisine_a": "Indian",
    "cuisine_b": "Jamaican",
    "residual": 0.0849,
    "distance_km": 14994.0,
    "is_long_distance": "long-distance"
   }
  },
  {
   "type": "Feature",
   "geometry": {
    "type": "LineString",
    "coordinates": [
     [
      -51.93,
      -14.24
     ],
     [
      -49.74361681604024,
      -13.658470098583182
     ],
     [
      -47.559999223922304,
      -13.07211565934078
     ],
     [
      -45.37909043847158,
      -12.481180738371059
     ],
     [
      -43.20081900026907,
      -11.88591220203073
     ],
     [
      -41.0250996026236,
      -11.286559229162211
     ],
     [
      -38.85183394860022,
      -10.683372865351446
     ],
     [
      -36.68091162720813,
      -10.076605628576038
     ],
     [
      -34.51221099928386,
      -9.466511164966313
     ],
     [
      -32.34560008505915,
      -8.853343952855441
     ],
     [
      -30.180937446839252,
      -8.237359052834718
     ],
     [
      -28.018073061605584,
      -7.61881190115041
     ],
     [
      -25.85684917967271,
      -6.997958143471692
     ],
     [
      -23.697101166755708,
      -6.375053505816923
     ],
     [
      -21.538658327926647,
      -5.750353699239124
     ],
     [
      -19.381344712951172,
      -5.1241143547324235
     ],
     [
      -17.224979903392367,
      -4.496590984721006
     ],
     [
      -15.06937978264834,
      -3.8680389674227946
     ],
     [
      -12.914357290752246,
      -3.238713550334788
     ],
     [
      -10.759723166310415,
      -2.608869869059081
     ],
     [
      -8.605286678388437,
      -1.9787629776729003
     ],
     [
      -6.450856351478592,
      -1.3486478868381537
     ],
     [
      -4.296240686897577,
      -0.7187796058425096
     ],
     [
      -2.141248884072426,
      -0.08941318476299487
     ],
     [
      0.014308434824077843,
      0.5391962470570546
     ],
     [
      2.1706184935293997,
      1.1667934500257138
     ],
     [
      4.3278656204881045,
      1.7931230546197343
     ],
     [
      6.486230494955656,
      2.417929556798682
     ],
     [
      8.64588937800216,
      3.040957332298264
     ],
     [
      10.807013326548821,
      3.6619506735582155
     ],
     [
      12.969767389224435,
      4.28065385299599
     ],
     [
      15.134309783601175,
      4.896811216270118
     ],
     [
      17.300791055257548,
      5.510167309078939
     ],
     [
      19.46935322012125,
      6.12046704090414
     ],
     [
      21.640128892660496,
      6.727455888925425
     ],
     [
      23.813240403712086,
      7.330880145094225
     ],
     [
      25.988798913045336,
      7.930487209051865
     ],
     [
      28.166903523144995,
      8.526025929202891
     ],
     [
      30.34764040213062,
      9.117246993799506
     ],
     [
      32.5310819251832,
      9.70390337335237
     ],
     [
      34.717285845285275,
      10.28575081505173
     ],
     [
      36.90629450545363,
      10.862548389159171
     ],
     [
      39.09813410590249,
      11.434059086515061
     ],
     [
      41.292814040662975,
      12.000050465405149
     ],
     [
      43.490326319039326,
      12.56029534505009
     ],
     [
      45.6906450878404,
      13.11457254193833
     ],
     [
      47.89372627052226,
      13.662667644133284
     ],
     [
      50.099507339153234,
      14.204373817574655
     ],
     [
      52.30790723441583,
      14.73949263728861
     ],
     [
      54.518826447645644,
      15.267834935355491
     ],
     [
      56.732147277154716,
      15.789221656493044
     ],
     [
      58.94773426878474,
      16.30348471123562
     ],
     [
      61.16543484780628,
      16.810467815965865
     ],
     [
      63.38508014596287,
      17.310027308521867
     ],
     [
      65.60648602372649,
      17.802032927795757
     ],
     [
      67.82945428377774,
      18.286368545688685
     ],
     [
      70.05377406747255,
      18.762932840014518
     ],
     [
      72.27922342174817,
      19.231639897463808
     ],
     [
      74.50557101970921,
      19.692419736553266
     ],
     [
      76.73257801418274,
      20.145218741584717
     ],
     [
      78.95999999999998,
      20.589999999999996
     ]
    ]
   },
   "properties": {
    "pair": "Brazilian\u2013Indian",
    "cuisine_a": "Brazilian",
    "cuisine_b": "Indian",
    "residual": 0.0816,
    "distance_km": 14776.0,
    "is_long_distance": "long-distance"
   }
  },
  {
   "type": "Feature",
   "geometry": {
    "type": "LineString",
    "coordinates": [
     [
      2.21,
      46.23
     ],
     [
      2.041792894829998,
      46.35142355786879
     ],
     [
      1.8734112523404285,
      46.47279763966888
     ],
     [
      1.7048537604486367,
      46.59412179505938
     ],
     [
      1.5361190989097067,
      46.71539556923675
     ],
     [
      1.36720593932889,
      46.83661850289015
     ],
     [
      1.1981129451766295,
      46.957790132156575
     ],
     [
      1.028838771806274,
      47.0789099885757
     ],
     [
      0.859382066474565,
      47.19997759904446
     ],
     [
      0.6897414683649893,
      47.32099248577133
     ],
     [
      0.5199156086140878,
      47.44195416623047
     ],
     [
      0.34990311034081867,
      47.56286215311556
     ],
     [
      0.17970258867906672,
      47.68371595429338
     ],
     [
      0.009312650813404301,
      47.804515072757226
     ],
     [
      -0.16126810398180105,
      47.92525900658008
     ],
     [
      -0.33204108429982554,
      48.045947248867535
     ],
     [
      -0.5030077065554662,
      48.16657928771067
     ],
     [
      -0.6741693949352535,
      48.2871546061385
     ],
     [
      -0.8455275813438863,
      48.40767268207044
     ],
     [
      -1.0170837053467707,
      48.52813298826856
     ],
     [
      -1.1888392141085609,
      48.64853499228965
     ],
     [
      -1.3607955623275658,
      48.768878156437104
     ],
     [
      -1.5329542121659214,
      48.8891619377128
     ],
     [
      -1.7053166331753866,
      49.00938578776872
     ],
     [
      -1.8778843022186513,
      49.12954915285857
     ],
     [
      -2.0506587033860266,
      49.24965147378924
     ],
     [
      -2.223641327907377,
      49.36969218587221
     ],
     [
      -2.3968336740591774,
      49.48967071887489
     ],
     [
      -2.5702372470665473,
      49.60958649697193
     ],
     [
      -2.7438535590001294,
      49.729438938696475
     ],
     [
      -2.917684128667667,
      49.8492274568914
     ],
     [
      -3.091730481500158,
      49.96895145866061
     ],
     [
      -3.265994149432399,
      50.088610345320234
     ],
     [
      -3.4404766707778207,
      50.20820351235004
     ],
     [
      -3.6151795900974224,
      50.32773034934473
     ],
     [
      -3.7901044580626815,
      50.44719023996548
     ],
     [
      -3.9652528313122617,
      50.56658256189138
     ],
     [
      -4.14062627230238,
      50.685906686771276
     ],
     [
      -4.316226349150653,
      50.8051619801755
     ],
     [
      -4.492054635473284,
      50.92434780154791
     ],
     [
      -4.6681127102153965,
      51.043463504158076
     ],
     [
      -4.844402157474368,
      51.162508435053766
     ],
     [
      -5.020924566315987,
      51.28148193501355
     ],
     [
      -5.197681530583264,
      51.40038333849981
     ],
     [
      -5.374674648697708,
      51.51921197361196
     ],
     [
      -5.551905523452914,
      51.637967162040056
     ],
     [
      -5.72937576180027,
      51.756648219018764
     ],
     [
      -5.907086974626589,
      51.87525445328166
     ],
     [
      -6.085040776523522,
      51.993785167016085
     ],
     [
      -6.263238785548518,
      52.112239655818314
     ],
     [
      -6.441682622977185,
      52.23061720864932
     ],
     [
      -6.6203739130468335,
      52.34891710779108
     ],
     [
      -6.799314282691052,
      52.46713862880332
     ],
     [
      -6.978505361265052,
      52.58528104048103
     ],
     [
      -7.157948780261684,
      52.70334360481251
     ],
     [
      -7.337646173017843,
      52.821325576938165
     ],
     [
      -7.517599174411123,
      52.93922620510993
     ],
     [
      -7.697809420546502,
      53.05704473065162
     ],
     [
      -7.878278548432867,
      53.174780387919895
     ],
     [
      -8.05900819564916,
      53.29243240426631
     ],
     [
      -8.239999999999998,
      53.41
     ]
    ]
   },
   "properties": {
    "pair": "French\u2013Irish",
    "cuisine_a": "French",
    "cuisine_b": "Irish",
    "residual": 0.0805,
    "distance_km": 1093.0,
    "is_long_distance": "regional"
   }
  },
  {
   "type": "Feature",
   "geometry": {
    "type": "LineString",
    "coordinates": [
     [
      127.77,
      35.91
     ],
     [
      127.42750129251196,
      35.55233129422796
     ],
     [
      127.08583538176808,
      35.19434237414135
     ],
     [
      126.74498803826202,
      34.83603988422214
     ],
     [
      126.40494518242231,
      34.47743033870633
     ],
     [
      126.06569288643256,
      34.11852012426173
     ],
     [
      125.72721737573386,
      33.759315502642735
     ],
     [
      125.38950503022912,
      33.3998226133197
     ],
     [
      125.052542385208,
      33.04004747608114
     ],
     [
      124.71631613201066,
      32.67999599360703
     ],
     [
      124.38081311844716,
      32.31967395401145
     ],
     [
      124.04602034898863,
      31.95908703335365
     ],
     [
      123.7119249847459,
      31.598240798115945
     ],
     [
      123.37851434325006,
      31.237140707647622
     ],
     [
      123.04577589804857,
      30.87579211657409
     ],
     [
      122.71369727813064,
      30.51420027717028
     ],
     [
      122.38226626719356,
      30.15237034169792
     ],
     [
      122.05147080276245,
      29.790307364706162
     ],
     [
      121.72129897517404,
      29.428016305295056
     ],
     [
      121.39173902643519,
      29.065502029341765
     ],
     [
      121.06277934896603,
      28.70276931168924
     ],
     [
      120.73440848423714,
      28.339822838297295
     ],
     [
      120.40661512130917,
      27.976667208356034
     ],
     [
      120.07938809528395,
      27.613306936361756
     ],
     [
      119.75271638567386,
      27.249746454155357
     ],
     [
      119.42658911469778,
      26.88599011292348
     ],
     [
      119.10099554550978,
      26.52204218516265
     ],
     [
      118.7759250803673,
      26.157906866606623
     ],
     [
      118.45136725874484,
      25.79358827811731
     ],
     [
      118.12731175539871,
      25.42909046753971
     ],
     [
      117.80374837838829,
      25.064417411521088
     ],
     [
      117.48066706705859,
      24.69957301729504
     ],
     [
      117.15805788998887,
      24.33456112443077
     ],
     [
      116.8359110429114,
      23.969385506548093
     ],
     [
      116.51421684660471,
      23.604049872998782
     ],
     [
      116.19296574476476,
      23.238557870514626
     ],
     [
      115.8721483018576,
      22.87291308482294
     ],
     [
      115.55175520095693,
      22.507119042229903
     ],
     [
      115.23177724156903,
      22.14117921117249
     ],
     [
      114.91220533744853,
      21.77509700373946
     ],
     [
      114.5930305144069,
      21.408875777162077
     ],
     [
      114.27424390811652,
      21.04251883527509
     ],
     [
      113.95583676191218,
      20.676029429948734
     ],
     [
      113.63780042459211,
      20.30941076249217
     ],
     [
      113.32012634822034,
      19.94266598502922
     ],
     [
      113.00280608593215,
      19.575798201846776
     ],
     [
      112.68583128974393,
      19.20881047071673
     ],
     [
      112.36919370836914,
      18.8417058041919
     ],
     [
      112.0528851850411,
      18.47448717087662
     ],
     [
      111.73689765534446,
      18.10715749667269
     ],
     [
      111.42122314505566,
      17.73971966600114
     ],
     [
      111.10585376799372,
      17.372176523000633
     ],
     [
      110.79078172388206,
      17.004530872702915
     ],
     [
      110.47599929622186,
      16.63678548218611
     ],
     [
      110.16149885017796,
      16.26894308170625
     ],
     [
      109.84727283047746,
      15.901006365807927
     ],
     [
      109.53331375932171,
      15.532977994414306
     ],
     [
      109.21961423431186,
      15.164860593897423
     ],
     [
      108.90616692638861,
      14.796656758129116
     ],
     [
      108.59296457778606,
      14.428369049513291
     ],
     [
      108.28,
      14.060000000000002
     ]
    ]
   },
   "properties": {
    "pair": "Korean\u2013Vietnamese",
    "cuisine_a": "Korean",
    "cuisine_b": "Vietnamese",
    "residual": 0.0783,
    "distance_km": 3111.0,
    "is_long_distance": "regional"
   }
  },
  {
   "type": "Feature",
   "geometry": {
    "type": "LineString",
    "coordinates": [
     [
      12.57,
      41.87
     ],
     [
      10.976173164363175,
      41.91412899521272
     ],
     [
      9.37521380236775,
      41.953618595944626
     ],
     [
      7.767057633896927,
      41.98827713962421
     ],
     [
      6.151663809365101,
      42.01790975413539
     ],
     [
      4.529017552687761,
      42.04231898855531
     ],
     [
      2.899132827366187,
      42.06130554481859
     ],
     [
      1.2620549771222276,
      42.07466911349414
     ],
     [
      -0.38213671571655256,
      42.08220931500549
     ],
     [
      -2.033326618688232,
      42.083726745363464
     ],
     [
      -3.6913605560211424,
      42.07902412282024
     ],
     [
      -5.3560439107233435,
      42.06790752882934
     ],
     [
      -7.0271401021868085,
      42.05018773336742
     ],
     [
      -8.704369520209632,
      42.02568159113522
     ],
     [
      -10.38740899374036,
      41.99421349153092
     ],
     [
      -12.075891866326927,
      41.9556168417372
     ],
     [
      -13.769408739899102,
      41.909735558964236
     ],
     [
      -15.467508934039511,
      41.85642554504494
     ],
     [
      -17.169702689489835,
      41.79555611439057
     ],
     [
      -18.87546412279128,
      41.727011344979076
     ],
     [
      -20.584234914486135,
      41.65069132173313
     ],
     [
      -22.295428687322666,
      41.56651324247575
     ],
     [
      -24.00843600476111,
      41.47441235869159
     ],
     [
      -25.722629895277066,
      41.37434272656591
     ],
     [
      -27.43737178603373,
      41.266277748137185
     ],
     [
      -29.152017711881314,
      41.15021048771825
     ],
     [
      -30.86592465353694,
      41.02615375478486
     ],
     [
      -32.5784568530498,
      40.894139951011766
     ],
     [
      -34.28899195566992,
      40.75422068573312
     ],
     [
      -35.99692683494429,
      40.60646617048712
     ],
     [
      -37.701682971715414,
      40.450964409161436
     ],
     [
      -39.40271127673258,
      40.287820205311604
     ],
     [
      -41.0994962695247,
      40.11715401226844
     ],
     [
      -42.79155955154633,
      39.939100654541576
     ],
     [
      -44.47846253785764,
      39.75380795070353
     ],
     [
      -46.15980843726581,
      39.56143526841858
     ],
     [
      -47.83524349464884,
      39.36215204164596
     ],
     [
      -49.504457530078156,
      39.15613627843875
     ],
     [
      -51.16718382662976,
      38.94357308535395
     ],
     [
      -52.82319843202755,
      38.72465323148752
     ],
     [
      -54.47231894839459,
      38.49957177175343
     ],
     [
      -56.11440288956094,
      38.268526745433846
     ],
     [
      -57.749345686952466,
      38.031717962414845
     ],
     [
      -59.37707842357004,
      37.78934588603329
     ],
     [
      -60.99756537154778,
      37.54161061821525
     ],
     [
      -62.610801402863615,
      37.28871098966424
     ],
     [
      -64.21680933555658,
      37.03084375531482
     ],
     [
      -65.81563726982344,
      36.768202893125924
     ],
     [
      -67.40735596008706,
      36.50097900255245
     ],
     [
      -68.99205626093276,
      36.22935879768705
     ],
     [
      -70.56984667699079,
      35.9535246890769
     ],
     [
      -72.14085103961438,
      35.67365444755505
     ],
     [
      -73.70520632670078,
      35.389920943040664
     ],
     [
      -75.26306063630219,
      35.102491951112015
     ],
     [
      -76.81457131979583,
      34.81153002019761
     ],
     [
      -78.35990327631163,
      34.51719239242414
     ],
     [
      -79.89922740680863,
      34.2196309714673
     ],
     [
      -81.43271922357931,
      33.91899233114124
     ],
     [
      -82.96055760897374,
      33.61541775890665
     ],
     [
      -84.48292371569055,
      33.30904332895322
     ],
     [
      -86.0,
      33.0
     ]
    ]
   },
   "properties": {
    "pair": "Italian\u2013Southern US",
    "cuisine_a": "Italian",
    "cuisine_b": "Southern US",
    "residual": 0.073,
    "distance_km": 8263.0,
    "is_long_distance": "long-distance"
   }
  },
  {
   "type": "Feature",
   "geometry": {
    "type": "LineString",
    "coordinates": [
     [
      -51.93,
      -14.24
     ],
     [
      -51.14604142257337,
      -13.320892953473725
     ],
     [
      -50.36349039931448,
      -12.401273897222849
     ],
     [
      -49.58223673889934,
      -11.481183896830109
     ],
     [
      -48.802172382172756,
      -10.560663000984958
     ],
     [
      -48.02319122803064,
      -9.639750332438837
     ],
     [
      -47.24518896128488,
      -8.718484175874517
     ],
     [
      -46.46806288250802,
      -7.796902062972349
     ],
     [
      -45.69171173980622,
      -6.875040854950532
     ],
     [
      -44.91603556242647,
      -5.952936822850864
     ],
     [
      -44.14093549606978,
      -5.030625725836125
     ],
     [
      -43.366313639752434,
      -4.108142887760148
     ],
     [
      -42.5920728840335,
      -3.185523272267188
     ],
     [
      -41.81811675040735,
      -2.262801556673151
     ],
     [
      -41.04434923164438,
      -1.3400122048777887
     ],
     [
      -40.270674632851126,
      -0.417189539554276
     ],
     [
      -39.496997413012366,
      0.5056321861395733
     ],
     [
      -38.72322202677231,
      1.4284187170856222
     ],
     [
      -37.94925276620894,
      2.351135724723081
     ],
     [
      -37.174993602355954,
      3.273748735317345
     ],
     [
      -36.400348026229516,
      4.1962230577371225
     ],
     [
      -35.62521888912272,
      5.118523710495444
     ],
     [
      -34.84950824193975,
      6.040615347808096
     ],
     [
      -34.0731171733534,
      6.962462184420119
     ],
     [
      -33.295945646585935,
      7.884027918947602
     ],
     [
      -32.51789233463243,
      8.805275655478034
     ],
     [
      -31.738854453770465,
      9.72616782316775
     ],
     [
      -30.95872759522925,
      10.646666093570115
     ],
     [
      -30.177405554926644,
      11.566731295422688
     ],
     [
      -29.394780161224755,
      12.48632332661593
     ],
     [
      -28.61074110070447,
      13.405401063060204
     ],
     [
      -27.825175742018196,
      14.323922264162416
     ],
     [
      -27.037968957949033,
      15.241843474617792
     ],
     [
      -26.249002945885323,
      16.15911992221782
     ],
     [
      -25.458157047014012,
      17.075705411370997
     ],
     [
      -24.665307564645527,
      17.991552212030268
     ],
     [
      -23.870327582210656,
      18.906610943719727
     ],
     [
      -23.07308678161685,
      19.820830454353935
     ],
     [
      -22.273451262821858,
      20.73415769354668
     ],
     [
      -21.471283365678218,
      21.646537580113236
     ],
     [
      -20.66644149532761,
      22.55791286348092
     ],
     [
      -19.858779952681438,
      23.468223978739786
     ],
     [
      -19.04814877181883,
      24.377408895087704
     ],
     [
      -18.234393566468196,
      25.285402957454806
     ],
     [
      -17.41735538811906,
      26.1921387211322
     ],
     [
      -16.596870598740843,
      27.097545779280516
     ],
     [
      -15.772770761569799,
      28.001550583257746
     ],
     [
      -14.944882553968267,
      28.904076255785256
     ],
     [
      -14.113027706966356,
      29.805042397067627
     ],
     [
      -13.277022976768793,
      30.70436488410019
     ],
     [
      -12.43668015425077,
      31.601955663540217
     ],
     [
      -11.591806119278779,
      32.49772253868715
     ],
     [
      -10.742202947573293,
      33.391568951318796
     ],
     [
      -9.887668078777878,
      34.28339375936689
     ],
     [
      -9.027994555405359,
      35.173091011692556
     ],
     [
      -8.16297134338587,
      36.0605497215431
     ],
     [
      -7.292383746024811,
      36.945653640641936
     ],
     [
      -6.416013924267732,
      37.82828103628623
     ],
     [
      -5.533641537228278,
      38.70830447430643
     ],
     [
      -4.645044517921606,
      39.58559061128116
     ],
     [
      -3.75,
      40.46
     ]
    ]
   },
   "properties": {
    "pair": "Brazilian\u2013Spanish",
    "cuisine_a": "Brazilian",
    "cuisine_b": "Spanish",
    "residual": 0.0696,
    "distance_km": 7851.0,
    "is_long_distance": "long-distance"
   }
  },
  {
   "type": "Feature",
   "geometry": {
    "type": "MultiLineString",
    "coordinates": [
     [
      [
       121.77000000000001,
       12.88
      ],
      [
       123.94060571322416,
       13.592458469363985
      ],
      [
       126.1157734157322,
       14.303665900300695
      ],
      [
       128.29618232537766,
       15.013431811216435
      ],
      [
       130.48255150877077,
       15.721552898553819
      ],
      [
       132.67564583642144,
       16.42781093619626
      ],
      [
       134.8762824242569,
       17.13197043112377
      ],
      [
       137.0853376068584,
       17.83377599392299
      ],
      [
       139.3037544790696,
       18.53294937753112
      ],
      [
       141.53255102792912,
       19.22918613190424
      ],
      [
       143.77282885348686,
       19.922151816317275
      ],
      [
       146.02578244131587,
       20.61147770503486
      ],
      [
       148.2927088964601,
       21.296755916658704
      ],
      [
       150.57501797153273,
       21.977533893388276
      ],
      [
       152.8742421119848,
       22.65330815500943
      ],
      [
       155.19204608800476,
       23.323517255577073
      ],
      [
       157.53023557112368,
       23.987533881310874
      ],
      [
       159.8907637277585,
       24.644656050227642
      ],
      [
       162.27573452314502,
       25.294097413147398
      ],
      [
       164.68740093938038,
       25.934976719600172
      ],
      [
       167.12815569787563,
       26.566306610826118
      ],
      [
       169.60051134088718,
       27.186982047874437
      ],
      [
       172.10706569969003,
       27.795768889879284
      ],
      [
       174.65044794159232,
       28.39129341985941
      ],
      [
       177.23323971243812,
       28.972033982472567
      ],
      [
       179.85786566707318,
       29.536316347836323
      ],
      [
       180,
       29.56539738152219
      ]
     ],
     [
      [
       -180,
       29.56539738152219
      ],
      [
       -177.47355164347343,
       30.082314921773193
      ],
      [
       -174.75937537259378,
       30.6080624193537
      ],
      [
       -171.99867491559894,
       31.111470980589395
      ],
      [
       -169.19147465438465,
       31.590367739204396
      ],
      [
       -166.33901216810912,
       32.04254730113844
      ],
      [
       -163.44397536934838,
       32.465842183626286
      ],
      [
       -160.5106771097606,
       32.85820984707504
      ],
      [
       -157.54512012465128,
       33.21783162772216
      ],
      [
       -154.5549098115797,
       33.54321518060084
      ],
      [
       -151.54899075116393,
       33.833288953320675
      ],
      [
       -148.53721410073535,
       34.08747594361682
      ],
      [
       -145.52977988141276,
       34.30573549776524
      ],
      [
       -142.53662892266757,
       34.4885663109563
      ],
      [
       -139.56687232449377,
       34.63697012617628
      ],
      [
       -136.62833649985186,
       34.75238211028453
      ],
      [
       -133.72727311155762,
       34.83657866572733
      ],
      [
       -130.86824643344042,
       34.891575391143355
      ],
      [
       -128.05417799408798,
       34.91952700417141
      ],
      [
       -125.28650783178368,
       34.92263814552144
      ],
      [
       -122.56542515004514,
       34.90309030391394
      ],
      [
       -119.8901256145969,
       34.86298667598275
      ],
      [
       -117.25906297682242,
       34.80431420575351
      ],
      [
       -114.67017458992504,
       34.72892049703348
      ],
      [
       -112.12107076331415,
       34.63850262654662
      ],
      [
       -109.60918551897856,
       34.534604847543385
      ],
      [
       -107.13189109529186,
       34.4186225004979
      ],
      [
       -104.68658101559635,
       34.291809933503146
      ],
      [
       -102.27072739845622,
       34.1552907452014
      ],
      [
       -99.88191806408918,
       34.01006912363964
      ],
      [
       -97.5178783612804,
       33.85704143441623
      ],
      [
       -95.17648181435004,
       33.69700750598838
      ],
      [
       -92.85575285446703,
       33.53068127746721
      ],
      [
       -90.55386414738956,
       33.35870062826403
      ],
      [
       -88.26913039745111,
       33.18163631381517
      ],
      [
       -86.0,
       33.0
      ]
     ]
    ]
   },
   "properties": {
    "pair": "Filipino\u2013Southern US",
    "cuisine_a": "Filipino",
    "cuisine_b": "Southern US",
    "residual": 0.0648,
    "distance_km": 14123.0,
    "is_long_distance": "long-distance"
   }
  },
  {
   "type": "Feature",
   "geometry": {
    "type": "LineString",
    "coordinates": [
     [
      -51.93,
      -14.24
     ],
     [
      -49.2367586072434,
      -13.85995767238324
     ],
     [
      -46.54425063600331,
      -13.47203949396936
     ],
     [
      -43.852655704527095,
      -13.07633404252915
     ],
     [
      -41.16214405066674,
      -12.672949555159587
     ],
     [
      -38.472874871881366,
      -12.262013339233
     ],
     [
      -35.78499482131183,
      -11.84367109579121
     ],
     [
      -33.09863667660648,
      -11.418086166423597
     ],
     [
      -30.413918194099423,
      -10.985438715497365
     ],
     [
      -27.73094115678932,
      -10.54592486011181
     ],
     [
      -25.04979062048526,
      -10.099755760329902
     ],
     [
      -22.3705343586116,
      -9.647156682115149
     ],
     [
      -19.69322250260891,
      -9.188366044993842
     ],
     [
      -17.017887371724985,
      -8.72363446580583
     ],
     [
      -14.344543483320939,
      -8.25322380903843
     ],
     [
      -11.673187732662718,
      -7.777406253199828
     ],
     [
      -9.003799729540713,
      -7.296463381523026
     ],
     [
      -6.336342277949981,
      -6.810685304040088
     ],
     [
      -3.6707619844447033,
      -6.320369816769265
     ],
     [
      -1.0069899806078888,
      -5.825821602449262
     ],
     [
      1.6550572547027422,
      -5.327351475966506
     ],
     [
      4.3154769871200545,
      -4.825275676379294
     ],
     [
      6.9743792455160305,
      -4.319915206266483
     ],
     [
      9.631885779688888,
      -3.8115952180349946
     ],
     [
      12.288128967794826,
      -3.300644445819234
     ],
     [
      14.943250683105017,
      -2.787394680704364
     ],
     [
      17.597401128423805,
      -2.2721802862067104
     ],
     [
      20.25073764529029,
      -1.7553377502488077
     ],
     [
      22.90342350394225,
      -1.2372052692722182
     ],
     [
      25.555626678988396,
      -0.7181223596346444
     ],
     [
      28.207518614837973,
      -0.19842949103550894
     ],
     [
      30.859272984203493,
      0.3215322635984998
     ],
     [
      33.51106444243734,
      0.8414215675628709
     ],
     [
      36.16306738010194,
      1.3608971550983076
     ],
     [
      38.81545467601143,
      1.8796181673887715
     ],
     [
      41.468396453027324,
      2.3972444958191077
     ],
     [
      44.12205883913636,
      2.9134371383797695
     ],
     [
      46.776602736784355,
      3.42785857492785
     ],
     [
      49.43218260407173,
      3.940173166750828
     ],
     [
      52.08894525222237,
      4.450047585529392
     ],
     [
      54.747028664694504,
      4.9571512763536125
     ],
     [
      57.40656084438712,
      5.461156958909368
     ],
     [
      60.06765869657204,
      5.9617411703144905
     ],
     [
      62.73042695641607,
      6.4585848523451705
     ],
     [
      65.39495717119813,
      6.951373984950355
     ],
     [
      68.06132674852927,
      7.439800267008159
     ],
     [
      70.72959808298114,
      7.923561844236497
     ],
     [
      73.39981777447025,
      8.402364083040386
     ],
     [
      76.07201595245557,
      8.875920387871854
     ],
     [
      78.74620572042555,
      9.343953058413808
     ],
     [
      81.42238273521232,
      9.806194181599217
     ],
     [
      84.10052493531339,
      10.262386552168895
     ],
     [
      86.78059243157983,
      10.712284614189318
     ],
     [
      89.46252757230087,
      11.155655414731775
     ],
     [
      92.1462551928645,
      11.592279559797879
     ],
     [
      94.831683057797,
      12.021952161604919
     ],
     [
      97.5187025001087,
      12.444483765560918
     ],
     [
      100.20718925954452,
      12.859701244703626
     ],
     [
      102.89700451763653,
      13.267448649086269
     ],
     [
      105.58799612347667,
      13.667587997594929
     ],
     [
      108.28,
      14.06
     ]
    ]
   },
   "properties": {
    "pair": "Brazilian\u2013Vietnamese",
    "cuisine_a": "Brazilian",
    "cuisine_b": "Vietnamese",
    "residual": 0.0574,
    "distance_km": 17882.0,
    "is_long_distance": "long-distance"
   }
  },
  {
   "type": "Feature",
   "geometry": {
    "type": "LineString",
    "coordinates": [
     [
      -86.0,
      33.0
     ],
     [
      -84.70353874054153,
      33.23692040469971
     ],
     [
      -83.40351025999554,
      33.4714937874433
     ],
     [
      -82.09985101445218,
      33.70363761566154
     ],
     [
      -80.79250141168492,
      33.93326766222009
     ],
     [
      -79.48140629959082,
      34.16029806339459
     ],
     [
      -78.16651548117343,
      34.38464139077831
     ],
     [
      -76.84778425451852,
      34.60620873817979
     ],
     [
      -75.52517397564682,
      34.82490982454941
     ],
     [
      -74.19865264150071,
      35.04065311393639
     ],
     [
      -72.86819548964027,
      35.25334595341756
     ],
     [
      -71.53378561049144,
      35.462894729854774
     ],
     [
      -70.19541456721657,
      35.66920504622631
     ],
     [
      -68.85308301747456,
      35.87218191813552
     ],
     [
      -67.50680133052226,
      36.07172999092721
     ],
     [
      -66.15659019229787,
      36.267753777636
     ],
     [
      -64.80248119034323,
      36.460157917750855
     ],
     [
      -63.44451736969333,
      36.64884745650689
     ],
     [
      -62.08275375021374,
      36.833728144109955
     ],
     [
      -60.7172577953357,
      37.014706753963814
     ],
     [
      -59.34810982175334,
      37.19169141860884
     ],
     [
      -57.97540333944642,
      37.36459198169891
     ],
     [
      -56.59924531140336,
      37.53332036394737
     ],
     [
      -55.21975632267832,
      37.69779094057179
     ],
     [
      -53.8370706489447,
      37.85792092736969
     ],
     [
      -52.45133621552863,
      38.01363077217578
     ],
     [
      -51.06271443902946,
      38.164844548096056
     ],
     [
      -49.67137994506257,
      38.311490344599335
     ],
     [
      -48.2775201573818,
      38.453500652283864
     ],
     [
      -46.88133475563277,
      38.5908127369391
     ],
     [
      -45.4830350012171,
      38.72336899840151
     ],
     [
      -44.082842933161444,
      38.851117309668155
     ],
     [
      -42.680990438424494,
      38.974011331791175
     ],
     [
      -41.27771820366438,
      39.092010800234554
     ],
     [
      -39.87327455805177,
      39.205081778634394
     ],
     [
      -38.46791421916249,
      39.31319687626299
     ],
     [
      -37.061896956235,
      39.41633542595069
     ],
     [
      -35.655486187048425,
      39.51448361975884
     ],
     [
      -34.248947526293726,
      39.607634600308856
     ],
     [
      -32.84254730450954,
      39.695788506342836
     ],
     [
      -31.43655107739012,
      39.778952471800416
     ],
     [
      -30.03122214551395,
      39.85714057842639
     ],
     [
      -28.62682010428031,
      39.930373762652955
     ],
     [
      -27.223599443086773,
      39.998679678208795
     ],
     [
      -25.821808211563404,
      40.06209251657512
     ],
     [
      -24.42168676904774,
      40.120652788018525
     ],
     [
      -23.02346663150144,
      40.17440706646608
     ],
     [
      -21.627369427808702,
      40.22340770193866
     ],
     [
      -20.233605974941526,
      40.26771250461329
     ],
     [
      -18.842375478912142,
      40.307384404841486
     ],
     [
      -17.45386486584309,
      40.34249109360462
     ],
     [
      -16.068248244950812,
      40.37310464794288
     ],
     [
      -14.68568650283045,
      40.3993011458558
     ],
     [
      -13.30632702620933,
      40.42116027504784
     ],
     [
      -11.930303548352867,
      40.43876493969196
     ],
     [
      -10.557736112595954,
      40.45220086911935
     ],
     [
      -9.188731145056412,
      40.46155623202621
     ],
     [
      -7.82338162747594,
      40.466921259432695
     ],
     [
      -6.461767360324567,
      40.468387879245974
     ],
     [
      -5.103955305786846,
      40.466049364882146
     ],
     [
      -3.75,
      40.46
     ]
    ]
   },
   "properties": {
    "pair": "Southern US\u2013Spanish",
    "cuisine_a": "Southern US",
    "cuisine_b": "Spanish",
    "residual": 0.0573,
    "distance_km": 7109.0,
    "is_long_distance": "long-distance"
   }
  },
  {
   "type": "Feature",
   "geometry": {
    "type": "MultiLineString",
    "coordinates": [
     [
      [
       78.96,
       20.589999999999996
      ],
      [
       81.21235845360867,
       21.193304086423396
      ],
      [
       83.46543550670313,
       21.796596527625674
      ],
      [
       85.71934039031838,
       22.39987555317205
      ],
      [
       87.97419610547179,
       23.003139169339175
      ],
      [
       90.2301423365501,
       23.606385111854056
      ],
      [
       92.487339044291,
       24.209610787601548
      ],
      [
       94.74597094226941,
       24.812813201988405
      ],
      [
       97.00625313198856,
       25.415988867494306
      ],
      [
       99.26843827239486,
       26.019133687302514
      ],
      [
       101.53282580408538,
       26.62224280555283
      ],
      [
       103.79977395875906,
       27.22531041233766
      ],
      [
       106.06971559562268,
       27.82832948649596
      ],
      [
       108.343179375213,
       28.43129145162459
      ],
      [
       110.62081850129047,
       29.03418570898883
      ],
      [
       112.90345039227441,
       29.63699899257152
      ],
      [
       115.19211246251129,
       30.23971446181376
      ],
      [
       117.48814219868507,
       30.842310398507617
      ],
      [
       119.79329483323502,
       31.44475829061846
      ],
      [
       122.10992092986068,
       32.047019938200776
      ],
      [
       124.44124270082165,
       32.64904294581302
      ],
      [
       126.79179947499091,
       33.25075344635795
      ],
      [
       129.16819645001607,
       33.85204385100494
      ],
      [
       131.5804274094135,
       34.45275116099472
      ],
      [
       134.04435686287647,
       35.052616144734245
      ],
      [
       136.58674013317085,
       35.651200410768936
      ],
      [
       139.2563918466277,
       36.24770067119428
      ],
      [
       142.15235001706793,
       36.840475104113445
      ],
      [
       145.50814657151858,
       37.42559602928488
      ],
      [
       150.0121019615363,
       37.991069720909934
      ],
      [
       158.38379691341783,
       38.48261290114015
      ],
      [
       175.89657542735065,
       38.620794859058556
      ],
      [
       180,
       38.49621072332434
      ]
     ],
     [
      [
       -180,
       38.49621072332434
      ],
      [
       -172.73887855434808,
       38.27575570489965
      ],
      [
       -167.4272951983169,
       37.80062712329136
      ],
      [
       -163.7985283172294,
       37.29610491433132
      ],
      [
       -160.78240516751003,
       36.781319565665854
      ],
      [
       -158.05005610872615,
       36.26184892918719
      ],
      [
       -155.47102641386465,
       35.73986392508221
      ],
      [
       -152.9838848324583,
       35.216377556307506
      ],
      [
       -150.55604790787478,
       34.69192437999045
      ],
      [
       -148.16866613442366,
       34.166812656216365
      ],
      [
       -145.81009121850659,
       33.641232476387756
      ],
      [
       -143.472741912245,
       33.11530737808592
      ],
      [
       -141.1514732996235,
       32.58912110835972
      ],
      [
       -138.84267146580646,
       32.062732445664324
      ],
      [
       -136.5437234837779,
       31.536183861439078
      ],
      [
       -134.2526930898504,
       31.009506812958982
      ],
      [
       -131.96811464971694,
       30.482725102104446
      ],
      [
       -129.68885799748637,
       29.955857076866582
      ],
      [
       -127.41403726193045,
       29.42891711535531
      ],
      [
       -125.14294784386514,
       28.901916651013835
      ],
      [
       -122.87502190167004,
       28.374864896409743
      ],
      [
       -120.60979629858329,
       27.84776936419314
      ],
      [
       -118.3468891207173,
       27.3206362486238
      ],
      [
       -116.08598220286987,
       26.793470709402925
      ],
      [
       -113.82680793832095,
       26.266277085866534
      ],
      [
       -111.56913919101648,
       25.739059060763772
      ],
      [
       -109.31278148611173,
       25.21181978702097
      ],
      [
       -107.05756689505003,
       24.68456198698291
      ],
      [
       -104.80334919545867,
       24.157288030952714
      ],
      [
       -102.55000000000001,
       23.63
      ]
     ]
    ]
   },
   "properties": {
    "pair": "Indian\u2013Mexican",
    "cuisine_a": "Indian",
    "cuisine_b": "Mexican",
    "residual": 0.054,
    "distance_km": 15095.0,
    "is_long_distance": "long-distance"
   }
  },
  {
   "type": "Feature",
   "geometry": {
    "type": "LineString",
    "coordinates": [
     [
      104.2,
      35.86
     ],
     [
      104.5094225526032,
      35.482243932135376
     ],
     [
      104.81803819586472,
      35.10422412357383
     ],
     [
      105.12586254359692,
      34.72594641988466
     ],
     [
      105.43291096662185,
      34.3474165382243
     ],
     [
      105.73919859515956,
      33.96864007061231
     ],
     [
      106.04474032138444,
      33.58962248713941
     ],
     [
      106.34955080213194,
      33.21036913910771
     ],
     [
      106.65364446174054,
      32.83088526210361
     ],
     [
      106.95703549501376,
      32.451175979003594
     ],
     [
      107.25973787028859,
      32.07124630291386
     ],
     [
      107.56176533259777,
      31.691101140044104
     ],
     [
      107.86313140691377,
      31.310745292516458
     ],
     [
      108.16384940146374,
      30.930183461110264
     ],
     [
      108.46393241110498,
      30.549420247943686
     ],
     [
      108.76339332075159,
      30.168460159092955
     ],
     [
      109.06224480884364,
      29.787307607150403
     ],
     [
      109.36049935085065,
      29.405966913722157
     ],
     [
      109.65816922280202,
      29.02444231186672
     ],
     [
      109.9552665048375,
      28.642737948475407
     ],
     [
      110.25180308477148,
      28.260857886595744
     ],
     [
      110.54779066166532,
      27.878806107699138
     ],
     [
      110.84324074940233,
      27.49658651389376
     ],
     [
      111.13816468026052,
      27.114202930083923
     ],
     [
      111.43257360847898,
      26.731659106077114
     ],
     [
      111.72647851381367,
      26.34895871863981
     ],
     [
      112.0198902050788,
      25.966105373503293
     ],
     [
      112.31281932367092,
      25.583102607320626
     ],
     [
      112.60527634707238,
      25.199953889575983
     ],
     [
      112.89727159233169,
      24.816662624447382
     ],
     [
      113.18881521951825,
      24.4332321526242
     ],
     [
      113.47991723514949,
      24.049665753080376
     ],
     [
      113.77058749558829,
      23.665966644804566
     ],
     [
      114.0608357104093,
      23.282137988488405
     ],
     [
      114.35067144573236,
      22.898182888173867
     ],
     [
      114.64010412752226,
      22.51410439286088
     ],
     [
      114.92914304485306,
      22.129905498076376
     ],
     [
      115.21779735313692,
      21.74558914740559
     ],
     [
      115.50607607731578,
      21.361158233986956
     ],
     [
      115.79398811501625,
      20.97661560197138
     ],
     [
      116.0815422396661,
      20.591964047947066
     ],
     [
      116.36874710357324,
      20.207206322330823
     ],
     [
      116.65561124096587,
      19.8223451307268
     ],
     [
      116.9421430709944,
      19.437383135253707
     ],
     [
      117.22835090069465,
      19.05232295584139
     ],
     [
      117.5142429279127,
      18.66716717149766
     ],
     [
      117.79982724419135,
      18.2819183215464
     ],
     [
      118.08511183761838,
      17.89657890683768
     ],
     [
      118.370104595637,
      17.511151390930902
     ],
     [
      118.6548133078187,
      17.125638201251704
     ],
     [
      118.93924566859916,
      16.74004173022353
     ],
     [
      119.22340927997729,
      16.354364336374708
     ],
     [
      119.50731165417812,
      15.96860834542168
     ],
     [
      119.79096021628018,
      15.582776051329422
     ],
     [
      120.07436230680781,
      15.196869717349566
     ],
     [
      120.35752518428882,
      14.810891577037161
     ],
     [
      120.64045602777875,
      14.424843835246696
     ],
     [
      120.92316193935176,
      14.03872866910817
     ],
     [
      121.20564994655922,
      13.652548228983875
     ],
     [
      121.4879270048567,
      13.26630463940662
     ],
     [
      121.77000000000001,
      12.880000000000003
     ]
    ]
   },
   "properties": {
    "pair": "Chinese\u2013Filipino",
    "cuisine_a": "Chinese",
    "cuisine_b": "Filipino",
    "residual": 0.0518,
    "distance_km": 3102.0,
    "is_long_distance": "regional"
   }
  },
  {
   "type": "Feature",
   "geometry": {
    "type": "LineString",
    "coordinates": [
     [
      2.21,
      46.23
     ],
     [
      2.1082098358914916,
      46.13450833705286
     ],
     [
      2.006512207197554,
      46.03899078583931
     ],
     [
      1.9049066009914732,
      45.94344751824021
     ],
     [
      1.8033925067899106,
      45.847878704889105
     ],
     [
      1.70196941655227,
      45.752284515181515
     ],
     [
      1.600636824679742,
      45.65666511728432
     ],
     [
      1.499394228014027,
      45.56102067814493
     ],
     [
      1.3982411258357488,
      45.46535136350052
     ],
     [
      1.2971770198625596,
      45.36965733788717
     ],
     [
      1.196201414246961,
      45.27393876464896
     ],
     [
      1.0953138155738247,
      45.17819580594703
     ],
     [
      0.9945137328576459,
      45.08242862276855
     ],
     [
      0.8938006775395151,
      44.98663737493568
     ],
     [
      0.7931741634838324,
      44.89082222111446
     ],
     [
      0.6926337069747597,
      44.794983318823675
     ],
     [
      0.5921788267124253,
      44.699120824443575
     ],
     [
      0.49180904380888496,
      44.603234893224666
     ],
     [
      0.391523881783846,
      44.5073256792964
     ],
     [
      0.2913228665601618,
      44.41139333567579
     ],
     [
      0.19120552645910308,
      44.315438014275955
     ],
     [
      0.09117139219541334,
      44.219459865914715
     ],
     [
      -0.008780003127847973,
      44.12345904032302
     ],
     [
      -0.10864912402466381,
      44.027435686153346
     ],
     [
      -0.20843643263161804,
      43.93138995098814
     ],
     [
      -0.3081423887136475,
      43.835321981348066
     ],
     [
      -0.4077674496699757,
      43.73923192270027
     ],
     [
      -0.5073120705402328,
      43.643119919466656
     ],
     [
      -0.6067767040107475,
      43.54698611503195
     ],
     [
      -0.7061618004210085,
      43.45083065175186
     ],
     [
      -0.8054678077702936,
      43.354653670961085
     ],
     [
      -0.9046951717244529,
      43.25845531298139
     ],
     [
      -1.0038443356228492,
      43.16223571712943
     ],
     [
      -1.1029157404854506,
      43.06599502172474
     ],
     [
      -1.2019098250200575,
      42.96973336409751
     ],
     [
      -1.3008270256296801,
      42.873450880596394
     ],
     [
      -1.3996677764200414,
      42.77714770659628
     ],
     [
      -1.4984325092072168,
      42.680823976505856
     ],
     [
      -1.5971216535253947,
      42.58447982377535
     ],
     [
      -1.6957356366347616,
      42.48811538090405
     ],
     [
      -1.7942748835294977,
      42.39173077944781
     ],
     [
      -1.8927398169458969,
      42.29532615002656
     ],
     [
      -1.9911308573705795,
      42.198901622331704
     ],
     [
      -2.0894484230488235,
      42.10245732513345
     ],
     [
      -2.187692929992986,
      42.00599338628817
     ],
     [
      -2.2858647919910298,
      41.90950993274562
     ],
     [
      -2.3839644206151336,
      41.81300709055619
     ],
     [
      -2.481992225230398,
      41.71648498487801
     ],
     [
      -2.5799486130036358,
      41.61994373998409
     ],
     [
      -2.6778339889122416,
      41.52338347926937
     ],
     [
      -2.7756487557531426,
      41.42680432525768
     ],
     [
      -2.873393314151822,
      41.330206399608755
     ],
     [
      -2.9710680625714176,
      41.23358982312512
     ],
     [
      -3.068673397321884,
      41.13695471575886
     ],
     [
      -3.166209712569225,
      41.04030119661856
     ],
     [
      -3.263677400344788,
      40.94362938397592
     ],
     [
      -3.361076850554614,
      40.846939395272535
     ],
     [
      -3.458408450988845,
      40.75023134712652
     ],
     [
      -3.5556725873311894,
      40.653505355339135
     ],
     [
      -3.652869643168432,
      40.55676153490127
     ],
     [
      -3.75,
      40.46
     ]
    ]
   },
   "properties": {
    "pair": "French\u2013Spanish",
    "cuisine_a": "French",
    "cuisine_b": "Spanish",
    "residual": 0.0511,
    "distance_km": 802.0,
    "is_long_distance": "regional"
   }
  },
  {
   "type": "Feature",
   "geometry": {
    "type": "LineString",
    "coordinates": [
     [
      21.82,
      39.07
     ],
     [
      21.667433374091534,
      39.118133956989055
     ],
     [
      21.514811705883204,
      39.16622120703864
     ],
     [
      21.362135007548417,
      39.21426159324412
     ],
     [
      21.209403293173953,
      39.262254958641414
     ],
     [
      21.056616578773898,
      39.310201146212336
     ],
     [
      20.903774882303484,
      39.35809999889007
     ],
     [
      20.750878223672913,
      39.405951359564575
     ],
     [
      20.597926624761108,
      39.45375507108823
     ],
     [
      20.44492010942946,
      39.50151097628133
     ],
     [
      20.291858703535464,
      39.549218917937814
     ],
     [
      20.138742434946373,
      39.59687873883091
     ],
     [
      19.985571333552713,
      39.64449028171898
     ],
     [
      19.832345431281826,
      39.69205338935126
     ],
     [
      19.67906476211128,
      39.73956790447379
     ],
     [
      19.525729362082256,
      39.78703366983532
     ],
     [
      19.372339269312846,
      39.83445052819335
     ],
     [
      19.218894524011297,
      39.88181832232011
     ],
     [
      19.065395168489175,
      39.929136895008696
     ],
     [
      18.91184124717444,
      39.976406089079234
     ],
     [
      18.758232806624466,
      40.02362574738508
     ],
     [
      18.60456989553896,
      40.0707957128191
     ],
     [
      18.450852564772802,
      40.11791582831997
     ],
     [
      18.29708086734881,
      40.1649859368786
     ],
     [
      18.143254858470385,
      40.21200588154452
     ],
     [
      17.989374595534095,
      40.258975505432396
     ],
     [
      17.835440138142133,
      40.30589465172857
     ],
     [
      17.681451548114687,
      40.35276316369766
     ],
     [
      17.52740888950223,
      40.39958088468919
     ],
     [
      17.37331222859764,
      40.44634765814433
     ],
     [
      17.219161633948296,
      40.493063327602634
     ],
     [
      17.06495717636799,
      40.53972773670885
     ],
     [
      16.910698928948754,
      40.586340729219785
     ],
     [
      16.75638696707257,
      40.63290214901125
     ],
     [
      16.602021368422932,
      40.679411840084995
     ],
     [
      16.44760221299633,
      40.725869646575745
     ],
     [
      16.293129583113572,
      40.772275412758276
     ],
     [
      16.13860356343094,
      40.818628983054545
     ],
     [
      15.984024240951307,
      40.86493020204086
     ],
     [
      15.829391705035013,
      40.91117891445511
     ],
     [
      15.674706047410666,
      40.957374965204025
     ],
     [
      15.51996736218576,
      41.003518199370546
     ],
     [
      15.365175745857178,
      41.04960846222115
     ],
     [
      15.210331297321506,
      41.09564559921331
     ],
     [
      15.05543411788522,
      41.14162945600297
     ],
     [
      14.900484311274703,
      41.187559878452035
     ],
     [
      14.745481983646096,
      41.23343671263597
     ],
     [
      14.590427243594991,
      41.27925980485143
     ],
     [
      14.435320202165958,
      41.32502900162387
     ],
     [
      14.280160972861886,
      41.370744149715314
     ],
     [
      14.124949671653155,
      41.41640509613207
     ],
     [
      13.969686416986644,
      41.46201168813254
     ],
     [
      13.814371329794518,
      41.50756377323508
     ],
     [
      13.659004533502891,
      41.55306119922588
     ],
     [
      13.503586154040221,
      41.59850381416687
     ],
     [
      13.34811631984558,
      41.64389146640373
     ],
     [
      13.192595161876698,
      41.6892240045739
     ],
     [
      13.037022813617805,
      41.734501277614626
     ],
     [
      12.881399411087276,
      41.77972313477104
     ],
     [
      12.725725092845082,
      41.82488942560436
     ],
     [
      12.57,
      41.87
     ]
    ]
   },
   "properties": {
    "pair": "Greek\u2013Italian",
    "cuisine_a": "Greek",
    "cuisine_b": "Italian",
    "residual": 0.0414,
    "distance_km": 842.0,
    "is_long_distance": "regional"
   }
  },
  {
   "type": "Feature",
   "geometry": {
    "type": "LineString",
    "coordinates": [
     [
      104.2,
      35.86
     ],
     [
      104.1437433379113,
      35.527009550351956
     ],
     [
      104.08761980369717,
      35.19401057990515
     ],
     [
      104.03162670500264,
      34.86100326182981
     ],
     [
      103.97576140977455,
      34.52798776538534
     ],
     [
      103.9200213444534,
      34.194964256038695
     ],
     [
      103.86440399222724,
      33.861932895578434
     ],
     [
      103.80890689134513,
      33.52889384222503
     ],
     [
      103.75352763348782,
      33.19584725073732
     ],
     [
      103.6982638621933,
      32.86279327251532
     ],
     [
      103.6431132713351,
      32.52973205569956
     ],
     [
      103.58807360365131,
      32.196663745267145
     ],
     [
      103.53314264932206,
      31.863588483124502
     ],
     [
      103.478318244594,
      31.530506408197123
     ],
     [
      103.42359827044967,
      31.19741765651631
     ],
     [
      103.36898065131994,
      30.86432236130308
     ],
     [
      103.31446335383814,
      30.531220653049367
     ],
     [
      103.26004438563413,
      30.19811265959652
     ],
     [
      103.20572179416676,
      29.864998506211368
     ],
     [
      103.15149366559329,
      29.531878315659775
     ],
     [
      103.09735812367444,
      29.198752208277902
     ],
     [
      103.04331332871362,
      28.865620302041204
     ],
     [
      102.9893574765292,
      28.532482712631275
     ],
     [
      102.93548879745828,
      28.199339553500593
     ],
     [
      102.88170555539133,
      27.866190935935272
     ],
     [
      102.828006046836,
      27.533036969115894
     ],
     [
      102.7743886000093,
      27.19987776017644
     ],
     [
      102.72085157395712,
      26.866713414261525
     ],
     [
      102.6673933577,
      26.533544034581784
     ],
     [
      102.6140123694043,
      26.20036972246772
     ],
     [
      102.56070705557765,
      25.867190577421873
     ],
     [
      102.50747589028802,
      25.534006697169467
     ],
     [
      102.45431737440549,
      25.200818177707617
     ],
     [
      102.40123003486579,
      24.867625113353043
     ],
     [
      102.34821242395509,
      24.534427596788436
     ],
     [
      102.29526311861484,
      24.201225719107484
     ],
     [
      102.24238071976652,
      23.868019569858667
     ],
     [
      102.18956385165514,
      23.534809237087714
     ],
     [
      102.13681116121097,
      23.20159480737898
     ],
     [
      102.08412131742892,
      22.868376365895603
     ],
     [
      102.03149301076488,
      22.535153996418558
     ],
     [
      101.97892495254844,
      22.20192778138468
     ],
     [
      101.92641587441146,
      21.86869780192363
     ],
     [
      101.87396452773177,
      21.535464137893857
     ],
     [
      101.82156968309175,
      21.202226867917616
     ],
     [
      101.76923012975107,
      20.86898606941508
     ],
     [
      101.71694467513304,
      20.535741818637476
     ],
     [
      101.6647121443243,
      20.20249419069949
     ],
     [
      101.61253137958735,
      19.86924325961069
     ],
     [
      101.56040123988531,
      19.53598909830629
     ],
     [
      101.50832060041851,
      19.202731778677016
     ],
     [
      101.45628835217288,
      18.869471371598316
     ],
     [
      101.40430340147911,
      18.536207946958783
     ],
     [
      101.35236466958273,
      18.202941573687905
     ],
     [
      101.30047109222443,
      17.86967231978318
     ],
     [
      101.24862161923045,
      17.536400252336502
     ],
     [
      101.19681521411255,
      17.203125437559972
     ],
     [
      101.14505085367733,
      16.86984794081112
     ],
     [
      101.09332752764445,
      16.536567826617496
     ],
     [
      101.04164423827362,
      16.203285158700723
     ],
     [
      100.99,
      15.869999999999997
     ]
    ]
   },
   "properties": {
    "pair": "Chinese\u2013Thai",
    "cuisine_a": "Chinese",
    "cuisine_b": "Thai",
    "residual": 0.0385,
    "distance_km": 2245.0,
    "is_long_distance": "regional"
   }
  },
  {
   "type": "Feature",
   "geometry": {
    "type": "LineString",
    "coordinates": [
     [
      12.57,
      41.87
     ],
     [
      12.296927640820737,
      41.851295024610295
     ],
     [
      12.023865330313185,
      41.83242452952996
     ],
     [
      11.75081449491028,
      41.81338856950063
     ],
     [
      11.47777655902978,
      41.79418720650983
     ],
     [
      11.204752944825668,
      41.77482050977819
     ],
     [
      10.931745071940492,
      41.7552885557454
     ],
     [
      10.658754357258765,
      41.73559142805458
     ],
     [
      10.385782214661486,
      41.7157292175353
     ],
     [
      10.11283005478191,
      41.695702022185024
     ],
     [
      9.839899284762675,
      41.675509947149266
     ],
     [
      9.566991308014344,
      41.65515310470021
     ],
     [
      9.294107523975512,
      41.634631614214
     ],
     [
      9.02124932787451,
      41.61394560214652
     ],
     [
      8.748418110492874,
      41.59309520200796
     ],
     [
      8.475615257930603,
      41.57208055433578
     ],
     [
      8.202842151373344,
      41.55090180666648
     ],
     [
      7.930100166861587,
      41.529559113505954
     ],
     [
      7.657390675061919,
      41.508052636298515
     ],
     [
      7.384715041040492,
      41.48638254339458
     ],
     [
      7.112074624038732,
      41.46454901001704
     ],
     [
      6.839470777251405,
      41.4425522182264
     ],
     [
      6.566904847607101,
      41.420392356884584
     ],
     [
      6.294378175551245,
      41.398069621617466
     ],
     [
      6.021892094831678,
      41.37558421477623
     ],
     [
      5.749447932286915,
      41.35293634539745
     ],
     [
      5.4770470076371325,
      41.330126229161976
     ],
     [
      5.204690633277973,
      41.30715408835263
     ],
     [
      4.932380114077232,
      41.28402015181077
     ],
     [
      4.6601167471744915,
      41.260724654891675
     ],
     [
      4.38790182178377,
      41.2372678394188
     ],
     [
      4.115736618999256,
      41.21364995363692
     ],
     [
      3.8436224116041844,
      41.189871252164245
     ],
     [
      3.5715604638829097,
      41.1659319959434
     ],
     [
      3.2995520314362485,
      41.141832452191444
     ],
     [
      3.027598361000117,
      41.11757289434875
     ],
     [
      2.7557006902675734,
      41.093153602027
     ],
     [
      2.4838602477142273,
      41.068574860956204
     ],
     [
      2.212078252427165,
      41.04383696293067
     ],
     [
      1.9403559139373527,
      41.01894020575417
     ],
     [
      1.668694432055616,
      40.993884893184116
     ],
     [
      1.397094996712194,
      40.96867133487489
     ],
     [
      1.1255587877999664,
      40.943299846320315
     ],
     [
      0.8540869750213003,
      40.91777074879532
     ],
     [
      0.582680717738653,
      40.892084369296796
     ],
     [
      0.3113411648288782,
      40.86624104048358
     ],
     [
      0.04006945454131437,
      40.84024110061585
     ],
     [
      -0.2311332856403409,
      40.81408489349364
     ],
     [
      -0.5022659391323371,
      40.78777276839476
     ],
     [
      -0.7733274003813336,
      40.761305080011944
     ],
     [
      -1.0443165749910208,
      40.734682188389435
     ],
     [
      -1.3152323798448327,
      40.707904458858835
     ],
     [
      -1.586073743224812,
      40.68097226197451
     ],
     [
      -1.8568396049265328,
      40.65388597344821
     ],
     [
      -2.1275289163701374,
      40.62664597408337
     ],
     [
      -2.3981406407074326,
      40.599252649708646
     ],
     [
      -2.668673752925084,
      40.57170639111119
     ],
     [
      -2.939127239943842,
      40.544007593969255
     ],
     [
      -3.2095001007138855,
      40.51615665878444
     ],
     [
      -3.4797913463061887,
      40.48815399081356
     ],
     [
      -3.75,
      40.46
     ]
    ]
   },
   "properties": {
    "pair": "Italian\u2013Spanish",
    "cuisine_a": "Italian",
    "cuisine_b": "Spanish",
    "residual": 0.037,
    "distance_km": 1373.0,
    "is_long_distance": "regional"
   }
  },
  {
   "type": "Feature",
   "geometry": {
    "type": "LineString",
    "coordinates": [
     [
      -102.55,
      23.63
     ],
     [
      -101.03596672904594,
      23.908593530535008
     ],
     [
      -99.51836409526742,
      24.184459666646852
     ],
     [
      -97.9970940236191,
      24.45747816253714
     ],
     [
      -96.47206313230575,
      24.727526398448607
     ],
     [
      -94.94318334816602,
      24.99447943924627
     ],
     [
      -93.41037256370858,
      25.25821011515421
     ],
     [
      -91.8735553343223,
      25.518589126575847
     ],
     [
      -90.33266361334287,
      25.775485174927894
     ],
     [
      -88.78763752170966,
      26.02876512138745
     ],
     [
      -87.23842614788978,
      26.278294175380207
     ],
     [
      -85.68498837258844,
      26.523936114520957
     ],
     [
      -84.12729371151656,
      26.765553537547902
     ],
     [
      -82.5653231681672,
      27.00300815156497
     ],
     [
      -80.99907008718282,
      27.23616109461633
     ],
     [
      -79.42854099750964,
      27.46487329425925
     ],
     [
      -77.85375643317116,
      27.689005862374565
     ],
     [
      -76.2747517181944,
      27.908420525955634
     ],
     [
      -74.69157770104569,
      28.12298009304906
     ],
     [
      -73.10430142293418,
      28.332548952387835
     ],
     [
      -71.51300670358532,
      28.53699360456636
     ],
     [
      -69.9177946276383,
      28.736183221868274
     ],
     [
      -68.3187839147458,
      28.929990233086244
     ],
     [
      -66.71611115681202,
      29.118290928885067
     ],
     [
      -65.10993090664752,
      29.300966082477856
     ],
     [
      -63.500415603687664,
      29.477901579632984
     ],
     [
      -61.88775532433866,
      29.64898905133449
     ],
     [
      -60.272157346982326,
      29.814126501808353
     ],
     [
      -58.6538455246679,
      29.973218924130524
     ],
     [
      -57.033059461996636,
      30.126178895276794
     ],
     [
      -55.410053496587025,
      30.272927142285376
     ],
     [
      -53.78509548969281,
      30.41339307120065
     ],
     [
      -52.15846543490471,
      30.547515250666695
     ],
     [
      -50.53045389825368,
      30.67524184245037
     ],
     [
      -48.90136030728859,
      30.796530971796415
     ],
     [
      -47.271491110658154,
      30.911351031342974
     ],
     [
      -45.64115783322548,
      31.019680913338156
     ],
     [
      -44.01067505463277,
      31.121510166071495
     ],
     [
      -42.38035834138954,
      31.216839071734874
     ],
     [
      -40.75052216388027,
      31.305678644316814
     ],
     [
      -39.12147783012021,
      31.38805054756793
     ],
     [
      -37.49353146760758,
      31.463986934508213
     ],
     [
      -35.8669820832524,
      31.533530211332426
     ],
     [
      -34.242119729164855,
      31.596732729864733
     ],
     [
      -32.61922379916197,
      31.653656413879588
     ],
     [
      -30.998561477324404,
      31.704372325608503
     ],
     [
      -29.380386355958983,
      31.748960179568208
     ],
     [
      -27.764937236056074,
      31.787507811457242
     ],
     [
      -26.15243711894179,
      31.82011061026813
     ],
     [
      -24.54309239347199,
      31.846870921951435
     ],
     [
      -22.937092218943327,
      31.86789743295552
     ],
     [
      -21.334608100033847,
      31.883304541766933
     ],
     [
      -19.735793646631162,
      31.89321172621297
     ],
     [
      -18.14078450843688,
      31.897742913784395
     ],
     [
      -16.549698471796134,
      31.897025861620982
     ],
     [
      -14.962635704314156,
      31.891191552103983
     ],
     [
      -13.379679131481044,
      31.88037360924509
     ],
     [
      -11.800894928710537,
      31.864707740279158
     ],
     [
      -10.226333111864529,
      31.84433120608051
     ],
     [
      -8.65602820943244,
      31.819382323252018
     ],
     [
      -7.0900000000000025,
      31.79
     ]
    ]
   },
   "properties": {
    "pair": "Mexican\u2013Moroccan",
    "cuisine_a": "Mexican",
    "cuisine_b": "Moroccan",
    "residual": 0.029,
    "distance_km": 9132.0,
    "is_long_distance": "long-distance"
   }
  },
  {
   "type": "Feature",
   "geometry": {
    "type": "LineString",
    "coordinates": [
     [
      127.77,
      35.91
     ],
     [
      127.30147181654422,
      35.588406017174925
     ],
     [
      126.83389578336912,
      35.26622467991339
     ],
     [
      126.36726280449979,
      34.943466305379985
     ],
     [
      125.90156358041943,
      34.620141088567685
     ],
     [
      125.4367886228016,
      34.296259101515155
     ],
     [
      124.97292826871077,
      33.97183029270222
     ],
     [
      124.50997269427462,
      33.64686448661429
     ],
     [
      124.04791192783206,
      33.32137138346715
     ],
     [
      123.58673586256214,
      32.9953605590834
     ],
     [
      123.1264342686007,
      32.66884146491246
     ],
     [
      122.66699680465209,
      32.34182342818583
     ],
     [
      122.20841302910365,
      32.014315652199926
     ],
     [
      121.75067241065287,
      31.686327216718862
     ],
     [
      121.29376433845597,
      31.357867078489825
     ],
     [
      120.83767813180864,
      31.028944071864032
     ],
     [
      120.38240304936947,
      30.699566909516353
     ],
     [
      119.92792829793697,
      30.369744183257193
     ],
     [
      119.4742430407918,
      30.039484364930168
     ],
     [
      119.02133640561588,
      29.708795807389674
     ],
     [
      118.56919749199989,
      29.377686745552474
     ],
     [
      118.11781537855157,
      29.046165297517806
     ],
     [
      117.66717912961673,
      28.714239465750726
     ],
     [
      117.21727780162499,
      28.381917138323566
     ],
     [
      116.76810044907258,
      28.049206090210827
     ],
     [
      116.31963613015434,
      27.716113984632795
     ],
     [
      115.87187391205642,
      27.38264837444364
     ],
     [
      115.42480287592242,
      27.048816703559726
     ],
     [
      114.978412121504,
      26.714626308424435
     ],
     [
      114.53269077150797,
      26.380084419505522
     ],
     [
      114.0876279756513,
      26.045198162821737
     ],
     [
      113.64321291443497,
      25.70997456149525
     ],
     [
      113.19943480264824,
      25.374420537326817
     ],
     [
      112.75628289261331,
      25.03854291239072
     ],
     [
      112.31374647718192,
      24.702348410646753
     ],
     [
      111.87181489249316,
      24.365843659566593
     ],
     [
      111.4304775205034,
      24.029035191772138
     ],
     [
      110.98972379129734,
      23.691929446683616
     ],
     [
      110.5495431851903,
      23.35453277217517
     ],
     [
      110.10992523463047,
      23.016851426236048
     ],
     [
      109.67085952591032,
      22.678891578635543
     ],
     [
      109.23233570069573,
      22.340659312589843
     ],
     [
      108.79434345738119,
      22.00216062642935
     ],
     [
      108.3568725522791,
      21.663401435264873
     ],
     [
      107.91991280065116,
      21.324387572651347
     ],
     [
      107.48345407758909,
      20.985124792247827
     ],
     [
      107.04748631875222,
      20.645618769472648
     ],
     [
      106.61199952096871,
      20.305875103152562
     ],
     [
      106.17698374270732,
      19.96589931716503
     ],
     [
      105.74242910442595,
      19.625696862072658
     ],
     [
      105.30832578880336,
      19.285273116749092
     ],
     [
      104.87466404085998,
      18.944633389995523
     ],
     [
      104.4414341679735,
      18.603782922147314
     ],
     [
      104.00862653979452,
      18.262726886670016
     ],
     [
      103.5762315880681,
      17.921470391744364
     ],
     [
      103.1442398063654,
      17.580018481839794
     ],
     [
      102.71264174973095,
      17.23837613927604
     ],
     [
      102.28142803424957,
      16.89654828577256
     ],
     [
      101.8505893365379,
      16.554539783985422
     ],
     [
      101.42011639316402,
      16.21235543903156
     ],
     [
      100.99,
      15.869999999999997
     ]
    ]
   },
   "properties": {
    "pair": "Korean\u2013Thai",
    "cuisine_a": "Korean",
    "cuisine_b": "Thai",
    "residual": 0.0245,
    "distance_km": 3463.0,
    "is_long_distance": "regional"
   }
  },
  {
   "type": "Feature",
   "geometry": {
    "type": "LineString",
    "coordinates": [
     [
      21.82,
      39.07
     ],
     [
      23.034649871356425,
      39.529855490166376
     ],
     [
      24.252888619090236,
      39.988687230885354
     ],
     [
      25.474864015469983,
      40.44644678074285
     ],
     [
      26.700729285971153,
      40.90308323338988
     ],
     [
      27.9306432239015,
      41.35854307769027
     ],
     [
      29.16477028496056,
      41.81277005139062
     ],
     [
      30.403280656982332,
      42.265704988358515
     ],
     [
      31.646350299391738,
      42.71728565952467
     ],
     [
      32.89416094610733,
      43.167446607772334
     ],
     [
      34.146900064742006,
      43.616118977148375
     ],
     [
      35.404760763989565,
      44.06323033692742
     ],
     [
      36.66794164003874,
      44.50870450124663
     ],
     [
      37.936646551734135,
      44.95246134524875
     ],
     [
      39.21108431301438,
      45.39441661892835
     ],
     [
      40.49146828991903,
      45.83448176017519
     ],
     [
      41.77801588818967,
      46.27256370885336
     ],
     [
      43.070947916234026,
      46.70856472414865
     ],
     [
      44.37048780701613,
      47.14238220786282
     ],
     [
      45.67686068134557,
      47.57390853683464
     ],
     [
      46.990292234136376,
      48.003030908222925
     ],
     [
      48.31100742459047,
      48.429631201996486
     ],
     [
      49.6392289510467,
      48.85358586563473
     ],
     [
      50.975175491563625,
      49.27476582674222
     ],
     [
      52.31905969233658,
      49.69303644000982
     ],
     [
      53.671085887968886,
      50.10825747569341
     ],
     [
      55.03144754062903,
      50.52028315750586
     ],
     [
      56.40032438944279,
      50.92896225849371
     ],
     [
      57.777879307309,
      51.3341382640571
     ],
     [
      59.16425486989129,
      51.73564961171612
     ],
     [
      60.559569650993645,
      52.13333001747067
     ],
     [
      61.96391426997894,
      52.52700889857228
     ],
     [
      63.37734723034912,
      52.91651190214971
     ],
     [
      64.79989060395089,
      53.30166154832346
     ],
     [
      66.2315256322101,
      53.68227799512861
     ],
     [
      67.67218833383035,
      54.05817993066573
     ],
     [
      69.12176522677046,
      54.429185595359456
     ],
     [
      70.58008929004689,
      54.79511393398937
     ],
     [
      72.04693630672918,
      55.155785873272734
     ],
     [
      73.52202174194579,
      55.51102571627155
     ],
     [
      75.00499831717309,
      55.86066263987666
     ],
     [
      76.49545444290418,
      56.204532276257424
     ],
     [
      77.99291366447264,
      56.542478353695884
     ],
     [
      79.49683525914591,
      56.874354366945425
     ],
     [
      81.00661609593763,
      57.20002524251338
     ],
     [
      82.52159383296807,
      57.519368960437234
     ],
     [
      84.04105148155216,
      57.83227809157731
     ],
     [
      85.56422331338493,
      58.138661208514485
     ],
     [
      87.09030203001389,
      58.438444129076174
     ],
     [
      88.61844705578578,
      58.7315709544555
     ],
     [
      90.14779376066306,
      59.01800486883703
     ],
     [
      91.67746337185413,
      59.297728674235195
     ],
     [
      93.20657329689276,
      59.57074504257312
     ],
     [
      94.73424755865712,
      59.837076476425466
     ],
     [
      96.25962703673844,
      60.09676497976518
     ],
     [
      97.7818792200739,
      60.349871449889314
     ],
     [
      99.3002072019457,
      60.596474810857124
     ],
     [
      100.81385768808519,
      60.83667091672416
     ],
     [
      102.32212783843893,
      61.07057125917889
     ],
     [
      103.82437081921597,
      61.298301518606245
     ],
     [
      105.32,
      61.52
     ]
    ]
   },
   "properties": {
    "pair": "Greek\u2013Russian",
    "cuisine_a": "Greek",
    "cuisine_b": "Russian",
    "residual": 0.0241,
    "distance_km": 5940.0,
    "is_long_distance": "long-distance"
   }
  },
  {
   "type": "Feature",
   "geometry": {
    "type": "LineString",
    "coordinates": [
     [
      -7.09,
      31.79
     ],
     [
      -5.301786141696701,
      31.74532283535128
     ],
     [
      -3.5076716676370987,
      31.69452555672961
     ],
     [
      -1.7076921572393418,
      31.637383622728407
     ],
     [
      0.09808843189201043,
      31.573673810511117
     ],
     [
      1.9095761608773967,
      31.50317527547535
     ],
     [
      3.726645695015822,
      31.425670697276452
     ],
     [
      5.549139128929145,
      31.34094750460087
     ],
     [
      7.376865103461093,
      31.2487991683471
     ],
     [
      9.209598265570671,
      31.149026550043736
     ],
     [
      11.047079119622799,
      31.041439289511544
     ],
     [
      12.889014313424786,
      30.92585721307848
     ],
     [
      14.735077394977413,
      30.802111741215665
     ],
     [
      16.584910066220246,
      30.670047272419907
     ],
     [
      18.438123948214162,
      30.529522518664173
     ],
     [
      20.29430285853976,
      30.38041176690152
     ],
     [
      22.153005586677242,
      30.22260604104997
     ],
     [
      24.013769137392853,
      30.05601413968327
     ],
     [
      25.876112396424112,
      29.880563526344126
     ],
     [
      27.739540157835933,
      29.696201051972345
     ],
     [
      29.603547439126693,
      29.50289349234039
     ],
     [
      31.467623999265147,
      29.300627887502934
     ],
     [
      33.33125896698719,
      29.089411674937452
     ],
     [
      35.19394548235913,
      28.869272613087084
     ],
     [
      37.05518525409137,
      28.640258497196186
     ],
     [
      38.91449293839641,
      28.402436674424266
     ],
     [
      40.77140025211974,
      28.15589337001392
     ],
     [
      42.62545974300357,
      27.900732840570132
     ],
     [
      44.47624815265928,
      27.637076374114912
     ],
     [
      46.32336932238336,
      27.365061159388496
     ],
     [
      48.16645660754555,
      27.084839048802607
     ],
     [
      50.00517478209232,
      26.796575240489158
     ],
     [
      51.83922142998622,
      26.5004469050552
     ],
     [
      53.66832783448489,
      26.196641782020464
     ],
     [
      55.49225938853363,
      25.885356769578177
     ],
     [
      57.310815559839156,
      25.566796529409935
     ],
     [
      59.123829452204916,
      25.24117212593829
     ],
     [
      60.931167010386886,
      24.908699716758864
     ],
     [
      62.732725919149665,
      24.569599308192416
     ],
     [
      64.52843424854764,
      24.224093587060004
     ],
     [
      66.31824889698242,
      23.87240683701676
     ],
     [
      68.10215388159892,
      23.514763945168355
     ],
     [
      69.8801585224021,
      23.151389502302663
     ],
     [
      71.65229556242545,
      22.782506997942775
     ],
     [
      73.4186192616613,
      22.40833810959066
     ],
     [
      75.17920349753994,
      22.02910208399324
     ],
     [
      76.93413989974785,
      21.645015207019505
     ],
     [
      78.68353604228955,
      21.256290357774112
     ],
     [
      80.42751371106496,
      20.8631366418668
     ],
     [
      82.16620726095552,
      20.46575909828166
     ],
     [
      83.89976207255438,
      20.06435847401488
     ],
     [
      85.62833311527353,
      19.65913106054473
     ],
     [
      87.35208362062255,
      19.25026858623249
     ],
     [
      89.07118386697307,
      18.837958158900577
     ],
     [
      90.78581007507447,
      18.42238225306786
     ],
     [
      92.49614341193663,
      18.003718736620293
     ],
     [
      94.20236909940738,
      17.582140932036808
     ],
     [
      95.90467562280007,
      17.157817707660186
     ],
     [
      97.60325403423151,
      16.73091359488592
     ],
     [
      99.29829734486675,
      16.301588927527952
     ],
     [
      100.99,
      15.87
     ]
    ]
   },
   "properties": {
    "pair": "Moroccan\u2013Thai",
    "cuisine_a": "Moroccan",
    "cuisine_b": "Thai",
    "residual": 0.0163,
    "distance_km": 10708.0,
    "is_long_distance": "long-distance"
   }
  },
  {
   "type": "Feature",
   "geometry": {
    "type": "LineString",
    "coordinates": [
     [
      138.25,
      36.2
     ],
     [
      137.72342441433375,
      35.846589992073184
     ],
     [
      137.19802712415193,
      35.49242033459413
     ],
     [
      136.67379703681215,
      35.13750545769242
     ],
     [
      136.1507226855911,
      34.78185961808103
     ],
     [
      135.62879225596777,
      34.42549689674926
     ],
     [
      135.107993610977,
      34.068431197026094
     ],
     [
      134.58831431562783,
      33.710676242995376
     ],
     [
      134.06974166038754,
      33.35224557824459
     ],
     [
      133.55226268373343,
      32.99315256492936
     ],
     [
      133.0358641937783,
      32.63341038313629
     ],
     [
      132.52053278897853,
      32.273032030527105
     ],
     [
      132.00625487793522,
      31.91203032224761
     ],
     [
      131.49301669830248,
      31.550417891085345
     ],
     [
      130.98080433481667,
      31.1882071878605
     ],
     [
      130.4696037364646,
      30.82541048203509
     ],
     [
      129.9594007328079,
      30.462039862525913
     ],
     [
      129.45018104948366,
      30.098107238707417
     ],
     [
      128.94193032290133,
      29.733624341591145
     ],
     [
      128.4346341141573,
      29.368602725168927
     ],
     [
      127.92827792218938,
      29.00305376790763
     ],
     [
      127.4228471961933,
      28.636988674383765
     ],
     [
      126.91832734732435,
      28.27041847704679
     ],
     [
      126.4147037597075,
      27.90335403810048
     ],
     [
      125.91196180077891,
      27.535806051492393
     ],
     [
      125.41008683098244,
      27.16778504500165
     ],
     [
      124.90906421284458,
      26.799301382416225
     ],
     [
      124.4088793194507,
      26.43036526579089
     ],
     [
      123.9095175423457,
      26.06098673777796
     ],
     [
      123.41096429888172,
      25.691175684022994
     ],
     [
      122.91320503903533,
      25.320941835618406
     ],
     [
      122.416225251716,
      24.950294771608093
     ],
     [
      121.92001047058747,
      24.579243921536822
     ],
     [
      121.42454627942307,
      24.20779856803839
     ],
     [
      120.92981831701533,
      23.83596784945695
     ],
     [
      120.43581228166033,
      23.463760762496367
     ],
     [
      119.94251393523572,
      23.091186164892708
     ],
     [
      119.44990910689172,
      22.71825277810536
     ],
     [
      118.95798369637323,
      22.344969190022603
     ],
     [
      118.46672367699084,
      21.971343857677738
     ],
     [
      117.97611509825788,
      21.59738510997218
     ],
     [
      117.48614408820998,
      21.223101150402197
     ],
     [
      116.99679685542331,
      20.848500059786286
     ],
     [
      116.50805969074659,
      20.473589798990275
     ],
     [
      116.01991896876176,
      20.098378211647784
     ],
     [
      115.53236114898762,
      19.722873026873486
     ],
     [
      115.04537277683995,
      19.34708186196722
     ],
     [
      114.55894048436117,
      18.971012225106925
     ],
     [
      114.07305099073199,
      18.594671518028765
     ],
     [
      113.58769110257725,
      18.218067038692773
     ],
     [
      113.1028477140772,
      17.84120598393273
     ],
     [
      112.6185078068952,
      17.464095452089044
     ],
     [
      112.13465844993227,
      17.086742445623457
     ],
     [
      111.65128679891862,
      16.709153873714857
     ],
     [
      111.1683800958512,
      16.331336554835104
     ],
     [
      110.6859256682868,
      15.953297219304517
     ],
     [
      110.20391092849913,
      15.575042511826172
     ],
     [
      109.72232337250773,
      15.196578993998793
     ],
     [
      109.24115057898696,
      14.817913146807715
     ],
     [
      108.76038020806219,
      14.439051373093791
     ],
     [
      108.28,
      14.060000000000002
     ]
    ]
   },
   "properties": {
    "pair": "Japanese\u2013Vietnamese",
    "cuisine_a": "Japanese",
    "cuisine_b": "Vietnamese",
    "residual": 0.0158,
    "distance_km": 3865.0,
    "is_long_distance": "regional"
   }
  },
  {
   "type": "Feature",
   "geometry": {
    "type": "MultiLineString",
    "coordinates": [
     [
      [
       -51.93000000000001,
       -14.24
      ],
      [
       -54.28793336400357,
       -13.000219539117149
      ],
      [
       -56.64171788152541,
       -11.75967958782217
      ],
      [
       -58.99227699708656,
       -10.518549845927964
      ],
      [
       -61.340488719438795,
       -9.276991222729302
      ],
      [
       -63.68719845494357,
       -8.035158336540944
      ],
      [
       -66.03323095634057,
       -6.793201827606343
      ],
      [
       -68.37940171694383,
       -5.551270554562519
      ],
      [
       -70.72652811771606,
       -4.309513739156244
      ],
      [
       -73.07544062464515,
       -3.0680831214868594
      ],
      [
       -75.42699433588679,
       -1.8271351885421194
      ],
      [
       -77.78208119234034,
       -0.5868335422284154
      ],
      [
       -80.14164319240105,
       0.6526485202992771
      ],
      [
       -82.50668699291063,
       1.8911251309908717
      ],
      [
       -84.87830033581022,
       3.128394582417206
      ],
      [
       -87.25767081638753,
       4.364235549141344
      ],
      [
       -89.64610760772968,
       5.598402655196339
      ],
      [
       -92.04506688113196,
       6.830621208956959
      ],
      [
       -94.4561818182909,
       8.060580880700755
      ],
      [
       -96.88129830250348,
       9.28792803780339
      ],
      [
       -99.32251760577309,
       10.512256373426299
      ],
      [
       -101.78224765572361,
       11.73309536105985
      ],
      [
       -104.26326476076346,
       12.949895932202342
      ],
      [
       -106.76878796627578,
       14.16201259903448
      ],
      [
       -109.30256844625859,
       15.368681018255089
      ],
      [
       -111.86899637638389,
       16.568989706570505
      ],
      [
       -114.47322734021354,
       17.761844266873364
      ],
      [
       -117.12132903447115,
       18.945922073298853
      ],
      [
       -119.82044604308905,
       20.119614929123266
      ],
      [
       -122.57897432232613,
       21.28095685419658
      ],
      [
       -125.40672542240284,
       22.42753410844737
      ],
      [
       -128.31503971108526,
       23.556375290984256
      ],
      [
       -131.31677296316013,
       24.66382177767634
      ],
      [
       -134.42602654742535,
       25.745384453629914
      ],
      [
       -137.65741780130026,
       26.795604069031633
      ],
      [
       -141.02461131167408,
       27.807952416035832
      ],
      [
       -144.53781289690988,
       28.774840968403243
      ],
      [
       -148.20009428464112,
       29.687836351989617
      ],
      [
       -152.00294459611737,
       30.538195203762534
      ],
      [
       -155.922385191434,
       31.317781141932493
      ],
      [
       -159.91789745300957,
       32.02027373897491
      ],
      [
       -163.93622168042143,
       32.64235547282601
      ],
      [
       -167.9199647446017,
       33.1844237942527
      ],
      [
       -171.81794239128274,
       33.6505025494953
      ],
      [
       -175.59294706113297,
       34.04739526053682
      ],
      [
       -179.22443963648857,
       34.38345780120537
      ],
      [
       -180,
       34.44670400890252
      ]
     ],
     [
      [
       180,
       34.44670400890252
      ],
      [
       177.29331131947242,
       34.66743188840003
      ],
      [
       173.95539505719964,
       34.90760694361875
      ],
      [
       170.7506204748728,
       35.1113599221234
      ],
      [
       167.66495640383755,
       35.28499234335002
      ],
      [
       164.68380104882593,
       35.433751203132275
      ],
      [
       161.7932712044137,
       35.56194068494783
      ],
      [
       158.98081536732343,
       35.67306481795008
      ],
      [
       156.23541607709302,
       35.7699688334893
      ],
      [
       153.5475683790168,
       35.85496486984502
      ],
      [
       150.90915116367503,
       35.92993763029647
      ],
      [
       148.31325831398013,
       35.99643044127288
      ],
      [
       145.75402508861768,
       36.05571412454217
      ],
      [
       143.22646668707395,
       36.10884161024393
      ],
      [
       140.72633572115302,
       36.15669107466174
      ],
      [
       138.25,
       36.2
      ]
     ]
    ]
   },
   "properties": {
    "pair": "Brazilian\u2013Japanese",
    "cuisine_a": "Brazilian",
    "cuisine_b": "Japanese",
    "residual": 0.0032,
    "distance_km": 17371.0,
    "is_long_distance": "long-distance"
   }
  }
 ]
}