{
 "type": "FeatureCollection",
 "features": [
  {
   "type": "Feature",
   "geometry": {
    "type": "LineString",
    "coordinates": [
     [
      104.2,
      35.86
     ],
     [
      104.59028923820375,
      35.88546457628692
     ],
     [
      104.98082195272363,
      35.91011331416041
     ],
     [
      105.37159066115844,
      35.93394431535896
     ],
     [
      105.76258780884189,
      35.95695574059731
     ],
     [
      106.15380577088493,
      35.97914581018255
     ],
     [
      106.54523685426594,
      36.00051280461305
     ],
     [
      106.93687329996742,
      36.021055065159686
     ],
     [
      107.32870728515832,
      36.04077099442924
     ],
     [
      107.7207309254203,
      36.05965905690894
     ],
     [
      108.11293627701697,
      36.0777177794924
     ],
     [
      108.50531533920471,
      36.09494575198586
     ],
     [
      108.89786005658341,
      36.11134162759471
     ],
     [
      109.29056232148582,
      36.12690412338989
     ],
     [
      109.68341397640418,
      36.141632020753505
     ],
     [
      110.07640681645208,
      36.15552416580359
     ],
     [
      110.46953259186054,
      36.168579469797464
     ],
     [
      110.86278301050592,
      36.1807969095134
     ],
     [
      111.25614974046869,
      36.19217552761037
     ],
     [
      111.64962441262087,
      36.202714432965344
     ],
     [
      112.04319862324036,
      36.21241280098817
     ],
     [
      112.43686393665055,
      36.22126987391336
     ],
     [
      112.83061188788325,
      36.22928496106896
     ],
     [
      113.22443398536285,
      36.236457439122006
     ],
     [
      113.61832171361024,
      36.242786752300304
     ],
     [
      114.01226653596409,
      36.248272412590644
     ],
     [
      114.40625989731777,
      36.25291399991295
     ],
     [
      114.80029322686977,
      36.25671116227041
     ],
     [
      115.19435794088602,
      36.2596636158754
     ],
     [
      115.58844544547136,
      36.26177114525102
     ],
     [
      115.98254713934855,
      36.26303360330836
     ],
     [
      116.37665441664325,
      36.26345091139917
     ],
     [
      116.77075866967165,
      36.26302305934406
     ],
     [
      117.16485129173,
      36.26175010543612
     ],
     [
      117.55892367988326,
      36.25963217642007
     ],
     [
      117.95296723775088,
      36.25666946744684
     ],
     [
      118.34697337828771,
      36.252862242003566
     ],
     [
      118.74093352655828,
      36.248210831819364
     ],
     [
      119.13483912250165,
      36.24271563674655
     ],
     [
      119.52868162368586,
      36.23637712461776
     ],
     [
      119.92245250804893,
      36.229195831078854
     ],
     [
      120.31614327662508,
      36.221172359397926
     ],
     [
      120.70974545625396,
      36.212307380250465
     ],
     [
      121.1032506022708,
      36.202601631480874
     ],
     [
      121.49665030117616,
      36.19205591784067
     ],
     [
      121.88993617328231,
      36.18067111070332
     ],
     [
      122.28309987533547,
      36.168448147756344
     ],
     [
      122.67613310311141,
      36.15538803267053
     ],
     [
      123.06902759398281,
      36.14149183474693
     ],
     [
      123.46177512945673,
      36.12676068854165
     ],
     [
      123.85436753768016,
      36.11119579346885
     ],
     [
      124.24679669591227,
      36.09479841338241
     ],
     [
      124.63905453296178,
      36.07756987613635
     ],
     [
      125.03113303158727,
      36.05951157312469
     ],
     [
      125.42302423086005,
      36.04062495880082
     ],
     [
      125.8147202284865,
      36.020911550177054
     ],
     [
      126.20621318309001,
      36.000372926304514
     ],
     [
      126.59749531645026,
      35.979010727734114
     ],
     [
      126.98855891569866,
      35.956826655958665
     ],
     [
      127.37939633546867,
      35.933822472836965
     ],
     [
      127.77,
      35.91
     ]
    ]
   },
   "properties": {
    "pair": "Chinese\u2013Korean",
    "cuisine_a": "Chinese",
    "cuisine_b": "Korean",
    "residual": 0.4351,
    "distance_km": 2118.0,
    "is_long_distance": "regional"
   }
  },
  {
   "type": "Feature",
   "geometry": {
    "type": "LineString",
    "coordinates": [
     [
      -8.24,
      53.41
     ],
     [
      -9.711332130143456,
      53.41830959148261
     ],
     [
      -11.191649831810526,
      53.41321626697834
     ],
     [
      -12.680066066593197,
      53.394521074933124
     ],
     [
      -14.17563881353662,
      53.36204561402329
     ],
     [
      -15.677376187805987,
      53.31563352228149
     ],
     [
      -17.184242381293895,
      53.25515181845717
     ],
     [
      -18.695164352229252,
      53.18049206959299
     ],
     [
      -20.209039167767912,
      53.09157136139571
     ],
     [
      -21.724741882637776,
      52.98833305139914
     ],
     [
      -23.24113381922569,
      52.87074728906257
     ],
     [
      -24.757071100951954,
      52.73881129168889
     ],
     [
      -26.271413282106785,
      52.59254937021032
     ],
     [
      -27.783031913995128,
      52.43201270428341
     ],
     [
      -29.29081888943535,
      52.257278871550916
     ],
     [
      -30.793694415261427,
      52.068451141155265
     ],
     [
      -32.290614475072694,
      51.865657546430725
     ],
     [
      -33.78057766137961,
      51.64904975598142
     ],
     [
      -35.262631276623075,
      51.41880176593004
     ],
     [
      -36.7358766252688,
      51.17510843889261
     ],
     [
      -38.19947344320085,
      50.91818391714044
     ],
     [
      -39.65264343487126,
      50.64825993843592
     ],
     [
      -41.09467291209043,
      50.36558408319922
     ],
     [
      -42.52491455008465,
      50.0704179810438
     ],
     [
      -43.94278829578906,
      49.763035503399315
     ],
     [
      -45.34778147977283,
      49.44372096703588
     ],
     [
      -46.739448196391095,
      49.11276737094021
     ],
     [
      -48.1174080266063,
      48.7704746863005
     ],
     [
      -49.48134418446828,
      48.41714821646234
     ],
     [
      -50.83100117168651,
      48.053097040740084
     ],
     [
      -52.16618202537151,
      47.67863255301215
     ],
     [
      -53.48674524224985,
      47.29406710318287
     ],
     [
      -54.79260145889054,
      46.89971274692968
     ],
     [
      -56.08370996215843,
      46.49588010672334
     ],
     [
      -57.36007509765672,
      46.08287734494675
     ],
     [
      -58.62174263673147,
      45.6610092480646
     ],
     [
      -59.868796155038645,
      45.230576419215495
     ],
     [
      -61.101353468017976,
      44.791874575307936
     ],
     [
      -62.31956316112412,
      44.345193943684386
     ],
     [
      -63.52360124552709,
      43.89081875265551
     ],
     [
      -64.7136679633494,
      43.42902680967342
     ],
     [
      -65.88998476045427,
      42.96008916058139
     ],
     [
      -67.05279143939097,
      42.48426982322087
     ],
     [
      -68.20234350036279,
      42.001825588665206
     ],
     [
      -69.33890967400583,
      41.51300588345859
     ],
     [
      -70.4627696463292,
      41.01805268644333
     ],
     [
      -71.57421197332755,
      40.51720049403552
     ],
     [
      -72.6735321804898,
      40.010676328140526
     ],
     [
      -73.76103104063584,
      39.49869978126743
     ],
     [
      -74.83701302215974,
      38.98148309379124
     ],
     [
      -75.90178489878795,
      38.45923125871218
     ],
     [
      -76.95565451131677,
      37.9321421496622
     ],
     [
      -77.99892967142446,
      37.40040666830257
     ],
     [
      -79.03191719751402,
      36.86420890763748
     ],
     [
      -80.05492207258561,
      36.3237263281319
     ],
     [
      -81.06824671432982,
      35.77912994386554
     ],
     [
      -82.07219034793788,
      35.230584516275236
     ],
     [
      -83.06704847251495,
      34.67824875333585
     ],
     [
      -84.05311241243453,
      34.122275512303375
     ],
     [
      -85.03066894546298,
      33.56281200439401
     ],
     [
      -86.0,
      33.0
     ]
    ]
   },
   "properties": {
    "pair": "Irish\u2013Southern US",
    "cuisine_a": "Irish",
    "cuisine_b": "Southern US",
    "residual": 0.3952,
    "distance_km": 6348.0,
    "is_long_distance": "long-distance"
   }
  },
  {
   "type": "Feature",
   "geometry": {
    "type": "LineString",
    "coordinates": [
     [
      100.99000000000001,
      15.87
     ],
     [
      101.11215748212902,
      15.84109600208853
     ],
     [
      101.23429267809422,
      15.812147300810615
     ],
     [
      101.3564055819588,
      15.78315399270282
     ],
     [
      101.47849618820486,
      15.754116174438039
     ],
     [
      101.60056449173298,
      15.725033942824496
     ],
     [
      101.72261048786156,
      15.695907394804808
     ],
     [
      101.84463417232618,
      15.66673662745503
     ],
     [
      101.96663554127903,
      15.637521737983679
     ],
     [
      102.08861459128828,
      15.6082628237308
     ],
     [
      102.2105713193375,
      15.578959982167007
     ],
     [
      102.33250572282496,
      15.549613310892521
     ],
     [
      102.45441779956303,
      15.520222907636269
     ],
     [
      102.5763075477775,
      15.490788870254885
     ],
     [
      102.69817496610693,
      15.461311296731825
     ],
     [
      102.82002005360206,
      15.431790285176392
     ],
     [
      102.94184280972502,
      15.402225933822827
     ],
     [
      103.06364323434875,
      15.37261834102937
     ],
     [
      103.18542132775623,
      15.342967605277337
     ],
     [
      103.30717709063991,
      15.313273825170189
     ],
     [
      103.42891052410087,
      15.283537099432628
     ],
     [
      103.55062162964819,
      15.253757526909657
     ],
     [
      103.67231040919823,
      15.223935206565693
     ],
     [
      103.79397686507393,
      15.19407023748363
     ],
     [
      103.91562100000404,
      15.164162718863945
     ],
     [
      104.03724281712238,
      15.134212750023794
     ],
     [
      104.15884231996716,
      15.104220430396115
     ],
     [
      104.28041951248022,
      15.074185859528695
     ],
     [
      104.40197439900619,
      15.044109137083337
     ],
     [
      104.52350698429181,
      15.01399036283491
     ],
     [
      104.64501727348522,
      14.983829636670496
     ],
     [
      104.76650527213502,
      14.95362705858848
     ],
     [
      104.8879709861896,
      14.923382728697685
     ],
     [
      105.00941442199644,
      14.8930967472165
     ],
     [
      105.13083558630109,
      14.862769214471971
     ],
     [
      105.25223448624656,
      14.832400230898962
     ],
     [
      105.37361112937248,
      14.80198989703927
     ],
     [
      105.49496552361418,
      14.77153831354077
     ],
     [
      105.6162976773021,
      14.741045581156538
     ],
     [
      105.73760759916067,
      14.710511800743994
     ],
     [
      105.8588952983078,
      14.679937073264073
     ],
     [
      105.98016078425377,
      14.649321499780328
     ],
     [
      106.10140406690056,
      14.618665181458116
     ],
     [
      106.22262515654091,
      14.587968219563738
     ],
     [
      106.34382406385757,
      14.557230715463604
     ],
     [
      106.46500079992242,
      14.52645277062338
     ],
     [
      106.58615537619545,
      14.49563448660717
     ],
     [
      106.70728780452416,
      14.464775965076681
     ],
     [
      106.82839809714244,
      14.433877307790379
     ],
     [
      106.94948626666985,
      14.402938616602679
     ],
     [
      107.07055232611074,
      14.37195999346312
     ],
     [
      107.19159628885319,
      14.340941540415553
     ],
     [
      107.31261816866834,
      14.309883359597306
     ],
     [
      107.43361797970935,
      14.278785553238398
     ],
     [
      107.55459573651055,
      14.247648223660716
     ],
     [
      107.67555145398651,
      14.216471473277213
     ],
     [
      107.79648514743116,
      14.185255404591112
     ],
     [
      107.91739683251677,
      14.154000120195107
     ],
     [
      108.03828652529327,
      14.122705722770567
     ],
     [
      108.159154242187,
      14.091372315086744
     ],
     [
      108.28,
      14.060000000000002
     ]
    ]
   },
   "properties": {
    "pair": "Thai\u2013Vietnamese",
    "cuisine_a": "Thai",
    "cuisine_b": "Vietnamese",
    "residual": 0.3951,
    "distance_km": 808.0,
    "is_long_distance": "regional"
   }
  },
  {
   "type": "Feature",
   "geometry": {
    "type": "LineString",
    "coordinates": [
     [
      121.77000000000001,
      12.880000000000003
     ],
     [
      121.42680648714312,
      12.939206876279915
     ],
     [
      121.0834989091674,
      12.998124766725503
     ],
     [
      120.74007742385561,
      13.056752047617259
     ],
     [
      120.39654220563243,
      13.115087103530954
     ],
     [
      120.05289344558886,
      13.17312832744695
     ],
     [
      119.70913135150451,
      13.230874120860062
     ],
     [
      119.3652561478668,
      13.288322893889712
     ],
     [
      119.02126807588762,
      13.3454730653906
     ],
     [
      118.6771673935173,
      13.402323063063676
     ],
     [
      118.33295437545578,
      13.458871323567495
     ],
     [
      117.98862931316097,
      13.515116292629907
     ],
     [
      117.64419251485421,
      13.571056425160075
     ],
     [
      117.29964430552317,
      13.62669018536077
     ],
     [
      116.95498502692143,
      13.682016046840971
     ],
     [
      116.61021503756555,
      13.737032492728677
     ],
     [
      116.26533471272901,
      13.791738015783979
     ],
     [
      115.92034444443308,
      13.846131118512357
     ],
     [
      115.57524464143503,
      13.900210313278109
     ],
     [
      115.23003572921291,
      13.953974122418005
     ],
     [
      114.88471814994766,
      14.00742107835503
     ],
     [
      114.53929236250188,
      14.060549723712278
     ],
     [
      114.19375884239558,
      14.113358611426932
     ],
     [
      113.84811808177898,
      14.165846304864292
     ],
     [
      113.5023705894018,
      14.21801137793187
     ],
     [
      113.15651689057984,
      14.269852415193487
     ],
     [
      112.81055752715797,
      14.321368011983395
     ],
     [
      112.46449305747028,
      14.372556774520309
     ],
     [
      112.11832405629657,
      14.423417320021448
     ],
     [
      111.77205111481615,
      14.473948276816444
     ],
     [
      111.42567484055783,
      14.524148284461171
     ],
     [
      111.079195857347,
      14.574015993851404
     ],
     [
      110.73261480524934,
      14.623550067336375
     ],
     [
      110.38593234051116,
      14.672749178832069
     ],
     [
      110.0391491354964,
      14.721612013934351
     ],
     [
      109.69226587862042,
      14.77013727003184
     ],
     [
      109.3452832742804,
      14.818323656418498
     ],
     [
      108.99820204278228,
      14.866169894405942
     ],
     [
      108.65102292026458,
      14.913674717435402
     ],
     [
      108.3037466586185,
      14.960836871189363
     ],
     [
      107.956374025405,
      15.007655113702771
     ],
     [
      107.60890580376831,
      15.054128215473895
     ],
     [
      107.261342792346,
      15.100254959574682
     ],
     [
      106.91368580517587,
      15.146034141760698
     ],
     [
      106.56593567159922,
      15.191464570580536
     ],
     [
      106.21809323616084,
      15.23654506748472
     ],
     [
      105.87015935850563,
      15.281274466934054
     ],
     [
      105.52213491327174,
      15.325651616507386
     ],
     [
      105.17402078998045,
      15.369675377008742
     ],
     [
      104.82581789292246,
      15.413344622573835
     ],
     [
      104.47752714104101,
      15.456658240775944
     ],
     [
      104.12914946781156,
      15.499615132731
     ],
     [
      103.78068582111794,
      15.542214213202046
     ],
     [
      103.43213716312546,
      15.584454410702872
     ],
     [
      103.08350447015039,
      15.626334667600887
     ],
     [
      102.73478873252623,
      15.667853940219189
     ],
     [
      102.38599095446665,
      15.709011198937773
     ],
     [
      102.03711215392508,
      15.749805428293874
     ],
     [
      101.68815336245112,
      15.79023562708141
     ],
     [
      101.33911562504353,
      15.830300808449497
     ],
     [
      100.99000000000001,
      15.87
     ]
    ]
   },
   "properties": {
    "pair": "Filipino\u2013Thai",
    "cuisine_a": "Filipino",
    "cuisine_b": "Thai",
    "residual": 0.357,
    "distance_km": 2262.0,
    "is_long_distance": "regional"
   }
  },
  {
   "type": "Feature",
   "geometry": {
    "type": "LineString",
    "coordinates": [
     [
      -3.4400000000000004,
      55.38000000000001
     ],
     [
      -5.0223492316339335,
      55.40633960845241
     ],
     [
      -6.6176651644691304,
      55.417335288000174
     ],
     [
      -8.224827968085421,
      55.41268785847247
     ],
     [
      -9.842621733691711,
      55.392124757424
     ],
     [
      -11.469741273335435,
      55.35540276787974
     ],
     [
      -13.104800662734974,
      55.30231054414917
     ],
     [
      -14.7463434368711,
      55.232670877563734
     ],
     [
      -16.392854287473234,
      55.14634264746201
     ],
     [
      -18.042772053914334,
      55.04322240848997
     ],
     [
      -19.694503747195533,
      54.923245573168494
     ],
     [
      -21.34643930390796,
      54.78638715843928
     ],
     [
      -22.996966736104792,
      54.63266207612954
     ],
     [
      -24.644487325986404,
      54.46212495946632
     ],
     [
      -26.28743051236313,
      54.27486953034504
     ],
     [
      -27.924268129147862,
      54.071027524399994
     ],
     [
      -29.5535276837305,
      53.85076720244933
     ],
     [
      -31.173804403128642,
      53.61429148705918
     ],
     [
      -32.78377182565181,
      53.36183577136147
     ],
     [
      -34.38219077229651,
      53.093665453561876
     ],
     [
      -35.96791659180844,
      52.810073254623106
     ],
     [
      -37.53990463296186,
      52.511376378384014
     ],
     [
      -39.097213954077944,
      52.19791357298509
     ],
     [
      -40.63900933060751,
      51.87004215013573
     ],
     [
      -42.16456166485223,
      51.52813501478276
     ],
     [
      -43.67324693639949,
      51.17257775247572
     ],
     [
      -45.16454385709055,
      50.803765815552914
     ],
     [
      -46.63803041043214,
      50.42210184256123
     ],
     [
      -48.09337946290607,
      50.027993138418154
     ],
     [
      -49.53035363461319,
      49.62184933602374
     ],
     [
      -50.948799610330155,
      49.204080253578866
     ],
     [
      -52.34864206069822,
      48.77509395594757
     ],
     [
      -53.72987732824883,
      48.335295023145285
     ],
     [
      -55.092567015567695,
      47.88508302451282
     ],
     [
      -56.4368315942382,
      47.42485119337632
     ],
     [
      -57.762844134244574,
      46.954985293984976
     ],
     [
      -59.07082423502132,
      46.475862670220366
     ],
     [
      -60.36103222189212,
      45.987851463923676
     ],
     [
      -61.6337636556522,
      45.49130998961515
     ],
     [
      -62.88934418876798,
      44.98658625180457
     ],
     [
      -64.1281247892168,
      44.474017590930046
     ],
     [
      -65.35047734239227,
      43.95393044413661
     ],
     [
      -66.55679063269312,
      43.426640207543564
     ],
     [
      -67.74746669928761,
      42.89245118728278
     ],
     [
      -68.92291755494611,
      42.35165662736441
     ],
     [
      -70.08356225259543,
      41.80453880328964
     ],
     [
      -71.22982428118966,
      41.251369171244704
     ],
     [
      -72.36212927043883,
      40.69240856364111
     ],
     [
      -73.48090298272179,
      40.127907422690015
     ],
     [
      -74.58656956997919,
      39.55810606459383
     ],
     [
      -75.67955007339836,
      38.983234967789755
     ],
     [
      -76.7602611441412,
      38.40351507948236
     ],
     [
      -77.8291139641275,
      37.819158135443985
     ],
     [
      -78.88651334687563,
      37.230366988744784
     ],
     [
      -79.93285699955257,
      36.63733594369389
     ],
     [
      -80.9685349286295,
      36.04025109183282
     ],
     [
      -81.99392897283477,
      35.43929064732259
     ],
     [
      -83.00941244840101,
      34.83462527951103
     ],
     [
      -84.01534989289098,
      34.22641844085891
     ],
     [
      -85.01209689513426,
      33.61482668874878
     ],
     [
      -86.0,
      33.0
     ]
    ]
   },
   "properties": {
    "pair": "British\u2013Southern US",
    "cuisine_a": "British",
    "cuisine_b": "Southern US",
    "residual": 0.3264,
    "distance_km": 6599.0,
    "is_long_distance": "long-distance"
   }
  },
  {
   "type": "Feature",
   "geometry": {
    "type": "LineString",
    "coordinates": [
     [
      -51.93,
      -14.24
     ],
     [
      -49.01091483357297,
      -14.453898944820743
     ],
     [
      -46.082065549183795,
      -14.643572304982197
     ],
     [
      -43.1437314354786,
      -14.807975689036079
     ],
     [
      -40.19629979238048,
      -14.946123088107285
     ],
     [
      -37.24026437784295,
      -15.057093231282158
     ],
     [
      -34.2762222271948,
      -15.140035923894239
     ],
     [
      -31.304868773680873,
      -15.194178249041638
     ],
     [
      -28.326991243018433,
      -15.218830505780964
     ],
     [
      -25.343460345267715,
      -15.213391754505793
     ],
     [
      -22.355220341967023,
      -15.177354841573656
     ],
     [
      -19.363277622692927,
      -15.110310781643348
     ],
     [
      -16.368687979972478,
      -15.011952387501712
     ],
     [
      -13.372542821633242,
      -14.88207705318945
     ],
     [
      -10.375954602144972,
      -14.720588616465516
     ],
     [
      -7.380041786562813,
      -14.527498250286175
     ],
     [
      -4.385913680190386,
      -14.302924358976592
     ],
     [
      -1.394655462735491,
      -14.047091481936054
     ],
     [
      1.5926862428700852,
      -13.760328234742627
     ],
     [
      4.5751169590686525,
      -13.443064343129837
     ],
     [
      7.551706826196664,
      -13.095826848313159
     ],
     [
      10.52160172973618,
      -12.719235581557836
     ],
     [
      13.484032904488533,
      -12.313998020961675
     ],
     [
      16.438324893179733,
      -11.880903653729241
     ],
     [
      19.383901793137156,
      -11.420817972586242
     ],
     [
      22.320291778658692,
      -10.934676235571652
     ],
     [
      25.24712993602119,
      -10.423477114632787
     ],
     [
      28.164159490786744,
      -9.88827635082425
     ],
     [
      31.07123154182394,
      -9.330180523190553
     ],
     [
      33.968303442582744,
      -8.750341025380607
     ],
     [
      36.85543598754939,
      -8.149948329493562
     ],
     [
      39.732789570865094,
      -7.530226601338762
     ],
     [
      42.6006194856332,
      -6.8924287158766795
     ],
     [
      45.459270527518946,
      -6.237831706650423
     ],
     [
      48.309171056100936,
      -5.567732668958201
     ],
     [
      51.15082665333205,
      -4.88344512366501
     ],
     [
      53.984813501633994,
      -4.186295837108425
     ],
     [
      56.811771585724834,
      -3.477622082604973
     ],
     [
      59.63239780324758,
      -2.7587693206187733
     ],
     [
      62.447439050463586,
      -2.031089267645909
     ],
     [
      65.25768533135286,
      -1.2959383181881503
     ],
     [
      68.06396292195014,
      -0.554676279688624
     ],
     [
      70.86712760699086,
      0.19133462317278038
     ],
     [
      73.6680579932281,
      0.9407305210444098
     ],
     [
      76.4676488932441,
      1.6921464974522593
     ],
     [
      79.26680476535107,
      2.444217060790721
     ],
     [
      82.06643318928181,
      3.195576541078822
     ],
     [
      84.86743835384796,
      3.9448594622895863
     ],
     [
      87.67071453160644,
      4.69070094121343
     ],
     [
      90.47713951680934,
      5.431737163649981
     ],
     [
      93.28756800653696,
      6.166605988224642
     ],
     [
      96.10282491089882,
      6.893947727241279
     ],
     [
      98.92369858652293,
      7.612406152629536
     ],
     [
      101.75093399817214,
      8.320629773112051
     ],
     [
      104.58522582613797,
      9.017273426069943
     ],
     [
      107.42721155188644,
      9.701000224067666
     ],
     [
      110.2774645710193,
      10.370483891454276
     ],
     [
      113.13648740057523,
      11.024411520724186
     ],
     [
      116.00470506652894,
      11.661486771255895
     ],
     [
      118.88245877636662,
      12.280433524540191
     ],
     [
      121.77,
      12.880000000000003
     ]
    ]
   },
   "properties": {
    "pair": "Brazilian\u2013Filipino",
    "cuisine_a": "Brazilian",
    "cuisine_b": "Filipino",
    "residual": 0.3246,
    "distance_km": 19318.0,
    "is_long_distance": "long-distance"
   }
  },
  {
   "type": "Feature",
   "geometry": {
    "type": "LineString",
    "coordinates": [
     [
      78.96,
      20.589999999999996
     ],
     [
      77.68552947790259,
      21.05405497719314
     ],
     [
      76.40465954439975,
      21.51266197338017
     ],
     [
      75.11722722853246,
      21.96560272448898
     ],
     [
      73.82307718379303,
      22.412655979767482
     ],
     [
      72.5220624317008,
      22.853597594438785
     ],
     [
      71.21404514418802,
      23.288200647732772
     ],
     [
      69.89889746295647,
      23.716235587976993
     ],
     [
      68.57650235331286,
      24.137470406410486
     ],
     [
      67.24675448927437,
      24.551670841340083
     ],
     [
      65.90956116595945,
      24.95860061418707
     ],
     [
      64.56484323444323,
      25.358021698869596
     ],
     [
      63.21253605337378,
      25.749694625829385
     ],
     [
      61.85259045072025,
      26.13337882183734
     ],
     [
      60.484973688071065,
      26.508832986498767
     ],
     [
      59.109670418934726,
      26.875815506123097
     ],
     [
      57.726683631536275,
      27.23408490532301
     ],
     [
      56.336035565669526,
      27.583400336363816
     ],
     [
      54.93776859228578,
      27.923522105894747
     ],
     [
      53.53194604369914,
      28.254212238261772
     ],
     [
      52.118652981598785,
      28.57523507412849
     ],
     [
      50.69799688950988,
      28.88635790262149
     ],
     [
      49.27010827597108,
      29.187351624675273
     ],
     [
      47.835141174530285,
      29.477991444685635
     ],
     [
      46.393273526731775,
      29.75805758699927
     ],
     [
      44.94470743460883,
      30.027336033180077
     ],
     [
      43.48966926982739,
      30.285619275412618
     ],
     [
      42.02840962757068,
      30.532707080842634
     ],
     [
      40.561203114522314,
      30.76840726112838
     ],
     [
      39.088347961899395,
      30.992536440999224
     ],
     [
      37.61016545640129,
      31.204920819205626
     ],
     [
      36.12699918415623,
      31.405396914911712
     ],
     [
      34.639214085237214,
      31.593812292343088
     ],
     [
      33.1471953190391,
      31.77002625637057
     ],
     [
      31.651346943709886,
      31.93391051169791
     ],
     [
      30.152090415844782,
      32.08534977843452
     ],
     [
      28.649862919713968,
      32.2242423570802
     ],
     [
      27.1451155383222,
      32.35050063632927
     ],
     [
      25.63831128151132,
      32.464051537613436
     ],
     [
      24.1299229890298,
      32.56483689094274
     ],
     [
      22.62043112892836,
      32.65281373735906
     ],
     [
      21.110321513720457,
      32.72795455417592
     ],
     [
      19.600082958407675,
      32.790247400123214
     ],
     [
      18.090204905657536,
      32.83969597852524
     ],
     [
      16.5811750440977,
      32.87631961769423
     ],
     [
      15.073476945832159,
      32.90015316879324
     ],
     [
      13.567587748889146,
      32.91124682248902
     ],
     [
      12.063975909387764,
      32.909665846750926
     ],
     [
      10.563099046793333,
      32.895490249134134
     ],
     [
      9.065401903764563,
      32.86881436779176
     ],
     [
      7.5713144398387335,
      32.8297463962725
     ],
     [
      6.081250075625287,
      32.77840784786274
     ],
     [
      4.5956041013597435,
      32.71493296581223
     ],
     [
      3.1147522606929434,
      32.639468086232654
     ],
     [
      1.6390495175363018,
      32.55217096077524
     ],
     [
      0.16882901073465,
      32.453210046376
     ],
     [
      -1.2955988016323354,
      32.342763769410176
     ],
     [
      -2.753946809341068,
      32.221019771526485
     ],
     [
      -4.205951732146038,
      32.08817414424848
     ],
     [
      -5.651374422935451,
      31.944430659145084
     ],
     [
      -7.090000000000002,
      31.79
     ]
    ]
   },
   "properties": {
    "pair": "Indian\u2013Moroccan",
    "cuisine_a": "Indian",
    "cuisine_b": "Moroccan",
    "residual": 0.2633,
    "distance_km": 8463.0,
    "is_long_distance": "long-distance"
   }
  },
  {
   "type": "Feature",
   "geometry": {
    "type": "LineString",
    "coordinates": [
     [
      2.21,
      46.22999999999999
     ],
     [
      0.6550053015114206,
      46.13060261350799
     ],
     [
      -0.9034703044870493,
      46.01518332950847
     ],
     [
      -2.4644526331834093,
      45.883656216967076
     ],
     [
      -4.026949806669041,
      45.73596349303669
     ],
     [
      -5.589959182268597,
      45.57207601202922
     ],
     [
      -7.152474465104019,
      45.391993513499045
     ],
     [
      -8.713492883480104,
      45.1957446244642
     ],
     [
      -10.272022303665075,
      44.98338661572083
     ],
     [
      -11.827088162582625,
      44.755004917136965
     ],
     [
      -13.377740102732481,
      44.51071240156685
     ],
     [
      -14.923058203019796,
      44.250648451440355
     ],
     [
      -16.46215871163085,
      43.97497782600409
     ],
     [
      -17.99419920203633,
      43.68388935050045
     ],
     [
      -19.518383089928506,
      43.37759445118
     ],
     [
      -21.033963466651294,
      43.05632556189463
     ],
     [
      -22.54024622270823,
      42.720334429098294
     ],
     [
      -24.036592452519315,
      42.36989034240365
     ],
     [
      -25.522420148114065,
      42.00527831745436
     ],
     [
      -26.99720520437156,
      41.62679725684603
     ],
     [
      -28.46048177135315,
      41.234758113256
     ],
     [
      -29.911841999958725,
      40.829482076926695
     ],
     [
      -31.350935235441234,
      40.411298807299126
     ],
     [
      -32.777466719228315,
      39.980544726022075
     ],
     [
      -34.191195863117244,
      39.53756138587243
     ],
     [
      -35.591934161409554,
      39.08269392740751
     ],
     [
      -36.97954280617334,
      38.616289632514
     ],
     [
      -38.35393006884401,
      38.13869658148735
     ],
     [
      -39.71504850809688,
      37.65026241792475
     ],
     [
      -41.06289205964704,
      37.151333223581204
     ],
     [
      -42.397493058641395,
      36.64225250344832
     ],
     [
      -43.718919239868185,
      36.123360279680746
     ],
     [
      -45.02727075535395,
      35.5949922916183
     ],
     [
      -46.322677243245415,
      35.05747929802609
     ],
     [
      -47.605294976345206,
      34.5111464767882
     ],
     [
      -48.87530411341318,
      33.95631291662231
     ],
     [
      -50.132906071450506,
      33.393291194914966
     ],
     [
      -51.37832103271619,
      32.82238703548367
     ],
     [
      -52.61178559621989,
      32.243899039931684
     ],
     [
      -53.83355057990815,
      31.658118486248277
     ],
     [
      -55.04387897670774,
      31.06532918840165
     ],
     [
      -56.24304406499644,
      30.465807410850047
     ],
     [
      -57.431327671910125,
      29.85982183214255
     ],
     [
      -58.60901858613235,
      29.24763355207545
     ],
     [
      -59.77641111541336,
      28.62949613720037
     ],
     [
      -60.933803782987965,
      28.00565569983203
     ],
     [
      -62.08149815626868,
      27.376351006067118
     ],
     [
      -63.21979780064184,
      26.741813608692887
     ],
     [
      -64.3490073508557,
      26.102268001226218
     ],
     [
      -65.46943169232385,
      25.457931789677335
     ],
     [
      -66.58137524464837,
      24.809015878971735
     ],
     [
      -67.68514133976193,
      24.15572467128665
     ],
     [
      -68.78103168727785,
      23.49825627386228
     ],
     [
      -69.86934591989517,
      22.836802714132254
     ],
     [
      -70.95038121201902,
      22.17155016028069
     ],
     [
      -72.02443196510498,
      21.50267914557622
     ],
     [
      -73.09178955360949,
      20.830364795055047
     ],
     [
      -74.15274212581579,
      20.15477705332785
     ],
     [
      -75.20757445419547,
      19.476080912468294
     ],
     [
      -76.25656783035524,
      18.794436639106607
     ],
     [
      -77.3,
      18.11
     ]
    ]
   },
   "properties": {
    "pair": "French\u2013Jamaican",
    "cuisine_a": "French",
    "cuisine_b": "Jamaican",
    "residual": 0.2549,
    "distance_km": 7769.0,
    "is_long_distance": "long-distance"
   }
  },
  {
   "type": "Feature",
   "geometry": {
    "type": "LineString",
    "coordinates": [
     [
      121.77000000000001,
      12.880000000000003
     ],
     [
      121.54593422437439,
      12.903453075584206
     ],
     [
      121.32183891611004,
      12.926782588272165
     ],
     [
      121.09771423109362,
      12.94998826231225
     ],
     [
      120.87356032713375,
      12.973069823823092
     ],
     [
      120.6493773639527,
      12.996027000802371
     ],
     [
      120.4251655031783,
      13.018859523135529
     ],
     [
      120.20092490833534,
      13.041567122604478
     ],
     [
      119.97665574483702,
      13.064149532896284
     ],
     [
      119.75235817997614,
      13.086606489611771
     ],
     [
      119.52803238291625,
      13.108937730274173
     ],
     [
      119.30367852468248,
      13.131142994337655
     ],
     [
      119.07929677815235,
      13.153222023195868
     ],
     [
      118.85488731804631,
      13.175174560190438
     ],
     [
      118.63045032091817,
      13.197000350619433
     ],
     [
      118.4059859651455,
      13.218699141745757
     ],
     [
      118.1814944309196,
      13.240270682805566
     ],
     [
      117.95697590023555,
      13.261714725016567
     ],
     [
      117.73243055688192,
      13.28303102158635
     ],
     [
      117.50785858643056,
      13.304219327720627
     ],
     [
      117.283260176226,
      13.325279400631448
     ],
     [
      117.05863551537479,
      13.346210999545374
     ],
     [
      116.83398479473468,
      13.367013885711607
     ],
     [
      116.60930820690369,
      13.387687822410062
     ],
     [
      116.38460594620895,
      13.408232574959406
     ],
     [
      116.1598782086954,
      13.428647910725061
     ],
     [
      115.93512519211443,
      13.448933599127109
     ],
     [
      115.71034709591214,
      13.469089411648227
     ],
     [
      115.48554412121777,
      13.4891151218415
     ],
     [
      115.26071647083175,
      13.50901050533823
     ],
     [
      115.0358643492136,
      13.52877533985567
     ],
     [
      114.81098796246981,
      13.548409405204719
     ],
     [
      114.58608751834146,
      13.567912483297556
     ],
     [
      114.36116322619179,
      13.587284358155241
     ],
     [
      114.13621529699344,
      13.606524815915215
     ],
     [
      113.91124394331578,
      13.625633644838803
     ],
     [
      113.68624937931202,
      13.644610635318632
     ],
     [
      113.46123182070588,
      13.663455579885976
     ],
     [
      113.23619148477871,
      13.682168273218085
     ],
     [
      113.0111285903559,
      13.70074851214542
     ],
     [
      112.78604335779337,
      13.719196095658848
     ],
     [
      112.56093600896412,
      13.737510824916775
     ],
     [
      112.33580676724418,
      13.755692503252199
     ],
     [
      112.11065585749884,
      13.773740936179744
     ],
     [
      111.88548350606857,
      13.791655931402591
     ],
     [
      111.66028994075472,
      13.809437298819367
     ],
     [
      111.43507539080528,
      13.82708485053096
     ],
     [
      111.20984008690039,
      13.844598400847282
     ],
     [
      110.98458426113761,
      13.861977766293961
     ],
     [
      110.7593081470173,
      13.879222765618955
     ],
     [
      110.53401197942766,
      13.896333219799132
     ],
     [
      110.30869599462977,
      13.91330895204675
     ],
     [
      110.08336043024238,
      13.930149787815871
     ],
     [
      109.8580055252267,
      13.94685555480874
     ],
     [
      109.63263151987093,
      13.963426082982057
     ],
     [
      109.40723865577479,
      13.979861204553199
     ],
     [
      109.18182717583382,
      13.99616075400636
     ],
     [
      108.95639732422364,
      14.01232456809863
     ],
     [
      108.73094934638402,
      14.028352485866002
     ],
     [
      108.50548348900286,
      14.044244348629288
     ],
     [
      108.28,
      14.060000000000002
     ]
    ]
   },
   "properties": {
    "pair": "Filipino\u2013Vietnamese",
    "cuisine_a": "Filipino",
    "cuisine_b": "Vietnamese",
    "residual": 0.2546,
    "distance_km": 1464.0,
    "is_long_distance": "regional"
   }
  },
  {
   "type": "Feature",
   "geometry": {
    "type": "LineString",
    "coordinates": [
     [
      -91.2,
      30.5
     ],
     [
      -89.99945907546697,
      31.110977726857076
     ],
     [
      -88.78776481267397,
      31.71674442858298
     ],
     [
      -87.56449069100678,
      32.31704431998393
     ],
     [
      -86.32920608858603,
      32.91161130248041
     ],
     [
      -85.08147737798858,
      33.50016860353119
     ],
     [
      -83.82086922161064,
      34.08242843411907
     ],
     [
      -82.5469460866114,
      34.658091670193464
     ],
     [
      -81.25927399994369,
      35.226847564805546
     ],
     [
      -79.95742256420804,
      35.78837349857222
     ],
     [
      -78.64096725485624,
      36.34233477705662
     ],
     [
      -77.30949201850022,
      36.88838448464258
     ],
     [
      -75.96259219062314,
      37.42616340549188
     ],
     [
      -74.59987774869232,
      37.9553000231808
     ],
     [
      -73.22097691338718,
      38.475410611587264
     ],
     [
      -71.8255401062142,
      38.9860994305027
     ],
     [
      -70.41324426602887,
      39.48695904022625
     ],
     [
      -68.98379751977191,
      39.97757075000771
     ],
     [
      -67.53694419392984,
      40.45750521557444
     ],
     [
      -66.07247014276152,
      40.92632320103296
     ],
     [
      -64.59020835716834,
      41.38357652009745
     ],
     [
      -63.090044804271706,
      41.828809170780175
     ],
     [
      -61.57192443245649,
      42.261558676294655
     ],
     [
      -60.0358572601146,
      42.68135764288939
     ],
     [
      -58.481924449004964,
      43.08773554257134
     ],
     [
      -56.91028424561706,
      43.48022072513748
     ],
     [
      -55.321177656940996,
      43.85834265957541
     ],
     [
      -53.714933711527365,
      44.22163439972066
     ],
     [
      -52.09197414373595,
      44.56963526311241
     ],
     [
      -50.452817329799245,
      44.901893705367556
     ],
     [
      -48.79808129999412,
      45.2179703652452
     ],
     [
      -47.12848565301668,
      45.517441248121955
     ],
     [
      -45.444852207654314,
      45.79990100811207
     ],
     [
      -43.74810424385686,
      46.06496628188556
     ],
     [
      -42.03926421077403,
      46.31227902073201
     ],
     [
      -40.319449813209495,
      46.54150976199149
     ],
     [
      -38.58986842964374,
      46.752360777024855
     ],
     [
      -36.85180986326903,
      46.944569030792216
     ],
     [
      -35.10663748051917,
      47.11790888815915
     ],
     [
      -33.3557778469633,
      47.272194504465304
     ],
     [
      -31.600709025342265,
      47.40728184276206
     ],
     [
      -29.84294775189455,
      47.523070267401934
     ],
     [
      -28.08403575188394,
      47.61950367314059
     ],
     [
      -26.325525490593638,
      47.69657112024355
     ],
     [
      -24.568965679692965,
      47.75430695879277
     ],
     [
      -22.815886869236994,
      47.79279043888688
     ],
     [
      -21.067787451927327,
      47.8121448170841
     ],
     [
      -19.326120388889983,
      47.81253598260133
     ],
     [
      -17.592280936280247,
      47.7941706388428
     ],
     [
      -15.867595611478212,
      47.75729408625669
     ],
     [
      -14.15331258908507,
      47.70218766089215
     ],
     [
      -12.450593663342026,
      47.6291658890769
     ],
     [
      -10.760507858064774,
      47.53857342223412
     ],
     [
      -9.084026710684933,
      47.43078181702979
     ],
     [
      -7.422021206139069,
      47.30618622494484
     ],
     [
      -5.775260291272065,
      47.165202052265684
     ],
     [
      -4.14441086265033,
      47.0082616467241
     ],
     [
      -2.5300390911141095,
      46.83581106098301
     ],
     [
      -0.9326129253355638,
      46.648306936260575
     ],
     [
      0.647494396133877,
      46.44621354200179
     ],
     [
      2.2099999999999977,
      46.22999999999999
     ]
    ]
   },
   "properties": {
    "pair": "Cajun-Creole\u2013French",
    "cuisine_a": "Cajun-Creole",
    "cuisine_b": "French",
    "residual": 0.2282,
    "distance_km": 7858.0,
    "is_long_distance": "long-distance"
   }
  },
  {
   "type": "Feature",
   "geometry": {
    "type": "LineString",
    "coordinates": [
     [
      -51.93,
      -14.24
     ],
     [
      -49.33434257624705,
      -13.849745210412618
     ],
     [
      -46.74374397713189,
      -13.441361614969134
     ],
     [
      -44.158445880320734,
      -13.015387682367098
     ],
     [
      -41.578643159101375,
      -12.57239592635037
     ],
     [
      -39.0044830398894,
      -12.112990449451802
     ],
     [
      -36.43606475027238,
      -11.637804490820708
     ],
     [
      -33.87343963032968,
      -11.147498005152181
     ],
     [
      -31.316611674661722,
      -10.642755296921994
     ],
     [
      -28.76553846870526,
      -10.124282731029382
     ],
     [
      -26.22013248045284,
      -9.592806537667656
     ],
     [
      -23.680262667547687,
      -9.049070725880119
     ],
     [
      -21.145756359756263,
      -8.493835116905
     ],
     [
      -18.616401377879388,
      -7.927873505144074
     ],
     [
      -16.091948352074056,
      -7.35197195146692
     ],
     [
      -13.572113205149428,
      -6.766927210634027
     ],
     [
      -11.056579769493215,
      -6.17354529192111
     ],
     [
      -8.545002509714756,
      -5.572640149575196
     ],
     [
      -6.037009326703869,
      -4.965032497541689
     ],
     [
      -3.5322044224598095,
      -4.351548740970697
     ],
     [
      -1.0301712086246075,
      -3.7330200153362663
     ],
     [
      1.469524754946992,
      -3.1102813225711867
     ],
     [
      3.9673328021161476,
      -2.4841707524192547
     ],
     [
      6.463714190626918,
      -1.8555287762185977
     ],
     [
      8.959139125847896,
      -1.2251975995383235
     ],
     [
      11.454083781455953,
      -0.5940205594788627
     ],
     [
      13.949027318927188,
      0.03715844799867185
     ],
     [
      16.444448906686336,
      0.6674955256393134
     ],
     [
      18.940824739255913,
      1.2961473324259476
     ],
     [
      21.438625056744115,
      1.922271656144731
     ],
     [
      23.93831116551941,
      2.5450280159104652
     ],
     [
      26.440332461931796,
      3.1635783092884426
     ],
     [
      28.945123462438993,
      3.777087518204638
     ],
     [
      31.453100845464274,
      4.384724487225451
     ],
     [
      33.96466051271348,
      4.985662786997326
     ],
     [
      36.4801746804727,
      5.5790816746496885
     ],
     [
      38.99998901453822,
      6.164167161764292
     ],
     [
      41.524419825829845,
      6.740113199085107
     ],
     [
      44.05375134731423,
      7.306122985468202
     ],
     [
      46.58823311652387,
      7.86141040664258
     ],
     [
      49.12807749156785,
      8.405201607161922
     ],
     [
      51.67345733196328,
      8.936736696476967
     ],
     [
      54.22450387871028,
      9.455271587358535
     ],
     [
      56.78130487062795,
      9.960079961973216
     ],
     [
      59.34390293588338,
      10.450455357792205
     ],
     [
      61.912294298708275,
      10.92571336224486
     ],
     [
      64.48642784133554,
      11.38519390167542
     ],
     [
      67.06620456004441,
      11.828263606798245
     ],
     [
      69.65147745175383,
      12.25431823356463
     ],
     [
      72.2420518637501,
      12.662785115250808
     ],
     [
      74.83768633384068,
      13.053125618762984
     ],
     [
      77.43809394149787,
      13.424837575741556
     ],
     [
      80.0429441824817,
      13.77745765714748
     ],
     [
      82.65186537015447,
      14.110563658732387
     ],
     [
      85.26444755644773,
      14.423776664226747
     ],
     [
      87.88024595450548,
      14.716763053299168
     ],
     [
      90.49878483375345,
      14.989236322397685
     ],
     [
      93.11956184693238,
      15.240958688499974
     ],
     [
      95.74205273790466,
      15.47174244856299
     ],
     [
      98.36571636922802,
      15.68145107102573
     ],
     [
      100.99,
      15.87
     ]
    ]
   },
   "properties": {
    "pair": "Brazilian\u2013Thai",
    "cuisine_a": "Brazilian",
    "cuisine_b": "Thai",
    "residual": 0.2208,
    "distance_km": 17104.0,
    "is_long_distance": "long-distance"
   }
  },
  {
   "type": "Feature",
   "geometry": {
    "type": "LineString",
    "coordinates": [
     [
      -3.4400000000000004,
      55.38000000000001
     ],
     [
      -3.3325513548583725,
      55.2291266140171
     ],
     [
      -3.2256625965076076,
      55.07818395594282
     ],
     [
      -3.1193268208379585,
      54.92717292823296
     ],
     [
      -3.013537227354932,
      54.776094418651354
     ],
     [
      -2.9082871173882756,
      54.6249493005558
     ],
     [
      -2.803569892333461,
      54.473738433178035
     ],
     [
      -2.699379051925114,
      54.322462661897184
     ],
     [
      -2.59570819254188,
      54.1711228185076
     ],
     [
      -2.492551005542177,
      54.01971972148045
     ],
     [
      -2.389901275630333,
      53.86825417621999
     ],
     [
      -2.287752879252583,
      53.716726975313904
     ],
     [
      -2.186099783022412,
      53.5651388987785
     ],
     [
      -2.084936042174735,
      53.413490714298334
     ],
     [
      -1.9842557990484258,
      53.26178317746085
     ],
     [
      -1.8840532815966677,
      53.1100170319858
     ],
     [
      -1.784322801924672,
      52.958193009949845
     ],
     [
      -1.6850587548542446,
      52.80631183200619
     ],
     [
      -1.5862556165147428,
      52.65437420759959
     ],
     [
      -1.4879079429599416,
      52.502380835176794
     ],
     [
      -1.3900103688103356,
      52.350332402392354
     ],
     [
      -1.2925576059204256,
      52.19822958631012
     ],
     [
      -1.195544442070528,
      52.046073053600495
     ],
     [
      -1.098965739682658,
      51.89386346073342
     ],
     [
      -1.0028164345600479,
      51.74160145416725
     ],
     [
      -0.9070915346498611,
      51.589287670533786
     ],
     [
      -0.811786118828673,
      51.43692273681919
     ],
     [
      -0.7168953357102974,
      51.28450727054127
     ],
     [
      -0.62241440247554,
      51.13204187992295
     ],
     [
      -0.528338603723471,
      50.979527164062134
     ],
     [
      -0.43466329034381007,
      50.82696371309795
     ],
     [
      -0.3413838784100314,
      50.67435210837375
     ],
     [
      -0.24849584809279496,
      50.52169292259633
     ],
     [
      -0.1559947425933189,
      50.368986719992236
     ],
     [
      -0.06387616709632445,
      50.21623405646056
     ],
     [
      0.027864212257835544,
      50.063435479722784
     ],
     [
      0.11923066938220386,
      49.91059152946933
     ],
     [
      0.21022741923379076,
      49.75770273750322
     ],
     [
      0.3008586187860114,
      49.60476962788084
     ],
     [
      0.3911283679833625,
      49.4517927170496
     ],
     [
      0.4810407106786557,
      49.298772513983074
     ],
     [
      0.5705996355531608,
      49.14570952031313
     ],
     [
      0.6598090770199683,
      48.99260423045956
     ],
     [
      0.7486729161109104,
      48.83945713175693
     ],
     [
      0.8371949813473405,
      48.68626870457899
     ],
     [
      0.9253790495950991,
      48.533039422460504
     ],
     [
      1.0132288469039479,
      48.37976975221663
     ],
     [
      1.1007480493317963,
      48.226460154059936
     ],
     [
      1.187940283753994,
      48.07311108171504
     ],
     [
      1.2748091286579841,
      47.919722982530956
     ],
     [
      1.361358114923605,
      47.76629629759122
     ],
     [
      1.4475907265893055,
      47.612831461821855
     ],
     [
      1.5335104016045609,
      47.45932890409707
     ],
     [
      1.619120532568735,
      47.305789047343055
     ],
     [
      1.7044244674566795,
      47.15221230863955
     ],
     [
      1.7894255103312915,
      46.998599099319534
     ],
     [
      1.874126922043315,
      46.84494982506686
     ],
     [
      1.958531920918607,
      46.6912648860121
     ],
     [
      2.0426436834331247,
      46.53754467682636
     ],
     [
      2.1264653448758666,
      46.383789586813435
     ],
     [
      2.21,
      46.22999999999999
     ]
    ]
   },
   "properties": {
    "pair": "British\u2013French",
    "cuisine_a": "British",
    "cuisine_b": "French",
    "residual": 0.2137,
    "distance_km": 1091.0,
    "is_long_distance": "regional"
   }
  },
  {
   "type": "Feature",
   "geometry": {
    "type": "LineString",
    "coordinates": [
     [
      104.2,
      35.86
     ],
     [
      104.7586045383809,
      35.917261639120646
     ],
     [
      105.31797310021076,
      35.97286617800232
     ],
     [
      105.87808617532218,
      36.026805111999025
     ],
     [
      106.43892380134838,
      36.079070153396486
     ],
     [
      107.0004655719959,
      36.12965323688104
     ],
     [
      107.56269064589442,
      36.178546524919426
     ],
     [
      108.12557775602014,
      36.225742413041345
     ],
     [
      108.68910521968816,
      36.27123353501668
     ],
     [
      109.25325094910812,
      36.31501276791905
     ],
     [
      109.81799246249564,
      36.35707323706802
     ],
     [
      110.38330689573127,
      36.39740832084161
     ],
     [
      110.94917101455651,
      36.43601165535148
     ],
     [
      111.51556122729613,
      36.47287713897297
     ],
     [
      112.08245359809361,
      36.50799893672252
     ],
     [
      112.64982386064594,
      36.541371484475064
     ],
     [
      113.21764743242251,
      36.57298949301384
     ],
     [
      113.78589942935122,
      36.602847951906384
     ],
     [
      114.35455468095407,
      36.63094213319911
     ],
     [
      114.92358774591301,
      36.65726759492465
     ],
     [
      115.49297292804589,
      36.68182018441526
     ],
     [
      116.06268429267078,
      36.704596041416806
     ],
     [
      116.63269568333617,
      36.72559160099739
     ],
     [
      117.20298073889376,
      36.74480359624546
     ],
     [
      117.77351291088851,
      36.762229060752645
     ],
     [
      118.34426548124122,
      36.77786533087651
     ],
     [
      118.9152115801968,
      36.79171004777925
     ],
     [
      119.48632420451108,
      36.80376115923853
     ],
     [
      120.0575762358485,
      36.81401692122706
     ],
     [
      120.62894045936213,
      36.822475899257874
     ],
     [
      121.20038958242691,
      36.82913696949316
     ],
     [
      121.7718962534966,
      36.83399931961405
     ],
     [
      122.3434330810548,
      36.83706244945013
     ],
     [
      122.91497265262983,
      36.838326171367385
     ],
     [
      123.48648755384278,
      36.83779061041373
     ],
     [
      124.05795038745893,
      36.835456204222
     ],
     [
      124.62933379241169,
      36.8313237026705
     ],
     [
      125.20061046276865,
      36.82539416730186
     ],
     [
      125.7717531666099,
      36.81766897050103
     ],
     [
      126.34273476478836,
      36.80814979443436
     ],
     [
      126.91352822954289,
      36.79683862975129
     ],
     [
      127.4841066629346,
      36.78373777405159
     ],
     [
      128.0544433150783,
      36.768849830120416
     ],
     [
      128.62451160214064,
      36.75217770393511
     ],
     [
      129.194285124078,
      36.73372460244681
     ],
     [
      129.7637376820872,
      36.71349403114143
     ],
     [
      130.33284329574386,
      36.691489791384186
     ],
     [
      130.9015762198028,
      36.66771597755273
     ],
     [
      131.46991096063792,
      36.64217697396386
     ],
     [
      132.03782229229722,
      36.614877451599526
     ],
     [
      132.6052852721526,
      36.58582236463786
     ],
     [
      133.17227525612319,
      36.555016946795476
     ],
     [
      133.7387679134528,
      36.52246670748743
     ],
     [
      134.3047392410237,
      36.488177427811465
     ],
     [
      134.8701655771897,
      36.452155156363695
     ],
     [
      135.43502361511258,
      36.414406204892614
     ],
     [
      135.99929041558832,
      36.374937143799016
     ],
     [
      136.5629434193493,
      36.333754797489235
     ],
     [
      137.12596045883163,
      36.29086623958946
     ],
     [
      137.68831976939697,
      36.24627878802894
     ],
     [
      138.25,
      36.20000000000001
     ]
    ]
   },
   "properties": {
    "pair": "Chinese\u2013Japanese",
    "cuisine_a": "Chinese",
    "cuisine_b": "Japanese",
    "residual": 0.207,
    "distance_km": 3046.0,
    "is_long_distance": "regional"
   }
  },
  {
   "type": "Feature",
   "geometry": {
    "type": "LineString",
    "coordinates": [
     [
      2.21,
      46.22999999999999
     ],
     [
      0.7417003276957623,
      46.42622446964413
     ],
     [
      -0.7412071683137359,
      46.61006873835684
     ],
     [
      -2.23844514358562,
      46.781168656807104
     ],
     [
      -3.7496694716334025,
      46.939165185720476
     ],
     [
      -5.274466817789943,
      47.08370632228397
     ],
     [
      -6.812352789041761,
      47.21444912622978
     ],
     [
      -8.362770755055575,
      47.33106182692518
     ],
     [
      -9.925091430576131,
      47.43322598897835
     ],
     [
      -11.49861330058324,
      47.52063871020894
     ],
     [
      -13.082563956873212,
      47.59301482248911
     ],
     [
      -14.676102398080298,
      47.6500890631101
     ],
     [
      -16.278322324804993,
      47.69161818214255
     ],
     [
      -17.888256437936402,
      47.717382949900525
     ],
     [
      -19.504881722160523,
      47.72719002822991
     ],
     [
      -21.127125668978657,
      47.72087367003005
     ],
     [
      -22.75387336545593,
      47.69829721324837
     ],
     [
      -24.383975347646853,
      47.65935433856926
     ],
     [
      -26.016256092524912,
      47.60397006410696
     ],
     [
      -27.64952300056577,
      47.53210145549634
     ],
     [
      -29.282575704057663,
      47.4437380356931
     ],
     [
      -30.91421552468261,
      47.33890188532988
     ],
     [
      -32.543254898576514,
      47.217647431375774
     ],
     [
      -34.168526588241896,
      47.08006092883777
     ],
     [
      -35.788892508284576,
      46.92625964704426
     ],
     [
      -37.403252005545696,
      46.756390778392536
     ],
     [
      -39.010549453038,
      46.57063009308459
     ],
     [
      -40.609781040142686,
      46.369180368121356
     ],
     [
      -42.20000066756254,
      46.15226962252745
     ],
     [
      -43.78032488324696,
      45.920149193353005
     ],
     [
      -45.3499368235934,
      45.673091688417664
     ],
     [
      -46.908089151457894,
      45.411388852055936
     ],
     [
      -48.45410600780215,
      45.135349379374304
     ],
     [
      -49.987384016302194,
      44.84529671285861
     ],
     [
      -51.507392399312835,
      44.541566852727385
     ],
     [
      -53.01367227884649,
      44.224506209380294
     ],
     [
      -54.50583524753439,
      43.8944695228152
     ],
     [
      -55.98356130196347,
      43.5518178701524
     ],
     [
      -57.44659623456002,
      43.196916778567775
     ],
     [
      -58.894748580698895,
      42.83013445713787
     ],
     [
      -60.32788621541523,
      42.45184015745438
     ],
     [
      -61.74593268949863,
      42.06240266946622
     ],
     [
      -63.14886338838089,
      41.66218895592185
     ],
     [
      -64.53670158959586,
      41.25156292605475
     ],
     [
      -65.90951448616056,
      40.83088434680755
     ],
     [
      -67.26740923441362,
      40.40050788792606
     ],
     [
      -68.61052907599847,
      39.96078229566792
     ],
     [
      -69.93904957507672,
      39.512049688637305
     ],
     [
      -71.25317500371713,
      39.05464496835104
     ],
     [
      -72.55313490088392,
      38.588895336526306
     ],
     [
      -73.83918082364401,
      38.11511991072085
     ],
     [
      -75.1115833031821,
      37.633629429813936
     ],
     [
      -76.37062901297,
      37.1447260408555
     ],
     [
      -77.61661815197003,
      36.64870315899585
     ],
     [
      -78.84986204202454,
      36.145845392507795
     ],
     [
      -80.07068093554298,
      35.63642852529978
     ],
     [
      -81.27940202718385,
      35.120719549765106
     ],
     [
      -82.4763576613708,
      34.59897674330093
     ],
     [
      -83.66188372611634,
      34.07144978233934
     ],
     [
      -84.83631822268,
      33.538379888251754
     ],
     [
      -86.0,
      33.0
     ]
    ]
   },
   "properties": {
    "pair": "French\u2013Southern US",
    "cuisine_a": "French",
    "cuisine_b": "Southern US",
    "residual": 0.2043,
    "distance_km": 7306.0,
    "is_long_distance": "long-distance"
   }
  },
  {
   "type": "Feature",
   "geometry": {
    "type": "LineString",
    "coordinates": [
     [
      -8.24,
      53.41
     ],
     [
      -7.038748174777249,
      53.94411974072487
     ],
     [
      -5.817714535139633,
      54.474403143719655
     ],
     [
      -4.575767127654915,
      55.00059725161552
     ],
     [
      -3.3117070514350027,
      55.52242929737429
     ],
     [
      -2.0242660031201507,
      56.039605023838845
     ],
     [
      -0.7121042509093793,
      56.5518068796835
     ],
     [
      0.6261907900521175,
      57.05869209139446
     ],
     [
      1.9921051678580861,
      57.55989061420894
     ],
     [
      3.387197928766051,
      58.05500296939279
     ],
     [
      4.813099260890545,
      58.54359798112134
     ],
     [
      6.271506868203996,
      59.02521043386126
     ],
     [
      7.764180127216619,
      59.499338680886055
     ],
     [
      9.292931504513135,
      59.96544224676353
     ],
     [
      10.85961463717428,
      60.42293948169801
     ],
     [
      12.466108405032482,
      60.871205343806196
     ],
     [
      14.114296261327667,
      61.30956940695562
     ],
     [
      15.8060400475478,
      61.73731421668977
     ],
     [
      17.543147513894898,
      62.1536741446546
     ],
     [
      19.327332818108374,
      62.557834921976365
     ],
     [
      21.160169405821726,
      62.94893406266515
     ],
     [
      23.04303491216384,
      63.326062416857496
     ],
     [
      24.97704809507207,
      63.68826711697105
     ],
     [
      26.962998340979915,
      64.03455619278586
     ],
     [
      29.001268989092203,
      64.36390512801773
     ],
     [
      31.09175659918146,
      64.67526560411838
     ],
     [
      33.23378930883377,
      64.96757661955999
     ],
     [
      35.42604851898954,
      65.23977807838685
     ],
     [
      37.66649919382695,
      65.49082680654556
     ],
     [
      39.952334897111726,
      65.71971477924754
     ],
     [
      42.279944110693485,
      65.92548913486878
     ],
     [
      44.64490418247537,
      66.1072733263634
     ],
     [
      47.04200825793788,
      66.26428854403713
     ],
     [
      49.465328679556166,
      66.3958743646391
     ],
     [
      51.908317654246524,
      66.50150747439227
     ],
     [
      54.36394272686367,
      66.58081730721511
     ],
     [
      56.82485115981605,
      66.63359755225235
     ],
     [
      59.283554214164575,
      66.659812717754
     ],
     [
      61.73262007075432,
      66.65959927164016
     ],
     [
      64.1648631216502,
      66.63326127424277
     ],
     [
      66.57351778777777,
      66.58126082495572
     ],
     [
      68.95238679950393,
      66.50420400885457
     ],
     [
      71.29595669098956,
      66.40282330714945
     ],
     [
      73.59947662450274,
      66.27795759868081
     ],
     [
      75.85900005205659,
      66.13053092105906
     ],
     [
      78.0713916827089,
      65.96153109119572
     ],
     [
      80.23430444607837,
      65.77198913157227
     ],
     [
      82.34613249403851,
      65.5629602432119
     ],
     [
      84.40594679116927,
      65.33550684146307
     ],
     [
      86.41341965261526,
      65.09068395364564
     ],
     [
      88.36874389611282,
      64.82952708762431
     ],
     [
      90.27255129216222,
      64.55304252820285
     ],
     [
      92.12583390516038,
      64.26219990720509
     ],
     [
      93.92987085660386,
      63.95792682106561
     ],
     [
      95.68616209841022,
      63.641105231161745
     ],
     [
      97.39637000590119,
      63.31256936992504
     ],
     [
      99.06226899871429,
      62.97310488276092
     ],
     [
      100.68570296419762,
      62.623448955475396
     ],
     [
      102.26854996939942,
      62.26429120389518
     ],
     [
      103.81269357703405,
      61.89627513257511
     ],
     [
      105.32000000000001,
      61.52000000000001
     ]
    ]
   },
   "properties": {
    "pair": "Irish\u2013Russian",
    "cuisine_a": "Irish",
    "cuisine_b": "Russian",
    "residual": 0.1929,
    "distance_km": 5970.0,
    "is_long_distance": "long-distance"
   }
  },
  {
   "type": "Feature",
   "geometry": {
    "type": "LineString",
    "coordinates": [
     [
      -91.2,
      30.5
     ],
     [
      -89.85409417419929,
      31.1444330810704
     ],
     [
      -88.49410804843444,
      31.78219363897142
     ],
     [
      -87.11944807415614,
      32.41291643855448
     ],
     [
      -85.729515702064,
      33.03621995124553
     ],
     [
      -84.32370951438048,
      33.65170575880377
     ],
     [
      -82.90142776793343,
      34.25895800119584
     ],
     [
      -81.46207139117999,
      34.857542882726335
     ],
     [
      -80.00504747886299,
      35.44700825268854
     ],
     [
      -78.52977332739017,
      36.02688327905423
     ],
     [
      -77.03568105192211,
      36.59667823607173
     ],
     [
      -75.5222228221536,
      37.15588442903228
     ],
     [
      -73.98887674744714,
      37.70397428181957
     ],
     [
      -72.43515343286252,
      38.240401615078426
     ],
     [
      -70.86060321526206,
      38.764602144798786
     ],
     [
      -69.26482407260949,
      39.27599423265764
     ],
     [
      -67.64747017944569,
      39.773979920410106
     ],
     [
      -66.00826105705252,
      40.25794628075991
     ],
     [
      -64.34699123792767,
      40.72726711623566
     ],
     [
      -62.663540331067246,
      41.18130503540203
     ],
     [
      -60.95788333770214,
      41.61941393199171
     ],
     [
      -59.230101027497895,
      42.04094188701805
     ],
     [
      -57.480390144229304,
      42.44523450642116
     ],
     [
      -55.709073169544446,
      42.831638697177645
     ],
     [
      -53.916607336144125,
      43.19950687303499
     ],
     [
      -52.10359255052488,
      43.54820156720989
     ],
     [
      -50.2707778637415,
      43.87710041377913
     ],
     [
      -48.41906611998182,
      44.18560144253768
     ],
     [
      -46.5495164205328,
      44.47312861445226
     ],
     [
      -44.66334406788147,
      44.73913750734451
     ],
     [
      -42.76191770325928,
      44.98312104511074
     ],
     [
      -40.8467534215971,
      45.20461514975891
     ],
     [
      -38.91950573960736,
      45.403204184988255
     ],
     [
      -36.981955402602885,
      45.57852605406632
     ],
     [
      -35.03599413875389,
      45.730276814308866
     ],
     [
      -33.08360659900106,
      45.85821467618998
     ],
     [
      -31.12684984863202,
      45.96216326726273
     ],
     [
      -29.16783089371868,
      46.04201405945264
     ],
     [
      -27.208682823477517,
      46.09772788220914
     ],
     [
      -25.25154022047915,
      46.129335472308725
     ],
     [
      -23.298514528747955,
      46.136937042264805
     ],
     [
      -21.35167007199734,
      46.12070088151705
     ],
     [
      -19.413001380358807,
      46.080861035959956
     ],
     [
      -17.484412416794225,
      46.01771414011225
     ],
     [
      -15.567698199401612,
      45.93161550075071
     ],
     [
      -13.664529200515922,
      45.82297454992948
     ],
     [
      -11.77643877652288,
      45.692249798231735
     ],
     [
      -9.904813752539297,
      45.539943425593705
     ],
     [
      -8.050888161855198,
      45.36659564731012
     ],
     [
      -6.215740028243542,
      45.17277898748049
     ],
     [
      -4.400290985105942,
      44.95909258209822
     ],
     [
      -2.60530845212749,
      44.72615662031484
     ],
     [
      -0.8314100388854457,
      44.47460701630076
     ],
     [
      0.9209301848069853,
      44.20509038671453
     ],
     [
      2.6513739220265276,
      43.91825939111493
     ],
     [
      4.359709748687624,
      43.614768475575204
     ],
     [
      6.045843423357817,
      43.29527004395725
     ],
     [
      7.709787719768446,
      42.960411067249225
     ],
     [
      9.351652058130687,
      42.61083012934386
     ],
     [
      10.971632171200962,
      42.247154897753546
     ],
     [
      12.57,
      41.87
     ]
    ]
   },
   "properties": {
    "pair": "Cajun-Creole\u2013Italian",
    "cuisine_a": "Cajun-Creole",
    "cuisine_b": "Italian",
    "residual": 0.1875,
    "distance_km": 8815.0,
    "is_long_distance": "long-distance"
   }
  },
  {
   "type": "Feature",
   "geometry": {
    "type": "MultiLineString",
    "coordinates": [
     [
      [
       -102.55,
       23.63
      ],
      [
       -103.68276545577962,
       24.82166551122929
      ],
      [
       -104.82160138001102,
       26.012694369235017
      ],
      [
       -105.9670857830075,
       27.203025473886562
      ],
      [
       -107.11984466768932,
       28.392592550338826
      ],
      [
       -108.2805583265162,
       29.58132345753865
      ],
      [
       -109.44996853016045,
       30.7691393959064
      ],
      [
       -110.6288867645691,
       31.955953995879348
      ],
      [
       -111.81820370368419,
       33.141672265255316
      ],
      [
       -113.01890014250472,
       34.326189368644634
      ],
      [
       -114.2320596610131,
       35.50938920659714
      ],
      [
       -115.45888334581832,
       36.69114275481898
      ],
      [
       -116.70070696577918,
       37.871306114949334
      ],
      [
       -117.95902108362577,
       39.04971821712709
      ],
      [
       -119.23549469180506,
       40.22619810039076
      ],
      [
       -120.53200309257647,
       41.4005416789638
      ],
      [
       -121.85066090620043,
       42.57251787955697
      ],
      [
       -123.1938612948332,
       43.741864005481396
      ],
      [
       -124.56432274316221,
       44.90828014564209
      ],
      [
       -125.96514505145711,
       46.07142239776158
      ],
      [
       -127.3998765859143,
       47.230894612000824
      ],
      [
       -128.87259530934125,
       48.386238278903605
      ],
      [
       -130.38800669602537,
       49.536920078220525
      ],
      [
       -131.95156232691608,
       50.68231646470336
      ],
      [
       -133.56960376083873,
       51.821694483094575
      ],
      [
       -135.249537151102,
       52.954187764237716
      ],
      [
       -137.00004493197713,
       54.07876634169509
      ],
      [
       -138.83134152835623,
       55.19419852574328
      ],
      [
       -140.7554800202626,
       56.29900256245039
      ],
      [
       -142.78671520156087,
       57.39138518172003
      ],
      [
       -144.9419239824402,
       58.469163417578585
      ],
      [
       -147.24107384938605,
       59.529665346405466
      ],
      [
       -149.70770934500376,
       60.569604847905175
      ],
      [
       -152.36938739075384,
       61.584925632216446
      ],
      [
       -155.25792275453148,
       62.57061158361501
      ],
      [
       -158.40918939364624,
       63.520465809373036
      ],
      [
       -161.8620483383903,
       64.42687282403449
      ],
      [
       -165.65574729242843,
       65.28058164784278
      ],
      [
       -169.82494177512717,
       66.07058689326608
      ],
      [
       -174.3915581626865,
       66.78423935144623
      ],
      [
       -179.35350775739647,
       67.40776834489989
      ],
      [
       -180,
       67.47092844419727
      ]
     ],
     [
      [
       180,
       67.47092844419727
      ],
      [
       175.32774433982362,
       67.92739197460419
      ],
      [
       169.73579343187498,
       68.33104545421934
      ],
      [
       163.99729046629136,
       68.61043243759346
      ],
      [
       158.26522780655904,
       68.76273832263547
      ],
      [
       152.69139122392144,
       68.7912686439134
      ],
      [
       147.39933602996012,
       68.70470231128877
      ],
      [
       142.46885938040006,
       68.51532078685555
      ],
      [
       137.93509505034837,
       68.236962441842
      ],
      [
       133.79769112269517,
       67.88333908862634
      ],
      [
       130.0332923805232,
       67.46697816686309
      ],
      [
       126.60660803512843,
       66.9987414594839
      ],
      [
       123.47827307733715,
       66.48773961826785
      ],
      [
       120.6095990821029,
       65.94146323580054
      ],
      [
       117.96501943470147,
       65.36600370709812
      ],
      [
       115.51306859176555,
       64.76629067487072
      ],
      [
       113.22653104298277,
       64.14631073923671
      ],
      [
       111.08217268191811,
       63.50929434201764
      ],
      [
       109.06029728177326,
       62.85786907282475
      ],
      [
       107.14425958061118,
       62.19418259440921
      ],
      [
       105.32000000000001,
       61.52
      ]
     ]
    ]
   },
   "properties": {
    "pair": "Mexican\u2013Russian",
    "cuisine_a": "Mexican",
    "cuisine_b": "Russian",
    "residual": 0.1832,
    "distance_km": 10223.0,
    "is_long_distance": "long-distance"
   }
  },
  {
   "type": "Feature",
   "geometry": {
    "type": "LineString",
    "coordinates": [
     [
      -3.4400000000000004,
      55.38000000000001
     ],
     [
      -5.127205324984125,
      55.12070001510182
     ],
     [
      -6.809374328001578,
      54.84164149541667
     ],
     [
      -8.484650289630695,
      54.542987835647764
     ],
     [
      -10.15124817256461,
      54.22495167901202
     ],
     [
      -11.807471262965985,
      53.887792239970054
     ],
     [
      -13.451725657143138,
      53.531812128161775
     ],
     [
      -15.082532339496709,
      53.15735376137403
     ],
     [
      -16.6985366979949,
      52.76479546200538
     ],
     [
      -18.29851542278149,
      52.35454733392427
     ],
     [
      -19.88138082626312,
      51.927047015099724
     ],
     [
      -21.446182704619098,
      51.48275539639427
     ],
     [
      -22.99210792792578,
      51.02215238908619
     ],
     [
      -24.51847799720365,
      50.545732813755315
     ],
     [
      -26.024744841232256,
      50.0540024718733
     ],
     [
      -27.510485144640636,
      49.5474744494952
     ],
     [
      -28.975393503160888,
      49.026665690488706
     ],
     [
      -30.419274694219784,
      48.49209386528444
     ],
     [
      -31.842035333745073,
      47.94427455058748
     ],
     [
      -33.24367516575432,
      47.38371872613615
     ],
     [
      -34.62427820242424,
      46.810930586590494
     ],
     [
      -35.984003901093836,
      46.22640566004394
     ],
     [
      -37.32307853286892,
      45.63062921945628
     ],
     [
      -38.64178686662689,
      45.02407496942524
     ],
     [
      -39.94046426333874,
      44.407203988021394
     ],
     [
      -41.21948924945669,
      43.780463901761614
     ],
     [
      -42.479276615080394,
      43.14428827102495
     ],
     [
      -43.720271062882446,
      42.4990961631653
     ],
     [
      -44.94294141732607,
      41.84529189109321
     ],
     [
      -46.1477753903803,
      41.18326489604563
     ],
     [
      -47.335274889477276,
      40.51338975451697
     ],
     [
      -48.50595184554899,
      39.83602629078112
     ],
     [
      -49.6603245332941,
      39.151519778007106
     ],
     [
      -50.798914352018095,
      38.46020121259101
     ],
     [
      -51.9222430331415,
      37.762387647939434
     ],
     [
      -53.0308302394815,
      37.05838257550487
     ],
     [
      -54.1251915214153,
      36.34847634236163
     ],
     [
      -55.20583659579583,
      35.632946596002824
     ],
     [
      -56.27326791481366,
      34.91205874832328
     ],
     [
      -57.3279794937159,
      34.18606645192291
     ],
     [
      -58.37045596826762,
      33.45521208292124
     ],
     [
      -59.40117185496585,
      32.71972722541639
     ],
     [
      -60.420590989202,
      31.979833153557756
     ],
     [
      -61.42916611875246,
      31.235741307936234
     ],
     [
      -62.4273386321087,
      30.487653763637205
     ],
     [
      -63.41553840320222,
      29.73576368785691
     ],
     [
      -64.39418373601303,
      28.980255785461708
     ],
     [
      -65.36368139435714,
      28.22130673127852
     ],
     [
      -66.32442670382164,
      27.459085588252165
     ],
     [
      -67.27680371435086,
      26.69375421089888
     ],
     [
      -68.22118541338826,
      25.925467633729713
     ],
     [
      -69.1579339807459,
      25.154374444522198
     ],
     [
      -70.08740107751731,
      24.380617142485598
     ],
     [
      -71.00992816237397,
      23.604332481502126
     ],
     [
      -71.92584682950078,
      22.825651798736214
     ],
     [
      -72.83547916324011,
      22.04470132899155
     ],
     [
      -73.73913810523504,
      21.261602505263276
     ],
     [
      -74.63712783049942,
      20.47647224598501
     ],
     [
      -75.5297441294036,
      19.689423229508446
     ],
     [
      -76.41727479305692,
      18.900564156380412
     ],
     [
      -77.3,
      18.11
     ]
    ]
   },
   "properties": {
    "pair": "British\u2013Jamaican",
    "cuisine_a": "British",
    "cuisine_b": "Jamaican",
    "residual": 0.1761,
    "distance_km": 7345.0,
    "is_long_distance": "long-distance"
   }
  },
  {
   "type": "Feature",
   "geometry": {
    "type": "LineString",
    "coordinates": [
     [
      -91.2,
      30.5
     ],
     [
      -89.97869651526358,
      30.989025351680333
     ],
     [
      -88.74744175538379,
      31.471952896517124
     ],
     [
      -87.50598447015584,
      31.948536428611444
     ],
     [
      -86.25408106441009,
      32.41852323734213
     ],
     [
      -84.99149702739774,
      32.88165414386026
     ],
     [
      -83.71800848150033,
      33.33766357764476
     ],
     [
      -82.43340385120445,
      33.786279697602026
     ],
     [
      -81.13748565169345,
      34.227224562366615
     ],
     [
      -79.83007239452228,
      34.66021435458544
     ],
     [
      -78.51100060563573,
      35.084959664032546
     ],
     [
      -77.18012694846288,
      35.501165834391074
     ],
     [
      -75.83733044196185,
      35.90853337843783
     ],
     [
      -74.48251476031353,
      36.3067584661591
     ],
     [
      -73.11561059749246,
      36.6955334899974
     ],
     [
      -71.73657807621485,
      37.07454771096162
     ],
     [
      -70.34540917684035,
      37.443487988714516
     ],
     [
      -68.94213015775813,
      37.80203959796691
     ],
     [
      -67.52680393472707,
      38.14988713254902
     ],
     [
      -66.09953238268217,
      38.48671549739041
     ],
     [
      -64.66045851981563,
      38.81221098731909
     ],
     [
      -63.20976853045678,
      39.126062450095546
     ],
     [
      -61.74769358059308,
      39.42796252943988
     ],
     [
      -60.2745113779924,
      39.71760898201403
     ],
     [
      -58.79054742800013,
      39.99470606041562
     ],
     [
      -57.29617593638781,
      40.25896595226737
     ],
     [
      -55.79182031229536,
      40.51011026349559
     ],
     [
      -54.277953227481206,
      40.74787153194286
     ],
     [
      -52.755096192871854,
      40.97199475561915
     ],
     [
      -51.22381861982694,
      41.1822389182351
     ],
     [
      -49.6847363415798,
      41.37837849325424
     ],
     [
      -48.1385095798708,
      41.560204906621856
     ],
     [
      -46.58584035267154,
      41.72752793764581
     ],
     [
      -45.027469330828,
      41.880177037277974
     ],
     [
      -43.46417216407737,
      42.01800254332289
     ],
     [
      -41.89675530979489,
      42.14087677291094
     ],
     [
      -40.32605141053551,
      42.24869497392906
     ],
     [
      -38.75291427845012,
      42.341376118989146
     ],
     [
      -37.17821355548401,
      42.41886352789871
     ],
     [
      -35.60282912743386,
      42.481125307420704
     ],
     [
      -34.02764537704216,
      42.528154600291614
     ],
     [
      -32.45354536601546,
      42.55996963890992
     ],
     [
      -30.881405037948475,
      42.57661360270221
     ],
     [
      -29.312087533518273,
      42.5781542818017
     ],
     [
      -27.746437706013225,
      42.56468355321451
     ],
     [
      -26.185276919432653,
      42.53631667898667
     ],
     [
      -24.62939820330822,
      42.49319143891515
     ],
     [
      -23.079561828420765,
      42.43546711297783
     ],
     [
      -21.53649135616044,
      42.363323330823164
     ],
     [
      -20.00087020188562,
      42.27695880730812
     ],
     [
      -18.4733387397793,
      42.176589984182485
     ],
     [
      -16.954491963869675,
      42.0624495985837
     ],
     [
      -15.444877707521705,
      41.934785199050495
     ],
     [
      -13.94499541221407,
      41.793857629324066
     ],
     [
      -12.455295426105653,
      41.63993949933434
     ],
     [
      -10.97617880400728,
      41.47331366153293
     ],
     [
      -9.507997573056112,
      41.29427170920255
     ],
     [
      -8.0510554227144,
      41.103112511621696
     ],
     [
      -6.605608773673428,
      40.90014079906477
     ],
     [
      -5.1718681777706506,
      40.68566580864271
     ],
     [
      -3.75,
      40.46
     ]
    ]
   },
   "properties": {
    "pair": "Cajun-Creole\u2013Spanish",
    "cuisine_a": "Cajun-Creole",
    "cuisine_b": "Spanish",
    "residual": 0.1684,
    "distance_km": 7671.0,
    "is_long_distance": "long-distance"
   }
  },
  {
   "type": "Feature",
   "geometry": {
    "type": "LineString",
    "coordinates": [
     [
      -91.2,
      30.5
     ],
     [
      -89.75261964048124,
      31.201943872354725
     ],
     [
      -88.28824540911762,
      31.896297194200585
     ],
     [
      -86.80604219193545,
      32.58258959338235
     ],
     [
      -85.30516085755721,
      33.26032610768435
     ],
     [
      -83.78474111163868,
      33.92898601008955
     ],
     [
      -82.24391508062288,
      34.58802168310314
     ],
     [
      -80.68181172377487,
      35.236857568078065
     ],
     [
      -79.09756217752016,
      35.87488922048905
     ],
     [
      -77.49030613887476,
      36.50148250761363
     ],
     [
      -75.85919939424684,
      37.11597299103122
     ],
     [
      -74.20342259492645,
      37.71766554262844
     ],
     [
      -72.52219136979048,
      38.305834249222556
     ],
     [
      -70.81476784759421,
      38.879722667226645
     ],
     [
      -69.08047363404881,
      39.43854449462911
     ],
     [
      -67.31870425103739,
      39.98148473248884
     ],
     [
      -65.52894499527942,
      40.50770141158499
     ],
     [
      -63.710788110341454,
      41.01632796112317
     ],
     [
      -61.86395108856352,
      41.5064762947021
     ],
     [
      -59.98829582862655,
      41.977240683232594
     ],
     [
      -58.08384827185401,
      42.42770247429836
     ],
     [
      -56.15081802933994,
      42.85693570174101
     ],
     [
      -54.189617398064115,
      43.264013607385266
     ],
     [
      -52.20087905492669,
      43.64801606843254
     ],
     [
      -50.185471622898206,
      44.008037889217746
     ],
     [
      -48.14451223481156,
      44.343197875397266
     ],
     [
      -46.0793751902845,
      44.65264856358268
     ],
     [
      -43.991695822192284,
      44.93558643209366
     ],
     [
      -41.88336877146134,
      45.19126237179201
     ],
     [
      -39.75654001939922,
      45.418992153442964
     ],
     [
      -37.613592246289535,
      45.61816659370277
     ],
     [
      -35.45712336728669,
      45.78826109965837
     ],
     [
      -33.28991842740683,
      45.92884426540813
     ],
     [
      -31.114915394528932,
      46.039585206083885
     ],
     [
      -28.935165744547476,
      46.120259346156715
     ],
     [
      -26.75379105464841,
      46.17075242925119
     ],
     [
      -24.5739370781936,
      46.19106258351861
     ],
     [
      -22.398726941754987,
      46.18130035561627
     ],
     [
      -20.231215163883007,
      46.14168671185372
     ],
     [
      -18.07434413991209,
      46.07254909069029
     ],
     [
      -15.93090457341227,
      45.97431567007705
     ],
     [
      -13.803501080003247,
      45.84750808044479
     ],
     [
      -11.69452386907275,
      45.69273284511773
     ],
     [
      -9.606127054307468,
      45.51067186202412
     ],
     [
      -7.540213786410957,
      45.30207225312461
     ],
     [
      -5.498428069349913,
      45.06773590211642
     ],
     [
      -3.4821528372814345,
      44.808508979267714
     ],
     [
      -1.492513647570009,
      44.525271718229874
     ],
     [
      0.46961280745487977,
      44.21892866736622
     ],
     [
      2.40358625188179,
      43.890399591502934
     ],
     [
      4.308987345440358,
      43.54061115263735
     ],
     [
      6.1856000467257655,
      43.170489452969576
     ],
     [
      8.033392628995232,
      42.78095348282499
     ],
     [
      9.852498063042159,
      42.37290948099387
     ],
     [
      11.643194372738613,
      41.94724618640947
     ],
     [
      13.405885454925428,
      41.50483093800635
     ],
     [
      15.141082744133378,
      41.04650656369856
     ],
     [
      16.849387999642055,
      40.57308898904454
     ],
     [
      18.53147740111271,
      40.085365490511364
     ],
     [
      20.188087061240083,
      39.58409351644123
     ],
     [
      21.82,
      39.07
     ]
    ]
   },
   "properties": {
    "pair": "Cajun-Creole\u2013Greek",
    "cuisine_a": "Cajun-Creole",
    "cuisine_b": "Greek",
    "residual": 0.1624,
    "distance_km": 9636.0,
    "is_long_distance": "long-distance"
   }
  },
  {
   "type": "Feature",
   "geometry": {
    "type": "LineString",
    "coordinates": [
     [
      -3.4400000000000004,
      55.38000000000001
     ],
     [
      -2.232237495154098,
      55.85729658348626
     ],
     [
      -1.0040159624720282,
      56.330358691564676
     ],
     [
      0.24573115505813842,
      56.798920827977994
     ],
     [
      1.5181213124684363,
      57.2626983029311
     ],
     [
      2.8143227397028845,
      57.72138584026723
     ],
     [
      4.135553568181791,
      58.174656122384434
     ],
     [
      5.4830800184076045,
      58.62215828279145
     ],
     [
      6.858213427779413,
      59.063516360625044
     ],
     [
      8.262305862997895,
      59.49832773691831
     ],
     [
      9.696744025015882,
      59.92616157908384
     ],
     [
      11.162941117975834,
      60.34655732809605
     ],
     [
      12.66232631933763,
      60.759023272343256
     ],
     [
      14.196331459832738,
      61.16303526313723
     ],
     [
      15.766374503643608,
      61.558035639388414
     ],
     [
      17.373839417432585,
      61.943432442823294
     ],
     [
      19.02005203927906,
      62.31859901997612
     ],
     [
      20.706251614572636,
      62.68287412241789
     ],
     [
      22.433557766133042,
      63.03556263133221
     ],
     [
      24.202932821639372,
      63.37593704524766
     ],
     [
      26.015139643686663,
      63.70323987865922
     ],
     [
      27.870695404890178,
      64.01668712211007
     ],
     [
      29.769822125855896,
      64.31547290832823
     ],
     [
      31.71239524263385,
      64.59877551122422
     ],
     [
      33.69789197553964,
      64.86576477199044
     ],
     [
      35.72534180052055,
      65.11561099672365
     ],
     [
      37.79328182730498,
      65.34749530154134
     ],
     [
      39.89972029760011,
      65.56062129453241
     ],
     [
      42.042111650408685,
      65.75422788206606
     ],
     [
      44.21734657478193,
      65.92760287608287
     ],
     [
      46.421760107941644,
      66.08009696836783
     ],
     [
      48.651160092128336,
      66.21113753963566
     ],
     [
      50.90087717743341,
      66.3202416993134
     ],
     [
      53.16583611237253,
      66.40702791959467
     ],
     [
      55.44064642669596,
      66.47122564523559
     ],
     [
      57.71970896470084,
      66.51268233391008
     ],
     [
      59.99733328423147,
      66.53136750877223
     ],
     [
      62.26785990064857,
      66.52737357533982
     ],
     [
      64.52578088151498,
      66.50091335211476
     ],
     [
      66.7658524597307,
      66.45231446722099
     ],
     [
      68.98319410517867,
      66.38201095954767
     ],
     [
      71.17336975977575,
      66.29053257302817
     ],
     [
      73.33244851342776,
      66.17849233325688
     ],
     [
      75.45704366553716,
      66.04657304076017
     ],
     [
      77.54433067698834,
      65.89551330674685
     ],
     [
      79.59204581370417,
      65.72609370328259
     ],
     [
      81.59846822003762,
      65.53912351289745
     ],
     [
      83.56238870861391,
      65.33542845652025
     ],
     [
      85.48306873813058,
      65.11583966650484
     ],
     [
      87.36019293542145,
      64.8811840642314
     ],
     [
      89.1938181851479,
      64.63227620705672
     ],
     [
      90.98432184452028,
      64.36991159173608
     ],
     [
      92.73235111673195,
      64.09486134246956
     ],
     [
      94.43877509448876,
      63.80786817087357
     ],
     [
      96.10464050524698,
      63.50964347042532
     ],
     [
      97.73113177675363,
      63.20086539648359
     ],
     [
      99.31953570560464,
      62.882177781825575
     ],
     [
      100.87121075304015,
      62.554189743866885
     ],
     [
      102.38756080475098,
      62.217475850820236
     ],
     [
      103.87001310514157,
      61.8725767279294
     ],
     [
      105.32000000000001,
      61.52000000000001
     ]
    ]
   },
   "properties": {
    "pair": "British\u2013Russian",
    "cuisine_a": "British",
    "cuisine_b": "Russian",
    "residual": 0.1536,
    "distance_km": 5614.0,
    "is_long_distance": "long-distance"
   }
  },
  {
   "type": "Feature",
   "geometry": {
    "type": "LineString",
    "coordinates": [
     [
      -8.24,
      53.41
     ],
     [
      -9.781556244216715,
      53.12868769007335
     ],
     [
      -11.316269728453245,
      52.83078812104671
     ],
     [
      -12.842887805482913,
      52.51649507139257
     ],
     [
      -14.360223693208038,
      52.18603309872891
     ],
     [
      -15.867164092557022,
      51.83965535592147
     ],
     [
      -17.3626754487732,
      51.47764121014675
     ],
     [
      -18.84580881175591,
      51.10029371417506
     ],
     [
      -20.315703293232545,
      50.70793697918686
     ],
     [
      -21.771588157036945,
      50.30091349694017
     ],
     [
      -23.212783612246383,
      49.87958145627577
     ],
     [
      -24.63870040643698,
      49.44431209503452
     ],
     [
      -26.048838337360262,
      48.995487123743814
     ],
     [
      -27.442783815846745,
      48.53349625218879
     ],
     [
      -28.82020662099007,
      48.05873484448367
     ],
     [
      -30.18085599122407,
      47.571601722735856
     ],
     [
      -31.524556192540096,
      47.07249713405438
     ],
     [
      -32.851201698681535,
      46.56182089065251
     ],
     [
      -34.16075210861703,
      46.03997068825248
     ],
     [
      -35.453226914832086,
      45.50734060399529
     ],
     [
      -36.7287002228218,
      44.96431977163108
     ],
     [
      -37.987295508345724,
      44.41129122892709
     ],
     [
      -39.22918048513401,
      43.848630929963925
     ],
     [
      -40.45456214229984,
      43.27670691326477
     ],
     [
      -41.66368199808602,
      42.69587861546481
     ],
     [
      -42.856811605008474,
      42.10649631942832
     ],
     [
      -44.03424833111582,
      41.50890072529394
     ],
     [
      -45.196311433035326,
      40.90342263281801
     ],
     [
      -46.343338428734576,
      40.290382723530264
     ],
     [
      -47.47568177145039,
      39.67009143156477
     ],
     [
      -48.593705820947946,
      39.04284889252892
     ],
     [
      -49.697784104071275,
      38.40894496038582
     ],
     [
      -50.788296853316176,
      37.76865928300994
     ],
     [
      -51.86562880977951,
      37.122261427804816
     ],
     [
      -52.930167275192225,
      36.47001104951634
     ],
     [
      -53.982300396715594,
      35.812158093118995
     ],
     [
      -55.02241566766094,
      35.14894302537739
     ],
     [
      -56.0508986271885,
      34.480597089380765
     ],
     [
      -57.06813174226262,
      33.80734257700645
     ],
     [
      -58.07449345561484,
      33.12939311488269
     ],
     [
      -59.07035738412727,
      32.44695395998965
     ],
     [
      -60.056091652844074,
      31.760222301558795
     ],
     [
      -61.03205835070152,
      31.06938756640396
     ],
     [
      -61.99861309500132,
      30.37463172524487
     ],
     [
      -62.956104692608974,
      29.676129597966685
     ],
     [
      -63.90487488681398,
      28.974049156100286
     ],
     [
      -64.84525817972543,
      28.268551821109746
     ],
     [
      -65.77758172098189,
      27.559792757339395
     ],
     [
      -66.702165254417,
      26.847921158705425
     ],
     [
      -67.61932111513903,
      26.133080528419878
     ],
     [
      -68.52935427024595,
      25.415408951210086
     ],
     [
      -69.43256239710843,
      24.695039357648298
     ],
     [
      -70.32923599381047,
      23.97209978033529
     ],
     [
      -71.21965851693953,
      23.246713601792578
     ],
     [
      -72.10410654247141,
      22.518999794010735
     ],
     [
      -72.98284994599626,
      21.78907314968028
     ],
     [
      -73.8561520989889,
      21.05704450519652
     ],
     [
      -74.72427007823768,
      20.32302095558433
     ],
     [
      -75.58745488591754,
      19.587106061532722
     ],
     [
      -76.44595167812612,
      18.84940004876517
     ],
     [
      -77.3,
      18.11
     ]
    ]
   },
   "properties": {
    "pair": "Irish\u2013Jamaican",
    "cuisine_a": "Irish",
    "cuisine_b": "Jamaican",
    "residual": 0.1524,
    "distance_km": 7019.0,
    "is_long_distance": "long-distance"
   }
  },
  {
   "type": "Feature",
   "geometry": {
    "type": "LineString",
    "coordinates": [
     [
      -91.2,
      30.5
     ],
     [
      -90.95212436754727,
      30.30115029684864
     ],
     [
      -90.70491091615582,
      30.101976456761903
     ],
     [
      -90.45835353931547,
      29.902482283344547
     ],
     [
      -90.212446144227,
      29.702671544870856
     ],
     [
      -89.96718265256348,
      29.502547974600454
     ],
     [
      -89.72255700119733,
      29.302115271096504
     ],
     [
      -89.47856314289461,
      29.10137709854591
     ],
     [
      -89.23519504697697,
      28.900337087081333
     ],
     [
      -88.99244669995231,
      28.698998833104888
     ],
     [
      -88.75031210611488,
      28.497365899613282
     ],
     [
      -88.50878528811565,
      28.295441816524168
     ],
     [
      -88.26786028750365,
      28.09323008100369
     ],
     [
      -88.02753116523925,
      27.89073415779485
     ],
     [
      -87.78779200217991,
      27.687957479546746
     ],
     [
      -87.54863689953933,
      27.48490344714432
     ],
     [
      -87.31005997932064,
      27.281575430038636
     ],
     [
      -87.07205538472444,
      27.077976766577443
     ],
     [
      -86.83461728053214,
      26.874110764335953
     ],
     [
      -86.59773985346581,
      26.669980700447628
     ],
     [
      -86.36141731252455,
      26.465589821934955
     ],
     [
      -86.12564388929867,
      26.260941346039957
     ],
     [
      -85.89041383826182,
      26.056038460554493
     ],
     [
      -85.65572143704219,
      25.85088432415005
     ],
     [
      -85.42156098667289,
      25.64548206670709
     ],
     [
      -85.18792681182265,
      25.43983478964377
     ],
     [
      -84.9548132610069,
      25.233945566243918
     ],
     [
      -84.72221470678035,
      25.027817441984254
     ],
     [
      -84.49012554591123,
      24.82145343486072
     ],
     [
      -84.25854019953782,
      24.614856535713873
     ],
     [
      -84.02745311330814,
      24.40802970855316
     ],
     [
      -83.79685875750285,
      24.200975890880184
     ],
     [
      -83.5667516271422,
      23.993697994010745
     ],
     [
      -83.33712624207743,
      23.78619890339563
     ],
     [
      -83.10797714706719,
      23.57848147894015
     ],
     [
      -82.87929891183927,
      23.370548555322273
     ],
     [
      -82.6510861311384,
      23.162402942309363
     ],
     [
      -82.4233334247603,
      22.95404742507346
     ],
     [
      -82.19603543757262,
      22.745484764505047
     ],
     [
      -81.96918683952302,
      22.53671769752529
     ],
     [
      -81.74278232563515,
      22.327748937396628
     ],
     [
      -81.51681661599243,
      22.11858117403182
     ],
     [
      -81.2912844557105,
      21.90921707430123
     ],
     [
      -81.06618061489856,
      21.69965928233849
     ],
     [
      -80.84149988860985,
      21.489910419844403
     ],
     [
      -80.61723709678184,
      21.279973086389074
     ],
     [
      -80.39338708416636,
      21.069849859712335
     ],
     [
      -80.16994472025024,
      20.859543296022256
     ],
     [
      -79.94690489916624,
      20.649055930291937
     ],
     [
      -79.72426253959543,
      20.43839027655439
     ],
     [
      -79.50201258466062,
      20.227548828195616
     ],
     [
      -79.28015000181148,
      20.01653405824577
     ],
     [
      -79.05866978270168,
      19.805348419668466
     ],
     [
      -78.83756694305822,
      19.593994345648177
     ],
     [
      -78.6168365225432,
      19.38247424987574
     ],
     [
      -78.39647358460849,
      19.17079052683198
     ],
     [
      -78.17647321634348,
      18.958945552069345
     ],
     [
      -77.95683052831608,
      18.74694168249171
     ],
     [
      -77.7375406544073,
      18.534781256632193
     ],
     [
      -77.51859875163973,
      18.322466594929118
     ],
     [
      -77.3,
      18.11
     ]
    ]
   },
   "properties": {
    "pair": "Cajun-Creole\u2013Jamaican",
    "cuisine_a": "Cajun-Creole",
    "cuisine_b": "Jamaican",
    "residual": 0.1384,
    "distance_km": 1967.0,
    "is_long_distance": "regional"
   }
  },
  {
   "type": "Feature",
   "geometry": {
    "type": "MultiLineString",
    "coordinates": [
     [
      [
       121.77000000000001,
       12.880000000000003
      ],
      [
       123.55485188938053,
       14.233591839339155
      ],
      [
       125.35584553201593,
       15.582311639662665
      ],
      [
       127.1756026824856,
       16.925345330481953
      ],
      [
       129.0169105785118,
       18.261817689248076
      ],
      [
       130.88274767402552,
       19.590781511968867
      ],
      [
       132.77631113748816,
       20.911205450396967
      ],
      [
       134.7010461095164,
       22.22196028927698
      ],
      [
       136.6606765731155,
       23.521803415654297
      ],
      [
       138.65923748035001,
       24.809361213425213
      ],
      [
       140.70110747377532,
       26.083109104032147
      ],
      [
       142.79104110339878,
       27.341348954511993
      ],
      [
       144.93419882404663,
       28.582183596112326
      ],
      [
       147.1361722064807,
       29.803488253851537
      ],
      [
       149.40300064144748,
       31.002878799044918
      ],
      [
       151.74117428802137,
       32.17767692993057
      ],
      [
       154.15761605477326,
       33.32487269642823
      ],
      [
       156.6596329803491,
       34.44108526034478
      ],
      [
       159.25482456157243,
       35.522523477646814
      ],
      [
       161.95093259218083,
       36.56494886366082
      ],
      [
       164.75561444004748,
       37.56364480321047
      ],
      [
       167.6761203601055,
       38.513397504954874
      ],
      [
       170.71885695888565,
       39.40849609602719
      ],
      [
       173.88882548678697,
       40.24276117903941
      ],
      [
       177.18893786093037,
       41.00961266366184
      ],
      [
       180,
       41.577164317671084
      ]
     ],
     [
      [
       -180,
       41.577164317671084
      ],
      [
       -179.38076247755805,
       41.70218797872855
      ],
      [
       -175.82391313395067,
       42.31351983703167
      ],
      [
       -172.14857560666508,
       42.836777471623115
      ],
      [
       -168.36776702981277,
       43.2655660168455
      ],
      [
       -164.49962092261256,
       43.5942659348834
      ],
      [
       -160.56703727288652,
       43.81838036644624
      ],
      [
       -156.59675322665993,
       43.93484716797184
      ],
      [
       -152.6178807785351,
       43.94226911932529
      ],
      [
       -148.66008655504072,
       43.84102380333079
      ],
      [
       -144.75168502447707,
       43.63323361127411
      ],
      [
       -140.91794080007764,
       43.322601282798914
      ],
      [
       -137.17981761687932,
       42.91413965443416
      ],
      [
       -133.5532958082568,
       42.413838968777696
      ],
      [
       -130.04925203723468,
       41.828318116924414
      ],
      [
       -126.67379624086266,
       41.164499026397586
      ],
      [
       -123.42891176837134,
       40.429330463690064
      ],
      [
       -120.3132429940669,
       39.62957361821157
      ],
      [
       -117.32290387010337,
       38.771650391897076
      ],
      [
       -114.45222213197604,
       37.861547788524234
      ],
      [
       -111.69437322777263,
       36.90476806804594
      ],
      [
       -109.04188841477574,
       35.90631347691673
      ],
      [
       -106.48704124178752,
       34.87069527749091
      ],
      [
       -104.02212729466753,
       33.801958548932475
      ],
      [
       -101.6396562056427,
       32.70371618705196
      ],
      [
       -99.33247500982267,
       31.579187334971035
      ],
      [
       -97.09383989861028,
       30.43123697467959
      ],
      [
       -94.91745054912539,
       29.26241456824564
      ],
      [
       -92.79745825093124,
       28.074990486773224
      ],
      [
       -90.72845638446786,
       26.870989560252212
      ],
      [
       -88.70545957664173,
       25.652221480874
      ],
      [
       -86.72387608609881,
       24.42030804838783
      ],
      [
       -84.77947660939593,
       23.17670740087398
      ],
      [
       -82.86836168174366,
       21.922735460107308
      ],
      [
       -80.98692910179355,
       20.65958486099841
      ],
      [
       -79.13184227582505,
       19.38834164606996
      ],
      [
       -77.3,
       18.11
      ]
     ]
    ]
   },
   "properties": {
    "pair": "Filipino\u2013Jamaican",
    "cuisine_a": "Filipino",
    "cuisine_b": "Jamaican",
    "residual": 0.1288,
    "distance_km": 15984.0,
    "is_long_distance": "long-distance"
   }
  },
  {
   "type": "Feature",
   "geometry": {
    "type": "LineString",
    "coordinates": [
     [
      21.82,
      39.07
     ],
     [
      20.02673578091131,
      39.66052489209979
     ],
     [
      18.20046268761389,
      40.235496566187166
     ],
     [
      16.339745965415155,
      40.793841184441646
     ],
     [
      14.443199193732141,
      41.33442424268009
     ],
     [
      12.509509233260246,
      41.85605035872364
     ],
     [
      10.537465339171654,
      42.35746406386731
     ],
     [
      8.525992574457623,
      42.83735182791321
     ],
     [
      6.4741894824245225,
      43.294345566414464
     ],
     [
      4.381369738179328,
      43.72702788845154
     ],
     [
      2.247107190475612,
      44.13393934017736
     ],
     [
      0.07128332825682504,
      44.513587878703376
     ],
     [
      -2.1458642296186987,
      44.86446076764369
     ],
     [
      -4.403694095707239,
      45.18503901519988
     ],
     [
      -6.701116673467775,
      45.47381437477297
     ],
     [
      -9.036555682560529,
      45.729308795853484
     ],
     [
      -11.407918719418147,
      45.95009605208795
     ],
     [
      -13.812580030937609,
      46.13482509135714
     ],
     [
      -16.247378521316982,
      46.28224446213563
     ],
     [
      -18.708633531358714,
      46.39122698919013
     ],
     [
      -21.19218010178311,
      46.46079372152562
     ],
     [
      -23.693424280477235,
      46.490136079436674
     ],
     [
      -26.20741763780825,
      46.47863510631761
     ],
     [
      -28.728948648785504,
      46.42587679886777
     ],
     [
      -31.252647161018167,
      46.331662650665805
     ],
     [
      -33.77309698169105,
      46.19601479041856
     ],
     [
      -36.28495085297118,
      46.01917540650399
     ],
     [
      -38.783041856621054,
      45.80160049256674
     ],
     [
      -41.26248562975936,
      45.54394828833397
     ],
     [
      -43.71876863312478,
      45.247063089563156
     ],
     [
      -46.14781896434146,
      44.911955331664316
     ],
     [
      -48.54605767674135,
      44.53977899445971
     ],
     [
      -50.91043006076497,
      44.13180742498817
     ],
     [
      -53.23841770106512,
      43.6894086376784
     ],
     [
      -55.52803321381,
      43.214021042556126
     ],
     [
      -57.77780032721829,
      42.70713039394319
     ],
     [
      -59.98672238128436,
      42.170248567382046
     ],
     [
      -62.154242421966316,
      41.604894582380396
     ],
     [
      -64.28019791197951,
      41.012578109904354
     ],
     [
      -66.36477274895816,
      40.39478554798994
     ],
     [
      -68.40844884581668,
      39.752968622787876
     ],
     [
      -70.41195905160677,
      39.0885353777155
     ],
     [
      -72.37624272338019,
      38.402843348710434
     ],
     [
      -74.30240483415456,
      37.69719468523281
     ],
     [
      -76.19167913831198,
      36.9728329599173
     ],
     [
      -78.04539562132652,
      36.23094140961244
     ],
     [
      -79.86495223491067,
      35.47264236223965
     ],
     [
      -81.65179075542136,
      34.69899762334612
     ],
     [
      -83.40737649370915,
      33.911009620073045
     ],
     [
      -85.13318151855412,
      33.10962312594641
     ],
     [
      -86.83067102365212,
      32.29572741557028
     ],
     [
      -88.50129246100887,
      31.470158722711183
     ],
     [
      -90.14646707410931,
      30.633702897642593
     ],
     [
      -91.76758348630804,
      29.787098179569455
     ],
     [
      -93.36599302885155,
      28.931038017338487
     ],
     [
      -94.94300652528403,
      28.06617388650635
     ],
     [
      -96.49989228221017,
      27.19311806333756
     ],
     [
      -98.03787506877896,
      26.312446326664173
     ],
     [
      -99.55813589772598,
      25.424700567004262
     ],
     [
      -101.0618124487398,
      24.530391289166033
     ],
     [
      -102.55,
      23.63
     ]
    ]
   },
   "properties": {
    "pair": "Greek\u2013Mexican",
    "cuisine_a": "Greek",
    "cuisine_b": "Mexican",
    "residual": 0.1257,
    "distance_km": 10960.0,
    "is_long_distance": "long-distance"
   }
  },
  {
   "type": "Feature",
   "geometry": {
    "type": "LineString",
    "coordinates": [
     [
      104.2,
      35.86
     ],
     [
      104.2777477065836,
      35.49740215487136
     ],
     [
      104.35501107448911,
      35.13476769786837
     ],
     [
      104.43180074199118,
      34.772097438659735
     ],
     [
      104.50812708968755,
      34.40939216707416
     ],
     [
      104.58400024884082,
      34.046652653750385
     ],
     [
      104.65943010941251,
      33.683879650762954
     ],
     [
      104.73442632780242,
      33.321073892224724
     ],
     [
      104.80899833430595,
      32.958236094866905
     ],
     [
      104.88315534030173,
      32.59536695859795
     ],
     [
      104.95690634518044,
      32.23246716704194
     ],
     [
      105.03026014302648,
      31.869537388057534
     ],
     [
      105.1032253290622,
      31.50657827423818
     ],
     [
      105.17581030586504,
      31.14359046339436
     ],
     [
      105.24802328936701,
      30.780574579018882
     ],
     [
      105.31987231464514,
      30.417531230735595
     ],
     [
      105.3913652415122,
      30.054461014732393
     ],
     [
      105.46250975991516,
      29.69136451417925
     ],
     [
      105.53331339514972,
      29.328242299631697
     ],
     [
      105.60378351289827,
      28.965094929420516
     ],
     [
      105.67392732409832,
      28.60192295002806
     ],
     [
      105.74375188964837,
      28.23872689645198
     ],
     [
      105.81326412495764,
      27.875507292556563
     ],
     [
      105.88247080434593,
      27.512264651412497
     ],
     [
      105.95137856529969,
      27.148999475625228
     ],
     [
      106.01999391258965,
      26.785712257652676
     ],
     [
      106.08832322225598,
      26.422403480112443
     ],
     [
      106.15637274546572,
      26.059073616079118
     ],
     [
      106.22414861224772,
      25.695723129372066
     ],
     [
      106.29165683510988,
      25.332352474833925
     ],
     [
      106.35890331254316,
      24.968962098600407
     ],
     [
      106.42589383241673,
      24.60555243836146
     ],
     [
      106.49263407526855,
      24.242123923614493
     ],
     [
      106.55912961749556,
      23.878676975909542
     ],
     [
      106.62538593444683,
      23.515212009087104
     ],
     [
      106.69140840342388,
      23.151729429508602
     ],
     [
      106.75720230659161,
      22.78822963627999
     ],
     [
      106.82277283380289,
      22.424713021468587
     ],
     [
      106.88812508534059,
      22.06117997031356
     ],
     [
      106.95326407457992,
      21.69763086143014
     ],
     [
      107.01819473057388,
      21.33406606700796
     ],
     [
      107.08292190056525,
      20.97048595300361
     ],
     [
      107.14745035242743,
      20.606890879327757
     ],
     [
      107.21178477703688,
      20.24328120002688
     ],
     [
      107.27592979058005,
      19.87965726345998
     ],
     [
      107.33988993679671,
      19.516019412470378
     ],
     [
      107.40366968916265,
      19.152367984552754
     ],
     [
      107.4672734530135,
      18.78870331201569
     ],
     [
      107.53070556761224,
      18.425025722139825
     ],
     [
      107.59397030816243,
      18.06133553733181
     ],
     [
      107.657071887769,
      17.697633075274236
     ],
     [
      107.72001445934879,
      17.33391864907164
     ],
     [
      107.78280211749265,
      16.97019256739279
     ],
     [
      107.84543890028098,
      16.606455134609366
     ],
     [
      107.90792879105419,
      16.242706650931183
     ],
     [
      107.9702757201404,
      15.878947412538041
     ],
     [
      108.03248356654109,
      15.515177711708436
     ],
     [
      108.09455615957718,
      15.151397836945124
     ],
     [
      108.15649728049661,
      14.787608073097775
     ],
     [
      108.21831066404486,
      14.42380870148272
     ],
     [
      108.28,
      14.060000000000002
     ]
    ]
   },
   "properties": {
    "pair": "Chinese\u2013Vietnamese",
    "cuisine_a": "Chinese",
    "cuisine_b": "Vietnamese",
    "residual": 0.1249,
    "distance_km": 2458.0,
    "is_long_distance": "regional"
   }
  },
  {
   "type": "Feature",
   "geometry": {
    "type": "MultiLineString",
    "coordinates": [
     [
      [
       105.32000000000001,
       61.52000000000001
      ],
      [
       106.63827536637532,
       62.26155429426099
      ],
      [
       107.99000322455153,
       63.00177035813781
      ],
      [
       109.3809092788897,
       63.7404166181315
      ],
      [
       110.81807706727427,
       64.47720572475977
      ],
      [
       112.31036949219637,
       65.21177686522972
      ],
      [
       113.86901439715041,
       65.94367098990992
      ],
      [
       115.5084318053512,
       66.67229546277123
      ],
      [
       117.2474239142712,
       67.3968725773271
      ],
      [
       119.1109204341058,
       68.11636286155613
      ],
      [
       121.13259129802807,
       68.82934794963471
      ],
      [
       123.3588403968376,
       69.53384676259701
      ],
      [
       125.85503364916754,
       70.22701838596286
      ],
      [
       128.71536884192977,
       70.90466663511782
      ],
      [
       132.0785984567706,
       71.56038809883295
      ],
      [
       136.15250613642115,
       72.1840688804128
      ],
      [
       141.24824824245698,
       72.75920865371909
      ],
      [
       147.81108332131453,
       73.25834234993229
      ],
      [
       156.37413986071277,
       73.63655236896066
      ],
      [
       167.22533078305025,
       73.82820484908855
      ],
      [
       179.66473835624834,
       73.76434404667233
      ],
      [
       180,
       73.75483554737761
      ]
     ],
     [
      [
       -180,
       73.75483554737761
      ],
      [
       -168.1824144748524,
       73.41967193494088
      ],
      [
       -157.9493866895785,
       72.83642265139197
      ],
      [
       -149.98790262573783,
       72.086406726784
      ],
      [
       -143.8817140423502,
       71.22996254032316
      ],
      [
       -139.10622895011596,
       70.30653397949978
      ],
      [
       -135.25427268809662,
       69.33997302913367
      ],
      [
       -132.0469840415222,
       68.34465606853882
      ],
      [
       -129.29866321851637,
       67.32946871021812
      ],
      [
       -126.88486207083548,
       66.30009055476518
      ],
      [
       -124.72060527849837,
       65.26027807376812
      ],
      [
       -122.74655382286426,
       64.21259613223714
      ],
      [
       -120.92032215496553,
       63.15884692157418
      ],
      [
       -119.21097855130351,
       62.10032943703743
      ],
      [
       -117.59549975030212,
       61.03800135164055
      ],
      [
       -116.05643818980096,
       59.97258296362013
      ],
      [
       -114.58035474446108,
       58.90462574533501
      ],
      [
       -113.1567442890861,
       57.83455865659843
      ],
      [
       -111.77728495239809,
       56.7627201304496
      ],
      [
       -110.43530415051099,
       55.68938060850779
      ],
      [
       -109.12539251145576,
       54.614758708056556
      ],
      [
       -107.84312046184294,
       53.53903301301702
      ],
      [
       -106.5848272436098,
       52.46235080345198
      ],
      [
       -105.34746180792754,
       51.38483460787669
      ],
      [
       -104.12846138962607,
       50.30658718373143
      ],
      [
       -102.92565780896987,
       49.22769534720871
      ],
      [
       -101.73720442496116,
       48.14823294991864
      ],
      [
       -100.56151864410052,
       47.06826321543707
      ],
      [
       -99.3972362695431,
       45.98784059028597
      ],
      [
       -98.24317495142651,
       44.90701222281025
      ],
      [
       -97.0983046970802,
       43.8258191541844
      ],
      [
       -95.96172390470196,
       42.74429728473618
      ],
      [
       -94.83263975322735,
       41.66247816344876
      ],
      [
       -93.71035205373926,
       40.58038963722654
      ],
      [
       -92.59423987101852,
       39.49805638812969
      ],
      [
       -91.48375037672821,
       38.41550038049786
      ],
      [
       -90.37838951170656,
       37.33274123512816
      ],
      [
       -89.27771412352777,
       36.24979654404573
      ],
      [
       -88.18132531381312,
       35.16668213661643
      ],
      [
       -87.08886278278888,
       34.08341230559282
      ],
      [
       -86.0,
       33.0
      ]
     ]
    ]
   },
   "properties": {
    "pair": "Russian\u2013Southern US",
    "cuisine_a": "Russian",
    "cuisine_b": "Southern US",
    "residual": 0.1217,
    "distance_km": 9455.0,
    "is_long_distance": "long-distance"
   }
  },
  {
   "type": "Feature",
   "geometry": {
    "type": "LineString",
    "coordinates": [
     [
      -102.55,
      23.63
     ],
     [
      -101.2383330021693,
      24.2960733786217
     ],
     [
      -99.91642325213678,
      24.95659104722847
     ],
     [
      -98.58381659563132,
      25.611247452114565
     ],
     [
      -97.24005686177537,
      26.25972615124104
     ],
     [
      -95.88468699193878,
      26.901699415649844
     ],
     [
      -94.51725037178542,
      27.53682785619846
     ],
     [
      -93.13729238538039,
      28.164760082407597
     ],
     [
      -91.74436221053115,
      28.785132401141162
     ],
     [
      -90.33801487446607,
      29.397568563819092
     ],
     [
      -88.91781358840964,
      30.0016795718887
     ],
     [
      -87.4833323784764,
      30.59706355133278
     ],
     [
      -86.03415902845043,
      31.183305708049918
     ],
     [
      -84.56989834730493,
      31.75997837697576
     ],
     [
      -83.09017577060311,
      32.32664117878671
     ],
     [
      -81.59464130006288,
      32.88284129889436
     ],
     [
      -80.08297377942503,
      33.428113904146095
     ],
     [
      -78.55488549721711,
      33.961982713131455
     ],
     [
      -77.01012709796046,
      34.48396073618383
     ],
     [
      -75.44849277278095,
      34.9935512009816
     ],
     [
      -73.86982568826943,
      35.49024867900857
     ],
     [
      -72.2740235988953,
      35.97354042693961
     ],
     [
      -70.66104457350883,
      36.44290795518844
     ],
     [
      -69.03091275079534,
      36.897828833307415
     ],
     [
      -67.38372402243391,
      37.337778738598985
     ],
     [
      -65.71965152677433,
      37.762233750136026
     ],
     [
      -64.03895082084347,
      38.17067288538017
     ],
     [
      -62.341964585332,
      38.56258087075433
     ],
     [
      -60.62912670691267,
      38.93745113094162
     ],
     [
      -58.90096557589885,
      39.294788974474116
     ],
     [
      -57.15810643596213,
      39.634114945531124
     ],
     [
      -55.40127262742564,
      39.95496830403996
     ],
     [
      -53.6312855773903,
      40.25691058847506
     ],
     [
      -51.84906340922555,
      40.53952920854509
     ],
     [
      -50.05561807097112,
      40.80244100864278
     ],
     [
      -48.252050916694834,
      41.04529573791799
     ],
     [
      -46.43954671604141,
      41.267779359521356
     ],
     [
      -44.61936611373426,
      41.469617130304236
     ],
     [
      -42.792836610775446,
      41.650576383328755
     ],
     [
      -40.961342190183004,
      41.81046894910547
     ],
     [
      -39.126311759657995,
      41.949153157571864
     ],
     [
      -37.28920662879707,
      42.066535371339114
     ],
     [
      -35.45150727666187,
      42.16257101139968
     ],
     [
      -33.61469969430045,
      42.237265048896845
     ],
     [
      -31.78026160433646,
      42.29067195017565
     ],
     [
      -29.94964886484712,
      42.322895076547134
     ],
     [
      -28.12428235710403,
      42.33408555434375
     ],
     [
      -26.30553563685612,
      42.3244406442669
     ],
     [
      -24.49472359799636,
      42.294201651125675
     ],
     [
      -22.69309235764562,
      42.24365142532862
     ],
     [
      -20.90181052537354,
      42.17311151553646
     ],
     [
      -19.121961969192633,
      42.08293903747603
     ],
     [
      -17.354540139884655,
      41.97352332697218
     ],
     [
      -15.600443965754282,
      41.84528244583806
     ],
     [
      -13.860475284311429,
      41.698659607566704
     ],
     [
      -12.135337737445202,
      41.53411958608241
     ],
     [
      -10.4256370236073,
      41.35214516550306
     ],
     [
      -8.731882375054465,
      41.153233682337536
     ],
     [
      -7.0544891104650755,
      40.93789370420768
     ],
     [
      -5.393782102953022,
      40.70664188143252
     ],
     [
      -3.75,
      40.46
     ]
    ]
   },
   "properties": {
    "pair": "Mexican\u2013Spanish",
    "cuisine_a": "Mexican",
    "cuisine_b": "Spanish",
    "residual": 0.1207,
    "distance_km": 9026.0,
    "is_long_distance": "long-distance"
   }
  },
  {
   "type": "Feature",
   "geometry": {
    "type": "LineString",
    "coordinates": [
     [
      138.25,
      36.20000000000001
     ],
     [
      138.07513049163384,
      36.20004355930865
     ],
     [
      137.90025359536156,
      36.19992155974913
     ],
     [
      137.72537005043614,
      36.19963397646367
     ],
     [
      137.5504805965315,
      36.19918078721315
     ],
     [
      137.3755859736957,
      36.1985619723786
     ],
     [
      137.20068692230458,
      36.19777751496267
     ],
     [
      137.02578418301434,
      36.19682740059073
     ],
     [
      136.85087849671507,
      36.19571161751194
     ],
     [
      136.67597060448355,
      36.19443015660001
     ],
     [
      136.50106124753634,
      36.19298301135391
     ],
     [
      136.326151167183,
      36.19137017789822
     ],
     [
      136.15124110477888,
      36.18959165498354
     ],
     [
      135.97633180167816,
      36.18764744398643
     ],
     [
      135.80142399918697,
      36.18553754890945
     ],
     [
      135.62651843851617,
      36.18326197638077
     ],
     [
      135.45161586073465,
      36.18082073565378
     ],
     [
      135.27671700672215,
      36.17821383860639
     ],
     [
      135.10182261712254,
      36.17544129974026
     ],
     [
      134.92693343229666,
      36.17250313617971
     ],
     [
      134.75205019227568,
      36.1693993676706
     ],
     [
      134.5771736367142,
      36.1661300165789
     ],
     [
      134.40230450484353,
      36.162695107889135
     ],
     [
      134.227443535425,
      36.159094669202695
     ],
     [
      134.05259146670335,
      36.15532873073579
     ],
     [
      133.87774903636003,
      36.151397325317475
     ],
     [
      133.702916981467,
      36.14730048838725
     ],
     [
      133.52809603844014,
      36.1430382579927
     ],
     [
      133.35328694299295,
      36.13861067478671
     ],
     [
      133.17849043009068,
      36.13401778202477
     ],
     [
      133.00370723390373,
      36.12925962556187
     ],
     [
      132.8289380877621,
      36.12433625384933
     ],
     [
      132.65418372410954,
      36.11924771793146
     ],
     [
      132.47944487445753,
      36.11399407144199
     ],
     [
      132.30472226933995,
      36.10857537060034
     ],
     [
      132.1300166382675,
      36.10299167420777
     ],
     [
      131.9553287096827,
      36.0972430436432
     ],
     [
      131.78065921091422,
      36.09132954285907
     ],
     [
      131.60600886813248,
      36.08525123837682
     ],
     [
      131.4313784063043,
      36.07900819928238
     ],
     [
      131.2567685491486,
      36.0726004972213
     ],
     [
      131.0821800190919,
      36.06602820639389
     ],
     [
      130.90761353722394,
      36.05929140355003
     ],
     [
      130.73306982325346,
      36.05239016798394
     ],
     [
      130.55854959546463,
      36.04532458152866
     ],
     [
      130.38405357067305,
      36.03809472855049
     ],
     [
      130.20958246418243,
      36.03070069594314
     ],
     [
      130.03513698974132,
      36.02314257312179
     ],
     [
      129.8607178594998,
      36.015420452016954
     ],
     [
      129.686325783967,
      36.00753442706821
     ],
     [
      129.51196147196825,
      35.99948459521769
     ],
     [
      129.33762563060287,
      35.99127105590352
     ],
     [
      129.16331896520185,
      35.98289391105298
     ],
     [
      128.98904217928623,
      35.974353265075635
     ],
     [
      128.81479597452523,
      35.96564922485612
     ],
     [
      128.640581050695,
      35.95678189974701
     ],
     [
      128.46639810563758,
      35.9477514015613
     ],
     [
      128.2922478352199,
      35.93855784456487
     ],
     [
      128.1181309332934,
      35.92920134546877
     ],
     [
      127.94404809165353,
      35.919682023421295
     ],
     [
      127.77,
      35.91
     ]
    ]
   },
   "properties": {
    "pair": "Japanese\u2013Korean",
    "cuisine_a": "Japanese",
    "cuisine_b": "Korean",
    "residual": 0.1159,
    "distance_km": 942.0,
    "is_long_distance": "regional"
   }
  },
  {
   "type": "Feature",
   "geometry": {
    "type": "LineString",
    "coordinates": [
     [
      12.569999999999999,
      41.87
     ],
     [
      10.782080265299937,
      42.307246006076426
     ],
     [
      8.9641564278413,
      42.72736243965937
     ],
     [
      7.115582271969266,
      43.12938462859876
     ],
     [
      5.235832844455411,
      43.512316573301895
     ],
     [
      3.3245273228654364,
      43.87513452826482
     ],
     [
      1.3814531833197101,
      44.216791609639536
     ],
     [
      -0.593408812980247,
      44.536223518633996
     ],
     [
      -2.5998594562213464,
      44.83235544991228
     ],
     [
      -4.6374565576429605,
      45.104110224194834
     ],
     [
      -6.7054920268202185,
      45.35041764421739
     ],
     [
      -8.802971675750566,
      45.57022502304403
     ],
     [
      -10.928598975754152,
      45.7625087743519
     ],
     [
      -13.080764041703837,
      45.92628688780535
     ],
     [
      -15.257539088105068,
      46.06063204244072
     ],
     [
      -17.45668147598354,
      46.16468504184083
     ],
     [
      -19.67564523787347,
      46.23766819265159
     ],
     [
      -21.91160162983249,
      46.278898199204804
     ],
     [
      -24.161468826370974,
      46.28779811814522
     ],
     [
      -26.42195037233129,
      46.263907913603006
     ],
     [
      -28.6895814737924,
      46.20689317937501
     ],
     [
      -30.960781696097328,
      46.11655165091308
     ],
     [
      -33.231912192821135,
      45.99281721465498
     ],
     [
      -35.49933526302869,
      45.835761230117996
     ],
     [
      -37.759473862618705,
      45.645591103144824
     ],
     [
      -40.00886869895866,
      45.42264617677378
     ],
     [
      -42.24423071597971,
      45.167391128772664
     ],
     [
      -44.46248710864683,
      44.88040717200874
     ],
     [
      -46.66081945359388,
      44.56238143755437
     ],
     [
      -48.83669305832815,
      44.214094975617925
     ],
     [
      -50.98787716305704,
      43.836409834151034
     ],
     [
      -53.11245612904975,
      43.430255670569274
     ],
     [
      -55.20883217725266,
      42.9966163222838
     ],
     [
      -57.275720575301165,
      42.536516712317365
     ],
     [
      -59.3121383985949,
      42.05101040367012
     ],
     [
      -61.31738811276776,
      41.5411680468159
     ],
     [
      -63.29103725153394,
      41.00806689457538
     ],
     [
      -65.2328954127777,
      40.452781492330686
     ],
     [
      -67.14298968710847,
      39.876375592490035
     ],
     [
      -69.02153948727924,
      39.27989529232474
     ],
     [
      -70.86893158221976,
      38.66436335465103
     ],
     [
      -72.68569597109298,
      38.030774641235446
     ],
     [
      -74.4724830721033,
      37.38009256850885
     ],
     [
      -76.23004255544521,
      36.713246482996546
     ],
     [
      -77.95920402418598,
      36.03112984842272
     ],
     [
      -79.66085964280136,
      35.334599136295225
     ],
     [
      -81.335948730335,
      34.62447331557638
     ],
     [
      -82.98544427222168,
      33.90153384359606
     ],
     [
      -84.61034125939628,
      33.16652506865957
     ],
     [
      -86.21164673274903,
      32.42015496402977
     ],
     [
      -87.79037139256282,
      31.66309612249857
     ],
     [
      -89.34752262371302,
      30.895986950147034
     ],
     [
      -90.88409878582618,
      30.119433006811704
     ],
     [
      -92.40108462130645,
      29.33400844902398
     ],
     [
      -93.8994476415129,
      28.540257538657748
     ],
     [
      -95.38013536109813,
      27.738696187162976
     ],
     [
      -96.844073261577,
      26.929813511080305
     ],
     [
      -98.2921633768157,
      26.11407337956178
     ],
     [
      -99.72528340475833,
      25.291915938918006
     ],
     [
      -101.14428626094836,
      24.46375910284257
     ],
     [
      -102.55,
      23.63
     ]
    ]
   },
   "properties": {
    "pair": "Italian\u2013Mexican",
    "cuisine_a": "Italian",
    "cuisine_b": "Mexican",
    "residual": 0.1139,
    "distance_km": 10148.0,
    "is_long_distance": "long-distance"
   }
  },
  {
   "type": "Feature",
   "geometry": {
    "type": "LineString",
    "coordinates": [
     [
      2.21,
      46.22999999999999
     ],
     [
      3.3096326188964476,
      46.819501155907155
     ],
     [
      4.423777833493101,
      47.40558177155209
     ],
     [
      5.553159879371223,
      47.988045616310586
     ],
     [
      6.698538790242894,
      48.56668351274321
     ],
     [
      7.860711499370961,
      49.1412724018729
     ],
     [
      9.040512770790606,
      49.71157435034202
     ],
     [
      10.238815903375116,
      50.27733549927119
     ],
     [
      11.456533139398093,
      50.83828495573924
     ],
     [
      12.694615696173507,
      51.39413362922709
     ],
     [
      13.954053324509925,
      51.944573017183956
     ],
     [
      15.235873281060744,
      52.48927394615906
     ],
     [
      16.541138583244997,
      53.02788527777958
     ],
     [
      17.870945395443982,
      53.56003259233623
     ],
     [
      19.22641937402894,
      54.08531686695632
     ],
     [
      20.60871077708233,
      54.603313170391544
     ],
     [
      22.01898812342189,
      55.113569402407386
     ],
     [
      23.458430166138122,
      55.61560511269376
     ],
     [
      24.928215930272234,
      56.10891044214756
     ],
     [
      26.4295125550963,
      56.59294523827276
     ],
     [
      27.963460682052315,
      57.06713840618613
     ],
     [
      29.531157143892493,
      57.530887567071915
     ],
     [
      31.133634743845334,
      57.983559106507904
     ],
     [
      32.771838971258944,
      58.424488705304896
     ],
     [
      34.446601588039684,
      58.85298245454642
     ],
     [
      36.15861114402407,
      59.26831866330599
     ],
     [
      37.908380643917766,
      59.669750470699256
     ],
     [
      39.69621279620831,
      60.05650937189219
     ],
     [
      41.522163524546116,
      60.42780975863835
     ],
     [
      43.38600470830718,
      60.78285455701126
     ],
     [
      45.28718742830863,
      61.12084201654632
     ],
     [
      47.224807304586406,
      61.44097366477352
     ],
     [
      49.197573795561645,
      61.742463388690325
     ],
     [
      51.203785543577055,
      62.02454754088704
     ],
     [
      53.24131395708794,
      62.28649589517815
     ],
     [
      55.30759717077436,
      62.52762319892278
     ],
     [
      57.39964628425926,
      62.747300992805506
     ],
     [
      59.514065326021594,
      62.94496930130367
     ],
     [
      61.64708572331758,
      63.12014774684513
     ],
     [
      63.79461521347908,
      63.27244561597742
     ],
     [
      65.95230017099105,
      63.40157041338584
     ],
     [
      68.11559934034159,
      63.507334483047025
     ],
     [
      70.27986606585087,
      63.58965935491446
     ],
     [
      72.44043540616876,
      63.64857758551685
     ],
     [
      74.59271210430418,
      63.684231992661154
     ],
     [
      76.73225531014126,
      63.69687232586351
     ],
     [
      78.85485623152557,
      63.68684955153449
     ],
     [
      80.95660548418564,
      63.654608052281816
     ],
     [
      83.03394774134532,
      63.60067613243207
     ],
     [
      85.08372224650873,
      63.52565528038024
     ],
     [
      87.1031887360356,
      63.4302086605327
     ],
     [
      89.09003922097122,
      63.31504929559395
     ],
     [
      91.04239682352909,
      63.18092835936409
     ],
     [
      92.95880340724318,
      63.028623938804344
     ],
     [
      94.83819806734411,
      62.85893055039635
     ],
     [
      96.67988867243443,
      62.67264961783733
     ],
     [
      98.48351860202513,
      62.47058104264039
     ],
     [
      100.24903064910066,
      62.25351593124621
     ],
     [
      101.9766297970872,
      62.022230484915966
     ],
     [
      103.66674627731291,
      61.77748101338045
     ],
     [
      105.32000000000001,
      61.52000000000001
     ]
    ]
   },
   "properties": {
    "pair": "French\u2013Russian",
    "cuisine_a": "French",
    "cuisine_b": "Russian",
    "residual": 0.1136,
    "distance_km": 6221.0,
    "is_long_distance": "long-distance"
   }
  },
  {
   "type": "Feature",
   "geometry": {
    "type": "LineString",
    "coordinates": [
     [
      -91.2,
      30.5
     ],
     [
      -90.1898307203783,
      31.129865197953546
     ],
     [
      -89.17110694250493,
      31.756378137676055
     ],
     [
      -88.14348862340071,
      32.37938121111084
     ],
     [
      -87.10662774643163,
      32.99871021104601
     ],
     [
      -86.06016846411683,
      33.6141940237396
     ],
     [
      -85.00374731620975,
      34.2256543159963
     ],
     [
      -83.936993533649,
      34.832905218016556
     ],
     [
      -82.85952944001778,
      35.435753003641906
     ],
     [
      -81.77097096322306,
      36.03399576996533
     ],
     [
      -80.6709282711983,
      36.62742311866482
     ],
     [
      -79.55900654651595,
      37.21581584185597
     ],
     [
      -78.43480691584642,
      37.7989456157474
     ],
     [
      -77.29792755117529,
      38.37657470592323
     ],
     [
      -76.14796496054775,
      38.94845568867116
     ],
     [
      -74.98451548678909,
      39.51433119342134
     ],
     [
      -73.80717703308733,
      40.07393367205925
     ],
     [
      -72.61555103443429,
      40.626985201620215
     ],
     [
      -71.40924469361386,
      41.17319732765584
     ],
     [
      -70.1878734995935,
      41.71227095637431
     ],
     [
      -68.95106404469598,
      42.243896304480515
     ],
     [
      -67.69845715467483,
      42.76775291645902
     ],
     [
      -66.42971134264947,
      43.283509759827915
     ],
     [
      -65.14450659363186,
      43.790825409610974
     ],
     [
      -63.842548480957866,
      44.289348333893
     ],
     [
      -62.52357260919387,
      44.77871729279117
     ],
     [
      -61.18734936991923,
      45.25856186344136
     ],
     [
      -59.83368898711706,
      45.72850310360475
     ],
     [
      -58.462446817725365,
      46.18815436617986
     ],
     [
      -57.07352886026139,
      46.63712227619237
     ],
     [
      -55.66689741048047,
      47.07500788065961
     ],
     [
      -54.24257678802181,
      47.50140798002208
     ],
     [
      -52.800659042312134,
      47.91591664754395
     ],
     [
      -51.3413095301692,
      48.31812694016065
     ],
     [
      -49.864772242244015,
      48.70763280067173
     ],
     [
      -48.371374741483635,
      49.084031146940745
     ],
     [
      -46.861532565128634,
      49.446924138908344
     ],
     [
      -45.33575293342268,
      49.79592160882636
     ],
     [
      -43.79463760428697,
      50.130643634300796
     ],
     [
      -42.23888471475159,
      50.45072322766387
     ],
     [
      -40.669289457880105,
      50.7558091090959
     ],
     [
      -39.086743458993624,
      51.045568525052836
     ],
     [
      -37.492232737607715,
      51.319690068220034
     ],
     [
      -35.88683417162908,
      51.57788645072517
     ],
     [
      -34.27171041752581,
      51.81989717902181
     ],
     [
      -32.648103283344376,
      52.045491076994125
     ],
     [
      -31.0173255990253,
      52.254468603684515
     ],
     [
      -29.380751678395683,
      52.446663913784064
     ],
     [
      -27.73980651703966,
      52.62194661273678
     ],
     [
      -26.095953917281122,
      52.78022316396684
     ],
     [
      -24.45068377304631,
      52.92143791319735
     ],
     [
      -22.8054987808814,
      53.04557370383219
     ],
     [
      -21.16190086676748,
      53.152652067551564
     ],
     [
      -19.521377630090168,
      53.24273298518011
     ],
     [
      -17.885389105410468,
      53.3159142240247
     ],
     [
      -16.2553551295979,
      53.37233026872855
     ],
     [
      -14.632643577281957,
      53.41215087275639
     ],
     [
      -13.018559693047308,
      53.43557926646913
     ],
     [
      -11.414336706509577,
      53.44285006501396
     ],
     [
      -9.821127868922467,
      53.43422692469792
     ],
     [
      -8.239999999999998,
      53.41
     ]
    ]
   },
   "properties": {
    "pair": "Cajun-Creole\u2013Irish",
    "cuisine_a": "Cajun-Creole",
    "cuisine_b": "Irish",
    "residual": 0.1059,
    "distance_km": 6887.0,
    "is_long_distance": "long-distance"
   }
  },
  {
   "type": "Feature",
   "geometry": {
    "type": "LineString",
    "coordinates": [
     [
      -3.4400000000000004,
      55.38000000000001
     ],
     [
      -5.13075396290992,
      55.42739645660434
     ],
     [
      -6.838662926651294,
      55.45715956485157
     ],
     [
      -8.562435089594443,
      55.46886260818484
     ],
     [
      -10.300632429902752,
      55.462111368470715
     ],
     [
      -12.05167796449631,
      55.43654860533009
     ],
     [
      -13.813866046218283,
      55.39185831125099
     ],
     [
      -15.58537565288973,
      55.32776963266048
     ],
     [
      -17.36428650153636,
      55.24406034925286
     ],
     [
      -19.148597698449908,
      55.140559810974814
     ],
     [
      -20.936248518941483,
      55.017151244179814
     ],
     [
      -22.72514080796251,
      54.87377335523534
     ],
     [
      -24.513162411965826,
      54.710421180576944
     ],
     [
      -26.29821099982243,
      54.52714615579714
     ],
     [
      -28.078217610554688,
      54.32405540153022
     ],
     [
      -29.851169279741278,
      54.10131024919568
     ],
     [
      -31.615130143534806,
      53.85912405363554
     ],
     [
      -33.36826049548231,
      53.59775936098197
     ],
     [
      -35.10883337070903,
      53.317524517617926
     ],
     [
      -36.8352483469468,
      53.01876981905951
     ],
     [
      -38.54604237408678,
      52.70188330558139
     ],
     [
      -40.239897565274845,
      52.36728631438422
     ],
     [
      -41.915645995781134,
      52.01542889637038
     ],
     [
      -43.572271655130834,
      51.64678519973236
     ],
     [
      -45.20890977920851,
      51.261848913345844
     ],
     [
      -46.82484385003221,
      50.861128851286516
     ],
     [
      -48.41950059116886,
      50.44514474656417
     ],
     [
      -49.99244330735378,
      50.014423308254145
     ],
     [
      -51.54336391993057,
      49.569494582361564
     ],
     [
      -53.07207403812961,
      49.110888643597164
     ],
     [
      -54.578495383199986,
      48.639132633242234
     ],
     [
      -56.06264985128891,
      48.154748147743845
     ],
     [
      -57.524649464801215,
      47.658248973782676
     ],
     [
      -58.96468642347081,
      47.15013915834105
     ],
     [
      -60.3830234277584,
      46.63091139672651
     ],
     [
      -61.77998441017779,
      46.10104571745537
     ],
     [
      -63.155945775972626,
      45.56100844021196
     ],
     [
      -64.51132822400429,
      45.011251381581886
     ],
     [
      -65.84658919218505,
      44.452211282716235
     ],
     [
      -67.16221594940907,
      43.88430943332377
     ],
     [
      -68.45871933759108,
      43.30795146723167
     ],
     [
      -69.73662815284894,
      42.723527306040445
     ],
     [
      -70.99648414369503,
      42.13141122898675
     ],
     [
      -72.23883759591612,
      41.531962048902145
     ],
     [
      -73.46424346818345,
      40.925523376022895
     ],
     [
      -74.67325803892268,
      40.31242395328961
     ],
     [
      -75.86643602318688,
      39.69297804862187
     ],
     [
      -77.04432811785703,
      39.067485891418734
     ],
     [
      -78.20747893412751,
      38.43623414219526
     ],
     [
      -79.35642527764807,
      37.799496385798925
     ],
     [
      -80.49169473866317,
      37.157533640049856
     ],
     [
      -81.61380455682617,
      36.51059487291176
     ],
     [
      -82.72326072792288,
      35.858917522428385
     ],
     [
      -83.82055732239733,
      35.20272801465879
     ],
     [
      -84.90617598824294,
      34.542242275720724
     ],
     [
      -85.98058561343703,
      33.87766623481475
     ],
     [
      -87.04424212560998,
      33.20919631576074
     ],
     [
      -88.09758840901564,
      32.537019915145464
     ],
     [
      -89.14105432109109,
      31.861315865660956
     ],
     [
      -90.17505679294541,
      31.182254883622925
     ],
     [
      -91.2,
      30.5
     ]
    ]
   },
   "properties": {
    "pair": "British\u2013Cajun-Creole",
    "cuisine_a": "British",
    "cuisine_b": "Cajun-Creole",
    "residual": 0.0972,
    "distance_km": 7128.0,
    "is_long_distance": "long-distance"
   }
  },
  {
   "type": "Feature",
   "geometry": {
    "type": "LineString",
    "coordinates": [
     [
      -51.93,
      -14.24
     ],
     [
      -52.78069426690295,
      -13.612962299431654
     ],
     [
      -53.628455496917596,
      -12.9840395834645
     ],
     [
      -54.47342567729189,
      -12.353331156932095
     ],
     [
      -55.315746581212906,
      -11.72093489561841
     ],
     [
      -56.15555972846232,
      -11.08694731495751
     ],
     [
      -56.9930063544857,
      -10.451463639453468
     ],
     [
      -57.82822738724414,
      -9.814577872690698
     ],
     [
      -58.66136343124582,
      -9.17638286782109
     ],
     [
      -59.49255475818141,
      -8.536970398429357
     ],
     [
      -60.32194130361461,
      -7.896431229691821
     ],
     [
      -61.149662669203536,
      -7.254855189756421
     ],
     [
      -61.975858129953984,
      -6.612331241283433
     ],
     [
      -62.80066664602751,
      -5.9689475530966405
     ],
     [
      -63.624226878649274,
      -5.324791571904402
     ],
     [
      -64.44667720968033,
      -4.679950094058347
     ],
     [
      -65.26815576443717,
      -4.034509337325205
     ],
     [
      -66.08880043735783,
      -3.388555012653857
     ],
     [
      -66.90874892012907,
      -2.7421723959256346
     ],
     [
      -67.72813873190171,
      -2.0954463996809363
     ],
     [
      -68.54710725123259,
      -1.4484616448195573
     ],
     [
      -69.36579174940114,
      -0.8013025322755929
     ],
     [
      -70.18432942475623,
      -0.15405331467071817
     ],
     [
      -71.002857437754,
      0.49320183204837487
     ],
     [
      -71.82151294635236,
      1.1403787369810843
     ],
     [
      -72.6404331414287,
      1.7873931626445843
     ],
     [
      -73.45975528188839,
      2.434160733338053
     ],
     [
      -74.27961672912926,
      3.080596863492022
     ],
     [
      -75.10015498052394,
      3.726616685996798
     ],
     [
      -75.92150770157684,
      4.372134980505846
     ],
     [
      -76.7438127564043,
      5.017066101712802
     ],
     [
      -77.56720823617822,
      5.661323907604209
     ],
     [
      -78.39183248516196,
      6.3048216876942025
     ],
     [
      -79.21782412395498,
      6.947472091252459
     ],
     [
      -80.04532206954738,
      7.589187055542272
     ],
     [
      -80.87446555176999,
      8.229877734092476
     ],
     [
      -81.70539412570722,
      8.869454425034125
     ],
     [
      -82.53824767962038,
      9.507826499541435
     ],
     [
      -83.37316643790783,
      10.144902330425694
     ],
     [
      -84.2102909586058,
      10.780589220941238
     ],
     [
      -85.04976212490973,
      11.414793333873904
     ],
     [
      -85.89172113017042,
      12.047419620995004
     ],
     [
      -86.73630945579329,
      12.678371752977261
     ],
     [
      -87.58366884144152,
      13.307552049884238
     ],
     [
      -88.43394124691652,
      13.93486141236069
     ],
     [
      -89.28726880506017,
      14.560199253668785
     ],
     [
      -90.14379376499615,
      15.183463432733692
     ],
     [
      -91.00365842499852,
      15.804550188382454
     ],
     [
      -91.86700505424996,
      16.42335407498124
     ],
     [
      -92.73397580272496,
      17.03976789969929
     ],
     [
      -93.6047125984102,
      17.6536826616522
     ],
     [
      -94.47935703105232,
      18.264987493203037
     ],
     [
      -95.35805022160505,
      18.873569603727145
     ],
     [
      -96.2409326765335,
      19.47931422617513
     ],
     [
      -97.12814412612403,
      20.08210456679858
     ],
     [
      -98.01982334594398,
      20.681821758434292
     ],
     [
      -98.91610796060064,
      21.278344817775256
     ],
     [
      -99.81713422895862,
      21.871550607089837
     ],
     [
      -100.72303680999785,
      22.46131380088495
     ],
     [
      -101.63394850852544,
      23.047506858043306
     ],
     [
      -102.55,
      23.63
     ]
    ]
   },
   "properties": {
    "pair": "Brazilian\u2013Mexican",
    "cuisine_a": "Brazilian",
    "cuisine_b": "Mexican",
    "residual": 0.0963,
    "distance_km": 6928.0,
    "is_long_distance": "long-distance"
   }
  },
  {
   "type": "Feature",
   "geometry": {
    "type": "LineString",
    "coordinates": [
     [
      -77.3,
      18.11
     ],
     [
      -76.17336426994571,
      19.676251784927167
     ],
     [
      -75.04393019875425,
      21.24243525393867
     ],
     [
      -73.91122149940954,
      22.808538775678972
     ],
     [
      -72.77470186818815,
      24.374549251642883
     ],
     [
      -71.6337613659506,
      25.940451782985335
     ],
     [
      -70.48769952545354,
      27.506229257120772
     ],
     [
      -69.33570414873209,
      29.07186182869541
     ],
     [
      -68.17682438067729,
      30.637326260225876
     ],
     [
      -67.00993610213376,
      32.20259507434591
     ],
     [
      -65.83369689479845,
      33.76763545013073
     ],
     [
      -64.64648665863962,
      35.33240776710405
     ],
     [
      -63.446328196349015,
      36.89686365697429
     ],
     [
      -62.230779364054506,
      38.46094335610457
     ],
     [
      -60.99678412200809,
      40.02457204625992
     ],
     [
      -59.74046295582148,
      41.587654701219655
     ],
     [
      -58.45681179787758,
      43.15006867546831
     ],
     [
      -57.13925927065122,
      44.71165279104347
     ],
     [
      -55.77899807786739,
      46.272190830876426
     ],
     [
      -54.363944182808886,
      47.83138579086694
     ],
     [
      -52.87705857612162,
      49.38881825628091
     ],
     [
      -51.29352757469757,
      50.94387623104504
     ],
     [
      -49.5757883080976,
      52.49563078031413
     ],
     [
      -47.66422178974129,
      54.04260189532762
     ],
     [
      -45.458443099148795,
      55.58228346636254
     ],
     [
      -42.77616965894724,
      57.110084030892224
     ],
     [
      -39.251997406397756,
      58.61665667382541
     ],
     [
      -34.05069077470784,
      60.07997762931032
     ],
     [
      -24.927272532813625,
      61.4362826967054
     ],
     [
      -5.582391342243174,
      62.45299336288343
     ],
     [
      26.02428216011745,
      62.48917292843471
     ],
     [
      46.56098448840452,
      61.495099802743475
     ],
     [
      56.17924272371218,
      60.12684189852262
     ],
     [
      61.57583677963156,
      58.642512840256515
     ],
     [
      65.19138514229222,
      57.11212958175519
     ],
     [
      67.92274958467368,
      55.55942510898958
     ],
     [
      70.15768725234432,
      53.9943345708109
     ],
     [
      72.08790392497514,
      52.42169117455026
     ],
     [
      73.81826109866087,
      50.844114235049524
     ],
     [
      75.41071137821444,
      49.26314224890298
     ],
     [
      76.90412654659823,
      47.679736761348494
     ],
     [
      78.32409894540649,
      46.094529087042424
     ],
     [
      79.68815366372073,
      44.507950663646184
     ],
     [
      81.00869059021761,
      42.920306289770934
     ],
     [
      82.29472932699946,
      41.33181741243442
     ],
     [
      83.55298814530154,
      39.74264882313262
     ],
     [
      84.78857531812572,
      38.15292572792601
     ],
     [
      86.00544590750147,
      36.56274500770619
     ],
     [
      87.20671177862116,
      34.97218285017402
     ],
     [
      88.39485702639362,
      33.38130004743024
     ],
     [
      89.5718908451807,
      31.79014575178548
     ],
     [
      90.73945806344116,
      30.198760189361032
     ],
     [
      91.89892043436154,
      28.60717665444691
     ],
     [
      93.0514173505449,
      27.015422998217282
     ],
     [
      94.19791184029765,
      25.423522756001756
     ],
     [
      95.33922587783596,
      23.831496012294167
     ],
     [
      96.47606783079675,
      22.239360072892612
     ],
     [
      97.60905405323771,
      20.647129993496517
     ],
     [
      98.73872607361012,
      19.05481900034271
     ],
     [
      99.86556443861296,
      17.462438828910795
     ],
     [
      100.99000000000001,
      15.87
     ]
    ]
   },
   "properties": {
    "pair": "Jamaican\u2013Thai",
    "cuisine_a": "Jamaican",
    "cuisine_b": "Thai",
    "residual": 0.091,
    "distance_km": 16232.0,
    "is_long_distance": "long-distance"
   }
  },
  {
   "type": "Feature",
   "geometry": {
    "type": "LineString",
    "coordinates": [
     [
      78.96,
      20.589999999999996
     ],
     [
      77.19552006978891,
      21.802084545947174
     ],
     [
      75.4075360320488,
      23.007077662483063
     ],
     [
      73.59326152334458,
      24.204089447934237
     ],
     [
      71.7496974929913,
      25.39214700268957
     ],
     [
      69.87360788773985,
      26.570182155546508
     ],
     [
      67.96149443143165,
      27.7370176126235
     ],
     [
      66.00957101249453,
      28.891351331921587
     ],
     [
      64.01373850272319,
      30.031738927928604
     ],
     [
      61.96956126060038,
      31.156573926526832
     ],
     [
      59.87224715756348,
      32.264065729313614
     ],
     [
      57.716633747933066,
      33.35221522017398
     ],
     [
      55.497184227073404,
      34.4187880719174
     ],
     [
      53.207998127177646,
      35.46128600880232
     ],
     [
      50.842843305625024,
      36.476916579629936
     ],
     [
      48.395217661194636,
      37.46256242918931
     ],
     [
      45.85845105469521,
      38.41475165954492
     ],
     [
      43.22585984848846,
      39.32963167971671
     ],
     [
      40.49096781651551,
      40.202949968697794
     ],
     [
      37.6478070914184,
      41.03004639915266
     ],
     [
      34.691310099933666,
      41.80586309084526
     ],
     [
      31.61779653644711,
      42.52497896998105
     ],
     [
      28.425546698501847,
      43.18167692891921
     ],
     [
      25.11543286902153,
      43.770051158051466
     ],
     [
      21.691554428598984,
      44.28416018031134
     ],
     [
      18.161793587023222,
      44.71822673012375
     ],
     [
      14.538184667096887,
      45.06687863052848
     ],
     [
      10.836981990628315,
      45.32541578591366
     ],
     [
      7.078331261940868,
      45.4900790091974
     ],
     [
      3.28550297709411,
      45.558289381464654
     ],
     [
      -0.516272252096833,
      45.52882523824376
     ],
     [
      -4.301238047042439,
      45.40190968863736
     ],
     [
      -8.044621483760473,
      45.17919445435895
     ],
     [
      -11.724003131184112,
      44.86364269265637
     ],
     [
      -15.320369366960792,
      44.45932958114308
     ],
     [
      -18.818744759091217,
      43.97119036357836
     ],
     [
      -22.208391547308604,
      43.40474900266204
     ],
     [
      -25.482637661103276,
      42.76585703086618
     ],
     [
      -28.638437960951855,
      42.060464108671056
     ],
     [
      -31.675783689797687,
      41.294432261480885
     ],
     [
      -34.59706099420684,
      40.4733972351391
     ],
     [
      -37.40643287366832,
      39.60267420606483
     ],
     [
      -40.10929036574839,
      38.687201465352764
     ],
     [
      -42.711794511979825,
      37.73151425599699
     ],
     [
      -45.220513173364246,
      36.73974100727081
     ],
     [
      -47.64214598278456,
      35.71561512910727
     ],
     [
      -49.983325282770586,
      34.66249680324
     ],
     [
      -52.25047914007285,
      33.58340051550666
     ],
     [
      -54.44974298954891,
      32.481025242104906
     ],
     [
      -56.58690805184098,
      31.357785161828126
     ],
     [
      -58.66739667922762,
      30.215839508190815
     ],
     [
      -60.696256795629935,
      29.057120722911943
     ],
     [
      -62.678169399833905,
      27.883360460347667
     ],
     [
      -64.61746461430869,
      26.696113257082267
     ],
     [
      -66.5181429772669,
      25.496777853827172
     ],
     [
      -68.38389962076829,
      24.286616263989377
     ],
     [
      -70.2181496948257,
      23.06677074479093
     ],
     [
      -72.02405393077022,
      21.838278857537926
     ],
     [
      -73.80454362684789,
      20.60208681428123
     ],
     [
      -75.5623446192408,
      19.359061306224834
     ],
     [
      -77.3,
      18.11
     ]
    ]
   },
   "properties": {
    "pair": "Indian\u2013Jamaican",
    "cuisine_a": "Indian",
    "cuisine_b": "Jamaican",
    "residual": 0.0849,
    "distance_km": 14994.0,
    "is_long_distance": "long-distance"
   }
  },
  {
   "type": "Feature",
   "geometry": {
    "type": "LineString",
    "coordinates": [
     [
      -51.93,
      -14.24
     ],
     [
      -49.73580372170462,
      -13.656822256316275
     ],
     [
      -47.54879798219801,
      -13.061100714286026
     ],
     [
      -45.36883514002611,
      -12.45346991976475
     ],
     [
      -43.195729400699584,
      -11.834571725279897
     ],
     [
      -41.02925896682136,
      -11.20505399582175
     ],
     [
      -38.86916826636058,
      -10.56556944991376
     ],
     [
      -36.71517023074116,
      -9.916774634297695
     ],
     [
      -34.56694859813803,
      -9.259329028912415
     ],
     [
      -32.42416022115378,
      -8.593894277424148
     ],
     [
      -30.286437361782053,
      -7.9211335373702685
     ],
     [
      -28.153389960174515,
      -7.241710942991068
     ],
     [
      -26.024607867149044,
      -6.556291173026398
     ],
     [
      -23.899663033564842,
      -5.865539115123998
     ],
     [
      -21.778111652609283,
      -5.170119618021719
     ],
     [
      -19.65949625367304,
      -4.4706973223043
     ],
     [
      -17.543347748820153,
      -3.7679365602746175
     ],
     [
      -15.42918743488568,
      -3.0625013152992646
     ],
     [
      -13.316528955955835,
      -2.3550552308704487
     ],
     [
      -11.204880232407072,
      -1.6462616595536086
     ],
     [
      -9.093745363809926,
      -0.9367837419495394
     ],
     [
      -6.98262651384433,
      -0.2272845057791964
     ],
     [
      -4.871025785933693,
      0.4815730248094773
     ],
     [
      -2.758447098588299,
      1.1891257196162142
     ],
     [
      -0.6443980694573894,
      1.894710242348342
     ],
     [
      1.4716080831764478,
      2.597662970066857
     ],
     [
      3.59005061326908,
      3.2973199420113097
     ],
     [
      5.711399286884715,
      3.993016847676575
     ],
     [
      7.836112382805622,
      4.684089063975491
     ],
     [
      9.964634649026944,
      5.369871751251362
     ],
     [
      12.09739521198354,
      6.049700017789576
     ],
     [
      14.234805437363066,
      6.722909162302306
     ],
     [
      16.377256743669637,
      7.388835003605242
     ],
     [
      18.52511837231526,
      8.046814306350761
     ],
     [
      20.678735120917295,
      8.69618531120611
     ],
     [
      22.838425049651427,
      9.336288377244989
     ],
     [
      25.00447717391788,
      9.96646674353485
     ],
     [
      27.177149160176995,
      10.586067415927518
     ],
     [
      29.356665045539614,
      11.19444218387872
     ],
     [
      31.54321300547634,
      11.790948770716165
     ],
     [
      33.73694319774173,
      12.374952119134496
     ],
     [
      35.93796571417945,
      12.945825811813844
     ],
     [
      38.146348675346474,
      13.502953624939167
     ],
     [
      40.362116505723755,
      14.045731210053393
     ],
     [
      42.58524842950226,
      14.573567897130241
     ],
     [
      44.815677228385056,
      15.08588860903966
     ],
     [
      47.053288303357874,
      15.582135874746541
     ],
     [
      49.29791908179843,
      16.06177192569411
     ],
     [
      51.54935880948116,
      16.524280856950384
     ],
     [
      53.807348763878686,
      16.96917083192428
     ],
     [
      56.071582920602275,
      17.395976306881913
     ],
     [
      58.341709098840354,
      17.804260249212604
     ],
     [
      60.61733060429634,
      18.19361632151125
     ],
     [
      62.898008379503466,
      18.56367100215686
     ],
     [
      65.1832636616889,
      18.91408561226897
     ],
     [
      67.47258113782213,
      19.24455821879058
     ],
     [
      69.76541257542864,
      19.554825384037755
     ],
     [
      72.06118089654527,
      19.844663733405913
     ],
     [
      74.35928465124398,
      20.1138913150385
     ],
     [
      76.65910283687515,
      20.36236872812027
     ],
     [
      78.96,
      20.589999999999996
     ]
    ]
   },
   "properties": {
    "pair": "Brazilian\u2013Indian",
    "cuisine_a": "Brazilian",
    "cuisine_b": "Indian",
    "residual": 0.0816,
    "distance_km": 14776.0,
    "is_long_distance": "long-distance"
   }
  },
  {
   "type": "Feature",
   "geometry": {
    "type": "LineString",
    "coordinates": [
     [
      2.21,
      46.22999999999999
     ],
     [
      2.051328193224662,
      46.354234583792206
     ],
     [
      1.892202589418447,
      46.47834052980578
     ],
     [
      1.7326197771664553,
      46.6023166671544
     ],
     [
      1.5725763238319046,
      46.72616181334887
     ],
     [
      1.4120687755884476,
      46.84987477418103
     ],
     [
      1.2510936574592368,
      46.9734543436071
     ],
     [
      1.089647473362979,
      47.09689930363017
     ],
     [
      0.9277267061672025,
      47.22020842418226
     ],
     [
      0.765327817748972,
      47.34338046300545
     ],
     [
      0.6024472490632948,
      47.46641416553257
     ],
     [
      0.43908142021946145,
      47.589308264767126
     ],
     [
      0.2752267305655733,
      47.712061481162806
     ],
     [
      0.11087955878151791,
      47.83467252250212
     ],
     [
      -0.05396373701934982,
      47.95714008377486
     ],
     [
      -0.2193068191795466,
      48.079462847055595
     ],
     [
      -0.3851533703775456,
      48.20163948138108
     ],
     [
      -0.5515070934983264,
      48.32366864262676
     ],
     [
      -0.7183717114941046,
      48.445548973383154
     ],
     [
      -0.885750967234938,
      48.567279102831606
     ],
     [
      -1.0536486233489253,
      48.68885764661976
     ],
     [
      -1.2220684620516724,
      48.810283206736486
     ],
     [
      -1.3910142849647298,
      48.93155437138661
     ],
     [
      -1.5604899129226715,
      49.052669714865345
     ],
     [
      -1.730499185768494,
      49.1736277974323
     ],
     [
      -1.9010459621370026,
      49.29442716518537
     ],
     [
      -2.0721341192258467,
      49.415066349934406
     ],
     [
      -2.2437675525538623,
      49.535543869074715
     ],
     [
      -2.4159501757063575,
      49.65585822546036
     ],
     [
      -2.588685920067002,
      49.776007907277496
     ],
     [
      -2.7619787345359352,
      49.895991387917654
     ],
     [
      -2.9358325852337446,
      50.01580712585091
     ],
     [
      -3.1102514551909044,
      50.13545356449927
     ],
     [
      -3.285239344022334,
      50.254929132110114
     ],
     [
      -3.4608002675866327,
      50.37423224162965
     ],
     [
      -3.636938257629639,
      50.4933612905769
     ],
     [
      -3.81365736141188,
      50.612314660917605
     ],
     [
      -3.9909616413195197,
      50.731090718938674
     ],
     [
      -4.168855174458365,
      50.84968781512298
     ],
     [
      -4.347342052230541,
      50.968104284024555
     ],
     [
      -4.526426379893366,
      51.08633844414433
     ],
     [
      -4.706112276100026,
      51.20438859780646
     ],
     [
      -4.886403872421568,
      51.32225303103524
     ],
     [
      -5.067305312849821,
      51.43993001343285
     ],
     [
      -5.248820753280707,
      51.55741779805777
     ],
     [
      -5.430954360977578,
      51.67471462130416
     ],
     [
      -5.613710314014035,
      51.79181870278213
     ],
     [
      -5.797092800695799,
      51.908728245199
     ],
     [
      -5.9811060189611585,
      52.02544143424183
     ],
     [
      -6.165754175759481,
      52.14195643846094
     ],
     [
      -6.351041486407347,
      52.258271409154915
     ],
     [
      -6.53697217392177,
      52.37438448025681
     ],
     [
      -6.7235504683300675,
      52.49029376822195
     ],
     [
      -6.910780605955802,
      52.60599737191734
     ],
     [
      -7.098666828680379,
      52.72149337251254
     ],
     [
      -7.287213383179725,
      52.83677983337257
     ],
     [
      -7.476424520135588,
      52.95185479995249
     ],
     [
      -7.666304493420908,
      53.06671629969421
     ],
     [
      -7.856857559258787,
      53.181362341925066
     ],
     [
      -8.04808797535448,
      53.295790917759064
     ],
     [
      -8.24,
      53.41
     ]
    ]
   },
   "properties": {
    "pair": "French\u2013Irish",
    "cuisine_a": "French",
    "cuisine_b": "Irish",
    "residual": 0.0805,
    "distance_km": 1093.0,
    "is_long_distance": "regional"
   }
  },
  {
   "type": "Feature",
   "geometry": {
    "type": "LineString",
    "coordinates": [
     [
      127.77,
      35.91
     ],
     [
      127.39923669386441,
      35.562728031659375
     ],
     [
      127.0306386592637,
      35.21462350610084
     ],
     [
      126.66416889948127,
      34.86570369897757
     ],
     [
      126.29979080763134,
      34.515985547303124
     ],
     [
      125.93746817139132,
      34.16548565641384
     ],
     [
      125.57716517690807,
      33.81422030687112
     ],
     [
      125.21884641192906,
      33.462205461297884
     ],
     [
      124.86247686820747,
      33.10945677114431
     ],
     [
      124.50802194322773,
      32.755989583378266
     ],
     [
      124.15544744129596,
      32.40181894709643
     ],
     [
      123.80471957403708,
      32.04695962005283
     ],
     [
      123.45580496033935,
      31.691426075101454
     ],
     [
      123.10867062578346,
      31.33523250655049
     ],
     [
      122.76328400159296,
      30.97839283642598
     ],
     [
      122.41961292313968,
      30.620920720642722
     ],
     [
      122.0776256280366,
      30.26282955508126
     ],
     [
      121.73729075384907,
      29.904132481569356
     ],
     [
      121.3985773354525,
      29.544842393767144
     ],
     [
      121.06145480206482,
      29.184971942955258
     ],
     [
      120.72589297397835,
      28.824533543725362
     ],
     [
      120.39186205901652,
      28.463539379572964
     ],
     [
      120.0593326487372,
      28.102001408392358
     ],
     [
      119.72827571440493,
      27.739931367873904
     ],
     [
      119.39866260275203,
      27.37734078080393
     ],
     [
      119.07046503154756,
      27.01424096026772
     ],
     [
      118.7436550849921,
      26.650643014756234
     ],
     [
      118.41820520895499,
      26.28655785317722
     ],
     [
      118.0940882060699,
      25.921996189771676
     ],
     [
      117.7712772307033,
      25.55696854893658
     ],
     [
      117.44974578380953,
      25.191485269954832
     ],
     [
      117.12946770768568,
      24.825556511633785
     ],
     [
      116.81041718063773,
      24.459192256853335
     ],
     [
      116.49256871156965,
      24.092402317025044
     ],
     [
      116.17589713450559,
      23.725196336463494
     ],
     [
      115.86037760305504,
      23.357583796671364
     ],
     [
      115.54598558482982,
      22.98957402053964
     ],
     [
      115.23269685582139,
      22.621176176464406
     ],
     [
      114.92048749474617,
      22.252399282381802
     ],
     [
      114.60933387736617,
      21.8832522097226
     ],
     [
      114.29921267079126,
      21.51374368728807
     ],
     [
      113.9901008277696,
      21.14388230504857
     ],
     [
      113.68197558097168,
      20.7736765178667
     ],
     [
      113.37481443727282,
      20.403134649146306
     ],
     [
      113.06859517203955,
      20.032264894409302
     ],
     [
      112.76329582342359,
      19.66107532480162
     ],
     [
      112.4588946866676,
      19.28957389053017
     ],
     [
      112.15537030842644,
      18.91776842423227
     ],
     [
      111.85270148110688,
      18.54566664427922
     ],
     [
      111.55086723722893,
      18.173276158015657
     ],
     [
      111.24984684381138,
      17.8006044649363
     ],
     [
      110.94961979678368,
      17.42765895980164
     ],
     [
      110.65016581542667,
      17.054446935694248
     ],
     [
      110.35146483684349,
      16.68097558701721
     ],
     [
      110.0534970104627,
      16.307252012436255
     ],
     [
      109.75624269257474,
      15.933283217767276
     ],
     [
      109.45968244090311,
      15.559076118810525
     ],
     [
      109.16379700921082,
      15.184637544133295
     ],
     [
      108.86856734194372,
      14.809974237802365
     ],
     [
      108.57397456891042,
      14.435092862067883
     ],
     [
      108.28,
      14.060000000000002
     ]
    ]
   },
   "properties": {
    "pair": "Korean\u2013Vietnamese",
    "cuisine_a": "Korean",
    "cuisine_b": "Vietnamese",
    "residual": 0.0783,
    "distance_km": 3111.0,
    "is_long_distance": "regional"
   }
  },
  {
   "type": "Feature",
   "geometry": {
    "type": "LineString",
    "coordinates": [
     [
      12.569999999999999,
      41.87
     ],
     [
      11.054583560677585,
      42.22126872088641
     ],
     [
      9.520622552822815,
      42.56047501612271
     ],
     [
      7.967949848132011,
      42.88712056302295
     ],
     [
      6.3964592376825955,
      43.20069869408533
     ],
     [
      4.806112303654842,
      43.50069603691048
     ],
     [
      3.1969453511520842,
      43.78659441652834
     ],
     [
      1.5690762738511241,
      44.057873028418086
     ],
     [
      -0.07728879419637286,
      44.31401088568095
     ],
     [
      -1.7418492085894057,
      44.55448953794502
     ],
     [
      -3.4242041123216413,
      44.77879605266596
     ],
     [
      -5.123847501214033,
      44.986426241622944
     ],
     [
      -6.840164265685704,
      45.1768881067553
     ],
     [
      -8.57242741921171,
      45.3497054702849
     ],
     [
      -10.31979671705827,
      45.50442174464706
     ],
     [
      -12.081318852450014,
      45.640603788516735
     ],
     [
      -13.85592939040434,
      45.757845786640345
     ],
     [
      -15.642456561836067,
      45.855773083783504
     ],
     [
      -17.439626992673574,
      45.9340458974155
     ],
     [
      -19.246073385924,
      45.99236283027894
     ],
     [
      -21.060344110997296,
      46.0304641031728
     ],
     [
      -22.880914587038934,
      46.04813443043697
     ],
     [
      -24.70620027904556,
      46.04520546593147
     ],
     [
      -26.53457106105371,
      46.021557755738016
     ],
     [
      -28.36436664368771,
      45.977122145156684
     ],
     [
      -30.193912717558078,
      45.91188060140078
     ],
     [
      -32.02153743252937,
      45.82586642910729
     ],
     [
      -33.84558781792949,
      45.71916387263061
     ],
     [
      -35.66444575140847,
      45.59190711623944
     ],
     [
      -37.476543104188494,
      45.44427870993317
     ],
     [
      -39.28037572646008,
      45.27650746381973
     ],
     [
      -41.074515986171384,
      45.088865867143504
     ],
     [
      -42.857623634097564,
      44.88166709856462
     ],
     [
      -44.62845483402045,
      44.65526170180809
     ],
     [
      -46.38586926509654,
      44.41003400516252
     ],
     [
      -48.12883527022445,
      44.146398364554976
     ],
     [
      -49.856433086087,
      43.864795308279504
     ],
     [
      -51.56785624486988,
      43.56568765727409
     ],
     [
      -53.26241128257072,
      43.249556688586914
     ],
     [
      -54.93951592327164,
      42.91689840186757
     ],
     [
      -56.5986959324926,
      42.56821993989226
     ],
     [
      -58.239580846191785,
      42.20403620479467
     ],
     [
      -59.86189878607643,
      41.824866702278584
     ],
     [
      -61.4654705679488,
      41.431232637019896
     ],
     [
      -63.05020329935759,
      41.02365427402633
     ],
     [
      -64.61608364744541,
      40.60264857312702
     ],
     [
      -66.16317093911375,
      40.16872709715187
     ],
     [
      -67.69159023487425,
      39.72239418879407
     ],
     [
      -69.20152549622635,
      39.26414540663636
     ],
     [
      -70.69321294509184,
      38.79446620731966
     ],
     [
      -72.16693469350942,
      38.31383085826661
     ],
     [
      -73.62301270299739,
      37.82270156364313
     ],
     [
      -75.06180311608867,
      37.32152778523906
     ],
     [
      -76.48369098771906,
      36.8107457395579
     ],
     [
      -77.88908543146917,
      36.29077805251377
     ],
     [
      -79.2784151850769,
      35.7620335536361
     ],
     [
      -80.65212459103579,
      35.22490719248165
     ],
     [
      -82.01066998130625,
      34.67978006096722
     ],
     [
      -83.35451644999843,
      34.12701950649064
     ],
     [
      -84.68413499412878,
      33.56697932194504
     ],
     [
      -86.0,
      33.0
     ]
    ]
   },
   "properties": {
    "pair": "Italian\u2013Southern US",
    "cuisine_a": "Italian",
    "cuisine_b": "Southern US",
    "residual": 0.073,
    "distance_km": 8263.0,
    "is_long_distance": "long-distance"
   }
  },
  {
   "type": "Feature",
   "geometry": {
    "type": "LineString",
    "coordinates": [
     [
      -51.93,
      -14.24
     ],
     [
      -51.176507698690756,
      -13.308988345698353
     ],
     [
      -50.42667503821766,
      -12.37664546611274
     ],
     [
      -49.680215521138294,
      -11.443078131758284
     ],
     [
      -48.93684819364916,
      -10.508390469227557
     ],
     [
      -48.19629719287967,
      -9.57268419767431
     ],
     [
      -47.45829129934068,
      -8.636058857273744
     ],
     [
      -46.72256349452087,
      -7.698612030394775
     ],
     [
      -45.98885052349618,
      -6.760439556204715
     ],
     [
      -45.25689246230882,
      -5.8216357394122475
     ],
     [
      -44.52643228978144,
      -4.882293553840593
     ],
     [
      -43.79721546335634,
      -3.9425048415097157
     ],
     [
      -43.0689894984871,
      -3.0023605078946902
     ],
     [
      -42.34150355105911,
      -2.0619507140168625
     ],
     [
      -41.6145080022754,
      -1.1213650660155845
     ],
     [
      -40.88775404541292,
      -0.1806928028411184
     ],
     [
      -40.16099327383215,
      0.7599770172962224
     ],
     [
      -39.433977269608015,
      1.7005553310892854
     ],
     [
      -38.70645719214325,
      2.6409528842800105
     ],
     [
      -37.978183366125485,
      3.5810800451584326
     ],
     [
      -37.24890486819674,
      4.520846616783183
     ],
     [
      -36.51836911171909,
      5.460161647288157
     ],
     [
      -35.78632142904336,
      6.398933237634386
     ],
     [
      -35.05250465071886,
      7.337068346158971
     ],
     [
      -34.31665868112343,
      8.274472589263759
     ],
     [
      -33.57852007004431,
      9.211050037576225
     ],
     [
      -32.83782157980321,
      10.14670300690281
     ],
     [
      -32.094291747596046,
      11.081331843282294
     ],
     [
      -31.34765444280928,
      12.014834701432324
     ],
     [
      -30.597628419184364,
      12.947107315868081
     ],
     [
      -29.843926861831626,
      13.878042763956527
     ],
     [
      -29.08625692924732,
      14.80753122015561
     ],
     [
      -28.32431929066749,
      15.735459700672923
     ],
     [
      -27.557807659301847,
      16.66171179776633
     ],
     [
      -26.786408322236433,
      17.58616740289792
     ],
     [
      -26.009799668078372,
      18.508702417945354
     ],
     [
      -25.227651713747704,
      19.429188453671298
     ],
     [
      -24.439625632203814,
      20.347492514653563
     ],
     [
      -23.645373283336827,
      21.263476669888046
     ],
     [
      -22.844536750763368,
      22.176997708294415
     ],
     [
      -22.03674788785178,
      23.08790677838372
     ],
     [
      -21.221627876971738,
      23.996049011390113
     ],
     [
      -20.398786806728953,
      24.901263127228034
     ],
     [
      -19.567823272817314,
      25.803381022715836
     ],
     [
      -18.728324009109556,
      26.7022273416104
     ],
     [
      -17.879863556726185,
      27.597619026129337
     ],
     [
      -17.022003980081482,
      28.48936484980347
     ],
     [
      -16.154294640317495,
      29.377264931708336
     ],
     [
      -15.276272038112536,
      30.26111023237583
     ],
     [
      -14.387459739598864,
      31.140682031993837
     ],
     [
      -13.487368401052002,
      32.01575139187123
     ],
     [
      -12.575495910124818,
      32.88607860058658
     ],
     [
      -11.651327663690564,
      33.75141260676219
     ],
     [
      -10.714337004822479,
      34.611490441020585
     ],
     [
      -9.763985844053938,
      35.466036630400644
     ],
     [
      -8.79972549280326,
      36.3147626093454
     ],
     [
      -7.820997739664514,
      37.15736613233571
     ],
     [
      -6.827236203096105,
      37.99353069434417
     ],
     [
      -5.817867996793521,
      38.82292496653004
     ],
     [
      -4.79231574659617,
      39.6452022559977
     ],
     [
      -3.75,
      40.46
     ]
    ]
   },
   "properties": {
    "pair": "Brazilian\u2013Spanish",
    "cuisine_a": "Brazilian",
    "cuisine_b": "Spanish",
    "residual": 0.0696,
    "distance_km": 7851.0,
    "is_long_distance": "long-distance"
   }
  },
  {
   "type": "Feature",
   "geometry": {
    "type": "MultiLineString",
    "coordinates": [
     [
      [
       121.77000000000001,
       12.880000000000003
      ],
      [
       123.35410818771618,
       14.195858687013025
      ],
      [
       124.95007754757043,
       15.50846467411514
      ],
      [
       126.55967404598192,
       16.817322709162728
      ],
      [
       128.18476725613738,
       18.121904202906595
      ],
      [
       129.82734584136244,
       19.42164176744361
      ],
      [
       131.48953430306798,
       20.7159231209218
      ],
      [
       133.17361111116514,
       22.00408425086644
      ],
      [
       134.88202831224763,
       23.28540171491425
      ],
      [
       136.61743267261576,
       24.55908394295102
      ],
      [
       138.38268835239919,
       25.824261389091582
      ],
      [
       140.1809010140879,
       27.079975366423973
      ],
      [
       142.01544313079626,
       28.325165383312633
      ],
      [
       143.88998005931842,
       29.558654789476186
      ],
      [
       145.80849615782722,
       30.77913453635785
      ],
      [
       147.77531982881243,
       31.985144864500388
      ],
      [
       149.7951458182549,
       33.17505475807494
      ],
      [
       151.87305235883878,
       34.3470390639252
      ],
      [
       154.01450976017702,
       35.499053274183225
      ],
      [
       156.22537577572234,
       36.628806137627116
      ],
      [
       158.5118714811433,
       37.733730521481235
      ],
      [
       160.88052948630673,
       38.81095332447353
      ],
      [
       163.33810415252736,
       39.85726578035281
      ],
      [
       165.89143131480662,
       40.869096224967805
      ],
      [
       168.5472232523391,
       41.84248835442868
      ],
      [
       171.31178406772364,
       42.7730891710411
      ],
      [
       174.19063239363572,
       43.65615212994364
      ],
      [
       177.1880240312562,
       44.486562290319625
      ],
      [
       180,
       45.18300984448685
      ]
     ],
     [
      [
       -180,
       45.18300984448685
      ],
      [
       -179.69362144722396,
       45.258891216199096
      ],
      [
       -176.4543674347334,
       45.96748945526477
      ],
      [
       -173.0974316370837,
       46.60662298295995
      ],
      [
       -169.62980262697243,
       47.17065634409501
      ],
      [
       -166.0626938187109,
       47.65427893572844
      ],
      [
       -162.41171232409337,
       48.052762232077626
      ],
      [
       -158.6966321767739,
       48.362226136228855
      ],
      [
       -154.94070928635955,
       48.57988461196709
      ],
      [
       -151.16955666191194,
       48.70423745340374
      ],
      [
       -147.40969435833992,
       48.735178960856295
      ],
      [
       -143.68696853226902,
       48.67400574181972
      ],
      [
       -140.0250680436838,
       48.52332232805833
      ],
      [
       -136.44434156628145,
       48.286860153406444
      ],
      [
       -132.9610434233831,
       47.9692378642244
      ],
      [
       -129.5870407269451,
       47.57569601697273
      ],
      [
       -126.3299294512955,
       47.111836877512324
      ],
      [
       -123.19345369597087,
       46.583392511689084
      ],
      [
       -120.17810539011735,
       45.996034790176246
      ],
      [
       -117.28179326461861,
       45.35523202422181
      ],
      [
       -114.50049707307164,
       44.66615026829247
      ],
      [
       -111.82885393380516,
       43.93359329228705
      ],
      [
       -109.26065065128347,
       43.161973495687874
      ],
      [
       -106.78921568267756,
       42.35530593694614
      ],
      [
       -104.40771684775886,
       41.517218501294536
      ],
      [
       -102.10937730721722,
       40.65097249377484
      ],
      [
       -99.88762456931953,
       39.75948927085699
      ],
      [
       -97.73618696663195,
       38.845379721463054
      ],
      [
       -95.6491504059957,
       37.91097439614888
      ],
      [
       -93.62098605064345,
       36.95835284890312
      ],
      [
       -91.64655742161429,
       35.98937132141475
      ],
      [
       -89.72111344987958,
       35.00568830015314
      ],
      [
       -87.84027236670619,
       34.008787749252775
      ],
      [
       -86.0,
       33.0
      ]
     ]
    ]
   },
   "properties": {
    "pair": "Filipino\u2013Southern US",
    "cuisine_a": "Filipino",
    "cuisine_b": "Southern US",
    "residual": 0.0648,
    "distance_km": 14123.0,
    "is_long_distance": "long-distance"
   }
  },
  {
   "type": "Feature",
   "geometry": {
    "type": "LineString",
    "coordinates": [
     [
      -51.93,
      -14.24
     ],
     [
      -49.19983904549953,
      -14.006556614863086
     ],
     [
      -46.471584986941934,
      -13.75263601765367
     ],
     [
      -43.74570483177044,
      -13.47846851057579
     ],
     [
      -41.02264119840021,
      -13.184335510081592
     ],
     [
      -38.30280800022489,
      -12.870568015339131
     ],
     [
      -35.58658653541076,
      -12.537544849057143
     ],
     [
      -32.874322025843526,
      -12.185690699368022
     ],
     [
      -30.16632063799184,
      -11.815473993626483
     ],
     [
      -27.462847007652243,
      -11.427404636290706
     ],
     [
      -24.76412227992835,
      -11.022031643524414
     ],
     [
      -22.07032266572349,
      -10.599940706832722
     ],
     [
      -19.381578506783168,
      -10.16175171698399
     ],
     [
      -16.697973833151636,
      -9.708116277761825
     ],
     [
      -14.019546389967779,
      -9.239715236833252
     ],
     [
      -11.346288104923072,
      -8.757256258319554
     ],
     [
      -8.678145963472524,
      -8.261471458626536
     ],
     [
      -6.015023256003289,
      -7.75311512383756
     ],
     [
      -3.356781159556233,
      -7.232961523600091
     ],
     [
      -0.7032406162471819,
      -6.701802833034748
     ],
     [
      1.945815528893792,
      -6.16044717084625
     ],
     [
      4.590640166512148,
      -5.609716758586163
     ],
     [
      7.231519371675018,
      -5.050446202959524
     ],
     [
      9.86876969385776,
      -4.48348090022432
     ],
     [
      12.502735316266541,
      -3.909675559130009
     ],
     [
      15.133785109406363,
      -3.329892836498014
     ],
     [
      17.762309600568553,
      -2.74500207747078
     ],
     [
      20.388717877754733,
      -2.1558781506469016
     ],
     [
      23.013434443583176,
      -1.5634003667744343
     ],
     [
      25.636896032036486,
      -0.9684514683834106
     ],
     [
      28.259548398578723,
      -0.37191667669232353
     ],
     [
      30.881843092262393,
      0.22531721868943116
     ],
     [
      33.504234217003734,
      0.822362742330131
     ],
     [
      36.12717518826503,
      1.418332603255598
     ],
     [
      38.75111549096305,
      2.012340568544142
     ],
     [
      41.376497444537684,
      2.6035023557963424
     ],
     [
      44.003752981754516,
      3.1909365597874
     ],
     [
      46.63330044897263,
      3.7737656281457403
     ],
     [
      49.265541437253155,
      4.351116900218822
     ],
     [
      51.90085765577814,
      4.92212372237642
     ],
     [
      54.53960786153904,
      5.485926651852726
     ],
     [
      57.182124862073174,
      6.041674759831021
     ],
     [
      59.82871261108731,
      6.588527042817679
     ],
     [
      62.479643420015094,
      7.125653949430777
     ],
     [
      65.13515531178182,
      7.652239027537591
     ],
     [
      67.79544954617612,
      8.16748069422121
     ],
     [
      70.46068834908426,
      8.670594128348222
     ],
     [
      73.13099288028931,
      9.160813282571672
     ],
     [
      75.8064414763845,
      9.637393008466821
     ],
     [
      78.48706820643979,
      10.099611285209232
     ],
     [
      81.17286177821866,
      10.546771538824625
     ],
     [
      83.86376483181479,
      10.978205035639128
     ],
     [
      86.55967365544093,
      11.39327333022556
     ],
     [
      89.26043835464898,
      11.791370744969278
     ],
     [
      91.96586350144767,
      12.171926855474483
     ],
     [
      94.67570928360553,
      12.534408953506123
     ],
     [
      97.38969316694929,
      12.878324457125053
     ],
     [
      100.10749207481575,
      13.20322323622943
     ],
     [
      102.82874507918825,
      13.508699820957625
     ],
     [
      105.55305658770604,
      13.79439546041348
     ],
     [
      108.28,
      14.060000000000002
     ]
    ]
   },
   "properties": {
    "pair": "Brazilian\u2013Vietnamese",
    "cuisine_a": "Brazilian",
    "cuisine_b": "Vietnamese",
    "residual": 0.0574,
    "distance_km": 17882.0,
    "is_long_distance": "long-distance"
   }
  },
  {
   "type": "Feature",
   "geometry": {
    "type": "LineString",
    "coordinates": [
     [
      -86.0,
      33.0
     ],
     [
      -84.82253405874133,
      33.41705971888591
     ],
     [
      -83.63579334265505,
      33.82801718068592
     ],
     [
      -82.43961263757568,
      34.23265780072001
     ],
     [
      -81.23383700371411,
      34.6307625884389
     ],
     [
      -80.01832304560281,
      35.02210829815926
     ],
     [
      -78.79294025105091,
      35.40646761602362
     ],
     [
      -77.55757239508148,
      35.783609385934106
     ],
     [
      -76.3121190033484,
      36.15329887716178
     ],
     [
      -75.05649686790187,
      36.51529809623462
     ],
     [
      -73.79064160639803,
      36.86936614555233
     ],
     [
      -72.51450925394442,
      37.21525963095574
     ],
     [
      -71.2280778747631,
      37.5527331201884
     ],
     [
      -69.93134917876718,
      37.881539653819
     ],
     [
      -68.62435012602455,
      38.20143130974408
     ],
     [
      -67.30713449997447,
      38.512159821853615
     ],
     [
      -65.97978442822576,
      38.813477252818885
     ],
     [
      -64.64241182786932,
      39.10513672025125
     ],
     [
      -63.295159750555726,
      39.38689317468588
     ],
     [
      -61.93820360120614,
      39.65850422697259
     ],
     [
      -60.57175220322536,
      39.91973102171633
     ],
     [
      -59.19604868256069,
      40.170339152417164
     ],
     [
      -57.81137114298207,
      40.41009961292983
     ],
     [
      -56.4180331056303,
      40.638789778819984
     ],
     [
      -55.01638368725623,
      40.8561944111612
     ],
     [
      -53.60680749370777,
      41.06210667432369
     ],
     [
      -52.18972420814328,
      41.25632915838307
     ],
     [
      -50.7655878571627,
      41.438674895958286
     ],
     [
      -49.33488574252601,
      41.60896836260471
     ],
     [
      -47.89813703131188,
      41.76704644937501
     ],
     [
      -46.45589100316445,
      41.912759395843935
     ],
     [
      -45.0087249595531,
      42.04597167180387
     ],
     [
      -43.557241806570346,
      42.16656279599038
     ],
     [
      -42.10206732952738,
      42.274428080609844
     ],
     [
      -40.643847184267926,
      42.3694792911161
     ],
     [
      -39.18324363648914,
      42.451645211617105
     ],
     [
      -37.72093208621101,
      42.5208721074718
     ],
     [
      -36.257597419659255,
      42.57712407803966
     ],
     [
      -34.793930235030345,
      42.62038329413637
     ],
     [
      -33.33062299172479,
      42.65065011649137
     ],
     [
      -31.868366134547646,
      42.66794309334773
     ],
     [
      -30.407844245002934,
      42.67229883724194
     ],
     [
      -28.949732271128802,
      42.66377178289768
     ],
     [
      -27.49469188535895,
      42.64243383000953
     ],
     [
      -26.043368016731513,
      42.60837387642865
     ],
     [
      -24.596385599524123,
      42.56169724884817
     ],
     [
      -23.154346575237078,
      42.502525039478485
     ],
     [
      -21.717827178969284,
      42.43099335837386
     ],
     [
      -20.287375534847957,
      42.34725251199456
     ],
     [
      -18.86350957850491,
      42.251466119254516
     ],
     [
      -17.446715317858708,
      42.14381017670534
     ],
     [
      -16.037445436872105,
      42.024472084651485
     ],
     [
      -14.636118240692497,
      41.89364964589175
     ],
     [
      -13.243116934810924,
      41.7515500484577
     ],
     [
      -11.858789225717462,
      41.598388843199096
     ],
     [
      -10.48344722608281,
      41.43438892637698
     ],
     [
      -9.117367643813335,
      41.2597795366015
     ],
     [
      -7.760792231437449,
      41.074795274524995
     ],
     [
      -6.4139284701772175,
      40.87967515270619
     ],
     [
      -5.076950461712459,
      40.67466168202691
     ],
     [
      -3.75,
      40.46
     ]
    ]
   },
   "properties": {
    "pair": "Southern US\u2013Spanish",
    "cuisine_a": "Southern US",
    "cuisine_b": "Spanish",
    "residual": 0.0573,
    "distance_km": 7109.0,
    "is_long_distance": "long-distance"
   }
  },
  {
   "type": "Feature",
   "geometry": {
    "type": "MultiLineString",
    "coordinates": [
     [
      [
       78.96,
       20.589999999999996
      ],
      [
       80.0563986460492,
       22.07752395803416
      ],
      [
       81.15466565076149,
       23.56501763849342
      ],
      [
       82.2550850148278,
       25.052476438247325
      ],
      [
       83.35797654089333,
       26.539895173615193
      ],
      [
       84.46370340836361,
       28.027267957487215
      ],
      [
       85.5726815151566,
       29.51458804776403
      ],
      [
       86.68539111656713,
       31.00184765850318
      ],
      [
       87.8023914765036,
       32.489037722151856
      ],
      [
       88.92433950822665,
       33.97614758698654
      ],
      [
       90.05201375728866,
       35.46316462777069
      ],
      [
       91.18634562610688,
       36.950073738744585
      ],
      [
       92.328460548619,
       38.436856664889504
      ],
      [
       93.47973304222046,
       39.92349110755727
      ],
      [
       94.64186143668859,
       41.40994951003763
      ],
      [
       95.81697101991347,
       42.89619738068595
      ],
      [
       97.007759069196,
       44.382190934049106
      ],
      [
       98.21770304991452,
       45.867873702786476
      ],
      [
       99.45136656641102,
       47.353171555608
      ],
      [
       100.71486108430445,
       48.837985172655344
      ],
      [
       102.01656435546965,
       50.32217832578051
      ],
      [
       103.36827863497638,
       51.80555896053066
      ],
      [
       104.78717743670845,
       53.28784734594619
      ],
      [
       106.29924459780838,
       54.768619685252965
      ],
      [
       107.94572784347886,
       56.24720197630904
      ],
      [
       109.7961910129109,
       57.72245440133258
      ],
      [
       111.97755213456534,
       59.192288411771784
      ],
      [
       114.7473100443766,
       60.65243527069496
      ],
      [
       118.71264775261497,
       62.09268300947403
      ],
      [
       125.66319843332771,
       63.481847941032484
      ],
      [
       142.66987197488638,
       64.6787935429644
      ],
      [
       180,
       64.93350515136193
      ]
     ],
     [
      [
       -180,
       64.93350515136193
      ],
      [
       -176.55663722222158,
       64.95699996688558
      ],
      [
       -151.7685509079717,
       63.97883149940575
      ],
      [
       -142.71816751562395,
       62.662430520557535
      ],
      [
       -138.04310695812975,
       61.26960611059478
      ],
      [
       -134.96092010219274,
       59.85009753739787
      ],
      [
       -132.61654588268803,
       58.4184072158867
      ],
      [
       -130.67080200938145,
       56.980179538547084
      ],
      [
       -128.96396723105826,
       55.5380483130662
      ],
      [
       -127.41132456047441,
       54.093403387975194
      ],
      [
       -125.96386528283483,
       52.647046239495886
      ],
      [
       -124.59130383478379,
       51.199471105274846
      ],
      [
       -123.27392897183697,
       49.75099918302341
      ],
      [
       -121.99836391235439,
       48.30184821506862
      ],
      [
       -120.75521247776348,
       46.85217102539392
      ],
      [
       -119.53768105782254,
       45.40207803974162
      ],
      [
       -118.34073536694443,
       43.95165104702669
      ],
      [
       -117.16056475593074,
       42.50095193213822
      ],
      [
       -115.99423079346452,
       41.05002839985311
      ],
      [
       -114.8394302143525,
       39.59891783325713
      ],
      [
       -113.69433106071602,
       38.14764995930264
      ],
      [
       -112.55745694434208,
       36.69624873066534
      ],
      [
       -111.4276037096499,
       35.244733680235505
      ],
      [
       -110.30377838053161,
       33.79312091308856
      ],
      [
       -109.18515372746168,
       32.3414238444476
      ],
      [
       -108.0710339729678,
       30.889653756586327
      ],
      [
       -106.96082856330946,
       29.437820224652473
      ],
      [
       -105.85403186389051,
       27.985931446254522
      ],
      [
       -104.75020726046344,
       26.533994499488898
      ],
      [
       -103.6489745748592,
       25.082015547143726
      ],
      [
       -102.55,
       23.63
      ]
     ]
    ]
   },
   "properties": {
    "pair": "Indian\u2013Mexican",
    "cuisine_a": "Indian",
    "cuisine_b": "Mexican",
    "residual": 0.054,
    "distance_km": 15095.0,
    "is_long_distance": "long-distance"
   }
  },
  {
   "type": "Feature",
   "geometry": {
    "type": "LineString",
    "coordinates": [
     [
      104.2,
      35.86
     ],
     [
      104.53596530343499,
      35.49063422355198
     ],
     [
      104.8698326425816,
      35.120582721291946
     ],
     [
      105.20164261335202,
      34.74986069170011
     ],
     [
      105.53143517988346,
      34.37848299938318
     ],
     [
      105.8592496807482,
      34.00646418359201
     ],
     [
      106.18512483559951,
      33.63381846656246
     ],
     [
      106.5090987522097,
      33.26055976168006
     ],
     [
      106.83120893385876,
      32.886701681469376
     ],
     [
      107.15149228703578,
      32.51225754540935
     ],
     [
      107.46998512941701,
      32.13724038757603
     ],
     [
      107.78672319808751,
      31.76166296411467
     ],
     [
      108.1017416579758,
      31.38553776054279
     ],
     [
      108.41507511047239,
      31.00887699888669
     ],
     [
      108.72675760220628,
      30.631692644653583
     ],
     [
      109.03682263395412,
      30.253996413641687
     ],
     [
      109.34530316966013,
      29.875799778591045
     ],
     [
      109.65223164554504,
      29.497113975677607
     ],
     [
      109.95763997928523,
      29.117950010853484
     ],
     [
      110.26155957924414,
      28.738318666036058
     ],
     [
      110.56402135373918,
      28.35823050514893
     ],
     [
      110.86505572032985,
      27.977695880017762
     ],
     [
      111.16469261511271,
      27.596724936123774
     ],
     [
      111.46296150201064,
      27.215327618218197
     ],
     [
      111.75989138204534,
      26.833513675800496
     ],
     [
      112.0555108025822,
      26.451292668463502
     ],
     [
      112.34984786653821,
      26.068673971108563
     ],
     [
      112.6429302415444,
      25.68566677903364
     ],
     [
      112.93478516905486,
      25.30228011289755
     ],
     [
      113.2254394733957,
      24.918522823563187
     ],
     [
      113.51491957074745,
      24.534403596822926
     ],
     [
      113.80325147805533,
      24.14993095800897
     ],
     [
      114.09046082186288,
      23.765113276491874
     ],
     [
      114.37657284706415,
      23.379958770069855
     ],
     [
      114.66161242557081,
      22.994475509252048
     ],
     [
      114.94560406489121,
      22.608671421438295
     ],
     [
      115.22857191661797,
      22.222554294998574
     ],
     [
      115.51053978482263,
      21.83613178325453
     ],
     [
      115.79153113435439,
      21.449411408366082
     ],
     [
      116.07156909904224,
      21.06240056512558
     ],
     [
      116.35067648979854,
      20.675106524662375
     ],
     [
      116.62887580262377,
      20.287536438060133
     ],
     [
      116.90618922651129,
      19.899697339889677
     ],
     [
      117.18263865125212,
      19.511596151659642
     ],
     [
      117.45824567513941,
      19.123239685187606
     ],
     [
      117.73303161257303,
      18.734634645893916
     ],
     [
      118.0070175015642,
      18.345787636020635
     ],
     [
      118.28022411114114,
      17.956705157777964
     ],
     [
      118.55267194865618,
      17.56739361642034
     ],
     [
      118.82438126699529,
      17.17785932325442
     ],
     [
      119.09537207169116,
      16.788108498581185
     ],
     [
      119.36566412794095,
      16.398147274574235
     ],
     [
      119.63527696752978,
      16.007981698096366
     ],
     [
      119.90422989566184,
      15.61761773345649
     ],
     [
      120.1725419977003,
      15.227061265108869
     ],
     [
      120.44023214581762,
      14.836318100296614
     ],
     [
      120.7073190055581,
      14.445393971641408
     ],
     [
      120.9738210423146,
      14.054294539681237
     ],
     [
      121.23975652772066,
      13.663025395358074
     ],
     [
      121.50514354596078,
      13.271592062457202
     ],
     [
      121.77000000000001,
      12.880000000000003
     ]
    ]
   },
   "properties": {
    "pair": "Chinese\u2013Filipino",
    "cuisine_a": "Chinese",
    "cuisine_b": "Filipino",
    "residual": 0.0518,
    "distance_km": 3102.0,
    "is_long_distance": "regional"
   }
  },
  {
   "type": "Feature",
   "geometry": {
    "type": "LineString",
    "coordinates": [
     [
      2.21,
      46.22999999999999
     ],
     [
      2.1042789066512118,
      46.13558834300409
     ],
     [
      1.9987984053803067,
      46.041109376515536
     ],
     [
      1.8935571625778302,
      45.946563547424546
     ],
     [
      1.7885538509871006,
      45.851951299378335
     ],
     [
      1.6837871497025683,
      45.757273072805276
     ],
     [
      1.5792557441673292,
      45.66252930493924
     ],
     [
      1.474958326169804,
      45.56772042984348
     ],
     [
      1.3708935938396132,
      45.47284687843468
     ],
     [
      1.2670602516426552,
      45.37790907850663
     ],
     [
      1.1634570103754316,
      45.28290745475397
     ],
     [
      1.0600825871586108,
      45.187842428795605
     ],
     [
      0.956935705429879,
      45.09271441919823
     ],
     [
      0.854015094936073,
      44.99752384149944
     ],
     [
      0.751319491724631,
      44.902271108230956
     ],
     [
      0.6488476381343751,
      44.80695662894156
     ],
     [
      0.546598282785639,
      44.71158081021996
     ],
     [
      0.4445701805697674,
      44.61614405571746
     ],
     [
      0.3427620926379997,
      44.52064676617065
     ],
     [
      0.24117278638975415,
      44.425089339423714
     ],
     [
      0.1398010354603346,
      44.32947217045083
     ],
     [
      0.03864561970807451,
      44.23379565137827
     ],
     [
      -0.06229467479907132,
      44.13806017150651
     ],
     [
      -0.1630210557974589,
      44.04226611733204
     ],
     [
      -0.26353472484220697,
      43.94641387256917
     ],
     [
      -0.36383687732215,
      43.85050381817162
     ],
     [
      -0.46392870247526985,
      43.75453633235405
     ],
     [
      -0.5638113834046051,
      43.65851179061331
     ],
     [
      -0.6634860970946099,
      43.562430565749736
     ],
     [
      -0.7629540144279557,
      43.466293027888156
     ],
     [
      -0.8622163002027633,
      43.37009954449883
     ],
     [
      -0.9612741131502439,
      43.27385048041828
     ],
     [
      -1.0601286059527417,
      43.17754619786985
     ],
     [
      -1.158780925262172,
      43.08118705648432
     ],
     [
      -1.2572322117188166,
      42.98477341332019
     ],
     [
      -1.3554835999705013,
      42.88830562288398
     ],
     [
      -1.4535362186921073,
      42.79178403715032
     ],
     [
      -1.5513911906054298,
      42.69520900558189
     ],
     [
      -1.6490496324993598,
      42.59858087514924
     ],
     [
      -1.7465126552503798,
      42.50189999035051
     ],
     [
      -1.843781363843361,
      42.40516669323097
     ],
     [
      -1.9408568573926652,
      42.30838132340239
     ],
     [
      -2.0377402291635067,
      42.21154421806243
     ],
     [
      -2.134432566593607,
      42.114655712013636
     ],
     [
      -2.2309349513150973,
      42.01771613768256
     ],
     [
      -2.327248459176678,
      41.920725825138604
     ],
     [
      -2.4233741602660133,
      41.823685102112755
     ],
     [
      -2.5193131189323674,
      41.72659429401615
     ],
     [
      -2.615066393809453,
      41.62945372395863
     ],
     [
      -2.710635037838495,
      41.53226371276702
     ],
     [
      -2.806020098291504,
      41.4350245790033
     ],
     [
      -2.9012226167947373,
      41.337736638982776
     ],
     [
      -2.9962436293523522,
      41.24040020679197
     ],
     [
      -3.09108416637023,
      41.14301559430638
     ],
     [
      -3.1857452526799848,
      41.045583111208245
     ],
     [
      -3.280227907563116,
      40.948103065004055
     ],
     [
      -3.37453314477533,
      40.850575761041924
     ],
     [
      -3.468661972570997,
      40.75300150252897
     ],
     [
      -3.562615393727759,
      40.65538059054842
     ],
     [
      -3.6563944055712585,
      40.55771332407663
     ],
     [
      -3.75,
      40.46
     ]
    ]
   },
   "properties": {
    "pair": "French\u2013Spanish",
    "cuisine_a": "French",
    "cuisine_b": "Spanish",
    "residual": 0.0511,
    "distance_km": 802.0,
    "is_long_distance": "regional"
   }
  },
  {
   "type": "Feature",
   "geometry": {
    "type": "LineString",
    "coordinates": [
     [
      21.82,
      39.07
     ],
     [
      21.66999343930465,
      39.12048162150487
     ],
     [
      21.51984376862967,
      39.17084180496712
     ],
     [
      21.369551019625884,
      39.22108014243471
     ],
     [
      21.21911522891894,
      39.271196225801006
     ],
     [
      21.068536438145465,
      39.321189646818745
     ],
     [
      20.917814693989055,
      39.37105999711417
     ],
     [
      20.766950048216234,
      39.42080686820124
     ],
     [
      20.615942557712216,
      39.470429851496064
     ],
     [
      20.464792284516594,
      39.51992853833146
     ],
     [
      20.31349929585888,
      39.56930251997164
     ],
     [
      20.162063664193898,
      39.61855138762704
     ],
     [
      20.010485467237054,
      39.667674732469344
     ],
     [
      19.858764787999416,
      39.7166721456466
     ],
     [
      19.706901714822664,
      39.765543218298504
     ],
     [
      19.554896341413862,
      39.81428754157184
     ],
     [
      19.402748766880066,
      39.862904706636044
     ],
     [
      19.250459095762707,
      39.911394304698945
     ],
     [
      19.098027438071856,
      39.959755927022606
     ],
     [
      18.945453909320214,
      40.007989164939346
     ],
     [
      18.792738630556943,
      40.05609360986788
     ],
     [
      18.63988172840129,
      40.10406885332966
     ],
     [
      18.486883335075948,
      40.15191448696527
     ],
     [
      18.333743588440235,
      40.19963010255103
     ],
     [
      18.180462632023005,
      40.24721529201575
     ],
     [
      18.027040615055316,
      40.29466964745757
     ],
     [
      17.87347769250288,
      40.34199276116095
     ],
     [
      17.719774025098193,
      40.38918422561391
     ],
     [
      17.56592977937246,
      40.43624363352523
     ],
     [
      17.411945127687197,
      40.48317057784193
     ],
     [
      17.257820248265574,
      40.52996465176685
     ],
     [
      17.103555325223446,
      40.57662544877633
     ],
     [
      16.949150548600098,
      40.62315256263811
     ],
     [
      16.79460611438867,
      40.669545587429255
     ],
     [
      16.639922224566288,
      40.71580411755431
     ],
     [
      16.4850990871238,
      40.7619277477636
     ],
     [
      16.330136916095285,
      40.80791607317151
     ],
     [
      16.175035931587114,
      40.85376868927516
     ],
     [
      16.019796359806733,
      40.89948519197291
     ],
     [
      15.864418433091036,
      40.94506517758328
     ],
     [
      15.708902389934394,
      40.990508242863804
     ],
     [
      15.553248475016305,
      41.03581398503009
     ],
     [
      15.397456939228661,
      41.08098200177499
     ],
     [
      15.241528039702576,
      41.12601189128794
     ],
     [
      15.085462039834905,
      41.17090325227438
     ],
     [
      14.929259209314225,
      41.21565568397528
     ],
     [
      14.772919824146515,
      41.260268786186856
     ],
     [
      14.61644416668031,
      41.30474215928038
     ],
     [
      14.459832525631494,
      41.34907540422208
     ],
     [
      14.30308519610757,
      41.393268122593156
     ],
     [
      14.146202479631539,
      41.43731991661005
     ],
     [
      13.98918468416527,
      41.48123038914461
     ],
     [
      13.832032124132418,
      41.52499914374455
     ],
     [
      13.67474512044085,
      41.56862578465396
     ],
     [
      13.517324000504573,
      41.612109916833866
     ],
     [
      13.359769098265172,
      41.65545114598304
     ],
     [
      13.202080754212744,
      41.698649078558816
     ],
     [
      13.044259315406288,
      41.74170332179802
     ],
     [
      12.886305135493583,
      41.78461348373804
     ],
     [
      12.728218574730544,
      41.82737917323801
     ],
     [
      12.569999999999999,
      41.87
     ]
    ]
   },
   "properties": {
    "pair": "Greek\u2013Italian",
    "cuisine_a": "Greek",
    "cuisine_b": "Italian",
    "residual": 0.0414,
    "distance_km": 842.0,
    "is_long_distance": "regional"
   }
  },
  {
   "type": "Feature",
   "geometry": {
    "type": "LineString",
    "coordinates": [
     [
      104.2,
      35.86
     ],
     [
      104.13933267856939,
      35.52729149758176
     ],
     [
      104.07901148961264,
      35.19456084108672
     ],
     [
      104.01902943300684,
      34.86180848075749
     ],
     [
      103.95937966541383,
      34.52903485666855
     ],
     [
      103.90005549557885,
      34.19624039903393
     ],
     [
      103.84105037979083,
      33.863425528503925
     ],
     [
      103.78235791749734,
      33.53059065645175
     ],
     [
      103.72397184706833,
      33.19773618525038
     ],
     [
      103.66588604170255,
      32.86486250853982
     ],
     [
      103.60809450547126,
      32.53197001148552
     ],
     [
      103.55059136949339,
      32.19905907102791
     ],
     [
      103.49337088823731,
      31.86613005612371
     ],
     [
      103.43642743594441,
      31.533183327979188
     ],
     [
      103.37975550316915,
      31.200219240275743
     ],
     [
      103.32334969343185,
      30.867238139388018
     ],
     [
      103.26720471997916,
      30.53424036459502
     ],
     [
      103.21131540264876,
      30.201226248284293
     ],
     [
      103.15567666483358,
      29.86819611614956
     ],
     [
      103.10028353054255,
      29.53515028738208
     ],
     [
      103.04513112155354,
      29.20208907485588
     ],
     [
      102.99021465465546,
      28.869012785307135
     ],
     [
      102.9355294389759,
      28.535921719507982
     ],
     [
      102.88107087339151,
      28.20281617243488
     ],
     [
      102.82683444401746,
      27.869696433431717
     ],
     [
      102.7728157217736,
      27.536562786367988
     ],
     [
      102.71901036002417,
      27.203415509792084
     ],
     [
      102.6654140922885,
      26.870254877079965
     ],
     [
      102.61202273002002,
      26.537081156579305
     ],
     [
      102.55883216045122,
      26.20389461174941
     ],
     [
      102.50583834450191,
      25.87069550129687
     ],
     [
      102.45303731474885,
      25.53748407930729
     ],
     [
      102.40042517345427,
      25.204260595373146
     ],
     [
      102.34799809065109,
      24.871025294717917
     ],
     [
      102.29575230228322,
      24.5377784183166
     ],
     [
      102.24368410839858,
      24.204520203012798
     ],
     [
      102.19178987139296,
      23.871250881632534
     ],
     [
      102.14006601430337,
      23.537970683094727
     ],
     [
      102.08850901914853,
      23.204679832518693
     ],
     [
      102.03711542531519,
      22.871378551328576
     ],
     [
      101.98588182798866,
      22.53806705735492
     ],
     [
      101.93480487662595,
      22.2047455649335
     ],
     [
      101.88388127346977,
      21.871414285001435
     ],
     [
      101.83310777210258,
      21.538073425190692
     ],
     [
      101.78248117603857,
      21.204723189919143
     ],
     [
      101.73199833735279,
      20.87136378047921
     ],
     [
      101.68165615534589,
      20.537995395124113
     ],
     [
      101.63145157524318,
      20.204618229152004
     ],
     [
      101.58138158692714,
      19.8712324749878
     ],
     [
      101.53144322370179,
      19.53783832226302
     ],
     [
      101.48163356108813,
      19.204435957893583
     ],
     [
      101.4319497156495,
      18.871025566155627
     ],
     [
      101.38238884384572,
      18.537607328759503
     ],
     [
      101.33294814091511,
      18.204181424921895
     ],
     [
      101.28362483978353,
      17.870748031436275
     ],
     [
      101.23441620999918,
      17.53730732274157
     ],
     [
      101.18531955669266,
      17.20385947098926
     ],
     [
      101.13633221956104,
      16.87040464610892
     ],
     [
      101.08745157187555,
      16.53694301587216
     ],
     [
      101.03867501951143,
      16.203474745955212
     ],
     [
      100.99000000000001,
      15.87
     ]
    ]
   },
   "properties": {
    "pair": "Chinese\u2013Thai",
    "cuisine_a": "Chinese",
    "cuisine_b": "Thai",
    "residual": 0.0385,
    "distance_km": 2245.0,
    "is_long_distance": "regional"
   }
  },
  {
   "type": "Feature",
   "geometry": {
    "type": "LineString",
    "coordinates": [
     [
      12.569999999999999,
      41.87
     ],
     [
      12.295211866133918,
      41.85896706398677
     ],
     [
      12.020449858814281,
      41.847503776777884
     ],
     [
      11.745717686766728,
      41.83561028070166
     ],
     [
      11.471019053477427,
      41.82328673692557
     ],
     [
      11.196357656546734,
      41.81053332542329
     ],
     [
      10.921737187045279,
      41.797350244938045
     ],
     [
      10.647161328872787,
      41.78373771294192
     ],
     [
      10.37263375811986,
      41.76969596559179
     ],
     [
      10.098158142432963,
      41.75522525768107
     ],
     [
      9.823738140382952,
      41.7403258625881
     ],
     [
      9.549377400837294,
      41.72499807222056
     ],
     [
      9.27507956233633,
      41.709242196956396
     ],
     [
      9.000848252473727,
      41.69305856558097
     ],
     [
      8.72668708728147,
      41.6764475252207
     ],
     [
      8.452599670619566,
      41.65940944127302
     ],
     [
      8.178589593570697,
      41.641944697332846
     ],
     [
      7.904660433840126,
      41.624053695115485
     ],
     [
      7.630815755160988,
      41.60573685437615
     ],
     [
      7.357059106705279,
      41.586994612825904
     ],
     [
      7.083394022500702,
      41.567827426044296
     ],
     [
      6.80982402085365,
      41.54823576738865
     ],
     [
      6.536352603778461,
      41.528220127899914
     ],
     [
      6.262983256433236,
      41.50778101620543
     ],
     [
      5.989719446562363,
      41.486918958418215
     ],
     [
      5.716564623945979,
      41.46563449803338
     ],
     [
      5.443522219856545,
      41.44392819582114
     ],
     [
      5.170595646522731,
      41.42180062971684
     ],
     [
      4.897788296600805,
      41.399252394708014
     ],
     [
      4.625103542653679,
      41.376284102718365
     ],
     [
      4.352544736637802,
      41.352896382488865
     ],
     [
      4.080115209398066,
      41.329089879455985
     ],
     [
      3.8078182701708796,
      41.304865255627035
     ],
     [
      3.5356572060955664,
      41.280223189452855
     ],
     [
      3.2636352817342438,
      41.25516437569776
     ],
     [
      2.9917557386003066,
      41.22968952530674
     ],
     [
      2.72002179469569,
      41.20379936527019
     ],
     [
      2.448436644056991,
      41.177494638486124
     ],
     [
      2.1770034563106284,
      41.15077610361974
     ],
     [
      1.9057253762371178,
      41.123644534960846
     ],
     [
      1.6346055233445995,
      41.096100722278706
     ],
     [
      1.3636469914517055,
      41.06814547067471
     ],
     [
      1.0928528482799116,
      41.03977960043281
     ],
     [
      0.8222261350553799,
      41.011003946867845
     ],
     [
      0.5517698661204973,
      40.98181936017167
     ],
     [
      0.2814870285550831,
      40.95222670525731
     ],
     [
      0.01138058180741764,
      40.92222686160121
     ],
     [
      -0.25854654266488575,
      40.89182072308347
     ],
     [
      -0.5282914417440753,
      40.86100919782638
     ],
     [
      -0.7978512409914689,
      40.82979320803106
     ],
     [
      -1.0672230949766526,
      40.79817368981252
     ],
     [
      -1.3364041875965653,
      40.76615159303298
     ],
     [
      -1.6053917323845113,
      40.73372788113372
     ],
     [
      -1.8741829728089852,
      40.70090353096536
     ],
     [
      -2.1427751825623567,
      40.66767953261676
     ],
     [
      -2.4111656658393272,
      40.63405688924249
     ],
     [
      -2.679351757605217,
      40.6000366168891
     ],
     [
      -2.9473308238539913,
      40.56561974432005
     ],
     [
      -3.215100261856103,
      40.53080731283954
     ],
     [
      -3.482657500396094,
      40.495600376115256
     ],
     [
      -3.75,
      40.46
     ]
    ]
   },
   "properties": {
    "pair": "Italian\u2013Spanish",
    "cuisine_a": "Italian",
    "cuisine_b": "Spanish",
    "residual": 0.037,
    "distance_km": 1373.0,
    "is_long_distance": "regional"
   }
  },
  {
   "type": "Feature",
   "geometry": {
    "type": "LineString",
    "coordinates": [
     [
      -102.55,
      23.63
     ],
     [
      -101.15911349551943,
      24.136743179391015
     ],
     [
      -99.75894664769527,
      24.636395133281823
     ],
     [
      -98.34924446140965,
      25.12864322259656
     ],
     [
      -96.92976414399496,
      25.613168635966385
     ],
     [
      -95.50027670523167,
      26.0896465420403
     ],
     [
      -94.06056866564234,
      26.557746299400947
     ],
     [
      -92.610443869238,
      27.017131729097198
     ],
     [
      -91.14972539469146,
      27.467461454812533
     ],
     [
      -89.67825755644509,
      27.90838931560737
     ],
     [
      -88.19590798451344,
      28.339564855988534
     ],
     [
      -86.70256976872993,
      28.760633897754502
     ],
     [
      -85.19816364994304,
      29.17123919762454
     ],
     [
      -83.68264023723475,
      29.571021194068923
     ],
     [
      -82.15598222667533,
      29.959618846002463
     ],
     [
      -80.61820659352506,
      30.33667056507405
     ],
     [
      -79.06936672624501,
      30.70181524217388
     ],
     [
      -77.5095544673054,
      31.054693367484653
     ],
     [
      -75.93890202271876,
      31.39494824192755
     ],
     [
      -74.35758369962886,
      31.722227276208372
     ],
     [
      -72.76581742932186,
      32.03618337187253
     ],
     [
      -71.16386603185958,
      32.33647637685751
     ],
     [
      -69.55203817833905,
      32.62277460602423
     ],
     [
      -67.93068900771127,
      32.89475641510117
     ],
     [
      -66.30022035728356,
      33.15211181444243
     ],
     [
      -64.66108056958794,
      33.39454410704576
     ],
     [
      -63.01376384328053,
      33.62177153346966
     ],
     [
      -61.35880910215405,
      33.83352890470171
     ],
     [
      -59.69679836413654,
      34.02956920273937
     ],
     [
      -58.02835460119125,
      34.209665127719674
     ],
     [
      -56.35413909112626,
      34.37361056994198
     ],
     [
      -54.674848273201306,
      34.52122198512169
     ],
     [
      -52.99121013075225,
      34.652339651733406
     ],
     [
      -51.303980135459575,
      34.76682879037095
     ],
     [
      -49.61393679895035,
      34.86458052667068
     ],
     [
      -47.92187688771122,
      34.94551268149173
     ],
     [
      -46.22861036638624,
      35.00957037467921
     ],
     [
      -44.5349551420452,
      35.0567264317859
     ],
     [
      -42.84173168761279,
      35.08698158651068
     ],
     [
      -41.1497576260887,
      35.10036447522373
     ],
     [
      -39.45984235831254,
      35.09693142367661
     ],
     [
      -37.77278181577971,
      35.07676602972136
     ],
     [
      -36.089353416456234,
      35.03997854946431
     ],
     [
      -34.41031129582862,
      34.98670509764831
     ],
     [
      -32.73638187782113,
      34.91710667608694
     ],
     [
      -31.068259841043457,
      34.831368046582114
     ],
     [
      -29.406604525493375,
      34.729696466877336
     ],
     [
      -27.752036813745804,
      34.61232030978883
     ],
     [
      -26.105136509248652,
      34.47948758669713
     ],
     [
      -24.466440223027163,
      34.331464397073745
     ],
     [
      -22.83643976925265,
      34.16853332568436
     ],
     [
      -21.21558106008799,
      33.990991808594025
     ],
     [
      -19.604263481241023,
      33.79915048815373
     ],
     [
      -18.002839721935878,
      33.59333157583942
     ],
     [
      -16.41161602666996,
      33.37386724021455
     ],
     [
      -14.830852831216804,
      33.14109803547035
     ],
     [
      -13.260765741850701,
      32.89537138403723
     ],
     [
      -11.701526814647373,
      32.63704012472583
     ],
     [
      -10.153266090847763,
      32.36646113580933
     ],
     [
      -8.616073344524327,
      32.08399404045525
     ],
     [
      -7.090000000000002,
      31.79
     ]
    ]
   },
   "properties": {
    "pair": "Mexican\u2013Moroccan",
    "cuisine_a": "Mexican",
    "cuisine_b": "Moroccan",
    "residual": 0.029,
    "distance_km": 9132.0,
    "is_long_distance": "long-distance"
   }
  },
  {
   "type": "Feature",
   "geometry": {
    "type": "LineString",
    "coordinates": [
     [
      127.77,
      35.91
     ],
     [
      127.26596005634832,
      35.60825564465482
     ],
     [
      126.7643957034264,
      35.30498416777481
     ],
     [
      126.26528329169943,
      35.00021239398797
     ],
     [
      125.76859864242387,
      34.69396683027598
     ],
     [
      125.27431708595083,
      34.386273663939406
     ],
     [
      124.782413498648,
      34.07715876102578
     ],
     [
      124.29286233844738,
      33.766647665197176
     ],
     [
      123.80563767903007,
      33.4547655970146
     ],
     [
      123.32071324266153,
      33.141537453616856
     ],
     [
      122.83806243169518,
      32.826987808772415
     ],
     [
      122.35765835876208,
      32.51114091328317
     ],
     [
      121.87947387566949,
      32.194020695719814
     ],
     [
      121.40348160103082,
      31.875650763469046
     ],
     [
      120.92965394665222,
      31.556054404073556
     ],
     [
      120.45796314270251,
      31.235254586846494
     ],
     [
      119.98838126169397,
      30.91327396474253
     ],
     [
      119.52088024130279,
      30.59013487646871
     ],
     [
      119.05543190605871,
      30.26585934881844
     ],
     [
      118.59200798793464,
      29.940469099213153
     ],
     [
      118.13058014586642,
      29.61398553843643
     ],
     [
      117.67111998423411,
      29.286429773546306
     ],
     [
      117.21359907033684,
      28.957822610951894
     ],
     [
      116.75798895089159,
      28.628184559641277
     ],
     [
      116.30426116758872,
      28.297535834548157
     ],
     [
      115.85238727173461,
      27.965896360045278
     ],
     [
      115.40233883801336,
      27.63328577355346
     ],
     [
      114.95408747739832,
      27.299723429255298
     ],
     [
      114.50760484924373,
      26.965228401903534
     ],
     [
      114.06286267258741,
      26.62981949071436
     ],
     [
      113.61983273669338,
      26.293515223336524
     ],
     [
      113.17848691086431,
      25.956333859887657
     ],
     [
      112.7387971535521,
      25.618293397049726
     ],
     [
      112.30073552079463,
      25.279411572215885
     ],
     [
      111.86427417400633,
      24.93970586768157
     ],
     [
      111.4293853871489,
      24.599193514873136
     ],
     [
      110.99604155330884,
      24.257891498607563
     ],
     [
      110.56421519070642,
      23.915816561377405
     ],
     [
      110.13387894816145,
      23.572985207655442
     ],
     [
      109.70500561003922,
      23.229413708213734
     ],
     [
      109.27756810070017,
      22.88511810445241
     ],
     [
      108.85153948847557,
      22.5401142127336
     ],
     [
      108.4268929891911,
      22.194417628716323
     ],
     [
      108.003601969259,
      21.848043731688687
     ],
     [
      107.58163994835968,
      21.50100768889351
     ],
     [
      107.16098060173161,
      21.153324459844356
     ],
     [
      106.74159776208907,
      20.805008800628887
     ],
     [
      106.32346542118532,
      20.456075268196667
     ],
     [
      105.90655773103906,
      20.10653822462908
     ],
     [
      105.49084900484083,
      19.75641184138892
     ],
     [
      105.07631371755542,
      19.40571010354764
     ],
     [
      104.662926506236,
      19.054446813988363
     ],
     [
      104.25066217006442,
      18.70263559758302
     ],
     [
      103.83949567013244,
      18.350289905342045
     ],
     [
      103.42940212897707,
      17.997423018535354
     ],
     [
      103.02035682988341,
      17.644048052783468
     ],
     [
      102.61233521596714,
      17.29017796211771
     ],
     [
      102.20531288904891,
      16.935825543008654
     ],
     [
      101.79926560833184,
      16.581003438362107
     ],
     [
      101.39416928889314,
      16.225724141482054
     ],
     [
      100.99000000000001,
      15.87
     ]
    ]
   },
   "properties": {
    "pair": "Korean\u2013Thai",
    "cuisine_a": "Korean",
    "cuisine_b": "Thai",
    "residual": 0.0245,
    "distance_km": 3463.0,
    "is_long_distance": "regional"
   }
  },
  {
   "type": "Feature",
   "geometry": {
    "type": "LineString",
    "coordinates": [
     [
      21.82,
      39.07
     ],
     [
      22.751422998860047,
      39.66695760776591
     ],
     [
      23.692177076301277,
      40.26125346696858
     ],
     [
      24.642646440221956,
      40.852761629931415
     ],
     [
      25.60322947685833,
      41.441349740147004
     ],
     [
      26.574339048810575,
      42.02687866866138
     ],
     [
      27.55640274089746,
      42.609202133615625
     ],
     [
      28.54986304148739,
      43.18816630306547
     ],
     [
      29.555177445085185,
      43.76360938143081
     ],
     [
      30.572818459879052,
      44.33536118020807
     ],
     [
      31.603273501662557,
      44.9032426739191
     ],
     [
      32.64704465303954,
      45.46706554267794
     ],
     [
      33.70464826410074,
      46.02663170324124
     ],
     [
      34.77661436784207,
      46.58173283098009
     ],
     [
      35.863485880504065,
      47.13214987588037
     ],
     [
      36.96581755378946,
      47.67765257645548
     ],
     [
      38.084174642626486,
      48.21799897635208
     ],
     [
      39.21913124887513,
      48.75293494945317
     ],
     [
      40.37126829824194,
      49.28219374044335
     ],
     [
      41.54117110483182,
      49.805495529103396
     ],
     [
      42.729426475421235,
      50.322547028046266
     ],
     [
      43.93661930393523,
      50.83304112519087
     ],
     [
      45.16332860605474,
      51.33665658398361
     ],
     [
      46.41012294473208,
      51.83305781619643
     ],
     [
      47.677555200075105,
      52.32189474402553
     ],
     [
      48.96615664205243,
      52.80280277013621
     ],
     [
      50.276430272302136,
      53.275402876181914
     ],
     [
      51.60884341255125,
      53.73930187208366
     ],
     [
      52.96381953233673,
      54.1940928198818
     ],
     [
      54.34172932838402,
      54.63935565712859
     ],
     [
      55.74288109258347,
      55.074658045423746
     ],
     [
      57.16751043527859,
      55.49955646962127
     ],
     [
      58.6157694655744,
      55.91359761225592
     ],
     [
      60.08771557027228,
      56.316320025641
     ],
     [
      61.5832999770796,
      56.70725612066772
     ],
     [
      63.10235633462556,
      57.085934486397576
     ],
     [
      64.6445895896032,
      57.451882547934574
     ],
     [
      66.20956548745522,
      57.8046295617057
     ],
     [
      67.7967010641625,
      58.143709937175764
     ],
     [
      69.40525652905907,
      58.46866686230602
     ],
     [
      71.03432895798338,
      58.779056197012636
     ],
     [
      72.68284821821753,
      59.074450584935974
     ],
     [
      74.34957552762884,
      59.35444371960928
     ],
     [
      76.03310500711271,
      59.618654687391455
     ],
     [
      77.7318685161045,
      59.86673229720145
     ],
     [
      79.44414396571698,
      60.09835929713682
     ],
     [
      81.16806718536898,
      60.31325637143433
     ],
     [
      82.90164728146752,
      60.51118580880433
     ],
     [
      84.64278527803609,
      60.69195473559806
     ],
     [
      86.38929567837639,
      60.85541781491763
     ],
     [
      88.1389304443906,
      61.00147932564295
     ],
     [
      89.88940476682073,
      61.1300945530115
     ],
     [
      91.63842390525448,
      61.241270444023435
     ],
     [
      93.3837103191752,
      61.33506550537287
     ],
     [
      95.12303029551997,
      61.41158894738946
     ],
     [
      96.85421930552553,
      61.47099910304554
     ],
     [
      98.57520539172549,
      61.51350117489518
     ],
     [
      100.28402998902148,
      61.53934438348282
     ],
     [
      101.97886571327453,
      61.54881860719845
     ],
     [
      103.6580307966282,
      61.5422506150429
     ],
     [
      105.32000000000001,
      61.52000000000001
     ]
    ]
   },
   "properties": {
    "pair": "Greek\u2013Russian",
    "cuisine_a": "Greek",
    "cuisine_b": "Russian",
    "residual": 0.0241,
    "distance_km": 5940.0,
    "is_long_distance": "long-distance"
   }
  },
  {
   "type": "Feature",
   "geometry": {
    "type": "LineString",
    "coordinates": [
     [
      -7.09,
      31.79
     ],
     [
      -5.3227773017447575,
      32.09837270524666
     ],
     [
      -3.5402130025231235,
      32.39083311416365
     ],
     [
      -1.7423996088222888,
      32.66679741909386
     ],
     [
      0.0704965895858942,
      32.92568524066224
     ],
     [
      1.898231351614566,
      33.16692238290259
     ],
     [
      3.7404788070411383,
      33.38994381291879
     ],
     [
      5.596828401882443,
      33.5941968452956
     ],
     [
      7.4667826023321755,
      33.779144504369135
     ],
     [
      9.349755490483744,
      33.94426903011371
     ],
     [
      11.245072377685945,
      34.089075486063344
     ],
     [
      13.151970548237781,
      34.21309542067071
     ],
     [
      15.06960122694127,
      34.31589052716073
     ],
     [
      16.997032838839306,
      34.3970562416251
     ],
     [
      18.93325559869016,
      34.45622521519351
     ],
     [
      20.877187432203367,
      34.493070593943955
     ],
     [
      22.827681192027505,
      34.50730904006326
     ],
     [
      24.783533090554762,
      34.49870342984317
     ],
     [
      26.7434922307027,
      34.46706516849473
     ],
     [
      28.7062710770401,
      34.41225606846143
     ],
     [
      30.67055667506274,
      34.334189746751676
     ],
     [
      32.63502239808939,
      34.23283250750764
     ],
     [
      34.59833998083338,
      34.108203688170704
     ],
     [
      36.55919158746708,
      33.960375460693086
     ],
     [
      38.51628166063756,
      33.78947209271009
     ],
     [
      40.46834830649734,
      33.59566868683643
     ],
     [
      42.41417398884464,
      33.37918942870286
     ],
     [
      44.35259533180926,
      33.14030538548235
     ],
     [
      46.28251186358077,
      32.87933190603211
     ],
     [
      48.202893571530055,
      32.59662568107675
     ],
     [
      50.11278717961841,
      32.292581526886785
     ],
     [
      52.01132110010667,
      31.967628958605143
     ],
     [
      53.89770905129748,
      31.622228619810194
     ],
     [
      55.771252369660715,
      31.256868633253198
     ],
     [
      57.63134107685411,
      30.872060934236586
     ],
     [
      59.47745378891514,
      30.4683376431325
     ],
     [
      61.30915657573277,
      30.046247527439565
     ],
     [
      63.126100893672564,
      29.606352596906383
     ],
     [
      64.92802072312246,
      29.14922486796696
     ],
     [
      66.71472904622387,
      28.675443326356014
     ],
     [
      68.48611379882097,
      28.18559110957692
     ],
     [
      70.24213342549054,
      27.680252924104387
     ],
     [
      71.98281215824545,
      27.16001270598692
     ],
     [
      73.70823512897285,
      26.62545152798455
     ],
     [
      75.41854341365274,
      26.077145751602387
     ],
     [
      77.11392909360387,
      25.51566541838242
     ],
     [
      78.79463040601107,
      24.941572871584054
     ],
     [
      80.46092704328615,
      24.355421596879363
     ],
     [
      82.11313564876892,
      23.75775526885368
     ],
     [
      83.75160554515101,
      23.149106988865643
     ],
     [
      85.37671472197474,
      22.529998699105356
     ],
     [
      86.98886609971122,
      21.900940757416297
     ],
     [
      88.58848408028531,
      21.262431657537814
     ],
     [
      90.17601138746335,
      20.614957879808166
     ],
     [
      91.75190619519364,
      19.958993857976434
     ],
     [
      93.31663953770193,
      19.295002048546102
     ],
     [
      94.87069299179254,
      18.623433089962365
     ],
     [
      96.41455661928023,
      17.944726039916482
     ],
     [
      97.94872715566859,
      17.259308680036725
     ],
     [
      99.4737064299869,
      16.56759787823934
     ],
     [
      100.99000000000001,
      15.87
     ]
    ]
   },
   "properties": {
    "pair": "Moroccan\u2013Thai",
    "cuisine_a": "Moroccan",
    "cuisine_b": "Thai",
    "residual": 0.0163,
    "distance_km": 10708.0,
    "is_long_distance": "long-distance"
   }
  },
  {
   "type": "Feature",
   "geometry": {
    "type": "LineString",
    "coordinates": [
     [
      138.25,
      36.20000000000001
     ],
     [
      137.68010347726778,
      35.87153397939028
     ],
     [
      137.113270522795,
      35.54109286994472
     ],
     [
      136.5494722957116,
      35.208714190000286
     ],
     [
      135.9886789825368,
      34.874435007010675
     ],
     [
      135.43085986551625,
      34.53829193154806
     ],
     [
      134.8759833885402,
      34.20032111226783
     ],
     [
      134.32401722063236,
      33.86055823178798
     ],
     [
      133.77492831700764,
      33.51903850343594
     ],
     [
      133.22868297770697,
      33.17579666881633
     ],
     [
      132.6852469038236,
      32.83086699615434
     ],
     [
      132.14458525134413,
      32.48428327937047
     ],
     [
      131.60666268263157,
      32.13607883784379
     ],
     [
      131.07144341558643,
      31.78628651682189
     ],
     [
      130.53889127052335,
      31.434938688437292
     ],
     [
      130.00896971480793,
      31.08206725329123
     ],
     [
      129.48164190530053,
      30.72770364256737
     ],
     [
      128.95687072865752,
      30.371878820639285
     ],
     [
      128.43461883954342,
      30.014623288136974
     ],
     [
      127.91484869680897,
      29.6559670854392
     ],
     [
      127.39752259769239,
      29.295939796559836
     ],
     [
      126.88260271010256,
      28.93457055339779
     ],
     [
      126.37005110304331,
      28.57188804032164
     ],
     [
      125.85982977523953,
      28.207920499061252
     ],
     [
      125.35190068202516,
      27.842695733880213
     ],
     [
      124.84622576055433,
      27.47624111700429
     ],
     [
      124.34276695339592,
      27.10858359428218
     ],
     [
      123.84148623057186,
      26.73974969105631
     ],
     [
      123.34234561009885,
      26.369765518222685
     ],
     [
      122.84530717709248,
      25.998656778459775
     ],
     [
      122.35033310149186,
      25.626448772607848
     ],
     [
      121.85738565446158,
      25.253166406181023
     ],
     [
      121.36642722352744,
      24.878834195995722
     ],
     [
      120.87742032649996,
      24.503476276899804
     ],
     [
      120.39032762423986,
      24.12711640858805
     ],
     [
      119.90511193231688,
      23.749777982490542
     ],
     [
      119.4217362316129,
      23.371484028721028
     ],
     [
      118.94016367791849,
      22.99225722307392
     ],
     [
      118.46035761057038,
      22.612119894058754
     ],
     [
      117.98228156017618,
      22.231094029962108
     ],
     [
      117.50589925547047,
      21.84920128592766
     ],
     [
      117.03117462934593,
      21.46646299104571
     ],
     [
      116.55807182410062,
      21.08290015544433
     ],
     [
      116.08655519594113,
      20.69853347737471
     ],
     [
      115.61658931878054,
      20.313383350284237
     ],
     [
      115.1481389873678,
      19.92746986987106
     ],
     [
      114.6811692197839,
      19.540812841114757
     ],
     [
      114.21564525933908,
      19.153431785278
     ],
     [
      113.75153257590318,
      18.76534594687478
     ],
     [
      113.28879686670086,
      18.376574300601206
     ],
     [
      112.8274040566007,
      17.987135558225095
     ],
     [
      112.36732029792748,
      17.597048175431507
     ],
     [
      111.90851196982393,
      17.206330358620992
     ],
     [
      111.45094567718843,
      16.815000071658623
     ],
     [
      110.99458824921311,
      16.42307504257127
     ],
     [
      110.5394067375457,
      16.030572770191736
     ],
     [
      110.08536841409773,
      15.637510530748044
     ],
     [
      109.63244076852007,
      15.24390538439686
     ],
     [
      109.1805915053661,
      14.84977418170006
     ],
     [
      108.72978854096169,
      14.455133570043854
     ],
     [
      108.28,
      14.060000000000002
     ]
    ]
   },
   "properties": {
    "pair": "Japanese\u2013Vietnamese",
    "cuisine_a": "Japanese",
    "cuisine_b": "Vietnamese",
    "residual": 0.0158,
    "distance_km": 3865.0,
    "is_long_distance": "regional"
   }
  },
  {
   "type": "Feature",
   "geometry": {
    "type": "MultiLineString",
    "coordinates": [
     [
      [
       -51.93,
       -14.24
      ],
      [
       -53.53209341307595,
       -12.361637468371253
      ],
      [
       -55.1233998252994,
       -10.481300261670974
      ],
      [
       -56.706320192425075,
       -8.599429599412712
      ],
      [
       -58.28313733720755,
       -6.716443845762853
      ],
      [
       -59.856049316186635,
       -4.832745008339787
      ],
      [
       -61.42720048648543,
       -2.948724751776491
      ],
      [
       -62.99871113072058,
       -1.0647701085292152
      ],
      [
       -64.57270643939505,
       0.8187309448604316
      ],
      [
       -66.15134562407738,
       2.7013838841341657
      ],
      [
       -67.73685193997231,
       4.582781843123823
      ],
      [
       -69.3315444334182,
       6.462499456872786
      ],
      [
       -70.93787230024272,
       8.34008615277812
      ],
      [
       -72.55845284823431,
       10.215058673909597
      ],
      [
       -74.19611420643994,
       12.086892580951401
      ],
      [
       -75.8539441226076,
       13.955012427767493
      ],
      [
       -77.53534644676387,
       15.818780236843812
      ],
      [
       -79.24410722427648,
       17.67748180995476
      ],
      [
       -80.98447272755637,
       19.530310289821962
      ],
      [
       -82.76124225317571,
       21.376346231622144
      ],
      [
       -84.57987910834333,
       23.214533237575044
      ],
      [
       -86.4466439048814,
       25.043647938755612
      ],
      [
       -88.36875504465166,
       26.862262757059423
      ],
      [
       -90.35458204565035,
       28.66869942415631
      ],
      [
       -92.41387796027234,
       30.460970647463228
      ],
      [
       -94.55805724526479,
       32.236706570416644
      ],
      [
       -96.80052441788854,
       33.99306176053741
      ],
      [
       -99.15705548962498,
       35.72659739057701
      ],
      [
       -101.6462263786982,
       37.433132149053826
      ],
      [
       -104.2898665713813,
       39.10755448757777
      ],
      [
       -107.11348609824742,
       40.74358868196317
      ],
      [
       -110.14656991548827,
       42.33350908989239
      ],
      [
       -113.42254303754967,
       43.86780328862514
      ],
      [
       -116.97806902330589,
       45.33479957943777
      ],
      [
       -120.8511529500473,
       46.72030391281558
      ],
      [
       -125.0773227436859,
       48.00734294835982
      ],
      [
       -129.68311353196572,
       49.176186517848436
      ],
      [
       -134.6765118067336,
       50.20490784850634
      ],
      [
       -140.03538928323854,
       51.07077419644924
      ],
      [
       -145.69740149772844,
       51.75263096902448
      ],
      [
       -151.55720004449154,
       52.234045054668094
      ],
      [
       -157.47630970242903,
       52.50639089601429
      ],
      [
       -163.30550833596453,
       52.570701865057025
      ],
      [
       -168.91171688400178,
       52.43743996202112
      ],
      [
       -174.19819569227906,
       52.124294344062406
      ],
      [
       -179.11154305487028,
       51.65299028313395
      ],
      [
       -180,
       51.53386991931638
      ]
     ],
     [
      [
       180,
       51.53386991931638
      ],
      [
       176.3631427639616,
       51.046256243173396
      ],
      [
       172.21309381538572,
       50.32564472007542
      ],
      [
       168.4092132346692,
       49.51033579752084
      ],
      [
       164.915019983311,
       48.61671342604338
      ],
      [
       161.69254939361412,
       47.658419794810584
      ],
      [
       158.7057051314756,
       46.64664578086436
      ],
      [
       155.92185328837422,
       45.59050186000353
      ],
      [
       153.31234846710856,
       44.49738563373885
      ],
      [
       150.8524777854437,
       43.37330866159704
      ],
      [
       148.5211263588884,
       42.223171172104145
      ],
      [
       146.30033828301498,
       41.05098581397615
      ],
      [
       144.1748652304059,
       39.86005672380965
      ],
      [
       142.13174671972558,
       38.65312151996753
      ],
      [
       140.1599395416645,
       37.43246346078718
      ],
      [
       138.25,
       36.20000000000001
      ]
     ]
    ]
   },
   "properties": {
    "pair": "Brazilian\u2013Japanese",
    "cuisine_a": "Brazilian",
    "cuisine_b": "Japanese",
    "residual": 0.0032,
    "distance_km": 17371.0,
    "is_long_distance": "long-distance"
   }
  }
 ]
}