city,city_ascii,lat,lng,country,iso2,iso3,admin_name,capital,population,id,nearest_region_idx,dist_km_nearest_region,access_score,nearest_provider,nearest_region,nearest_location_name,nearest_lat,nearest_lon,openalex_match_km,openalex_geo_city,openalex_ai_works_recent,openalex_ai_institution_count,openalex_lat,openalex_lon,openalex_match_ok,log_ai_works,ai_works_per_million,log_ai_works_per_million
Abu Dhabi,Abu Dhabi,24.4781,54.3686,United Arab Emirates,AE,ARE,Abū Z̧aby,primary,1000000.0,1784176710,74,1.2862265617254176,99.9357093472159,azure,uaecentral,"Abu Dhabi, UAE Central, Middle East",24.466667,54.366669,14.579134680118136,Abu Dhabi,296,2,24.440338134765625,54.50653648376465,True,5.6937321388027,296.0,5.6937321388027
Canberra,Canberra,-35.2931,149.1269,Australia,AU,AUS,Australian Capital Territory,primary,426704.0,1036142029,60,1.6172022732082179,99.91917256931974,azure,australiacentral,"Canberra, Australia Central, Asia Pacific",-35.3075,149.1244,1.0771679363227398,Canberra,23,1,-35.28346,149.12807,True,3.1780538303479458,53.90153361580862,4.0055412828395
Dhaka,Dhaka,23.7289,90.3944,Bangladesh,BD,BGD,Dhaka,primary,15443000.0,1050529279,64,1196.4898149518144,54.97756970542918,azure,jioindiacentral,"Nagpur, Jio India Central, Asia Pacific",21.146633,79.08886,2.4482980796296516,Dhaka,70,2,23.710399627685547,90.40744018554688,True,4.2626798770413155,4.532798031470569,1.7106936607141467
Khulna,Khulna,22.8167,89.55,Bangladesh,BD,BGD,Khulna,admin,1311100.0,1050667339,64,1094.2700460289627,57.86051284007918,azure,jioindiacentral,"Nagpur, Jio India Central, Asia Pacific",21.146633,79.08886,1.6632723484867198,Khulna,56,1,22.809789657592773,89.56439208984375,True,4.04305126783455,42.71222637479978,3.7776278427141925
Gent,Gent,51.0536,3.7253,Belgium,BE,BEL,Flanders,minor,262219.0,1056062897,90,67.69305474892164,96.67198582879156,gcp,europe-west1,"St. Ghislain, Belgium, Europe",50.4477484,3.8195241,0.7240118086013214,Ghent,24,1,51.04999923706055,3.716670036315918,True,3.2188758248682006,91.52654841945092,4.527495613278916
Sofia,Sofia,42.6979,23.3217,Bulgaria,BG,BGR,Sofia-Grad,primary,1355142.0,1100762037,87,1074.178571762411,58.44469369331349,gcp,europe-central2,"Warsaw, Poland, Europe",52.2319581,21.0067249,0.2048736000156553,Sofia,128,2,42.697509765625,23.32415008544922,True,4.859812404361672,94.45504603945564,4.558655414562316
Varna,Varna,43.2114,27.9111,Bulgaria,BG,BGR,Varna,admin,369162.0,1100789115,87,1126.9923863208746,56.921549361060066,gcp,europe-central2,"Warsaw, Poland, Europe",52.2319581,21.0067249,2.258482598338404,Varna,13,1,43.22297286987305,27.93400382995605,True,2.6390573296152584,35.214892106988266,3.5894704184074038
Toronto,Toronto,43.7417,-79.3733,Canada,CA,CAN,Ontario,,5429524.0,1124279679,98,9.846628418692964,99.50887854371243,gcp,northamerica-northeast2,"Toronto, Ontario, North America",43.6534817,-79.3839347,7.064349748351475,Toronto,251,2,43.67841794189453,-79.38107506591797,True,5.529429087511423,46.228730179662165,3.8550023976618206
Montréal,Montreal,45.5089,-73.5617,Canada,CA,CAN,Quebec,,3519595.0,1124586170,11,0.8962644039241975,99.95519681942756,aws,ca-central-1,Canada (Central),45.5031824,-73.5698065,2.0343861753382715,Montreal,162,1,45.50883865356445,-73.58780670166016,True,5.093750200806762,46.02802311061358,3.8507436604277943
Kelowna,Kelowna,49.8881,-119.4956,Canada,CA,CAN,British Columbia,,142146.0,1124080626,32,296.39579796248,86.22604575900237,azure,westus2,"Washington, West US 2, US",47.233,-119.852,152.3306082740603,Rossland,85,1,49.07619094848633,-117.7970962524414,False,4.454347296253507,597.9767281527443,6.395222746196691
Windsor,Windsor,42.2833,-83.0,Canada,CA,CAN,Ontario,,276165.0,1124261024,26,230.31286693119796,89.12267153177554,aws,us-east-2,US East (Ohio),40.2253569,-82.6881395,2.309149889586845,Windsor,54,1,42.300079345703125,-83.01654052734375,True,4.007333185232471,195.5352778230406,5.2808419461016305
Quebec City,Quebec City,46.8139,-71.2081,Canada,CA,CAN,Quebec,,705103.0,1124823933,68,0.7599340952281205,99.96201051307226,azure,canadaeast,"Quebec, Canada East, Canada",46.817,-71.217,0.5220858133841015,Québec,5,1,46.812278747558594,-71.21453857421875,True,1.791759469228055,7.09116256773833,2.090772425039911
Lausanne,Lausanne,46.5333,6.6333,Switzerland,CH,CHE,Vaud,admin,138905.0,1756055099,72,52.457882398161786,97.41120496975142,azure,switzerlandwest,"Geneva, Switzerland West, Europe",46.204391,6.143158,1.9240253838446995,Lausanne,131,1,46.516,6.63282,True,4.882801922586371,943.0906014902272,6.850222137694986
Lausanne,Lausanne,46.5333,6.6333,Switzerland,CH,CHE,Vaud,admin,138905.0,1756055099,72,52.457882398161786,97.41120496975142,azure,switzerlandwest,"Geneva, Switzerland West, Europe",46.204391,6.143158,59.9215089531838,Martigny-Combe,93,1,46.07817077636719,7.050990104675293,True,4.543294782270004,669.5223354090925,6.508057013739014
Lugano,Lugano,46.0103,8.9625,Switzerland,CH,CHE,Ticino,,63185.0,1756503816,17,63.23099548075032,96.88790466506144,aws,eu-south-1,EU (Milan),45.4641943,9.1896346,3.991770568199668,Manno,63,1,46.02885,8.91824,True,4.1588830833596715,997.0720898947534,6.905825508066168
Winterthur,Winterthur,47.4992,8.7267,Switzerland,CH,CHE,Zürich,minor,109775.0,1756362130,55,13.287608511407212,99.33782170164612,azure,switzerlandnorth,"Zurich, Switzerland North, Europe",47.451542,8.564572,0.7416632213647452,Winterthur,48,1,47.50564,8.72413,True,3.8918202981106265,437.25802778410383,6.082807841452408
Lugano,Lugano,46.0103,8.9625,Switzerland,CH,CHE,Ticino,,63185.0,1756503816,17,63.23099548075032,96.88790466506144,aws,eu-south-1,EU (Milan),45.4641943,9.1896346,0.19156557642184738,Lugano,40,1,46.01007843017578,8.960040092468262,True,3.713572066704308,633.0616443776212,6.452146180590139
Zürich,Zurich,47.3786,8.54,Switzerland,CH,CHE,Zürich,admin,434008.0,1756539143,15,0.4682055063917747,99.97659246467154,aws,eu-central-2,EU (Zurich),47.3744489,8.5410422,0.7840195692217414,Zurich,25,2,47.379241943359375,8.529630661010742,True,3.258096538021482,57.602624836408545,4.070779488009996
Las Condes,Las Condes,-33.4167,-70.5833,Chile,CL,CHL,Región Metropolitana,,249893.0,1152858037,100,6.657750247648373,99.66766594379793,gcp,southamerica-west1,"Santiago, Chile, South America",-33.4377756,-70.6504502,2.775179406393322,Santiago,1,1,-33.42711639404297,-70.6104736328125,True,0.6931471805599453,4.001712733049745,1.6097804003883538
Beijing,Beijing,39.905,116.3914,China,CN,CHN,Beijing,primary,19433000.0,1156228865,12,0.13573912687136322,99.9932132739651,aws,cn-north-1,China (Beijing),39.906217,116.3912757,3.038798302098813,Beijing,3387,18,39.93225090874566,116.38871626559788,True,8.127995055771946,174.29115422219937,5.1664483298565065
Shenzhen,Shenzhen,22.535,114.054,China,CN,CHN,Guangdong,minor,15929000.0,1156158707,1,30.550959495336876,98.48405985907084,aws,ap-east-1,Asia Pacific (Hong Kong),22.2793278,114.1628131,1.8788720022265293,Shenzhen,978,2,22.54553992797852,114.06829916992189,True,6.88653164253051,61.397451189654085,4.133524428221502
Hangzhou,Hangzhou,30.25,120.1675,China,CN,CHN,Zhejiang,admin,6446000.0,1156275243,76,687.5770015005234,70.90788818429094,gcp,asia-east1,"Changhua County, Taiwan, APAC",24.0755667,120.5444667,4.450265818327494,Hangzhou,555,3,30.28853745218913,120.15499532633464,True,6.320768294250582,86.09990691901955,4.467055815189913
Ürümqi,Urumqi,43.8225,87.6125,China,CN,CHN,Xinjiang,admin,3112559.0,1156051276,13,1705.7630533555507,42.61850971716597,aws,cn-northwest-1,China (Ningxia),37.3095528,105.96085530747736,2.582700080569619,Ürümqi,443,2,43.80096054077149,87.60045623779297,True,6.095824562432225,142.32661935083,4.965126077183995
Jinan,Jinan,36.6667,116.9833,China,CN,CHN,Shandong,admin,7967400.0,1156972469,12,363.9026895134358,83.36419004784754,aws,cn-north-1,China (Beijing),39.906217,116.3912757,5.223357531286615,Jinan,271,2,36.667497634887695,117.04185485839844,True,5.605802066295998,34.01360544217687,3.555736712874018
Guangzhou,Guangzhou,23.1288,113.259,China,CN,CHN,Guangdong,admin,20902000.0,1156237133,1,132.35325701532778,93.59655314957533,aws,ap-east-1,Asia Pacific (Hong Kong),22.2793278,114.1628131,1.6328297244393832,Guangzhou,236,1,23.116670608520508,113.25,True,5.4680601411351315,11.290785570758779,2.508849841043623
Hohhot,Hohhot,40.8151,111.6629,China,CN,CHN,Inner Mongolia,admin,2635000.0,1156210167,12,413.12094160483446,81.33770744054287,aws,cn-north-1,China (Beijing),39.906217,116.3912757,1.0308421995408223,Hohhot,192,1,40.8105583190918,111.6522216796875,True,5.262690188904886,72.865275142315,4.302242827701515
Shanghai,Shanghai,31.1667,121.4667,China,CN,CHN,Shanghai,admin,22120000.0,1156073548,76,793.7047997479217,67.24332695436077,gcp,asia-east1,"Changhua County, Taiwan, APAC",24.0755667,120.5444667,4.650798623769227,Shanghai,170,3,31.202277501424152,121.44099426269533,True,5.14166355650266,7.685352622061482,2.1616380001424895
Quzhou,Quzhou,28.9545,118.8763,China,CN,CHN,Zhejiang,,2185000.0,1156180376,76,567.3104172938154,75.3026236886185,gcp,asia-east1,"Changhua County, Taiwan, APAC",24.0755667,120.5444667,3.219085258587394,Quzhou,149,1,28.982589721679688,118.86829376220705,True,5.0106352940962555,68.19221967963388,4.236888423927398
Changsha,Changsha,28.1987,112.9709,China,CN,CHN,Hunan,admin,8394500.0,1156961497,1,669.0174578811582,71.56895975886654,aws,ap-east-1,Asia Pacific (Hong Kong),22.2793278,114.1628131,12.665650412729377,Changsha,76,1,28.255634307861328,113.08287048339844,True,4.343805421853684,9.053546965274883,2.3079255041074305
Zhangjiajie,Zhangjiajie,29.1255,110.4844,China,CN,CHN,Hunan,minor,1549200.0,1156072884,1,845.6155945048856,65.5204553125655,aws,ap-east-1,Asia Pacific (Hong Kong),22.2793278,114.1628131,0.7343754271944907,Zhangjiajie,64,1,29.129440307617188,110.47833251953124,True,4.174387269895637,41.31164471985541,3.7450623370526706
Anqing,Anqing,30.5,117.0333,China,CN,CHN,Anhui,minor,4723000.0,1156238875,76,794.0247986538449,67.23256891949556,gcp,asia-east1,"Changhua County, Taiwan, APAC",24.0755667,120.5444667,2.1167629242948727,Anking,63,1,30.51416778564453,117.04805755615234,True,4.1588830833596715,13.338979462206224,2.6629816654288025
Jingdezhen,Jingdezhen,29.2942,117.2036,China,CN,CHN,Jiangxi,minor,1587477.0,1156038165,76,668.4035973350005,71.59092981069382,gcp,asia-east1,"Changhua County, Taiwan, APAC",24.0755667,120.5444667,0.420054956162325,Jingdezhen,63,1,29.294700622558597,117.20789337158205,True,4.1588830833596715,39.68561434275898,3.7058745740164034
Huangshi,Huangshi,30.2018,115.0326,China,CN,CHN,Hubei,minor,2471700.0,1156234290,76,872.3340932888673,64.6509719635387,gcp,asia-east1,"Changhua County, Taiwan, APAC",24.0755667,120.5444667,5.249620648131259,Huangshi,50,1,30.24706077575684,115.0481414794922,True,3.9318256327243257,20.228992191609013,3.0553678036326137
Nanning,Nanning,22.8192,108.315,China,CN,CHN,Guangxi,admin,7153300.0,1156605439,1,603.4881263247051,73.95273129525543,aws,ap-east-1,Asia Pacific (Hong Kong),22.2793278,114.1628131,0.32941496826365413,Nanning,46,2,22.816669732055665,108.31667163940428,True,3.8501476017100584,6.430598465044105,2.0056064025981852
Jinzhou,Jinzhou,41.1144,121.1292,China,CN,CHN,Liaoning,,3000000.0,1156157151,12,422.4072685120343,80.96091859298996,aws,cn-north-1,China (Beijing),39.906217,116.3912757,3.4956662234453817,Jinzhou,40,1,41.145774841308594,121.12657165527344,True,3.713572066704308,13.333333333333334,2.662587827025453
Xi’an,Xi'an,34.2667,108.9,China,CN,CHN,Shaanxi,admin,7135000.0,1156244079,13,429.7868913815948,80.66273852221543,aws,cn-northwest-1,China (Ningxia),37.3095528,105.96085530747736,14.385376099685345,Xi'an,37,1,34.13897705078125,108.87511444091795,True,3.6375861597263857,5.185704274702172,1.8222408675433965
Guiyang,Guiyang,26.5794,106.7078,China,CN,CHN,Guizhou,admin,4365000.0,1156932620,1,893.1373507045772,63.98198188249663,aws,ap-east-1,Asia Pacific (Hong Kong),22.2793278,114.1628131,0.9841213014389487,Guiyang,37,1,26.583330154418945,106.71666717529295,True,3.6375861597263857,8.47651775486827,2.2488169233505806
Chongqing,Chongqing,29.5628,106.5528,China,CN,CHN,Chongqing,admin,7739000.0,1156936556,13,863.1441282371431,64.94872561250416,aws,cn-northwest-1,China (Ningxia),37.3095528,105.96085530747736,0.5523884089453608,Chongqing,34,2,29.56026077270508,106.55770874023438,True,3.5553480614894135,4.393332471895594,1.6851634632395274
Shaoyang,Shaoyang,27.2418,111.4725,China,CN,CHN,Hunan,,7302400.0,1156310366,1,614.9800081116546,73.52902174310303,aws,ap-east-1,Asia Pacific (Hong Kong),22.2793278,114.1628131,5.559934215103065,Tangdukou,29,1,27.2034969329834,111.43635559082033,True,3.4011973816621555,3.9712971078001753,1.603680793542173
Zaozhuang,Zaozhuang,34.8667,117.55,China,CN,CHN,Shandong,,3650000.0,1156796454,12,569.6277355392025,75.2154241437484,aws,cn-north-1,China (Beijing),39.906217,116.3912757,0.43949373830980015,Zaozhuang,26,1,34.86471939086914,117.55416870117188,True,3.295836866004329,7.123287671232877,2.0947349578493344
Leshan,Leshan,29.5854,103.7575,China,CN,CHN,Sichuan,,3364000.0,1156203130,13,882.7973162030887,64.31362639778617,aws,cn-northwest-1,China (Ningxia),37.3095528,105.96085530747736,0.8088960159605226,Leshan,23,1,29.579259872436523,103.7619857788086,True,3.1780538303479458,6.837098692033294,2.058868701079772
Hefei,Hefei,31.8639,117.2808,China,CN,CHN,Anhui,admin,7457027.0,1156332710,12,897.834383748159,63.83189545016552,aws,cn-north-1,China (Beijing),39.906217,116.3912757,11.264522008865333,Hefei,13,1,31.901731491088867,117.17012786865234,True,2.6390573296152584,1.7433221041039544,1.0091696327332522
Chengdu,Chengdu,30.66,104.0633,China,CN,CHN,Sichuan,admin,11309000.0,1156421555,13,759.7609273621555,68.39431603738852,aws,cn-northwest-1,China (Ningxia),37.3095528,105.96085530747736,23.285158675285945,Chengdu,11,1,30.676218032836918,103.82057189941406,True,2.4849066497880004,0.9726766292333541,0.6793913156013227
Lanzhou,Lanzhou,36.0617,103.8318,China,CN,CHN,Gansu,admin,3616163.0,1156280566,13,235.1383647308956,88.9079001030383,aws,cn-northwest-1,China (Ningxia),37.3095528,105.96085530747736,0.8931336684834976,Lanzhou,4,1,36.057010650634766,103.8398666381836,True,1.6094379124341003,1.106144828095415,0.744859180623361
Nicosia,Nicosia,35.1725,33.365,Cyprus,CY,CYP,Lefkosía,primary,330000.0,1196944155,21,428.2184079843789,80.72602241697955,aws,il-central-1,Middle East (Israel) - ???,31.5313113,34.8667654,0.32060317119974585,Nicosia,6,1,35.17530822753906,33.364200592041016,True,1.9459101490553132,18.181818181818183,2.953962860677696
Prague,Prague,50.0833,14.4167,Czechia,CZ,CZE,"Praha, Hlavní Město",primary,1335084.0,1203744823,48,408.9600634871976,81.50710173020713,azure,germanywestcentral,"Frankfurt, Germany West Central, Europe",50.110924,8.682127,0.6014022834792787,Prague,381,3,50.08803979939779,14.420760051574709,True,5.945420608606575,285.3753022281744,5.657303196131197
Ostrava,Ostrava,49.8356,18.2925,Czechia,CZ,CZE,Moravskoslezský Kraj,admin,284982.0,1203687206,87,327.09590468930134,84.91257804532407,gcp,europe-central2,"Warsaw, Poland, Europe",52.2319581,21.0067249,0.7576154729782891,Ostrava,128,2,49.83464906616212,18.28203982116699,True,4.859812404361672,449.1511744601413,6.109583469592827
Brno,Brno,49.1953,16.6083,Czechia,CZ,CZE,Jihomoravský Kraj,admin,382405.0,1203676514,87,458.0057942084911,79.53262293587606,gcp,europe-central2,"Warsaw, Poland, Europe",52.2319581,21.0067249,0.02625849203886977,Brno,101,1,49.19522,16.60796,True,4.624972813284271,264.11788548789895,5.580174577967128
Plzeň,Plzen,49.7414,13.3825,Czechia,CZ,CZE,Plzeňský Kraj,admin,175219.0,1203402469,92,338.91540242625393,84.4122459081218,gcp,europe-west3,"Frankfurt, Germany Europe",50.1106444,8.6820917,0.7615991837412699,Pilsen,74,1,49.74747,13.37759,True,4.31748811353631,422.3286287445996,6.048148777521042
Zlín,Zlin,49.2331,17.6669,Czechia,CZ,CZE,Zlínský Kraj,admin,74478.0,1203582141,87,407.88171621064055,81.55106006031401,gcp,europe-central2,"Warsaw, Poland, Europe",52.2319581,21.0067249,0.7878075228750642,Zlín,9,1,49.2264518737793,17.670650482177734,True,2.302585092994046,120.84105373398856,4.802717357055652
Prague,Prague,50.0833,14.4167,Czechia,CZ,CZE,"Praha, Hlavní Město",primary,1335084.0,1203744823,48,408.9600634871976,81.50710173020713,azure,germanywestcentral,"Frankfurt, Germany West Central, Europe",50.110924,8.682127,6.67577081076452,Prosek,0,1,50.11692810058594,14.494235038757324,True,0.0,0.0,0.0
Leipzig,Leipzig,51.3333,12.3833,Germany,DE,DEU,Saxony,minor,593197.0,1276563678,48,293.82136087560156,86.33710899002068,azure,germanywestcentral,"Frankfurt, Germany West Central, Europe",50.110924,8.682127,0.14299289217158875,Leipzig,374,4,51.33388266113281,12.381465144882204,True,5.926926025970411,630.4819478183471,6.448069355187728
Saarbrücken,Saarbrucken,49.2333,7.0,Germany,DE,DEU,Saarland,admin,180741.0,1276419711,92,155.45796607702212,92.52151415643834,gcp,europe-west3,"Frankfurt, Germany Europe",50.1106444,8.6820917,2.40651102632746,Saarbrücken,318,2,49.2451990838623,7.027688034210206,True,5.765191102784844,1759.4237057446844,7.473309800958905
Stuttgart,Stuttgart,48.7761,9.1775,Germany,DE,DEU,Baden-Württemberg,admin,634830.0,1276171358,92,152.6551725357814,92.6512644021429,gcp,europe-west3,"Frankfurt, Germany Europe",50.1106444,8.6820917,0.6923175147345335,Stuttgart,309,1,48.782318115234375,9.177020072937012,True,5.736572297479192,486.74448277491615,6.189791667855269
Potsdam,Potsdam,52.4,13.0667,Germany,DE,DEU,Brandenburg,admin,182219.0,1276395100,70,296.396798057581,86.22600264189019,azure,germanynorth,"Berlin, Germany North, Europe",53.073635,8.806422,0.14502410120031342,Potsdam,247,2,52.39886046569824,13.065660238342286,True,5.5134287461649825,1355.5117742935697,7.212671811968113
Berlin,Berlin,52.5167,13.3833,Germany,DE,DEU,Berlin,primary,3644826.0,1276451290,70,313.8417953782674,85.47716705579316,azure,germanynorth,"Berlin, Germany North, Europe",53.073635,8.806422,1.6872113024714899,Berlin,230,3,52.52892614908854,13.39806935160319,True,5.442417710521793,63.10314950562798,4.160493496972743
Kaiserslautern,Kaiserslautern,49.4447,7.7689,Germany,DE,DEU,Rhineland-Palatinate,minor,100030.0,1276674534,92,98.90747578447271,95.17491870414743,gcp,europe-west3,"Frankfurt, Germany Europe",50.1106444,8.6820917,0.27217890490182334,Kaiserslautern,216,1,49.44300079345703,7.771609783172607,True,5.37989735354046,2159.3521943416977,7.678026540322497
Mannheim,Mannheim,49.4878,8.4661,Germany,DE,DEU,Baden-Württemberg,minor,309370.0,1276150104,92,70.97094154922955,96.51367568175989,gcp,europe-west3,"Frankfurt, Germany Europe",50.1106444,8.6820917,0.18078040926189956,Mannheim,138,2,49.48651313781738,8.46457052230835,True,4.9344739331306915,446.06781523741796,6.102710295047008
Hannover,Hannover,52.3744,9.7386,Germany,DE,DEU,Lower Saxony,admin,538068.0,1276457707,70,99.93024599071285,95.12626011123166,azure,germanynorth,"Berlin, Germany North, Europe",53.073635,8.806422,0.565205734795805,Hanover,104,2,52.37052077270508,9.733220050201416,True,4.653960350157523,193.28412022272278,5.26932162490514
Bielefeld,Bielefeld,52.0167,8.5333,Germany,DE,DEU,North Rhine-Westphalia,minor,333786.0,1276112885,70,118.96805332492626,94.22505843576525,azure,germanynorth,"Berlin, Germany North, Europe",53.073635,8.806422,1.849175323494537,Bielefeld,101,1,52.03333,8.53333,True,4.624972813284271,302.58908402389557,5.715675089749565
Landshut,Landshut,48.5397,12.1508,Germany,DE,DEU,Bavaria,minor,72404.0,1276485277,55,292.9638458853111,86.37413460954807,azure,switzerlandnorth,"Zurich, Switzerland North, Europe",47.451542,8.564572,94.28860119511842,Passau,60,1,48.56650161743164,13.431220054626465,False,4.110873864173311,828.6834981492735,6.721044300535817
Weimar,Weimar,50.9833,11.3167,Germany,DE,DEU,Thuringia,minor,65090.0,1276053525,48,209.89487932528687,90.03718451905382,azure,germanywestcentral,"Frankfurt, Germany West Central, Europe",50.110924,8.682127,0.9253430998995147,Weimar,52,1,50.98030090332031,11.32903003692627,True,3.970291913552122,798.8938392994315,6.684479017986677
Hildesheim,Hildesheim,52.15,9.95,Germany,DE,DEU,Lower Saxony,minor,101990.0,1276244190,70,128.48738572410778,93.77764422577921,azure,germanynorth,"Berlin, Germany North, Europe",53.073635,8.806422,0.11476140632286362,Hildesheim,34,1,52.15077,9.95112,True,3.5553480614894135,333.3660162761055,5.812236250077694
Tübingen,Tubingen,48.52,9.0556,Germany,DE,DEU,Baden-Württemberg,minor,90546.0,1276203240,55,124.29998036457769,93.97419241573388,azure,switzerlandnorth,"Zurich, Switzerland North, Europe",47.451542,8.564572,1.8690367249590576,Tübingen,23,1,48.53666687011719,9.058889389038086,True,3.1780538303479458,254.01453404899166,5.541320539804756
Jena,Jena,50.9272,11.5864,Germany,DE,DEU,Thuringia,minor,111407.0,1276659978,48,224.47880458685347,89.38302468730264,azure,germanywestcentral,"Frankfurt, Germany West Central, Europe",50.110924,8.682127,0.3017014488719237,Jena,19,1,50.92877960205078,11.589900016784668,True,2.995732273553991,170.54583643756675,5.1448504987538355
Braunschweig,Braunschweig,52.2692,10.5211,Germany,DE,DEU,Lower Saxony,minor,248292.0,1276941443,70,146.17168827710861,92.95210326684565,azure,germanynorth,"Berlin, Germany North, Europe",53.073635,8.806422,11.729116928382561,Wolfenbüttel,7,1,52.16442108154297,10.540949821472168,True,2.0794415416798357,28.19261192466934,3.37391566098177
Copenhagen,Copenhagen,55.6761,12.5689,Denmark,DK,DNK,Hovedstaden,primary,602481.0,1208763942,70,378.21037586940287,82.76994381210827,azure,germanynorth,"Berlin, Germany North, Europe",53.073635,8.806422,0.4415583538153196,Copenhagen,113,2,55.67648315429688,12.575909614562988,True,4.736198448394496,187.5577819051555,5.239404495221582
Skikda,Skikda,36.8667,6.9,Algeria,DZ,DZA,Skikda,admin,163318.0,1012619903,69,870.8927132962976,64.69758206598277,azure,francesouth,"Marseille, France South, Europe",43.8345,2.1972,2.116822269366011,Skikda,28,1,36.84917449951172,6.890708923339844,True,3.367295829986474,171.44466623397298,5.150076409556734
Algiers,Algiers,36.7764,3.0586,Algeria,DZ,DZA,Alger,primary,3415811.0,1012973369,89,713.2404237921153,70.00383134783502,gcp,europe-southwest1,"Madrid, Spain, Europe",40.4167047,-3.7035825,5.21531032324722,Algiers,25,1,36.75929641723633,3.004081964492798,True,3.258096538021482,7.318906110437609,2.11853076907838
Jijel,Jijel,36.8206,5.7667,Algeria,DZ,DZA,Jijel,admin,131513.0,1012782547,69,836.3292294567138,65.82538612250978,azure,francesouth,"Marseille, France South, Europe",43.8345,2.1972,2.530354783254987,Jijel,9,1,36.80135726928711,5.751527786254883,True,2.302585092994046,68.43429927079453,4.240380971227367
Tartu,Tartu,58.38,26.7225,Estonia,EE,EST,Tartumaa,admin,91407.0,1233809410,88,244.8090978796084,88.47903550904358,gcp,europe-north1,"Hamina, Finland, Europe",60.5688901,27.1881877,0.16594174383787344,Tartu,143,1,58.380619049072266,26.72509002685547,True,4.969813299576001,1564.431608082532,7.355916852863919
Tallinn,Tallinn,59.4372,24.745,Estonia,EE,EST,Harjumaa,primary,438341.0,1233260021,88,185.1351192350481,91.1587622372927,gcp,europe-north1,"Hamina, Finland, Europe",60.5688901,27.1881877,0.4830708283355056,Tallinn,21,1,59.43695831298828,24.753530502319336,True,3.091042453358316,47.90790731416865,3.8899390871744117
Giza,Giza,29.987,31.2118,Egypt,EG,EGY,Al Jīzah,admin,5598402.0,1818925479,21,389.1419175162178,82.31877638026293,aws,il-central-1,Middle East (Israel) - ???,31.5313113,34.8667654,2.5139914963749517,Giza,13,1,30.00943946838379,31.20861053466797,True,2.6390573296152584,2.3220911967379263,1.2005944631736938
Barcelona,Barcelona,41.3825,2.1769,Spain,ES,ESP,Catalonia,admin,4588000.0,1724594040,69,272.6553954478621,87.25566508050355,azure,francesouth,"Marseille, France South, Europe",43.8345,2.1972,1.6497775878125989,Barcelona,680,4,41.38879003265381,2.158989976577759,True,6.523562306149512,148.21272885789014,5.0053729981915485
San Vicente de Baracaldo,San Vicente de Baracaldo,43.2972,-2.9917,Spain,ES,ESP,Basque Country,,101486.0,1724451934,89,325.67409109333965,84.97296443629529,gcp,europe-southwest1,"Madrid, Spain, Europe",40.4167047,-3.7035825,3.306153872820321,Leioa,268,1,43.32686,-2.98884,True,5.594711379601839,2640.758331198392,7.879200008982635
Valencia,Valencia,39.47,-0.3764,Spain,ES,ESP,Valencia,admin,800215.0,1724981666,89,302.52501166422996,85.96220132467413,gcp,europe-southwest1,"Madrid, Spain, Europe",40.4167047,-3.7035825,0.5171589853523767,Valencia,172,1,39.47391128540039,-0.3796600103378296,True,5.153291594497779,214.94223427453872,5.375010938003166
Madrid,Madrid,40.4167,-3.7167,Spain,ES,ESP,Madrid,primary,6026000.0,1724616994,89,1.1105053862348992,99.94449014311319,gcp,europe-southwest1,"Madrid, Spain, Europe",40.4167047,-3.7035825,1.1972781605640324,Madrid,150,3,40.416500030517575,-3.7025599826558433,True,5.017279836814924,24.89213408562894,3.253939219320748
A Coruña,A Coruna,43.3713,-8.4188,Spain,ES,ESP,Galicia,minor,370610.0,1724417375,89,510.0055614207899,77.49143431457158,gcp,europe-southwest1,"Madrid, Spain, Europe",40.4167047,-3.7035825,1.8429339886824385,A Coruña,87,1,43.3713493347168,-8.395999908447266,True,4.477336814478207,234.74811796767492,5.462763938311712
San Cugat del Vallés,San Cugat del Valles,41.4735,2.0852,Spain,ES,ESP,Catalonia,,92977.0,1724196400,69,262.6912319783807,87.6914646288189,azure,francesouth,"Marseille, France South, Europe",43.8345,2.1972,5.026881464109343,Cerdanyola del Vallès,85,1,41.4910888671875,2.1407899856567383,True,4.454347296253507,914.2045882314981,6.819147633977803
San Sebastián de los Reyes,San Sebastian de los Reyes,40.5469,-3.6258,Spain,ES,ESP,Madrid,,91224.0,1724422840,89,15.901670551480562,99.20806890115851,gcp,europe-southwest1,"Madrid, Spain, Europe",40.4167047,-3.7035825,9.679205468566101,Tres Cantos,79,1,40.60102462768555,-3.715553998947144,True,4.382026634673881,866.0001753924406,6.765039179078608
Alicante,Alicante,38.3453,-0.4831,Spain,ES,ESP,Valencia,minor,337482.0,1724923163,89,360.0454757840709,83.52512193433051,gcp,europe-southwest1,"Madrid, Spain, Europe",40.4167047,-3.7035825,0.141160237817,Alicante,78,1,38.34516906738281,-0.4814899861812591,True,4.3694478524670215,231.1234376944548,5.447269289200914
Santiago de Compostela,Santiago de Compostela,42.8778,-8.5444,Spain,ES,ESP,Galicia,admin,92430.0,1724547778,89,486.3642991808372,78.41286720462219,gcp,europe-southwest1,"Madrid, Spain, Europe",40.4167047,-3.7035825,1.562616463995702,Santiago de Compostela,25,1,42.87203598022461,-8.561888694763184,True,3.258096538021482,270.47495401925784,5.603869884729187
Espoo,Espoo,60.21,24.66,Finland,FI,FIN,Uusimaa,minor,269802.0,1246357316,88,144.51149929630537,93.02929432914404,gcp,europe-north1,"Hamina, Finland, Europe",60.5688901,27.1881877,0.6859888714783698,Espoo,12,1,60.2052,24.6522,True,2.5649493574615367,44.47706095581204,3.8172080440108167
Tampere,Tampere,61.4981,23.7608,Finland,FI,FIN,Pirkanmaa,admin,225118.0,1246964318,88,211.48547102755896,89.96560678626753,gcp,europe-north1,"Hamina, Finland, Europe",60.5688901,27.1881877,2.6411919242588504,Tampere,8,1,61.504032135009766,23.80900382995605,True,2.1972245773362196,35.53691841611955,3.5983232128592824
Turku,Turku,60.4517,22.27,Finland,FI,FIN,Varsinais-Suomi,admin,187604.0,1246456609,16,265.56216211889523,87.56567689793094,aws,eu-north-1,EU (Stockholm),59.3251172,18.0710935,0.9987790481998877,Turku,3,1,60.455596923828125,22.28641128540039,True,1.3862943611198906,15.991130253086288,2.8326914580789633
Helsinki,Helsinki,60.1756,24.9342,Finland,FI,FIN,Uusimaa,primary,642045.0,1246177997,88,131.38648352069325,93.64180741973844,gcp,europe-north1,"Hamina, Finland, Europe",60.5688901,27.1881877,0.6794421288058445,Helsinki,0,1,60.16952133178711,24.935449600219727,True,0.0,0.0,0.0
Suva,Suva,-18.1333,178.4333,Fiji,FJ,FJI,Rewa,primary,88271.0,1242615095,34,3217.722775180518,20.011533821324626,azure,australiaeast,"New South Wales, Australia East, Asia Pacific",-33.86,151.2094,0.9312363821645625,Suva,16,1,-18.136829376220703,178.42530822753906,True,2.833213344056216,181.25998346002652,5.205434148318643
Toulouse,Toulouse,43.6045,1.444,France,FR,FRA,Occitanie,admin,968638.0,1250258110,69,65.71113262532357,96.76783148432757,azure,francesouth,"Marseille, France South, Europe",43.8345,2.1972,0.03765912501932487,Toulouse,623,5,43.60426,1.44367,True,6.436150368369428,643.1711330755143,6.467964425392479
Paris,Paris,48.8566,2.3522,France,FR,FRA,Île-de-France,primary,11020000.0,1250015082,20,2.3664441763721618,99.88174776430625,aws,eu-west-3,EU (Paris),48.8588897,2.3200410217200766,0.637989313838521,Paris,504,12,48.853341773478185,2.3450223277409874,True,6.22455842927536,45.73502722323049,3.8444939311363666
Grenoble,Grenoble,45.1715,5.7224,France,FR,FRA,Auvergne-Rhône-Alpes,minor,687985.0,1250071647,72,119.41166588710348,94.20416104364035,azure,switzerlandwest,"Geneva, Switzerland West, Europe",46.204391,6.143158,0.9975657742257062,Grenoble,340,3,45.17869062133789,5.714789955800375,True,5.831882477283517,494.1968211516239,6.204955302027536
Bordeaux,Bordeaux,44.84,-0.58,France,FR,FRA,Nouvelle-Aquitaine,admin,257804.0,1250449238,69,247.54056031791882,88.35827940696713,azure,francesouth,"Marseille, France South, Europe",43.8345,2.1972,0.06283232147305919,Bordeaux,222,1,44.84044,-0.5805,True,5.407171771460119,861.1192999332827,6.7593936600819635
Épinay-sur-Seine,Epinay-sur-Seine,48.9553,2.3092,France,FR,FRA,Île-de-France,,55084.0,1250904959,20,10.749591461289459,99.46396226404292,aws,eu-west-3,EU (Paris),48.8588897,2.3200410217200766,2.3945781849666563,Villetaneuse,220,2,48.95833,2.34167,True,5.3981627015177525,3993.90022511074,8.292773882947504
Nancy,Nancy,48.6936,6.1846,France,FR,FRA,Grand Est,minor,434565.0,1250925250,55,224.35519430231201,89.38854918857956,azure,switzerlandnorth,"Zurich, Switzerland North, Europe",47.451542,8.564572,1.0244475745084014,Nancy,190,2,48.68439,6.18496,True,5.25227342804663,437.2188280234257,6.0827183929736615
Avignon,Avignon,43.95,4.8075,France,FR,FRA,Provence-Alpes-Côte d’Azur,minor,93671.0,1250645342,69,209.5540946809305,90.0525274711299,azure,francesouth,"Marseille, France South, Europe",43.8345,2.1972,0.21671437662733173,Avignon,142,2,43.94834068481445,4.808919953308106,True,4.962844630259907,1515.944102230146,7.324453131095581
Versailles,Versailles,48.8053,2.135,France,FR,FRA,Île-de-France,minor,85862.0,1250143827,20,14.79717089631348,99.26287167112139,aws,eu-west-3,EU (Paris),48.8588897,2.3200410217200766,13.562976942962083,Gif-sur-Yvette,98,3,48.68333035725912,2.1333300711568195,True,4.59511985013459,1141.366378607533,7.04085716066163
Lyon,Lyon,45.76,4.84,France,FR,FRA,Auvergne-Rhône-Alpes,admin,516092.0,1250196189,72,112.16117302177666,94.54629412606974,azure,switzerlandwest,"Geneva, Switzerland West, Europe",46.204391,6.143158,1.3847740380579068,Lyon,94,2,45.74846,4.84671,True,4.553876891600541,182.13806840640817,5.210240340536536
La Rochelle,La Rochelle,46.1591,-1.1517,France,FR,FRA,Nouvelle-Aquitaine,minor,75735.0,1250623782,47,271.9948416220721,87.28448837177075,azure,francecentral,"Paris, France Central, Europe",46.3772,2.373,0.44436483947012156,La Rochelle,94,1,46.16308,-1.15222,True,4.553876891600541,1241.169868620849,7.1246150233673555
Nantes,Nantes,47.2181,-1.5528,France,FR,FRA,Pays de la Loire,admin,633690.0,1250091495,47,313.0840290413206,85.5095590516829,azure,francecentral,"Paris, France Central, Europe",46.3772,2.373,0.5281015695612351,Nantes,82,3,47.21382622273763,-1.555849676246643,True,4.418840607796598,129.40081112215753,4.870612869735151
Nanterre,Nanterre,48.8988,2.1969,France,FR,FRA,Île-de-France,minor,95105.0,1250886409,20,10.03917093600411,99.4992991598447,aws,eu-west-3,EU (Paris),48.8588897,2.3200410217200766,1.0457520543683192,Nanterre,76,1,48.89198,2.20675,True,4.343805421853684,799.1167656800378,6.684757674117273
Marseille,Marseille,43.2964,5.37,France,FR,FRA,Provence-Alpes-Côte d’Azur,admin,870018.0,1250774071,69,262.52486298555095,87.69875950254993,azure,francesouth,"Marseille, France South, Europe",43.8345,2.1972,0.8979918499513101,Marseille,76,1,43.29695129394531,5.381070137023926,True,4.343805421853684,87.35451450429761,4.481357295414948
Lille,Lille,50.6278,3.0583,France,FR,FRA,Hauts-de-France,admin,232787.0,1250071961,90,57.4016845045592,97.17071147011804,gcp,europe-west1,"St. Ghislain, Belgium, Europe",50.4477484,3.8195241,7.7420886576426176,Villeneuve-d'Ascq,73,2,50.61669079467774,3.1666400216293336,True,4.30406509320417,313.5913947084674,5.751274637130136
Courcouronnes,Courcouronnes,48.6239,2.4294,France,FR,FRA,Île-de-France,,67967.0,1250579473,20,27.33253102754481,98.64266939414111,aws,eu-west-3,EU (Paris),48.8588897,2.3200410217200766,31.19383055489985,Fontainebleau,73,1,48.40908,2.70177,True,4.30406509320417,1074.050642223432,6.98012304849722
Pessac,Pessac,44.8067,-0.6311,France,FR,FRA,Nouvelle-Aquitaine,,63808.0,1250292604,69,249.6044194325377,88.26714691605667,azure,francesouth,"Marseille, France South, Europe",43.8345,2.1972,3.3154317147004666,Talence,56,1,44.80849,-0.58915,True,4.04305126783455,877.6328986960883,6.778367175293292
Montpellier,Montpellier,43.6119,3.8772,France,FR,FRA,Occitanie,minor,607896.0,1250819356,69,137.25130550148285,93.36761337579799,azure,francesouth,"Marseille, France South, Europe",43.8345,2.1972,0.12773663793835338,Montpellier,53,1,43.61093,3.87635,True,3.9889840465642745,87.18596602050351,4.479447834938753
Aix-en-Provence,Aix-en-Provence,43.5263,5.4454,France,FR,FRA,Provence-Alpes-Côte d’Azur,minor,142482.0,1250001687,69,263.4302176565089,87.65906924589109,azure,francesouth,"Marseille, France South, Europe",43.8345,2.1972,0.4139108890616531,Aix-en-Provence,49,1,43.5283,5.44973,True,3.912023005428146,343.9030895130613,5.843263477609434
Caen,Caen,49.18,-0.37,France,FR,FRA,Normandie,minor,105354.0,1250001272,38,198.19378256484026,90.56549537024084,azure,uksouth,"London, UK South, Europe",50.941,-0.799,1.0239512617947424,Caen,49,1,49.18585,-0.35912,True,3.912023005428146,465.09861989103405,6.14439724240249
Rouen,Rouen,49.4428,1.0886,France,FR,FRA,Normandie,admin,494382.0,1250372069,20,110.61847926660752,94.61925024845242,aws,eu-west-3,EU (Paris),48.8588897,2.3200410217200766,7.305098512091697,Saint-Étienne-du-Rouvray,46,1,49.3779411315918,1.1046700477600098,True,3.8501476017100584,93.04545877479359,4.543778269358448
Noisy-le-Grand,Noisy-le-Grand,48.8478,2.5528,France,FR,FRA,Île-de-France,,68183.0,1250182208,20,17.07441355672508,99.14991316882306,aws,eu-west-3,EU (Paris),48.8588897,2.3200410217200766,3.4623520887506456,Champs-sur-Marne,45,1,48.85,2.6,True,3.828641396489095,659.9885601982899,6.493736532891468
Cannes,Cannes,43.5513,7.0128,France,FR,FRA,Provence-Alpes-Côte d’Azur,,73868.0,1250487828,17,273.91398047972643,87.20077301688958,aws,eu-south-1,EU (Milan),45.4641943,9.1896346,9.142464488570635,Valbonne,43,1,43.63292,6.99911,True,3.784189633918261,582.1194563275031,6.3683920647225545
Meaux,Meaux,48.9603,2.8883,France,FR,FRA,Île-de-France,minor,54991.0,1250827686,20,43.0335388840524,97.87130648595314,aws,eu-west-3,EU (Paris),48.8588897,2.3200410217200766,51.08793945375842,Compiègne,37,2,49.41794,2.82606,True,3.6375861597263857,672.8373733883726,6.512988796024284
Saint-Denis,Saint-Denis,48.9356,2.3539,France,FR,FRA,Île-de-France,minor,111135.0,1250935115,20,8.88165811508896,99.55690168437677,aws,eu-west-3,EU (Paris),48.8588897,2.3200410217200766,0.8873797350966952,Saint-Denis,36,2,48.92768557006836,2.3523414559936526,True,3.6109179126442243,323.93035497368066,5.783610866977168
Villejuif,Villejuif,48.7919,2.3636,France,FR,FRA,Île-de-France,,54753.0,1250637012,20,8.102763118396348,99.59568142152654,aws,eu-west-3,EU (Paris),48.8588897,2.3200410217200766,0.3494663239391706,Villejuif,32,1,48.7939,2.35992,True,3.4965075614664802,584.442861578361,6.372368589169516
Saint-Étienne,Saint-Etienne,45.4347,4.3903,France,FR,FRA,Auvergne-Rhône-Alpes,minor,172565.0,1250000540,72,160.54443076945063,92.28650941141764,azure,switzerlandwest,"Geneva, Switzerland West, Europe",46.204391,6.143158,0.09306024065406657,Saint-Etienne,30,1,45.43389,4.39,True,3.4339872044851463,173.84753571118128,5.163914369679334
Nice,Nice,43.7034,7.2663,France,FR,FRA,Provence-Alpes-Côte d’Azur,minor,1006402.0,1250774553,17,248.0475443319453,88.33588412801605,aws,eu-south-1,EU (Milan),45.4641943,9.1896346,0.03484418605742232,Nice,24,1,43.70313,7.26608,True,3.2188758248682006,23.84732939719913,3.2127502778418506
Antony,Antony,48.7539,2.2975,France,FR,FRA,Île-de-France,minor,62570.0,1250570123,20,11.790469982752954,99.41221078097267,aws,eu-west-3,EU (Paris),48.8588897,2.3200410217200766,10.355164969495624,Orsay,20,1,48.69572067260742,2.187269926071167,True,3.044522437723423,319.642000958926,5.770325238952586
Cergy,Cergy,49.0361,2.0631,France,FR,FRA,Île-de-France,minor,65177.0,1250553439,20,27.20955199578466,98.64873507061313,aws,eu-west-3,EU (Paris),48.8588897,2.3200410217200766,1.1346212129205875,Cergy-Pontoise,11,1,49.03894,2.07805,True,2.4849066497880004,168.77119229175935,5.1344516027805005
Reims,Reims,49.2628,4.0347,France,FR,FRA,Grand Est,minor,182460.0,1250608730,90,132.66018897422805,93.58219036500066,gcp,europe-west1,"St. Ghislain, Belgium, Europe",50.4477484,3.8195241,0.5245859214699715,Reims,6,1,49.2652587890625,4.028530120849609,True,1.9459101490553132,32.88391976323578,3.522940558582667
Antibes,Antibes,43.5808,7.1239,France,FR,FRA,Provence-Alpes-Côte d’Azur,,72999.0,1250213494,17,265.8350396319162,87.55373036086584,aws,eu-south-1,EU (Milan),45.4641943,9.1896346,0.09400045883182928,Antibes,6,1,43.58127,7.12487,True,1.9459101490553132,82.19290675214728,4.421162088809871
Nancy,Nancy,48.6936,6.1846,France,FR,FRA,Grand Est,minor,434565.0,1250925250,55,224.35519430231201,89.38854918857956,azure,switzerlandnorth,"Zurich, Switzerland North, Europe",47.451542,8.564572,3.243447031075963,Villers-lès-Nancy,5,1,48.67333,6.15283,True,1.791759469228055,11.505758632195414,2.526189228798566
Edinburgh,Edinburgh,55.953,-3.189,United Kingdom,GB,GBR,"Edinburgh, City of",,488050.0,1826492520,18,350.39456120335194,83.92914285176755,aws,eu-west-1,EU (Ireland),53.3497645,-6.2602732,0.477260112292999,Edinburgh,673,1,55.95206,-3.19648,True,6.513230110912307,1378.9570740702798,7.229807671921282
Bedford,Bedford,52.135,-0.47,United Kingdom,GB,GBR,Bedford,,106940.0,1826771105,91,73.65427520982205,96.38427331127293,gcp,europe-west2,"London, England, Europe",51.5073219,-0.1276474,41.26761134423234,Cambridge,477,3,52.194150034586585,0.1273066657924652,True,6.169610732491456,4460.445109407145,8.403228008094544
Islington,Islington,51.544,-0.1027,United Kingdom,GB,GBR,Islington,,206125.0,1826267810,91,4.428575046616873,99.77881622028433,gcp,europe-west2,"London, England, Europe",51.5073219,-0.1276474,1.359745815692467,London,299,4,51.54344670928956,-0.1223424006950855,True,5.703782474656201,1450.5761067313524,7.280405215249847
Sheffield,Sheffield,53.3833,-1.4667,United Kingdom,GB,GBR,Sheffield,,685368.0,1826289852,91,227.47639495815557,89.24915818451699,gcp,europe-west2,"London, England, Europe",51.5073219,-0.1276474,0.06451137463511934,Sheffield,254,1,53.38297,-1.4659,True,5.541263545158426,370.60382159657297,5.917828291054113
Reading,Reading,51.4542,-0.9731,United Kingdom,GB,GBR,Reading,,337108.0,1826869043,38,58.340449450723455,97.12511194390343,azure,uksouth,"London, UK South, Europe",50.941,-0.799,1.5204625390221127,Reading,107,2,51.448643112182616,-0.9530515007400512,True,4.68213122712422,317.40569787723814,5.763326349153193
Wolverhampton,Wolverhampton,52.5833,-2.1333,United Kingdom,GB,GBR,Wolverhampton,,254406.0,1826636841,73,144.1023141158848,93.04832938058512,azure,ukwest,"Cardiff, UK West, Europe",51.427,-3.084,0.7390137866850102,Wolverhampton,86,1,52.58546829223633,-2.122960090637207,True,4.465908118654584,338.04234176866896,5.826125001553323
Birmingham,Birmingham,52.48,-1.9025,United Kingdom,GB,GBR,Birmingham,,2897303.0,1826423213,73,142.35252336194603,93.12977255572864,azure,ukwest,"Cardiff, UK West, Europe",51.427,-3.084,0.23995235138674895,Birmingham,53,1,52.48141860961914,-1.899829983711243,True,3.9889840465642745,18.29287444219676,2.959735827853604
Glasgow,Glasgow,55.8609,-4.2514,United Kingdom,GB,GBR,Glasgow City,,985290.0,1826836462,18,307.7122356347054,85.73953760550467,aws,eu-west-1,EU (Ireland),53.3497645,-6.2602732,0.5118854498018132,Glasgow,48,1,55.86217498779297,-4.243517875671387,True,3.8918202981106265,48.716621502298814,3.906339313857079
Leicester,Leicester,52.6333,-1.1333,United Kingdom,GB,GBR,Leicester,,508916.0,1826431946,91,142.82747134503668,93.10765928267564,gcp,europe-west2,"London, England, Europe",51.5073219,-0.1276474,0.5992648424211172,Leicester,28,1,52.6386,-1.13169,True,3.367295829986474,55.018902923075714,4.025689185975004
Brighton,Brighton,50.8429,-0.1313,United Kingdom,GB,GBR,Brighton and Hove,,134293.0,1826609057,38,48.08599980323443,97.62437304709985,azure,uksouth,"London, UK South, Europe",50.941,-0.799,1.7134014936371689,Brighton,15,1,50.8283805847168,-0.1394699960947036,True,2.772588722239781,111.69606755378166,4.724694527391539
Paisley,Paisley,55.8466,-4.4236,United Kingdom,GB,GBR,Renfrewshire,,77310.0,1826549531,18,301.7665436972747,85.99480729496621,aws,eu-west-1,EU (Ireland),53.3497645,-6.2602732,1.745160508778459,Paisley,7,1,55.831729888916016,-4.432539939880371,True,2.0794415416798357,90.54456085887983,4.5168258576557365
Ipswich,Ipswich,52.0594,1.1556,United Kingdom,GB,GBR,Suffolk,,180000.0,1826629486,91,107.51852541732043,94.76602161969993,gcp,europe-west2,"London, England, Europe",51.5073219,-0.1276474,0.027578512249886274,Ipswich,4,1,52.05916976928711,1.1554499864578247,True,1.6094379124341003,22.222222222222225,3.145109674628592
Oxford,Oxford,51.7519,-1.2578,United Kingdom,GB,GBR,Oxfordshire,,154600.0,1826689568,91,82.61085055211935,95.9536018634895,gcp,europe-west2,"London, England, Europe",51.5073219,-0.1276474,0.13156879009222155,Oxford,3,1,51.752220153808594,-1.2559599876403809,True,1.3862943611198906,19.40491591203105,3.015775847900052
Sunderland,Sunderland,54.9061,-1.3811,United Kingdom,GB,GBR,Sunderland,,174286.0,1826736387,18,361.85275385948364,83.44967946503527,aws,eu-west-1,EU (Ireland),53.3497645,-6.2602732,0.17625020988891993,Sunderland,2,1,54.9046516418457,-1.3822200298309326,True,1.0986122886681098,11.475391023949141,2.5237579857514922
Pátra,Patra,38.25,21.7333,Greece,GR,GRC,Dytikí Elláda,admin,167446.0,1300201099,17,1309.93803554974,51.945815630728156,aws,eu-south-1,EU (Milan),45.4641943,9.1896346,0.6264072035367159,Pátrai,91,1,38.24443817138672,21.73443984985352,True,4.5217885770490405,543.4587867133285,6.299792249358378
Thessaloníki,Thessaloniki,40.6403,22.9356,Greece,GR,GRC,Kentrikí Makedonía,admin,315196.0,1300397999,17,1236.8293794868475,53.87979227697135,aws,eu-south-1,EU (Milan),45.4641943,9.1896346,5.851286814348162,Thessaloniki,67,2,40.65037345886231,22.86752986907959,True,4.219507705176107,212.56614931661568,5.3639466175451
Xánthi,Xanthi,41.1333,24.8833,Greece,GR,GRC,Anatolikí Makedonía kai Thráki,minor,56122.0,1300051191,87,1268.5728305902883,53.03137771310957,gcp,europe-central2,"Warsaw, Poland, Europe",52.2319581,21.0067249,43.754544630085455,Komotini,60,1,41.119171142578125,25.405349731445312,True,4.110873864173311,1069.0994618866043,6.97550687817011
Ioánnina,Ioannina,39.6636,20.8522,Greece,GR,GRC,Ípeiros,admin,65574.0,1300317204,17,1150.7020379194762,56.25073833918578,aws,eu-south-1,EU (Milan),45.4641943,9.1896346,79.92240354265928,Corfu,41,1,39.62440872192383,19.9201602935791,False,3.7376696182833684,625.2478116326592,6.439746157994022
Chalándri,Chalandri,38.0167,23.8,Greece,GR,GRC,Attikí,minor,74192.0,1300443208,21,1240.1843456933084,53.78948560095927,aws,il-central-1,Middle East (Israel) - ???,31.5313113,34.8667654,3.7027961717772198,Marousi,39,1,38.05,23.8,True,3.6888794541139363,525.6631442743153,6.2665611492437945
Chaniá,Chania,35.5173,24.0195,Greece,GR,GRC,Kríti,minor,78728.0,1300233408,21,1098.019445928087,57.75214335145239,aws,il-central-1,Middle East (Israel) - ???,31.5313113,34.8667654,1.107512750150724,Chania,20,1,35.51123809814453,24.02920913696289,True,3.044522437723423,254.03922365613252,5.5414173515889535
Hong Kong,Hong Kong,22.305,114.185,Hong Kong,HK,HKG,,primary,7347000.0,1344982653,1,3.655070106460369,99.81741338721271,aws,ap-east-1,Asia Pacific (Hong Kong),22.2793278,114.1628131,3.15059754917932,Hong Kong,493,2,22.27832015625,114.174690123291,True,6.202535517187923,67.10221859262283,4.221009791077412
Zagreb,Zagreb,45.8,15.95,Croatia,HR,HRV,"Zagreb, Grad",primary,790017.0,1191233290,17,526.8154727736529,76.84285171601354,aws,eu-south-1,EU (Milan),45.4641943,9.1896346,2.585499227682876,Donji grad,4,1,45.81312942504883,15.977529525756836,True,1.6094379124341003,5.0631821846871645,1.802234775242327
Budapest,Budapest,47.4983,19.0408,Hungary,HU,HUN,Budapest,primary,1752286.0,1348611435,87,544.8387247732081,76.15348350509767,gcp,europe-central2,"Warsaw, Poland, Europe",52.2319581,21.0067249,0.6199381226230957,Budapest,177,6,47.49532538248698,19.047779226175944,True,5.181783550292085,101.01090803670178,4.625079749102724
Győr,Gyor,47.6842,17.6344,Hungary,HU,HUN,Győr-Moson-Sopron,admin,132034.0,1348507878,87,560.1341363229888,75.57330541294705,gcp,europe-central2,"Warsaw, Poland, Europe",52.2319581,21.0067249,0.11070345708622428,Győr,14,1,47.68333053588867,17.635120391845703,True,2.70805020110221,106.03329445445871,4.673139949186483
Debrecen,Debrecen,47.53,21.6392,Hungary,HU,HUN,Hajdú-Bihar,admin,201432.0,1348460698,87,524.7891944818979,76.92074366819816,gcp,europe-central2,"Warsaw, Poland, Europe",52.2319581,21.0067249,1.1236541609972754,Debrecen,0,1,47.53166961669922,21.624439239501957,True,0.0,0.0,0.0
Veszprém,Veszprem,47.1,17.9167,Hungary,HU,HUN,Veszprém,admin,59738.0,1348279762,87,612.3064219091934,73.62738056015608,gcp,europe-central2,"Warsaw, Poland, Europe",52.2319581,21.0067249,1.2288793649588616,Veszprém,0,1,47.10996627807617,17.909683227539062,True,0.0,0.0,0.0
Dublin,Dublin,53.3497,-6.2603,Ireland,IE,IRL,Dublin,primary,1173179.0,1372595407,18,0.007389393158277915,99.99963053102462,aws,eu-west-1,EU (Ireland),53.3497645,-6.2602732,1.999215279790113,Dublin,179,1,53.33306121826172,-6.248889923095703,True,5.19295685089021,152.57688724397556,5.034201335719239
Galway,Galway,53.2729,-9.0418,Ireland,IE,IRL,Galway,admin,79504.0,1372499968,18,184.9774880374826,91.16594725286468,aws,eu-west-1,EU (Ireland),53.3497645,-6.2602732,0.6104957596753043,Galway,125,1,53.2724494934082,-9.050950050354004,True,4.836281906951478,1572.2479372107064,7.360897511241846
Givatayim,Givatayim,32.0697,34.8117,Israel,IL,ISR,Tel Aviv,,59518.0,1376739486,21,60.09191844351017,97.04009336519267,aws,il-central-1,Middle East (Israel) - ???,31.5313113,34.8667654,1.4012190011034549,Ramat Gan,207,1,32.08227,34.81065,True,5.337538079701318,3477.9394468900164,8.154482769679978
Tel Aviv-Yafo,Tel Aviv-Yafo,32.08,34.78,Israel,IL,ISR,Tel Aviv,admin,451523.0,1376401542,21,61.559941429402436,96.96889095627613,aws,il-central-1,Middle East (Israel) - ???,31.5313113,34.8667654,0.11161976476153913,Tel Aviv,199,1,32.08088,34.78057,True,5.298317366548036,440.73059401182223,6.090700180437064
Jerusalem,Jerusalem,31.7833,35.2167,Israel,IL,ISR,Southern,primary,919438.0,1376261644,21,43.38341140594935,97.85418674301792,aws,il-central-1,Middle East (Israel) - ???,31.5313113,34.8667654,1.5860275344641928,Jerusalem,21,1,31.76904,35.21633,True,3.091042453358316,22.84003924136266,3.1713664882261074
Coimbatore,Coimbatore,11.0,76.9667,India,IN,IND,Tamil Nādu,,959823.0,1356999503,66,411.6760378949709,81.39649124983845,azure,southindia,"Chennai, South India, Asia Pacific",12.9822,80.1636,0.6203713561879289,Coimbatore,364,1,11.00555,76.96612,True,5.8998973535824915,379.2365884126553,5.940793660070719
Pune,Pune,18.5196,73.8553,India,IN,IND,Mahārāshtra,,7764000.0,1356081074,42,9.723266853164485,99.5150165185286,azure,centralindia,"Pune, Central India, Asia Pacific",18.5822,73.9197,0.006067468192541014,Pune,236,3,18.51956959798177,73.85534778645832,True,5.4680601411351315,30.39670273055126,3.4467028788192504
Delhi,Delhi,28.66,77.23,India,IN,IND,Delhi,admin,29617000.0,1356872604,82,1.2111279159787238,99.9394619358859,gcp,asia-south2,"Delhi, India APAC",28.6517178,77.2219388,0.9068132119833391,Delhi,222,2,28.65195041809082,77.2314905444336,True,5.407171771460119,7.495695040010805,2.139559569318024
Bangalore,Bangalore,12.9699,77.598,India,IN,IND,Karnātaka,admin,13707000.0,1356410365,66,277.999329790164,87.02283200759926,azure,southindia,"Chennai, South India, Asia Pacific",12.9822,80.1636,0.37420071783828307,Bengaluru,206,3,12.970070838928224,77.59455108642578,True,5.332718793265369,15.028817392573137,2.7743881892632443
Delhi,Delhi,28.66,77.23,India,IN,IND,Delhi,admin,29617000.0,1356872604,82,1.2111279159787238,99.9394619358859,gcp,asia-south2,"Delhi, India APAC",28.6517178,77.2219388,5.424136435533958,New Delhi,187,4,28.61645213821411,77.20495656127929,True,5.236441962829949,6.313941317486578,1.98978229638171
Kolkāta,Kolkata,22.5411,88.3378,India,IN,IND,West Bengal,admin,17560000.0,1356060520,64,966.9309702254758,61.664271855185724,azure,jioindiacentral,"Nagpur, Jio India Central, Asia Pacific",21.146633,79.08886,3.5282390602989753,Kolkata,180,3,22.56262979980469,88.36303807291667,True,5.198497031265826,10.250569476082005,2.4204187474654533
Secunderābād,Secunderabad,17.45,78.5,India,IN,IND,Telangana,,213698.0,1356779437,6,10.31596772860979,99.4855295692743,aws,ap-south-2,Asia Pacific (Hyderabad),17.360589,78.4740613,47.93769504187318,Sangāreddi,164,1,17.62477,78.08669,True,5.10594547390058,767.4381603945754,6.644360091809346
Bhubaneshwar,Bhubaneshwar,20.2644,85.8281,India,IN,IND,Odisha,admin,837737.0,1356140143,64,707.7398307353358,70.19662764412912,azure,jioindiacentral,"Nagpur, Jio India Central, Asia Pacific",21.146633,79.08886,3.8099133239738605,Bhubaneswar,143,1,20.25919914245605,85.79199981689453,True,4.969813299576001,170.6979636807256,5.1457369080819415
Patna,Patna,25.61,85.1414,India,IN,IND,Bihār,admin,1684222.0,1356821429,64,792.2059358334106,67.2937401407595,azure,jioindiacentral,"Nagpur, Jio India Central, Asia Pacific",21.146633,79.08886,1.8624585803646008,Patna,138,1,25.59407997131348,85.13562774658203,True,4.9344739331306915,81.93694180458395,4.4180805817557935
Jaipur,Jaipur,26.9167,75.8667,India,IN,IND,Rājasthān,admin,3073350.0,1356293537,82,234.50444362229322,88.93608486682993,gcp,asia-south2,"Delhi, India APAC",28.6517178,77.2219388,32.37949004723563,Jaipur,132,2,26.62550544738769,75.86746215820312,True,4.890349128221754,42.94987554297428,3.7830497923404707
Hyderābād,Hyderabad,17.3667,78.4667,India,IN,IND,Telangana,admin,9746000.0,1356871768,6,1.0354096038060696,99.94824291841053,aws,ap-south-2,Asia Pacific (Hyderabad),17.360589,78.4740613,2.2194586420846987,Hyderabad,126,1,17.38405,78.45636,True,4.844187086458591,12.928380874204802,2.633928548028583
Bilāspur,Bilaspur,22.15,82.0167,India,IN,IND,Chhattīsgarh,,331030.0,1356820491,64,322.50153294734196,85.10786223604289,azure,jioindiacentral,"Nagpur, Jio India Central, Asia Pacific",21.146633,79.08886,11.838439189349954,Ratanpur,59,1,22.1040096282959,82.12035369873047,True,4.0943445622221,178.23158021931545,5.188678713916771
Patiāla,Patiala,30.3204,76.385,India,IN,IND,Punjab,,329224.0,1356458416,82,202.4601752577531,90.37250730030799,gcp,asia-south2,"Delhi, India APAC",28.6517178,77.2219388,7.9536636819952715,Patiāla,53,1,30.359724044799805,76.45423126220703,True,3.9889840465642745,160.98461837533108,5.087501382424083
Hubli,Hubli,15.36,75.125,India,IN,IND,Karnātaka,,890000.0,1356102365,42,380.52599583569867,82.67416740099969,azure,centralindia,"Pune, Central India, Asia Pacific",18.5822,73.9197,16.78265188075743,Dharwad,51,1,15.460049629211426,75.00778198242188,True,3.9512437185814275,57.30337078651686,4.0656599096356
Vellore,Vellore,12.9204,79.15,India,IN,IND,Tamil Nādu,,177081.0,1356977661,66,110.05483371347555,94.64591986615036,azure,southindia,"Chennai, South India, Asia Pacific",12.9822,80.1636,1.9042656750307279,Vellore,32,1,12.9184,79.13255,True,3.4965075614664802,180.70826345005958,5.202402452904384
Dindigul,Dindigul,10.35,77.95,India,IN,IND,Tamil Nādu,,207327.0,1356106153,66,379.1604381738365,82.73063484756084,azure,southindia,"Chennai, South India, Asia Pacific",12.9822,80.1636,3.9335496334017366,Dindigul,31,1,10.36896,77.98036,True,3.4657359027997265,149.52225228744928,5.0141109289899095
Āgra,Agra,27.18,78.02,India,IN,IND,Uttar Pradesh,,1585705.0,1356187395,82,181.46281062605868,91.3262975542439,gcp,asia-south2,"Delhi, India APAC",28.6517178,77.2219388,0.4955980144737219,Agra,24,2,27.18333026794433,78.0166701135254,True,3.2188758248682006,15.135223764823849,2.7810046936955732
Sambalpur,Sambalpur,21.4704,83.9701,India,IN,IND,Odisha,,310852.0,1356772339,64,506.9234394678626,77.61094540328958,azure,jioindiacentral,"Nagpur, Jio India Central, Asia Pacific",21.146633,79.08886,0.8154958761649528,Sambalpur,22,1,21.46526908874512,83.9757308959961,True,3.1354942159291497,70.7732297041679,4.27351156118422
Bodhan,Bodhan,18.67,77.9,India,IN,IND,Telangana,,77573.0,1356506985,6,157.74681397831532,92.41569088458084,aws,ap-south-2,Asia Pacific (Hyderabad),17.360589,78.4740613,18.07075803624312,Nanded,12,1,18.6926212310791,77.73011779785156,True,2.5649493574615367,154.6929988526936,5.04788611220722
Chandīgarh,Chandigarh,30.7353,76.7911,India,IN,IND,Chandīgarh,admin,1026459.0,1356739179,82,235.39128976668388,88.89665729704235,gcp,asia-south2,"Delhi, India APAC",28.6517178,77.2219388,0.2806636421700689,Chandigarh,11,1,30.736289978027344,76.78839874267578,True,2.4849066497880004,10.716453360533642,2.4609941240629847
Tehran,Tehran,35.7,51.4167,Iran,IR,IRN,Tehrān,primary,13633000.0,1364305026,23,1064.658082052067,58.723567974103574,aws,me-south-1,Middle East (Bahrain),26.1551249,50.5344606,1.8947109851497967,Tehran,198,3,35.715599060058594,51.42514419555664,True,5.293304824724492,14.523582483679307,2.7423603182518725
Qazvīn,Qazvin,36.2688,50.0041,Iran,IR,IRN,Qazvīn,admin,381598.0,1364073420,23,1125.7152178134104,56.95791017466595,aws,me-south-1,Middle East (Bahrain),26.1551249,50.5344606,0.0035244403003764097,Qazvin,16,1,36.26876831054688,50.00410079956055,True,2.833213344056216,41.92894092736335,3.7595462121758962
Trento,Trento,46.0667,11.1167,Italy,IT,ITA,Trentino-Alto Adige,admin,117997.0,1380953307,17,163.80212440558088,92.13631118237434,aws,eu-south-1,EU (Milan),45.4641943,9.1896346,0.3621264223902226,Trento,348,2,46.067870546875,11.121080199279785,True,5.855071922202427,2949.227522733629,7.989637572710164
Genoa,Genoa,44.4072,8.934,Italy,IT,ITA,Liguria,admin,580097.0,1380716540,17,119.24245840603982,94.21213140519475,aws,eu-south-1,EU (Milan),45.4641943,9.1896346,0.8681164174726439,Genoa,83,1,44.40478,8.94439,True,4.430816798843313,143.0795194596766,4.970365365629466
Pisa,Pisa,43.7167,10.4,Italy,IT,ITA,Tuscany,minor,90118.0,1380310225,17,216.65815143188075,89.73322575835782,aws,eu-south-1,EU (Milan),45.4641943,9.1896346,0.9534289316930328,Pisa,68,1,43.70853,10.4036,True,4.23410650459726,754.5662353802792,6.627467448790214
Cosenza,Cosenza,39.3,16.25,Italy,IT,ITA,Calabria,minor,67239.0,1380732659,17,897.0945598978234,63.8555119972505,aws,eu-south-1,EU (Milan),45.4641943,9.1896346,6.93829940282813,Rende,33,1,39.33154,16.18041,True,3.5263605246161616,490.7865970642039,6.198044876592923
Milan,Milan,45.4669,9.19,Italy,IT,ITA,Lombardy,admin,1366180.0,1380724377,17,0.30220699975889465,99.98489079156793,aws,eu-south-1,EU (Milan),45.4641943,9.1896346,3.279930515221804,Milan,0,1,45.49623107910156,9.194457054138184,True,0.0,0.0,0.0
Ancona,Ancona,43.6167,13.5167,Italy,IT,ITA,Marche,admin,100924.0,1380597324,17,399.67955508893374,81.88619426391367,aws,eu-south-1,EU (Milan),45.4641943,9.1896346,4.647942892279376,Ancona,0,1,43.60200881958008,13.462653160095217,True,0.0,0.0,0.0
Amman,Amman,31.95,35.9333,Jordan,JO,JOR,Al ‘Āşimah,primary,4007526.0,1400522593,21,111.08237976386489,94.59730583493669,aws,il-central-1,Middle East (Israel) - ???,31.5313113,34.8667654,1.2496537731663815,Amman,33,1,31.955219268798828,35.945030212402344,True,3.5263605246161616,8.234506775501893,2.222947204049721
Tokyo,Tokyo,35.6897,139.6922,Japan,JP,JPN,Tōkyō,primary,37977000.0,1392685764,78,6.121869536211257,99.69437451165633,gcp,asia-northeast1,"Tokyo, Japan, APAC",35.6828387,139.7594549,1.5512337932174702,Tokyo,778,14,35.68496521214077,139.70835648297992,True,6.658011045870748,20.486083682228717,3.0674054549695557
Ikoma,Ikoma,34.6919,135.7006,Japan,JP,JPN,Nara,,116174.0,1392390581,63,18.140321570955106,99.09708490406278,azure,japanwest,"Osaka, Japan West, Asia Pacific",34.6939,135.5022,0.9544761961443126,Ikoma,189,1,34.68333053588867,135.6999969482422,True,5.247024072160486,1626.8700397679343,7.395027715223675
Shirayamamachi,Shirayamamachi,36.5144,136.5656,Japan,JP,JPN,Ishikawa,,110135.0,1392840575,63,224.09596034818276,89.40013621303089,azure,japanwest,"Osaka, Japan West, Asia Pacific",34.6939,135.5022,8.926241159301597,Nomi Shi,134,1,36.43592834472656,136.5445556640625,True,4.90527477843843,1216.6886094338768,7.104709758304701
Kitaku,Kitaku,33.8704,130.82,Japan,JP,JPN,Fukuoka,,997536.0,1392129541,65,216.16524910709472,89.75534334149133,azure,koreasouth,"Busan, Korea South, Asia Pacific",35.1796,129.0756,3.4816433453334974,Kitakyushu,106,1,33.851810455322266,130.850341796875,True,4.672828834461906,106.26182914701825,4.675272846803165
Tamuramachi-moriyama,Tamuramachi-moriyama,37.3252,140.4134,Japan,JP,JPN,Fukushima,,340560.0,1392675180,78,191.74650994180345,90.85791666640861,gcp,asia-northeast1,"Tokyo, Japan, APAC",35.6828387,139.7594549,47.42192792114468,Fukushima,59,1,37.52367401123047,139.93807983398438,True,4.0943445622221,173.2440685929058,5.160457009422281
Tokushima,Tokushima,34.0667,134.55,Japan,JP,JPN,Tokushima,admin,254510.0,1392795984,79,106.00527601870537,94.83775106502553,gcp,asia-northeast2,"Osaka, Japan, APAC",34.6198813,135.490357,0.9912849890929019,Tokushima,50,1,34.06999969482422,134.55999755859375,True,3.9318256327243257,196.45593493379434,5.285515445188218
Kyōto,Kyoto,35.0111,135.7669,Japan,JP,JPN,Kyōto,admin,1805000.0,1392622735,63,42.74867442868824,97.88524750696385,azure,japanwest,"Osaka, Japan West, Asia Pacific",34.6939,135.5022,1.6600090768987907,Kyoto,42,2,35.02602577209473,135.76653289794922,True,3.7612001156935624,23.26869806094183,3.189187374333483
Niiza,Niiza,35.7933,139.5653,Japan,JP,JPN,Saitama,,164653.0,1392772700,78,21.399710568628123,98.93571845466582,gcp,asia-northeast1,"Tokyo, Japan, APAC",35.6828387,139.7594549,5.252257902452497,Wako,26,1,35.7894401550293,139.6233367919922,True,3.295836866004329,157.9078425537342,5.068324427603116
Yotsukaidō,Yotsukaido,35.67,140.1683,Japan,JP,JPN,Chiba,,93233.0,1392512633,44,35.99479557166495,98.21635881549793,azure,japaneast,"Tokyo, Saitama, Japan East, Asia Pacific",35.68,139.77,4.783806694136902,Chiba,26,1,35.63762664794922,140.2031707763672,True,3.295836866004329,278.8712151276908,5.634329551389123
Morioka,Morioka,39.6833,141.15,Japan,JP,JPN,Iwate,admin,290553.0,1392981957,78,461.3371012910364,79.4002594073287,gcp,asia-northeast1,"Tokyo, Japan, APAC",35.6828387,139.7594549,13.024035228400487,Takizawa,22,1,39.8000373840332,141.1375732421875,True,3.1354942159291497,75.71768317656331,4.3401322316906725
Izuo,Izuo,34.4836,135.4236,Japan,JP,JPN,Ōsaka,,184299.0,1392291253,79,16.340612522425527,99.18629799763816,gcp,asia-northeast2,"Osaka, Japan, APAC",34.6198813,135.490357,11.770352382324685,Sakai,20,1,34.58332824707031,135.4666748046875,True,3.044522437723423,108.5193082979289,4.696100865199921
Koja,Koja,26.3344,127.8057,Japan,JP,JPN,Okinawa,,58658.0,1392299085,76,772.3537055436609,67.96503170085776,gcp,asia-east1,"Changhua County, Taiwan, APAC",24.0755667,120.5444667,10.011339682933501,Ishikawa,12,1,26.42333,127.82139,True,2.5649493574615367,204.57567595212927,5.32581421895628
Hiroshima,Hiroshima,34.4,132.45,Japan,JP,JPN,Hiroshima,admin,1306589.0,1392373695,79,279.6413656946466,86.95141402200201,gcp,asia-northeast2,"Osaka, Japan, APAC",34.6198813,135.490357,0.7556640064376483,Hiroshima,11,2,34.40266036987305,132.44242095947266,True,2.4849066497880004,8.418867754129264,2.242714885411852
Chigasaki,Chigasaki,35.3339,139.4047,Japan,JP,JPN,Kanagawa,,242347.0,1392346493,78,50.36439442998658,97.51322294657314,gcp,asia-northeast1,"Tokyo, Japan, APAC",35.6828387,139.7594549,4.402930985623694,Fujisawa,8,1,35.32438659667969,139.45181274414062,True,2.1972245773362196,33.010517976290195,3.526669829020451
Neya,Neya,34.7661,135.6281,Japan,JP,JPN,Ōsaka,,227997.0,1392993634,63,14.029522262947921,99.30097848770612,azure,japanwest,"Osaka, Japan West, Asia Pacific",34.6939,135.5022,0.5889700913761888,Neyagawa,3,1,34.760948181152344,135.62660217285156,True,1.3862943611198906,13.158067869314069,2.65028462904824
Habikino,Habikino,34.5578,135.6061,Japan,JP,JPN,Ōsaka,,108373.0,1392918777,79,12.645637980789614,99.36971279671222,gcp,asia-northeast2,"Osaka, Japan, APAC",34.6198813,135.490357,4.05123287437308,Kashihara,3,1,34.55165481567383,135.6497039794922,True,1.3862943611198906,27.68217175864837,3.3562757366667615
Sŏngnam,Songnam,37.4386,127.1378,"Korea, South",KR,KOR,Gyeonggi,,948757.0,1410622472,3,20.020415195959323,99.00397277700644,aws,ap-northeast-2,Asia Pacific (Seoul),37.5666791,126.9782914,5.154507871887666,Seongnam-si,97,1,37.40243911743164,127.10128021240234,True,4.584967478670572,102.2390348635109,4.637047026332393
Suwon,Suwon,37.2858,127.01,"Korea, South",KR,KOR,Gyeonggi,admin,1234300.0,1410679777,45,31.340107250330885,98.44520828711237,azure,koreacentral,"Seoul, Korea Central, Asia Pacific",37.5665,126.978,8.905718738501282,Hwaseong-si,36,1,37.21014022827149,126.97699737548828,True,3.6109179126442243,29.16632909341327,3.406726371701566
Daejeon,Daejeon,36.351,127.385,"Korea, South",KR,KOR,Daejeon,admin,1475221.0,1410993875,45,139.91142902725616,93.24351123340739,azure,koreacentral,"Seoul, Korea Central, Asia Pacific",37.5665,126.978,0.2080292813998939,Daejeon,35,1,36.34913,127.38493,True,3.58351893845611,23.725258791733577,3.2078253442581883
Seoul,Seoul,37.56,126.99,"Korea, South",KR,KOR,Seoul,primary,21794000.0,1410836482,3,1.2714734344175118,99.93644653205615,aws,ap-northeast-2,Asia Pacific (Seoul),37.5666791,126.9782914,6.270225427975355,Seoul,10,1,37.580833435058594,126.92388916015624,True,2.3978952727983707,0.4588418830870882,0.37764289018398567
Moratuwa,Moratuwa,6.7804,79.88,Sri Lanka,LK,LKA,Western,,200000.0,1144324309,66,690.3083403066123,70.8111175443544,azure,southindia,"Chennai, South India, Asia Pacific",12.9822,80.1636,0.8416082650273222,Moratuwa,97,1,6.7729997634887695,79.88159942626953,True,4.584967478670572,485.0,6.186208623900494
Colombo,Colombo,6.9167,79.8333,Sri Lanka,LK,LKA,Western,primary,752993.0,1144251314,66,675.4222347999871,71.34013473694274,azure,southindia,"Chennai, South India, Asia Pacific",12.9822,80.1636,2.691184433978238,Colombo,35,1,6.935480117797852,79.84867858886719,True,3.58351893845611,46.48117578782273,3.860333333289581
Kaunas,Kaunas,54.9,23.9333,Lithuania,LT,LTU,Kauno Miestas,admin,288466.0,1440302852,87,354.0023262970175,83.77788100612536,gcp,europe-central2,"Warsaw, Poland, Europe",52.2319581,21.0067249,1.5445202570727516,Kaunas,37,1,54.9027214050293,23.909610748291016,True,3.6375861597263857,128.2646828395721,4.861862107242679
Rabat,Rabat,34.0253,-6.8361,Morocco,MA,MAR,Rabat-Salé-Kénitra,primary,572717.0,1504023252,89,762.7539185945818,68.29204078958178,gcp,europe-southwest1,"Madrid, Spain, Europe",40.4167047,-3.7035825,1.3794357288792511,Rabat,25,1,34.01324844360352,-6.832550048828125,True,3.258096538021482,43.65157660764392,3.7988896170606776
Rangoon,Rangoon,16.8,96.15,Myanmar,MM,MMR,Yangon,primary,5430000.0,1104616656,66,1768.8506274853155,41.295142260807836,azure,southindia,"Chennai, South India, Asia Pacific",12.9822,80.1636,2.7749631385524105,Yangon,1,1,16.821029663085938,96.1359634399414,True,0.6931471805599453,0.1841620626151013,0.16903540430368397
Ulaanbaatar,Ulaanbaatar,47.9203,106.9172,Mongolia,MN,MNG,Ulaanbaatar,primary,1396288.0,1496024767,12,1168.7025306455855,55.74673929598236,aws,cn-north-1,China (Beijing),39.906217,116.3912757,0.21603061076515842,Ulaanbaatar,22,1,47.921913146972656,106.91881561279295,True,3.1354942159291497,15.756061786680112,2.818760090514139
Macau,Macau,22.203,113.545,Macau,MO,MAC,,,568700.0,1446227359,1,64.15045817951778,96.84337249511243,aws,ap-east-1,Asia Pacific (Hong Kong),22.2793278,114.1628131,0.29452158938939116,Macao,146,1,22.200559616088867,113.54611206054688,True,4.990432586778736,256.7258660101987,5.5518964851870996
Modica,Modica,36.8672,14.7614,Italy,IT,ITA,Sicilia,,54530.0,1380522093,17,1062.9869249541587,58.77265663368014,aws,eu-south-1,EU (Milan),45.4641943,9.1896346,111.21483064524169,Msida,60,1,35.8925,14.48278,False,4.110873864173311,1100.3117549972492,7.004257252860642
Mexico City,Mexico City,19.4333,-99.1333,Mexico,MX,MEX,Ciudad de México,primary,20996000.0,1484247881,31,1111.9474895378507,57.351353340838905,azure,southcentralus,"Texas, South Central US, US",29.4167,-98.5,0.7988897422209369,Mexico City,426,3,19.42847,-99.12766,True,6.056784013228625,20.289578967422365,3.0582177026376156
Tijuana,Tijuana,32.525,-117.0333,Mexico,MX,MEX,Baja California,minor,2384609.0,1484708778,108,203.78981012713513,90.3124460489337,gcp,us-west2,"Los Angeles, California, North America",34.0536909,-118.242766,3.721217348347877,Tijuana,119,1,32.50270080566406,-117.0037078857422,True,4.787491742782046,49.90335941867199,3.929928921745385
Puebla,Puebla,19.0333,-98.1833,Mexico,MX,MEX,Puebla,admin,1576259.0,1484416394,31,1155.0275706628165,56.12921259718851,azure,southcentralus,"Texas, South Central US, US",29.4167,-98.5,2.180809064570762,Puebla City,49,1,19.03792953491211,-98.20346069335938,True,3.912023005428146,31.086261838949056,3.468427958431305
Temixco,Temixco,18.85,-99.2333,Mexico,MX,MEX,Morelos,minor,116143.0,1484273506,31,1177.3083316255195,55.50738195886058,azure,southcentralus,"Texas, South Central US, US",29.4167,-98.5,3.2571146777558218,Cuernavaca,20,1,18.87647819519043,-99.22006225585938,True,3.044522437723423,172.2015102072445,5.154455715531686
Amsterdam,Amsterdam,52.3667,4.8833,Netherlands,NL,NLD,Noord-Holland,primary,862965.0,1528355309,39,1.1338687333825679,99.9433226310231,azure,westeurope,"Netherlands, West Europe, Europe",52.3667,4.9,0.9233733032619508,Amsterdam,602,4,52.37403053344727,4.889689961166382,True,6.401917196727186,697.594919840318,6.549071060431487
Oosterhout,Oosterhout,51.6431,4.8569,Netherlands,NL,NLD,Noord-Brabant,minor,55616.0,1528012745,39,80.51482557600606,96.05421514929755,azure,westeurope,"Netherlands, West Europe, Europe",52.3667,4.9,18.89362980530467,Tilburg,95,1,51.555511474609375,5.091300010681152,True,4.564348191467836,1708.1415420023015,7.443746501220484
Arnhem,Arnhem,51.9833,5.9167,Netherlands,NL,NLD,Gelderland,admin,148070.0,1528862562,39,81.38721324249481,96.01232602954433,azure,westeurope,"Netherlands, West Europe, Europe",52.3667,4.9,16.25857991143374,Nijmegen,62,1,51.8425,5.85278,True,4.143134726391533,418.72087526170054,6.039589907634197
Leeuwarden,Leeuwarden,53.2,5.7833,Netherlands,NL,NLD,Fryslân,admin,124084.0,1528992603,93,76.03884379515002,96.26942433606388,gcp,europe-west4,"Eemshaven, Netherlands, Europe",53.44847365,6.849962720298231,1.78601109585336,Leeuwarden,11,1,53.20271,5.80973,True,2.4849066497880004,88.64962444795461,4.495909010950952
The Hague,The Hague,52.0767,4.2986,Netherlands,NL,NLD,Zuid-Holland,primary,1406000.0,1528799905,39,52.135254545188104,97.42692002120317,azure,westeurope,"Netherlands, West Europe, Europe",52.3667,4.9,0.0034051377530042253,The Hague,4,1,52.07667,4.29861,True,1.6094379124341003,2.844950213371266,1.3467606544657826
Oslo,Oslo,59.9111,10.7528,Norway,NO,NOR,Oslo,primary,693494.0,1578324706,49,0.30933899882501326,99.98453424612978,azure,norwayeast,"Norway, Norway East, Europe",59.913868,10.752245,2.7888453323874254,Oslo,1,1,59.93594741821289,10.75960922241211,True,0.6931471805599453,1.4419735426694391,0.8928065413421227
Mandaue City,Mandaue City,10.3333,123.9333,Philippines,PH,PHL,Mandaue,admin,362654.0,1608794590,76,1569.6409172998176,45.62016014846723,gcp,asia-east1,"Changhua County, Taiwan, APAC",24.0755667,120.5444667,1.4525968563105933,Cebu City,0,1,10.320239067077637,123.93303680419922,True,0.0,0.0,0.0
Lahore,Lahore,31.5497,74.3436,Pakistan,PK,PAK,Punjab,admin,11021000.0,1586801463,82,424.82224382952353,80.86321828077972,gcp,asia-south2,"Delhi, India APAC",28.6517178,77.2219388,5.340400961376493,Lahore,144,2,31.505290031433105,74.32214736938477,True,4.976733742420574,13.065964975954996,2.643758047903699
Mardan,Mardan,34.1958,72.0447,Pakistan,PK,PAK,Khyber Pakhtunkhwa,minor,300424.0,1586001546,82,787.9874259650096,67.43582959295212,gcp,asia-south2,"Delhi, India APAC",28.6517178,77.2219388,0.9093543339096011,Mardan,105,1,34.19080352783203,72.03687286376953,True,4.663439094112067,349.5060314755146,5.859377914530621
Warsaw,Warsaw,52.2167,21.0333,Poland,PL,POL,Mazowieckie,primary,1790658.0,1616024847,87,2.4809719988275645,99.87602830852977,gcp,europe-central2,"Warsaw, Poland, Europe",52.2319581,21.0067249,4.8778406433136965,Warsaw,299,3,52.23384094238281,20.96737988789876,True,5.703782474656201,166.9777255064898,5.1238313843420284
Wrocław,Wroclaw,51.11,17.0325,Poland,PL,POL,Dolnośląskie,admin,638586.0,1616108520,87,301.07006534306237,86.02475927081703,gcp,europe-central2,"Warsaw, Poland, Europe",52.2319581,21.0067249,1.1136325849887654,Wroclaw,141,1,51.09999847412109,17.0333309173584,True,4.955827057601261,220.80033073070814,5.401777566036472
Częstochowa,Czestochowa,50.8096,19.1222,Poland,PL,POL,Śląskie,minor,228179.0,1616881632,87,204.96222777197602,90.25951961077358,gcp,europe-central2,"Warsaw, Poland, Europe",52.2319581,21.0067249,1.4671276670151225,Częstochowa,54,1,50.79646,19.12409,True,4.007333185232471,236.6563093010312,5.470825551418027
Rzeszów,Rzeszow,50.05,22.0,Poland,PL,POL,Podkarpackie,admin,182548.0,1616879570,87,252.31811426606538,88.1474630804919,gcp,europe-central2,"Warsaw, Poland, Europe",52.2319581,21.0067249,0.9676694817469902,Rzeszów,8,1,50.04132080078125,21.99901008605957,True,2.1972245773362196,43.82409010232925,3.802745720396811
Lisbon,Lisbon,38.7452,-9.1604,Portugal,PT,PRT,Lisboa,primary,506654.0,1620619017,89,503.1210106579502,77.75864080649812,gcp,europe-southwest1,"Madrid, Spain, Europe",40.4167047,-3.7035825,2.067349910190084,Lisbon,153,2,38.73094938842773,-9.145091383361816,True,5.0369526024136295,301.98123374136986,5.713670868744363
Setúbal,Setubal,38.5243,-8.8926,Portugal,PT,PRT,Setúbal,admin,121185.0,1620174557,89,492.5044063972096,78.17250465048502,gcp,europe-southwest1,"Madrid, Spain, Europe",40.4167047,-3.7035825,0.3829295827409706,Setúbal,0,1,38.5244,-8.8882,True,0.0,0.0,0.0
Doha,Doha,25.3,51.5333,Qatar,QA,QAT,Ad Dawḩah,primary,1312947.0,1634459660,23,138.0293434458588,93.33129866682025,aws,me-south-1,Middle East (Bahrain),26.1551249,50.5344606,1.634903566111429,Doha,20,1,25.285449981689453,51.53096008300781,True,3.044522437723423,15.232907345079429,2.7870404994999025
Bucharest,Bucharest,44.4,26.0833,Romania,RO,ROU,Bucureşti,primary,1883425.0,1642414442,87,947.7580512974947,62.25825645340325,gcp,europe-central2,"Warsaw, Poland, Europe",52.2319581,21.0067249,4.0231264590976075,Bucharest,233,2,44.432250488281255,26.106260149841308,True,5.455321115357702,123.71079283751676,4.825997399361864
Iaşi,Iasi,47.1622,27.5889,Romania,RO,ROU,Iaşi,admin,290422.0,1642367695,87,735.5394807618392,69.22765666766043,gcp,europe-central2,"Warsaw, Poland, Europe",52.2319581,21.0067249,0.9754506838153845,Iasi,72,2,47.16667175292969,27.600000381469727,True,4.290459441148391,247.91510285033505,5.517111885918927
Timişoara,Timisoara,45.7597,21.23,Romania,RO,ROU,Timiş,admin,319279.0,1642603121,87,719.8666085112422,69.77228596647129,gcp,europe-central2,"Warsaw, Poland, Europe",52.2319581,21.0067249,0.7436597271704009,Timișoara,35,1,45.753719329833984,21.225709915161133,True,3.58351893845611,109.62199205083955,4.70611891245754
Arad,Arad,46.1667,21.3167,Romania,RO,ROU,Arad,admin,159074.0,1642996909,87,674.8010504038491,71.36229586756022,gcp,europe-central2,"Warsaw, Poland, Europe",52.2319581,21.0067249,1.8492352671770955,Arad,7,1,46.18333053588867,21.316669464111328,True,2.0794415416798357,44.00467706853414,3.8067664192257813
Piteşti,Pitesti,44.8667,24.8833,Romania,RO,ROU,Argeş,admin,155383.0,1642781938,87,866.9436460671307,64.82545582052171,gcp,europe-central2,"Warsaw, Poland, Europe",52.2319581,21.0067249,2.273097697297259,Piteşti,6,1,44.84999847412109,24.866670608520508,True,1.9459101490553132,38.61426282154419,3.679189225675193
Niš,Nis,43.3192,21.8961,Serbia,RS,SRB,Niš,admin,183164.0,1688661068,87,993.2599067856046,60.85781444262057,gcp,europe-central2,"Warsaw, Poland, Europe",52.2319581,21.0067249,0.8478353833594853,Niš,104,1,43.32472,21.90333,True,4.653960350157523,567.7971653818436,6.343523894970713
Belgrade,Belgrade,44.8167,20.4667,Serbia,RS,SRB,Beograd,primary,1378682.0,1688374696,87,825.4922908889946,66.18302701338179,gcp,europe-central2,"Warsaw, Poland, Europe",52.2319581,21.0067249,3.9343791112981368,Belgrade,38,1,44.78240585327149,20.478973388671875,True,3.6635616461296463,27.56255612244158,3.3520966335519793
Moscow,Moscow,55.7558,37.6178,Russia,RU,RUS,Moskva,primary,17125000.0,1643318494,88,811.1815233905662,66.65829028713084,gcp,europe-north1,"Hamina, Finland, Europe",60.5688901,27.1881877,5.49295029313953,Moscow,605,7,55.712449754987446,37.575731004987446,True,6.406879986069314,35.32846715328468,3.5926016530304294
Zelënodol’sk,Zelenodol'sk,55.85,48.5167,Russia,RU,RUS,Tatarstan,,99491.0,1643223486,88,1347.4376400986853,50.980915965418475,gcp,europe-north1,"Hamina, Finland, Europe",60.5688901,27.1881877,18.22760310535631,Innopolis,53,1,55.74982070922852,48.74753952026367,True,3.9889840465642745,532.7115015428531,6.279855433684517
Khabarovsk,Khabarovsk,48.4833,135.0667,Russia,RU,RUS,Khabarovskiy Kray,admin,616242.0,1643175363,3,1378.6711268329084,50.19094452971914,aws,ap-northeast-2,Asia Pacific (Seoul),37.5666791,126.9782914,1.3317459026149594,Khabarovsk,28,1,48.471954345703125,135.0609130859375,True,3.367295829986474,45.4366953242395,3.838089994182261
Serpukhov,Serpukhov,54.9167,37.4,Russia,RU,RUS,Moskovskaya Oblast’,,125817.0,1643395657,88,871.2394295051213,64.68636718791888,gcp,europe-north1,"Hamina, Finland, Europe",60.5688901,27.1881877,16.782526536390083,Pushchino,15,1,54.83956909179688,37.62549591064453,True,2.772588722239781,119.2207730274923,4.789329827697582
Halmstad,Halmstad,56.6754,12.8587,Sweden,SE,SWE,Halland,admin,55657.0,1752392511,49,380.51215459068857,82.67473955968305,azure,norwayeast,"Norway, Norway East, Europe",59.913868,10.752245,0.15791915416354194,Halmstad,41,1,56.674461364746094,12.856760025024414,True,3.7376696182833684,736.6548682106474,6.603476056963093
Växjö,Vaxjo,56.8837,14.8167,Sweden,SE,SWE,Kronoberg,admin,59600.0,1752263370,16,331.965798183271,84.70607195732873,aws,eu-north-1,EU (Stockholm),59.3251172,18.0710935,1.0153522828227528,Vaxjo,0,1,56.883331298828125,14.800000190734863,True,0.0,0.0,0.0
Singapore,Singapore,1.3,103.8,Singapore,SG,SGP,Central Singapore,primary,5745000.0,1702341327,35,4.126890876153578,99.79386820019242,azure,southeastasia,"Singapore, Southeast Asia, Asia Pacific",1.283,103.833,3.8301670575116824,Singapore,1072,4,1.2932082461929322,103.8337779046631,True,6.9782137426306985,186.5970409051349,5.234296263020936
Ljubljana,Ljubljana,46.05,14.5167,Slovenia,SI,SVN,Ljubljana,primary,286745.0,1705917455,17,418.29807201260144,81.12743175487584,aws,eu-south-1,EU (Milan),45.4641943,9.1896346,0.9009175080654276,Ljubljana,351,3,46.05107919759115,14.505129876098634,True,5.863631175598097,1224.0841165495474,7.110764787192445
Nitra,Nitra,48.3147,18.0875,Slovakia,SK,SVK,Nitriansky,admin,77374.0,1703890031,87,482.36431425376634,78.56984927722974,gcp,europe-central2,"Warsaw, Poland, Europe",52.2319581,21.0067249,0.8164051015035043,Nitra,38,1,48.3076286315918,18.084529876708984,True,3.6635616461296463,491.121048414196,6.198724719593251
Bratislava,Bratislava,48.1447,17.1128,Slovakia,SK,SVK,Bratislavský,primary,429564.0,1703195001,87,532.1824197545054,76.63692238702774,gcp,europe-central2,"Warsaw, Poland, Europe",52.2319581,21.0067249,0.5916256456021092,Bratislava,38,1,48.14815902709961,17.106740951538086,True,3.6635616461296463,88.46178916296523,4.4938115973907315
Juba,Juba,4.85,31.6,South Sudan,SS,SSD,Central Equatoria,primary,372410.0,1728444337,21,2986.352325575703,22.46579708757441,aws,il-central-1,Middle East (Israel) - ???,31.5313113,34.8667654,1.6679219622827957,Juba,105,1,4.835000038146973,31.600000381469727,True,4.663439094112067,281.9473161300717,5.645260718228374
Ban Talat Rangsit,Ban Talat Rangsit,13.987,100.6095,Thailand,TH,THA,Pathum Thani,,79319.0,1764039814,83,1446.5457088114724,48.516179079471144,gcp,asia-southeast1,"Jurong West, Singapore, APAC",1.3434392,103.7058663,9.01831928763452,Pathum Thani,59,1,14.013460159301758,100.53048706054688,True,4.0943445622221,743.8318687830154,6.613158513424227
Chiang Mai,Chiang Mai,18.7889,98.9833,Thailand,TH,THA,Chiang Mai,admin,132634.0,1764662886,1,1626.7038418169989,44.33694334528859,aws,ap-east-1,Asia Pacific (Hong Kong),22.2793278,114.1628131,0.21956672796145923,Chiang Mai,22,1,18.790380477905277,98.98468017578124,True,3.1354942159291497,165.86998808751903,5.117214994771016
Sfax,Sfax,34.74,10.76,Tunisia,TN,TUN,Sfax,admin,272801.0,1788741658,17,1199.8660731645236,54.88483876273642,aws,eu-south-1,EU (Milan),45.4641943,9.1896346,0.0673203875995515,Sfax,157,1,34.74056,10.76028,True,5.062595033026967,575.5110868361919,6.356994570809871
Manouba,Manouba,36.8,10.1,Tunisia,TN,TUN,Manouba,admin,58792.0,1788608864,17,966.4091601955939,61.68036247192544,aws,eu-south-1,EU (Milan),45.4641943,9.1896346,1.186117761998241,Manouba,53,1,36.81006,10.09557,True,3.9889840465642745,901.483194992516,6.805150069526765
Le Bardo,Le Bardo,36.8092,10.1406,Tunisia,TN,TUN,Tunis,,73953.0,1788939893,17,965.6616908462072,61.70341887034827,aws,eu-south-1,EU (Milan),45.4641943,9.1896346,2.537666865379489,Tunis,34,1,36.83140182495117,10.147199630737305,True,3.5553480614894135,459.75146376752804,6.132858773468441
Istanbul,Istanbul,41.01,28.9603,Turkey,TR,TUR,İstanbul,admin,15154000.0,1792756324,21,1178.7698750308248,55.4668335524552,aws,il-central-1,Middle East (Israel) - ???,31.5313113,34.8667654,0.989640649779934,Istanbul,92,1,41.01383972167969,28.94965934753418,True,4.532599493153256,6.071004355285733,1.956002528558236
Kayseri,Kayseri,38.7333,35.4833,Turkey,TR,TUR,Kayseri,admin,1389680.0,1792945815,21,802.7795268192706,66.93891068053914,aws,il-central-1,Middle East (Israel) - ???,31.5313113,34.8667654,0.3856736838650265,Kayseri,69,2,38.73492813110352,35.479373931884766,True,4.248495242049359,49.65171838121007,3.9249731566978774
Ankara,Ankara,39.93,32.85,Turkey,TR,TUR,Ankara,primary,5503985.0,1792572891,21,951.3899331780507,62.145301727235356,aws,il-central-1,Middle East (Israel) - ???,31.5313113,34.8667654,1.1839829324157676,Ankara,31,2,39.91986846923828,32.854270935058594,True,3.4657359027997265,5.632282791468364,1.8919490573745132
Taipei,Taipei,25.0478,121.5319,Taiwan,TW,TWN,Taipei,primary,2684567.0,1158881289,76,147.17116413563278,92.90566318014139,gcp,asia-east1,"Changhua County, Taiwan, APAC",24.0755667,120.5444667,3.5874201599776945,Taipei,225,5,25.050608444213868,121.56737670898436,True,5.420534999272286,83.81239879652846,4.440441744333105
Bade,Bade,24.9575,121.2989,Taiwan,TW,TWN,Taoyuan,,172065.0,1158126203,76,124.26791799729718,93.97569894534563,gcp,asia-east1,"Changhua County, Taiwan, APAC",24.0755667,120.5444667,3.44727078919624,Taoyuan District,106,1,24.96971893310547,121.26747131347656,True,4.672828834461906,616.0462615871909,6.424943999355908
Douliu,Douliu,23.7075,120.5439,Taiwan,TW,TWN,Yunlin,admin,106653.0,1158732750,76,40.92724679083501,97.97443355985868,gcp,asia-east1,"Changhua County, Taiwan, APAC",24.0755667,120.5444667,1.9703166043923606,Douliu,79,1,23.69196128845215,120.53459930419922,True,4.382026634673881,740.7199047377945,6.608971685024986
Taichung,Taichung,24.15,120.6667,Taiwan,TW,TWN,Taichung,admin,2803894.0,1158689622,76,14.913262987450103,99.25711002117123,gcp,asia-east1,"Changhua County, Taiwan, APAC",24.0755667,120.5444667,6.474219535922418,Taichung,15,1,24.144750595092773,120.7302474975586,True,2.772588722239781,5.349702948827595,1.8484080320982057
Pingtung,Pingtung,22.6761,120.4942,Taiwan,TW,TWN,Pingtung,admin,503530.0,1158209038,76,155.69836200805085,92.5103939269983,gcp,asia-east1,"Changhua County, Taiwan, APAC",24.0755667,120.5444667,10.666000907845017,Kaohsiung City,14,1,22.72960090637207,120.40789794921876,True,2.70805020110221,27.803705836792247,3.3605040537526167
Hsinchu,Hsinchu,24.8047,120.9714,Taiwan,TW,TWN,Hsinchu,admin,445635.0,1158276420,76,91.87581788438567,95.51012635974217,gcp,asia-east1,"Changhua County, Taiwan, APAC",24.0755667,120.5444667,5.487697929073183,Hsinchu,4,1,24.75833320617676,120.9527816772461,True,1.6094379124341003,8.975955658779045,2.3001777635782665
Changhua,Changhua,24.0667,120.5333,Taiwan,TW,TWN,Changhua,admin,750000.0,1158439005,76,1.5024486983089431,99.92490577492129,gcp,asia-east1,"Changhua County, Taiwan, APAC",24.0755667,120.5444667,9.782234194539544,Dacun,3,1,24.0,120.59610748291016,True,1.3862943611198906,4.0,1.6094379124341003
Taoyuan District,Taoyuan District,24.9889,121.3111,Taiwan,TW,TWN,Taoyuan,admin,443273.0,1158127875,76,127.78076170805411,93.81078284736039,gcp,asia-east1,"Changhua County, Taiwan, APAC",24.0755667,120.5444667,9.676364757109315,Taoyuan City,3,1,25.0195255279541,121.4009780883789,True,1.3862943611198906,6.767838329877976,2.0499919184498356
Kharkiv,Kharkiv,50.0,36.2292,Ukraine,UA,UKR,Kharkivs’ka Oblast’,admin,1446107.0,1804588111,87,1088.9469698107864,58.01471591766977,gcp,europe-central2,"Warsaw, Poland, Europe",52.2319581,21.0067249,2.7286045404037202,Kharkiv,45,1,49.98177,36.25475,True,3.828641396489095,31.118029302119414,3.4694175329659087
Kyiv,Kyiv,50.45,30.5236,Ukraine,UA,UKR,"Kyyiv, Misto",primary,2963199.0,1804382913,87,689.5272901461744,70.8387764621128,gcp,europe-central2,"Warsaw, Poland, Europe",52.2319581,21.0067249,0.5183625135668216,Kyiv,17,1,50.45466,30.5238,True,2.8903717578961645,5.737042972814178,1.907621100585785
Pittsburgh,Pittsburgh,40.4396,-79.9762,United States,US,USA,Pennsylvania,,1703266.0,1840001254,26,231.09709819744083,89.08773198962041,aws,us-east-2,US East (Ohio),40.2253569,-82.6881395,1.6701973337631695,Pittsburgh,965,1,40.44062,-79.99589,True,6.873163834212518,566.5585997724372,6.341344003535564
Seattle,Seattle,47.6211,-122.3244,United States,US,USA,Washington,,3789215.0,1840021117,32,190.92202702997633,90.89537978765172,azure,westus2,"Washington, West US 2, US",47.233,-119.852,1.3741294837486422,Seattle,844,4,47.61026984619141,-122.33322921569824,True,6.739336627357174,222.73742714520026,5.41047316404633
Mountain View,Mountain View,37.4,-122.0796,United States,US,USA,California,,82739.0,1840020332,27,51.723760608194304,97.44696737691812,aws,us-west-1,US West (N. California),37.7790262,-122.419906,1.5959642334486959,Mountain View,841,1,37.38605,-122.08385,True,6.7357800142423265,10164.493165254597,9.226754240896858
Redmond,Redmond,47.6762,-122.1169,United States,US,USA,Washington,,71929.0,1840019835,32,177.27153779196064,91.51788494787634,azure,westus2,"Washington, West US 2, US",47.233,-119.852,0.42370064182751466,Redmond,426,1,47.67399,-122.12151,True,6.056784013228625,5922.506916542702,8.686683937038717
Chicopee,Chicopee,42.1764,-72.5719,United States,US,USA,Massachusetts,,55126.0,1840000462,11,378.4717670755067,82.75912685126718,aws,ca-central-1,Canada (Central),45.5031824,-73.5698065,22.544565583032522,Amherst Center,320,2,42.375370012817385,-72.51924948120117,True,5.771441123130016,5804.883358125023,8.666627054497312
Union City,Union City,40.7674,-74.0323,United States,US,USA,New Jersey,,67982.0,1840001034,104,351.51778945706116,83.8820202930731,gcp,us-east4,"Ashburn, Virginia, North America",39.0437192,-77.4874899,4.816595643149455,New York,275,6,40.73636347127279,-73.99241193115235,True,5.62040086571715,4045.1884322320616,8.305530589117785
Waterloo,Waterloo,42.492,-92.3522,United States,US,USA,Iowa,,111631.0,1840000440,57,144.96827494822523,93.00804999692738,azure,centraluseuap,", Central US EUAP, US",41.5908,-93.6208,1.529880896294931,Waterloo,222,1,42.49810791015625,-92.33547973632812,True,5.407171771460119,1988.694896578907,7.595736587662029
San Mateo,San Mateo,37.5521,-122.3122,United States,US,USA,California,,104430.0,1840021551,27,26.955253043221916,98.6612790030735,aws,us-west-1,US West (N. California),37.7790262,-122.419906,1.3519206213724706,San Mateo,214,1,37.55870819091797,-122.3250732421875,True,5.3706380281276624,2049.2195729196587,7.625702175138019
Monessen,Monessen,40.1519,-79.8828,United States,US,USA,Pennsylvania,,61960.0,1840001146,26,238.42843810767192,88.76176357840907,aws,us-east-2,US East (Ohio),40.2253569,-82.6881395,9.622462899380077,California,207,1,40.06563186645508,-79.89170837402344,True,5.337538079701318,3340.865074241446,8.114284335581942
Greenwich,Greenwich,41.0665,-73.6368,United States,US,USA,Connecticut,,62587.0,1840034747,104,397.43090672653926,81.97831266800148,gcp,us-east4,"Ashburn, Virginia, North America",39.0437192,-77.4874899,8.427309776420636,Armonk,189,1,41.10853958129883,-73.72046661376953,True,5.247024072160486,3019.7964433508555,8.013275798563987
Chandler,Chandler,33.2826,-111.8516,United States,US,USA,Arizona,,261165.0,1840019309,33,27.685916131189018,98.62524150890141,azure,westus3,"Phoenix, West US 3, US",33.448376,-112.074036,2.7907887967401397,Chandler,179,1,33.30616,-111.84125,True,5.19295685089021,685.3904619684873,6.53144665234365
San Jose,San Jose,37.3019,-121.8486,United States,US,USA,California,,1798103.0,1840021570,27,73.15724698836503,96.40822913980051,aws,us-west-1,US West (N. California),37.7790262,-122.419906,5.147194881222169,San Jose,168,1,37.33098983764648,-121.89387512207033,True,5.1298987149230735,93.43180006929525,4.547877881565972
Rockville,Rockville,39.0834,-77.1552,United States,US,USA,Maryland,,68079.0,1840005849,104,29.026257353417957,98.55916791329203,gcp,us-east4,"Ashburn, Virginia, North America",39.0437192,-77.4874899,4.184888578585384,Bethesda,160,3,39.04576873779297,-77.1559321085612,True,5.081404364984463,2350.2107845297373,7.762685701913573
Washington,Washington,38.9047,-77.0163,United States,US,USA,District of Columbia,primary,5379184.0,1840006060,104,43.5671657633603,97.84519658941674,gcp,us-east4,"Ashburn, Virginia, North America",39.0437192,-77.4874899,3.6119045528759544,Washington D.C.,157,5,38.92149353027344,-77.05203399658203,True,5.062595033026967,29.186582946409715,3.407397552364511
Memphis,Memphis,35.1046,-89.9773,United States,US,USA,Tennessee,,1066967.0,1840015457,102,493.1151901201983,78.1486350487487,gcp,us-central2,"Mayes County, Oklahoma, North America",36.3047676,-95.2355722,8.213084965208996,Memphis,122,1,35.14952850341797,-90.04898071289062,True,4.812184355372417,114.34280535386755,4.747908610363021
Boulder,Boulder,40.0249,-105.2523,United States,US,USA,Colorado,,124345.0,1840018774,58,432.257612711874,80.5631524729117,azure,westcentralus,"Wyoming, West Central US, US",40.89,-110.234,1.9052521848222075,Boulder,121,1,40.01499176025391,-105.2705535888672,True,4.804021044733257,973.0990389641722,6.881512981187954
El Paso,El Paso,31.8479,-106.4309,United States,US,USA,Texas,,843386.0,1840023252,33,557.4173925129066,75.67603182232962,azure,westus3,"Phoenix, West US 3, US",33.448376,-112.074036,11.241444305093044,El Paso,104,1,31.75872039794922,-106.48693084716795,True,4.653960350157523,123.31245716670658,4.822798212052696
Redwood City,Redwood City,37.5026,-122.2252,United States,US,USA,California,,85925.0,1840020304,27,35.19503210509508,98.25564159700792,aws,us-west-1,US West (N. California),37.7790262,-122.419906,6.619091673666266,Menlo Park,97,2,37.45383071899414,-122.18218994140624,True,4.584967478670572,1128.8914751236543,7.029876867380698
Waltham,Waltham,42.3889,-71.2423,United States,US,USA,Massachusetts,,62495.0,1840000428,11,393.2003631823904,82.15190260893586,aws,ca-central-1,Canada (Central),45.5031824,-73.5698065,1.4851200276178342,Waltham,79,1,42.37649154663086,-71.23561096191406,True,4.382026634673881,1264.1011280902474,7.142907341120683
Chapel Hill,Chapel Hill,35.927,-79.0391,United States,US,USA,North Carolina,,64051.0,1840016152,30,100.92610113515411,95.07890591393866,azure,eastus2,"Virginia, East US 2, US",36.6681,-78.3889,2.69795461019032,Chapel Hill,74,1,35.90378189086914,-79.04779815673828,True,4.31748811353631,1155.3293469266678,7.053005910841101
Bristol,Bristol,36.5572,-82.2154,United States,US,USA,Tennessee,,70243.0,1840013301,29,231.58419407610663,89.0660374980061,azure,eastus,"Virginia, East US, US",37.3719,-79.8164,6.0393154745428985,Bristol,62,1,36.58729553222656,-82.15910339355469,True,4.143134726391533,882.6502284925189,6.784061315213851
Lafayette,Lafayette,30.2084,-92.0323,United States,US,USA,Louisiana,,264357.0,1840015044,106,534.3350413184096,76.5544816150714,gcp,us-south1,"Dallas, Texas, North America",32.7762719,-96.7968559,2.116188307266591,Lafayette,58,1,30.224090576171875,-92.01983642578124,True,4.07753744390572,219.40028068104874,5.395445350785429
Boca Raton,Boca Raton,26.3752,-80.108,United States,US,USA,Florida,,99805.0,1840014207,103,758.6442510296448,68.4325138570451,gcp,us-east1,"Moncks Corner, South Carolina, North America",33.1973235,-80.01094796275407,3.0861700453005936,Boca Raton,54,1,26.35869026184082,-80.08309936523438,True,4.007333185232471,541.0550573618557,6.295367578129002
Thousand Oaks,Thousand Oaks,34.1914,-118.8755,United States,US,USA,California,,215029.0,1840021844,108,60.22334741944026,97.03371663466919,gcp,us-west2,"Los Angeles, California, North America",34.0536909,-118.242766,11.494940837955115,Thousand Oaks,48,1,34.148231506347656,-118.76197052001952,True,3.8918202981106265,223.22570443986623,5.412653153664273
Redwood City,Redwood City,37.5026,-122.2252,United States,US,USA,California,,85925.0,1840020304,27,35.19503210509508,98.25564159700792,aws,us-west-1,US West (N. California),37.7790262,-122.419906,5.1894272708588,Atherton,45,1,37.46133,-122.19774,True,3.828641396489095,523.712540005819,6.26285056978924
Greensboro,Greensboro,36.0956,-79.8269,United States,US,USA,North Carolina,,343090.0,1840013356,29,141.9213651752351,93.14985155188872,azure,eastus,"Virginia, East US, US",37.3719,-79.8164,4.045628784287224,Greensboro,40,1,36.07263946533203,-79.79197692871094,True,3.713572066704308,116.5874843335568,4.767182604065845
Trenton,Trenton,40.2236,-74.7641,United States,US,USA,New Jersey,admin,290716.0,1840001383,104,267.57015760060625,87.4778052749857,gcp,us-east4,"Ashburn, Virginia, North America",39.0437192,-77.4874899,14.134466645959343,Princeton,38,1,40.34456253051758,-74.712890625,True,3.6635616461296463,130.71175993065398,4.880615898085937
Dayton,Dayton,39.7797,-84.1998,United States,US,USA,Ohio,,718353.0,1840034249,105,104.32510683487995,94.91745627329799,gcp,us-east5,"Colombus, Ohio, North America",39.9622601,-83.0007065,2.4111604049510658,Dayton,31,1,39.75894927978516,-84.19161224365234,True,3.4657359027997265,43.154270950354494,3.787689659638594
Somerville,Somerville,42.3908,-71.1013,United States,US,USA,Massachusetts,,81360.0,1840003123,11,398.48309937704863,81.93519552183683,aws,ca-central-1,Canada (Central),45.5031824,-73.5698065,3.0292881076803995,Cambridge,31,1,42.36968994140625,-71.07798767089844,True,3.4657359027997265,381.0226155358898,5.945479809827682
Cupertino,Cupertino,37.3168,-122.0465,United States,US,USA,California,,59276.0,1840018950,27,61.03575136306403,96.99430935183979,aws,us-west-1,US West (N. California),37.7790262,-122.419906,1.4418118345971644,Cupertino,29,1,37.323,-122.03218,True,3.4011973816621555,489.2367906066536,6.19488852051489
New Brunswick,New Brunswick,40.487,-74.445,United States,US,USA,New Jersey,,55676.0,1840001339,104,305.55448444611864,85.83208981727714,gcp,us-east4,"Ashburn, Virginia, North America",39.0437192,-77.4874899,4.119032489338629,Piscataway,26,1,40.499271392822266,-74.39904022216797,True,3.295836866004329,466.98757094618867,6.148441737757692
Carbondale,Carbondale,37.7221,-89.2238,United States,US,USA,Illinois,,65671.0,1840007560,52,482.19821672931374,78.57637467691994,azure,northcentralus,"Illinois, North Central US, US",41.8819,-87.6278,0.8453427220055239,Carbondale,23,1,37.72726821899414,-89.21675109863281,True,3.1780538303479458,350.23069543634176,5.861443259525783
Washington,Washington,38.9047,-77.0163,United States,US,USA,District of Columbia,primary,5379184.0,1840006060,104,43.5671657633603,97.84519658941674,gcp,us-east4,"Ashburn, Virginia, North America",39.0437192,-77.4874899,2.037978365991035,Washington,18,2,38.89511054199219,-77.03636966186524,True,2.9444389791664403,3.3462324397157635,1.4693093640017778
Gaithersburg,Gaithersburg,39.1346,-77.2132,United States,US,USA,Maryland,,67985.0,1840005848,104,25.739509102252814,98.72127066092797,gcp,us-east4,"Ashburn, Virginia, North America",39.0437192,-77.4874899,6.2761451474977665,Rockville,17,1,39.080509185791016,-77.23397827148438,True,2.8903717578961645,250.0551592262999,5.525672672862264
Poughkeepsie,Poughkeepsie,41.6949,-73.921,United States,US,USA,New York,,394760.0,1840000500,104,422.0591972187503,80.97500990496975,gcp,us-east4,"Ashburn, Virginia, North America",39.0437192,-77.4874899,3.0214166540660625,Town of Poughkeepsie,16,1,41.6698112487793,-73.90702819824219,True,2.833213344056216,40.53095551727632,3.7264390652584645
Nashville,Nashville,36.1715,-86.7843,United States,US,USA,Tennessee,admin,1081903.0,1840036155,105,535.9630354733696,76.4921918460531,gcp,us-east5,"Colombus, Ohio, North America",39.9622601,-83.0007065,0.6239582380029071,Nashville,16,1,36.16588973999024,-86.78443908691406,True,2.833213344056216,14.78875647816856,2.7592980714087783
Pensacola,Pensacola,30.4427,-87.1886,United States,US,USA,Florida,,346921.0,1840015005,103,743.8917848422263,68.93915428223862,gcp,us-east1,"Moncks Corner, South Carolina, North America",33.1973235,-80.01094796275407,3.608970728558523,Pensacola,15,1,30.421310424804688,-87.21691131591797,True,2.772588722239781,43.237509404158295,3.7895730582549625
Jackson,Jackson,35.6535,-88.8353,United States,US,USA,Tennessee,,74065.0,1840014528,102,580.3371779606832,74.81374292197478,gcp,us-central2,"Mayes County, Oklahoma, North America",36.3047676,-95.2355722,29.618962910821963,Hendersonville,15,1,35.44007110595703,-88.63941955566406,True,2.772588722239781,202.52480928913792,5.315787910420604
National City,National City,32.6654,-117.0983,United States,US,USA,California,,61394.0,1840020622,108,187.42172742656427,91.05459960718969,gcp,us-west2,"Los Angeles, California, North America",34.0536909,-118.242766,8.362432286243235,San Diego,14,1,32.71571,-117.16472,True,2.70805020110221,228.03531289702576,5.433876196456408
Tacoma,Tacoma,47.2431,-122.4531,United States,US,USA,Washington,,217827.0,1840021129,32,196.3676287953899,90.64822639476236,azure,westus2,"Washington, West US 2, US",47.233,-119.852,1.2746996683651155,Tacoma,14,1,47.25288009643555,-122.4442901611328,True,2.70805020110221,64.27118768564044,4.178550708982881
Waltham,Waltham,42.3889,-71.2423,United States,US,USA,Massachusetts,,62495.0,1840000428,11,393.2003631823904,82.15190260893586,aws,ca-central-1,Canada (Central),45.5031824,-73.5698065,12.911258448478835,Bedford,13,1,42.50493621826172,-71.23655700683594,True,2.6390573296152584,208.0166413313065,5.3424138723897885
Yakima,Yakima,46.5923,-120.5496,United States,US,USA,Washington,,133191.0,1840021154,32,88.78732066154137,95.65773168007253,azure,westus2,"Washington, West US 2, US",47.233,-119.852,44.94636081100767,Ellensburg,12,1,46.99651,-120.54785,True,2.5649493574615367,90.09617766966237,4.511915845862755
Berkeley,Berkeley,37.8723,-122.276,United States,US,USA,California,,121363.0,1840018914,53,15.873185702800596,99.20948187463581,azure,westus,"California, West US, US",37.783,-122.417,0.2959317554276813,Berkeley,12,1,37.87158966064453,-122.2727508544922,True,2.5649493574615367,98.87692295015779,4.60393865746963
Cambridge,Cambridge,42.3759,-71.1185,United States,US,USA,Massachusetts,,118927.0,1840000429,11,399.2566104610097,81.90351275802267,aws,ca-central-1,Canada (Central),45.5031824,-73.5698065,5.265565664333694,Belmont,12,1,42.39787292480469,-71.17529296875,True,2.5649493574615367,100.90223414363433,4.6240138648522615
New Rochelle,New Rochelle,40.9305,-73.7836,United States,US,USA,New York,,78557.0,1840000782,104,378.88133183154395,82.7421809756354,gcp,us-east4,"Ashburn, Virginia, North America",39.0437192,-77.4874899,0.6650366290938508,New Rochelle,11,1,40.925479888916016,-73.78790283203125,True,2.4849066497880004,140.02571381290016,4.94894224121862
Reno,Reno,39.5497,-119.8483,United States,US,USA,Nevada,,445020.0,1840020121,53,297.17609784636403,86.19241123393626,azure,westus,"California, West US, US",37.783,-122.417,6.263395887141542,Reno,10,1,39.49658966064453,-119.87262725830078,True,2.3978952727983707,22.47090018426138,3.1557613638040776
Evansville,Evansville,37.9881,-87.5341,United States,US,USA,Indiana,,230427.0,1840013730,52,433.04501377122403,80.53144095994014,azure,northcentralus,"Illinois, North Central US, US",41.8819,-87.6278,77.70449022450279,Vincennes,9,1,38.686859130859375,-87.52310943603516,False,2.302585092994046,39.05792289966019,3.690326479159534
Tyler,Tyler,32.3184,-95.3062,United States,US,USA,Texas,,143796.0,1840022076,106,148.70677347403742,92.83435715620844,gcp,us-south1,"Dallas, Texas, North America",32.7762719,-96.7968559,3.685644818742033,Tyler,9,1,32.35126,-95.30106,True,2.302585092994046,62.58866727864475,4.1524352670261155
Murfreesboro,Murfreesboro,35.8492,-86.4119,United States,US,USA,Tennessee,,179951.0,1840014495,105,546.463622470965,76.0916378217149,gcp,us-east5,"Colombus, Ohio, North America",39.9622601,-83.0007065,88.9969737221941,Cookeville,8,1,36.162841796875,-85.50164031982422,False,2.1972245773362196,44.45654650432618,3.816756847750009
Palo Alto,Palo Alto,37.3913,-122.1468,United States,US,USA,California,,65364.0,1840020333,27,49.37482842992077,97.561482769651,aws,us-west-1,US West (N. California),37.7790262,-122.419906,1.2739610802414711,Palo Alto,6,1,37.40271759033203,-122.1479949951172,True,1.9459101490553132,91.79364787956673,4.530378187875741
Gaithersburg,Gaithersburg,39.1346,-77.2132,United States,US,USA,Maryland,,67985.0,1840005848,104,25.739509102252814,98.72127066092797,gcp,us-east4,"Ashburn, Virginia, North America",39.0437192,-77.4874899,0.8505386049793715,Gaithersburg,6,1,39.14091873168945,-77.21875762939453,True,1.9459101490553132,88.25476207987056,4.491494775873539
Sunnyvale,Sunnyvale,37.3836,-122.0256,United States,US,USA,California,,152703.0,1840021573,27,56.041249432154224,97.23683117740802,aws,us-west-1,US West (N. California),37.7790262,-122.419906,3.734639540736781,Sunnyvale,6,1,37.41718292236328,-122.02499389648438,True,1.9459101490553132,39.291958900610986,3.69615191804147
Oak Lawn,Oak Lawn,41.7139,-87.7528,United States,US,USA,Illinois,,55022.0,1840011306,52,21.36216303817775,98.93757586805174,azure,northcentralus,"Illinois, North Central US, US",41.8819,-87.6278,11.881491825708618,Chicago,5,1,41.71764755249024,-87.6097412109375,True,1.791759469228055,90.87274181236596,4.52040437831791
Sioux City,Sioux City,42.4959,-96.3901,United States,US,USA,Iowa,,106455.0,1840000447,101,144.5899152041314,93.02564691236377,gcp,us-central1,"Council Bluffs, Iowa, North America",41.258841,-95.8519484,59.41694202331803,Wayne,4,1,42.230560302734375,-97.017822265625,True,1.6094379124341003,37.57456202151144,3.6525930442382077
Omaha,Omaha,41.2627,-96.0522,United States,US,USA,Nebraska,,847819.0,1840009315,101,16.743946907744746,99.16629739217143,gcp,us-central1,"Council Bluffs, Iowa, North America",41.258841,-95.8519484,5.261380574403254,Omaha,4,1,41.2642822265625,-96.1151123046875,True,1.6094379124341003,4.717988155490736,1.7436170224552912
Tempe,Tempe,33.3881,-111.9318,United States,US,USA,Arizona,,195805.0,1840021942,33,14.805133688564077,99.26247646709547,azure,westus3,"Phoenix, West US 3, US",33.448376,-112.074036,5.400161544581026,Tempe,4,1,33.41852569580078,-111.97714233398438,True,1.6094379124341003,20.428487525854806,3.064721229573168
Newport News,Newport News,37.1051,-76.5185,United States,US,USA,Virginia,,179225.0,1840003862,30,173.29540610931727,91.70000950663244,azure,eastus2,"Virginia, East US 2, US",36.6681,-78.3889,5.1912578379615795,Newport News,3,1,37.06305694580078,-76.49305725097656,True,1.3862943611198906,16.738736225414982,2.875750735641186
Cedar Park,Cedar Park,30.5106,-97.8196,United States,US,USA,Texas,,79462.0,1840019572,31,138.17112907572468,93.32468238286268,azure,southcentralus,"Texas, South Central US, US",29.4167,-98.5,8.267128391831537,Austin,1,1,30.445785522460938,-97.77733612060548,True,0.6931471805599453,12.584631647831669,2.608939127886608
Georgetown,Georgetown,30.6668,-97.6953,United States,US,USA,Texas,,79604.0,1840020875,31,159.12778278610654,92.35190131673507,azure,southcentralus,"Texas, South Central US, US",29.4167,-98.5,4.168119998384057,Georgetown,1,1,30.6326904296875,-97.67723083496094,True,0.6931471805599453,12.562182804884177,2.607285243368873
Kenosha,Kenosha,42.5864,-87.8765,United States,US,USA,Wisconsin,,124972.0,1840003160,52,80.968477246955,96.03243004250139,azure,northcentralus,"Illinois, North Central US, US",41.8819,-87.6278,6.2459278096823265,Pleasant Prairie,0,1,42.53286743164063,-87.89959716796875,True,0.0,0.0,0.0
Burlington,Burlington,44.4877,-73.2314,United States,US,USA,Vermont,,109763.0,1840002310,11,116.00940769544242,94.36455086615834,aws,ca-central-1,Canada (Central),45.5031824,-73.5698065,33.777803162112704,Vergennes,0,1,44.19749069213867,-73.35689544677734,True,0.0,0.0,0.0
Tashkent,Tashkent,41.3,69.2667,Uzbekistan,UZ,UZB,Toshkent,primary,2424100.0,1860331871,82,1580.4568760277937,45.374113171950405,gcp,asia-south2,"Delhi, India APAC",28.6517178,77.2219388,5.762709358413111,Tashkent,49,1,41.2646484375,69.21627044677734,True,3.912023005428146,20.213687554143803,3.0546466126889578
Urganch,Urganch,41.5345,60.6249,Uzbekistan,UZ,UZB,Xorazm,admin,135100.0,1860546433,56,1873.7981149494337,39.184102987582136,azure,uaenorth,"Dubai, UAE North, Middle East",25.266666,55.316666,2.897318940185699,Urgench,47,1,41.557220458984375,60.60785675048828,True,3.871201010907891,347.89045151739447,5.8547579804275625
Ho Chi Minh City,Ho Chi Minh City,10.8167,106.6333,Vietnam,VN,VNM,Hồ Chí Minh,admin,13312000.0,1704774326,7,1096.802563487372,57.7872928281423,aws,ap-southeast-1,Asia Pacific (Singapore),1.357107,103.8194992,0.8081461473694082,Ho Chi Minh City,373,2,10.823019981384276,106.62964630126952,True,5.924255797414532,28.019831730769234,3.3679794490508517
Hanoi,Hanoi,21.0245,105.8412,Vietnam,VN,VNM,Hà Nội,primary,7785000.0,1704413791,1,871.1523999965242,64.68918206053732,aws,ap-east-1,Asia Pacific (Hong Kong),22.2793278,114.1628131,1.6010789181408467,Hanoi,226,4,21.028245475769044,105.8263050732422,True,5.424950017481403,29.030186255619782,3.402203084294346
