raw_ingredient,normalized_ingredient,raw_count,rule_source,confidence,is_universal_flag,notes
salt,salt,18048,universal_flag,high,True,
onions,onion,7972,exact_alias,high,False,
olive oil,olive oil,7971,exact_alias,high,False,
water,water,7457,universal_flag,high,True,
garlic,garlic,7380,lowercase_ascii_punct_strip,high,False,
sugar,sugar,6434,universal_flag,high,True,
garlic cloves,garlic,6236,exact_alias,high,False,
butter,butter,4847,lowercase_ascii_punct_strip,high,False,
ground black pepper,black pepper,4784,exact_alias;universal_flag,high,True,
all-purpose flour,all-purpose flour,4632,exact_alias,high,False,
pepper,black pepper,4438,exact_alias;universal_flag,high,True,
vegetable oil,oil,4385,exact_alias;universal_flag,high,True,
eggs,egg,3388,exact_alias,high,False,
soy sauce,soy sauce,3296,lowercase_ascii_punct_strip,high,False,
kosher salt,salt,3113,exact_alias;universal_flag,high,True,
green onions,green onion,3078,exact_alias,high,False,
tomatoes,tomato,3058,exact_alias,high,False,
large eggs,egg,2948,exact_alias,high,False,
carrots,carrot,2814,plural_singularized,high,False,
unsalted butter,butter,2782,leading_descriptor_removed,medium,False,
extra-virgin olive oil,extra-virgin olive oil,2747,lowercase_ascii_punct_strip,high,False,
ground cumin,cumin,2747,leading_descriptor_removed,medium,False,
black pepper,black pepper,2627,universal_flag,high,True,
milk,milk,2263,lowercase_ascii_punct_strip,high,False,
chili powder,chile powder,2036,exact_alias,high,False,
oil,oil,1970,universal_flag,high,True,
red bell pepper,red bell pepper,1939,lowercase_ascii_punct_strip,high,False,
purple onion,red onion,1896,exact_alias,high,False,
scallions,green onion,1891,exact_alias,high,False,
grated parmesan cheese,parmesan cheese,1885,leading_descriptor_removed,medium,False,
sesame oil,sesame oil,1773,exact_alias,high,False,
corn starch,corn starch,1757,lowercase_ascii_punct_strip,high,False,
ginger,ginger,1755,lowercase_ascii_punct_strip,high,False,
baking powder,baking powder,1738,lowercase_ascii_punct_strip,high,False,
jalapeno chilies,jalapeno chile,1730,exact_alias,high,False,
dried oregano,oregano,1706,leading_descriptor_removed,medium,False,
chopped cilantro fresh,cilantro fresh,1698,leading_descriptor_removed,medium,False,
fresh lemon juice,lemon juice,1679,leading_descriptor_removed,medium,False,
diced tomatoes,tomatoe,1623,leading_descriptor_removed;plural_singularized,medium,False,
fresh parsley,parsley,1604,exact_alias,high,False,
minced garlic,garlic,1583,exact_alias,high,False,
chicken broth,chicken broth,1554,lowercase_ascii_punct_strip,high,False,
sour cream,sour cream,1538,lowercase_ascii_punct_strip,high,False,
cayenne pepper,cayenne pepper,1523,lowercase_ascii_punct_strip,high,False,
brown sugar,brown sugar,1503,lowercase_ascii_punct_strip,high,False,
fresh ginger,ginger,1503,leading_descriptor_removed,medium,False,
cooking spray,cooking spray,1490,lowercase_ascii_punct_strip,high,False,
shallots,shallot,1477,plural_singularized,high,False,
garlic powder,garlic powder,1442,lowercase_ascii_punct_strip,high,False,
lime,lime,1439,lowercase_ascii_punct_strip,high,False,
lemon juice,lemon juice,1394,lowercase_ascii_punct_strip,high,False,
fresh lime juice,lime juice,1368,leading_descriptor_removed,medium,False,
flour,flour,1348,exact_alias,high,False,
honey,honey,1299,lowercase_ascii_punct_strip,high,False,
vanilla extract,vanilla extract,1298,lowercase_ascii_punct_strip,high,False,
paprika,paprika,1287,lowercase_ascii_punct_strip,high,False,
chopped onion,onion,1250,leading_descriptor_removed,medium,False,
fish sauce,fish sauce,1247,lowercase_ascii_punct_strip,high,False,
ground cinnamon,cinnamon,1231,leading_descriptor_removed,medium,False,
avocado,avocado,1228,lowercase_ascii_punct_strip,high,False,
canola oil,oil,1223,exact_alias;universal_flag,high,True,
dry white wine,dry white wine,1218,lowercase_ascii_punct_strip,high,False,
lemon,lemon,1218,lowercase_ascii_punct_strip,high,False,
rice vinegar,rice vinegar,1204,lowercase_ascii_punct_strip,high,False,
yellow onion,onion,1184,exact_alias,high,False,
green bell pepper,green bell pepper,1180,lowercase_ascii_punct_strip,high,False,
cilantro leaves,cilantro,1160,exact_alias,high,False,
tomato paste,tomato paste,1158,lowercase_ascii_punct_strip,high,False,
heavy cream,heavy cream,1146,lowercase_ascii_punct_strip,high,False,
cilantro,cilantro,1142,lowercase_ascii_punct_strip,high,False,
fresh basil,basil,1137,leading_descriptor_removed,medium,False,
boneless skinless chicken breasts,chicken breast,1111,exact_alias,high,False,
flat leaf parsley,parsley,1094,exact_alias,high,False,
white sugar,sugar,1093,exact_alias;universal_flag,high,True,
lime juice,lime juice,1072,lowercase_ascii_punct_strip,high,False,
chicken stock,chicken stock,1039,lowercase_ascii_punct_strip,high,False,
bay leaves,bay leave,1036,plural_singularized,high,False,
potatoes,potatoe,1018,plural_singularized,high,False,
chicken,chicken,982,lowercase_ascii_punct_strip,high,False,
corn tortillas,corn tortilla,965,plural_singularized,high,False,
salsa,salsa,963,lowercase_ascii_punct_strip,high,False,
cumin,cumin,953,lowercase_ascii_punct_strip,high,False,
ground turmeric,turmeric,949,leading_descriptor_removed,medium,False,
freshly ground pepper,black pepper,949,exact_alias;universal_flag,high,True,
baking soda,baking soda,942,lowercase_ascii_punct_strip,high,False,
sea salt,salt,940,exact_alias;universal_flag,high,True,
cumin seed,cumin seed,935,lowercase_ascii_punct_strip,high,False,
garam masala,garam masala,925,lowercase_ascii_punct_strip,high,False,
shrimp,shrimp,912,lowercase_ascii_punct_strip,high,False,
black beans,black bean,896,plural_singularized,high,False,
zucchini,zucchini,892,lowercase_ascii_punct_strip,high,False,
ground beef,ground beef,877,exact_alias,high,False,
dried thyme,thyme,873,leading_descriptor_removed,medium,False,
large garlic cloves,garlic,873,leading_descriptor_removed;plural_singularized,medium,False,
flour tortillas,flour tortilla,865,plural_singularized,high,False,
tomato sauce,tomato sauce,865,lowercase_ascii_punct_strip,high,False,
buttermilk,buttermilk,863,lowercase_ascii_punct_strip,high,False,
plum tomatoes,plum tomato,858,exact_alias,high,False,
coconut milk,coconut milk,854,lowercase_ascii_punct_strip,high,False,
granulated sugar,sugar,849,exact_alias;universal_flag,high,True,
fresh cilantro,cilantro,841,exact_alias,high,False,
bay leaf,bay leaf,839,lowercase_ascii_punct_strip,high,False,
celery,celery,837,lowercase_ascii_punct_strip,high,False,
crushed red pepper,red pepper,825,leading_descriptor_removed,medium,False,
chopped cilantro,cilantro,796,leading_descriptor_removed,medium,False,
chicken breasts,chicken breast,793,exact_alias,high,False,
mayonaise,mayonnaise,781,exact_alias,high,False,
shredded cheddar cheese,cheddar cheese,769,leading_descriptor_removed,medium,False,
cucumber,cucumber,768,lowercase_ascii_punct_strip,high,False,
ground coriander,coriander,768,leading_descriptor_removed,medium,False,
green chilies,green chile,768,exact_alias,high,False,
whole milk,milk,764,leading_descriptor_removed,medium,False,
red wine vinegar,red wine vinegar,752,lowercase_ascii_punct_strip,high,False,
tumeric,tumeric,738,lowercase_ascii_punct_strip,high,False,
cinnamon,cinnamon,696,lowercase_ascii_punct_strip,high,False,
curry powder,curry powder,694,lowercase_ascii_punct_strip,high,False,
worcestershire sauce,worcestershire sauce,688,lowercase_ascii_punct_strip,high,False,
white onion,onion,684,exact_alias,high,False,
ground ginger,ginger,678,leading_descriptor_removed,medium,False,
sesame seeds,sesame seed,676,plural_singularized,high,False,
hot sauce,sauce,674,leading_descriptor_removed,medium,False,
red pepper flakes,red pepper flake,669,plural_singularized,high,False,
cinnamon sticks,cinnamon stick,646,plural_singularized,high,False,
red chili peppers,red chili pepper,644,plural_singularized,high,False,
bacon,bacon,620,lowercase_ascii_punct_strip,high,False,
whipping cream,whipping cream,619,lowercase_ascii_punct_strip,high,False,
boneless skinless chicken breast halves,chicken breast,618,exact_alias,high,False,
peanut oil,peanut oil,610,exact_alias,high,False,
ground nutmeg,nutmeg,605,leading_descriptor_removed,medium,False,
clove,clove,600,lowercase_ascii_punct_strip,high,False,
parmesan cheese,parmesan cheese,591,lowercase_ascii_punct_strip,high,False,
dried basil,basil,585,leading_descriptor_removed,medium,False,
peeled fresh ginger,fresh ginger,582,leading_descriptor_removed,medium,False,
mushrooms,mushroom,578,plural_singularized,high,False,
coarse salt,salt,578,exact_alias;universal_flag,high,True,
warm water,warm water,577,lowercase_ascii_punct_strip,high,False,
large egg yolks,egg yolk,575,leading_descriptor_removed;plural_singularized,medium,False,
balsamic vinegar,balsamic vinegar,574,lowercase_ascii_punct_strip,high,False,
celery ribs,celery rib,567,plural_singularized,high,False,
cream cheese,cream cheese,562,lowercase_ascii_punct_strip,high,False,
white vinegar,white vinegar,554,lowercase_ascii_punct_strip,high,False,
egg yolks,egg yolk,542,exact_alias,high,False,
capers,caper,541,plural_singularized,high,False,
ground red pepper,red pepper,538,leading_descriptor_removed,medium,False,
onion powder,onion powder,528,lowercase_ascii_punct_strip,high,False,
dijon mustard,dijon mustard,513,lowercase_ascii_punct_strip,high,False,
rice,rice,509,lowercase_ascii_punct_strip,high,False,
cold water,cold water,506,lowercase_ascii_punct_strip,high,False,
crushed red pepper flakes,red pepper flake,505,leading_descriptor_removed;plural_singularized,medium,False,
mirin,mirin,503,lowercase_ascii_punct_strip,high,False,
fresh basil leaves,basil leave,502,leading_descriptor_removed;plural_singularized,medium,False,
eggplant,eggplant,501,lowercase_ascii_punct_strip,high,False,
powdered sugar,powdered sugar,501,lowercase_ascii_punct_strip,high,False,
large egg whites,egg white,485,leading_descriptor_removed;plural_singularized,medium,False,
cooking oil,oil,483,exact_alias;universal_flag,high,True,
lime wedges,lime wedge,482,plural_singularized,high,False,
shredded mozzarella cheese,mozzarella cheese,474,leading_descriptor_removed,medium,False,
ground pork,pork,473,leading_descriptor_removed,medium,False,
fat free less sodium chicken broth,fat free less sodium chicken broth,473,lowercase_ascii_punct_strip,high,False,
sliced green onions,green onion,472,leading_descriptor_removed;plural_singularized,medium,False,
cayenne,cayenne,470,lowercase_ascii_punct_strip,high,False,
mozzarella cheese,mozzarella cheese,467,lowercase_ascii_punct_strip,high,False,
medium shrimp,shrimp,461,leading_descriptor_removed,medium,False,
raisins,raisin,460,plural_singularized,high,False,
red pepper,red pepper,459,lowercase_ascii_punct_strip,high,False,
sauce,sauce,458,lowercase_ascii_punct_strip,high,False,
coriander,coriander,458,lowercase_ascii_punct_strip,high,False,
finely chopped onion,finely chopped onion,457,lowercase_ascii_punct_strip,high,False,
oyster sauce,oyster sauce,455,lowercase_ascii_punct_strip,high,False,
sweet potatoes,potatoe,455,leading_descriptor_removed;plural_singularized,medium,False,
beansprouts,beansprout,454,plural_singularized,high,False,
egg whites,egg white,453,exact_alias,high,False,
crushed tomatoes,tomatoe,453,leading_descriptor_removed;plural_singularized,medium,False,
black peppercorns,black peppercorn,453,plural_singularized,high,False,
cheese,cheese,447,lowercase_ascii_punct_strip,high,False,
fresh rosemary,rosemary,442,leading_descriptor_removed,medium,False,
oregano,oregano,440,lowercase_ascii_punct_strip,high,False,
white pepper,white pepper,439,lowercase_ascii_punct_strip,high,False,
cherry tomatoes,cherry tomatoe,436,plural_singularized,high,False,
leeks,leek,435,plural_singularized,high,False,
ketchup,ketchup,432,lowercase_ascii_punct_strip,high,False,
hoisin sauce,hoisin sauce,429,lowercase_ascii_punct_strip,high,False,
chopped celery,celery,426,leading_descriptor_removed,medium,False,
low sodium soy sauce,soy sauce,425,leading_descriptor_removed,medium,False,
cheddar cheese,cheddar cheese,424,lowercase_ascii_punct_strip,high,False,
light brown sugar,brown sugar,422,leading_descriptor_removed,medium,False,
fresh mint,mint,416,leading_descriptor_removed,medium,False,
cabbage,cabbage,416,lowercase_ascii_punct_strip,high,False,
large shrimp,shrimp,414,leading_descriptor_removed,medium,False,
vegetable broth,vegetable broth,409,lowercase_ascii_punct_strip,high,False,
cracked black pepper,cracked black pepper,408,lowercase_ascii_punct_strip,high,False,
spring onions,green onion,407,exact_alias,high,False,
peanuts,peanut,406,plural_singularized,high,False,
chickpeas,chickpea,402,plural_singularized,high,False,
italian seasoning,italian seasoning,395,lowercase_ascii_punct_strip,high,False,
coriander seeds,coriander seed,395,plural_singularized,high,False,
confectioners sugar,confectioners sugar,395,lowercase_ascii_punct_strip,high,False,
fresh oregano,oregano,393,leading_descriptor_removed,medium,False,
bell pepper,bell pepper,387,lowercase_ascii_punct_strip,high,False,
lean ground beef,ground beef,387,leading_descriptor_removed,medium,False,
cooked rice,rice,387,leading_descriptor_removed,medium,False,
low salt chicken broth,low salt chicken broth,385,lowercase_ascii_punct_strip,high,False,
ground pepper,black pepper,385,exact_alias;universal_flag,high,True,
frozen peas,pea,383,leading_descriptor_removed;plural_singularized,medium,False,
beef broth,beef broth,381,lowercase_ascii_punct_strip,high,False,
active dry yeast,active dry yeast,377,lowercase_ascii_punct_strip,high,False,
cajun seasoning,cajun seasoning,376,lowercase_ascii_punct_strip,high,False,
chopped fresh thyme,fresh thyme,375,leading_descriptor_removed,medium,False,
green pepper,green pepper,373,lowercase_ascii_punct_strip,high,False,
ground cloves,clove,371,leading_descriptor_removed;plural_singularized,medium,False,
cornmeal,cornmeal,368,lowercase_ascii_punct_strip,high,False,
white wine,white wine,367,lowercase_ascii_punct_strip,high,False,
spinach,spinach,366,lowercase_ascii_punct_strip,high,False,
ground allspice,allspice,364,leading_descriptor_removed,medium,False,
plain yogurt,plain yogurt,364,lowercase_ascii_punct_strip,high,False,
lemongrass,lemongrass,364,lowercase_ascii_punct_strip,high,False,
thyme,thyme,361,lowercase_ascii_punct_strip,high,False,
feta cheese crumbles,feta cheese crumble,358,plural_singularized,high,False,
hot water,water,356,leading_descriptor_removed;universal_flag,medium,True,
toasted sesame oil,toasted sesame oil,355,lowercase_ascii_punct_strip,high,False,
orange,orange,355,lowercase_ascii_punct_strip,high,False,
parmigiano reggiano cheese,parmigiano reggiano cheese,353,lowercase_ascii_punct_strip,high,False,
long-grain rice,long-grain rice,353,lowercase_ascii_punct_strip,high,False,
white wine vinegar,white wine vinegar,352,lowercase_ascii_punct_strip,high,False,
ricotta cheese,ricotta cheese,352,lowercase_ascii_punct_strip,high,False,
fennel seeds,fennel seed,352,plural_singularized,high,False,
boiling water,boiling water,350,lowercase_ascii_punct_strip,high,False,
ground white pepper,white pepper,348,leading_descriptor_removed,medium,False,
cider vinegar,cider vinegar,348,lowercase_ascii_punct_strip,high,False,
pinenuts,pinenut,348,plural_singularized,high,False,
light soy sauce,soy sauce,347,leading_descriptor_removed,medium,False,
smoked paprika,smoked paprika,345,lowercase_ascii_punct_strip,high,False,
fresh thyme,thyme,345,leading_descriptor_removed,medium,False,
sake,sake,345,lowercase_ascii_punct_strip,high,False,
parsley,parsley,345,lowercase_ascii_punct_strip,high,False,
chopped garlic,garlic,345,leading_descriptor_removed,medium,False,
boneless chicken skinless thigh,chicken skinless thigh,343,leading_descriptor_removed,medium,False,
spaghetti,spaghetti,342,lowercase_ascii_punct_strip,high,False,
grated lemon zest,lemon zest,342,leading_descriptor_removed,medium,False,
yellow corn meal,yellow corn meal,341,lowercase_ascii_punct_strip,high,False,
green beans,green bean,341,plural_singularized,high,False,
chile pepper,chile pepper,340,lowercase_ascii_punct_strip,high,False,
low sodium chicken broth,chicken broth,339,leading_descriptor_removed,medium,False,
fresh ginger root,ginger root,338,leading_descriptor_removed,medium,False,
orange juice,orange juice,338,lowercase_ascii_punct_strip,high,False,
half & half,half and half,337,lowercase_ascii_punct_strip,high,False,
chicken thighs,chicken thigh,336,exact_alias,high,False,
sweet onion,onion,336,leading_descriptor_removed,medium,False,
chopped parsley,parsley,333,leading_descriptor_removed,medium,False,
shiitake,shiitake,331,lowercase_ascii_punct_strip,high,False,
corn,corn,329,lowercase_ascii_punct_strip,high,False,
basmati rice,basmati rice,326,lowercase_ascii_punct_strip,high,False,
tomatillos,tomatillo,322,plural_singularized,high,False,
chiles,chile,321,plural_singularized,high,False,
pasta,pasta,321,lowercase_ascii_punct_strip,high,False,
dark brown sugar,brown sugar,319,leading_descriptor_removed,medium,False,
chopped fresh mint,fresh mint,317,leading_descriptor_removed,medium,False,
vinegar,vinegar,316,lowercase_ascii_punct_strip,high,False,
shredded Monterey Jack cheese,monterey jack cheese,314,leading_descriptor_removed,medium,False,
mustard seeds,mustard seed,313,plural_singularized,high,False,
dark soy sauce,soy sauce,312,leading_descriptor_removed,medium,False,
vanilla,vanilla,311,lowercase_ascii_punct_strip,high,False,
dry red wine,dry red wine,309,lowercase_ascii_punct_strip,high,False,
ghee,ghee,307,lowercase_ascii_punct_strip,high,False,
bread crumbs,bread crumb,306,plural_singularized,high,False,
hot pepper sauce,pepper sauce,306,leading_descriptor_removed,medium,False,
green chile,green chile,302,lowercase_ascii_punct_strip,high,False,
tortilla chips,tortilla chip,302,plural_singularized,high,False,
pork,pork,300,lowercase_ascii_punct_strip,high,False,
serrano chile,serrano chile,299,lowercase_ascii_punct_strip,high,False,
Sriracha,sriracha,298,lowercase_ascii_punct_strip,high,False,
chopped tomatoes,tomatoe,298,leading_descriptor_removed;plural_singularized,medium,False,
enchilada sauce,enchilada sauce,295,lowercase_ascii_punct_strip,high,False,
cooked chicken,chicken,295,leading_descriptor_removed,medium,False,
toasted sesame seeds,toasted sesame seed,294,plural_singularized,high,False,
arborio rice,arborio rice,292,lowercase_ascii_punct_strip,high,False,
yellow bell pepper,yellow bell pepper,291,lowercase_ascii_punct_strip,high,False,
dry bread crumbs,dry bread crumb,287,plural_singularized,high,False,
fresh parmesan cheese,parmesan cheese,286,leading_descriptor_removed,medium,False,
fine sea salt,salt,285,leading_descriptor_removed;universal_flag,medium,True,
fresh coriander,cilantro,285,exact_alias,high,False,
prosciutto,prosciutto,284,lowercase_ascii_punct_strip,high,False,
radishes,radishe,282,plural_singularized,high,False,
basil,basil,282,lowercase_ascii_punct_strip,high,False,
garlic paste,garlic,282,exact_alias,high,False,
chopped pecans,pecan,282,leading_descriptor_removed;plural_singularized,medium,False,
corn kernels,corn kernel,280,plural_singularized,high,False,
juice,juice,280,lowercase_ascii_punct_strip,high,False,
long grain white rice,long grain white rice,277,lowercase_ascii_punct_strip,high,False,
saffron threads,saffron thread,277,plural_singularized,high,False,
creole seasoning,creole seasoning,276,lowercase_ascii_punct_strip,high,False,
melted butter,melted butter,276,lowercase_ascii_punct_strip,high,False,
beef,beef,273,lowercase_ascii_punct_strip,high,False,
fresh mushrooms,mushroom,272,leading_descriptor_removed;plural_singularized,medium,False,
taco seasoning,taco seasoning,271,lowercase_ascii_punct_strip,high,False,
sweetened condensed milk,sweetened condensed milk,271,lowercase_ascii_punct_strip,high,False,
baguette,baguette,270,lowercase_ascii_punct_strip,high,False,
romaine lettuce,romaine lettuce,270,lowercase_ascii_punct_strip,high,False,
chopped green bell pepper,green bell pepper,268,leading_descriptor_removed,medium,False,
okra,okra,268,lowercase_ascii_punct_strip,high,False,
apple cider vinegar,apple cider vinegar,268,lowercase_ascii_punct_strip,high,False,
feta cheese,feta cheese,268,lowercase_ascii_punct_strip,high,False,
mango,mango,268,lowercase_ascii_punct_strip,high,False,
basil leaves,basil leave,267,plural_singularized,high,False,
andouille sausage,andouille sausage,267,lowercase_ascii_punct_strip,high,False,
russet potatoes,russet potatoe,266,plural_singularized,high,False,
unsweetened cocoa powder,unsweetened cocoa powder,266,lowercase_ascii_punct_strip,high,False,
pasta sauce,pasta sauce,266,lowercase_ascii_punct_strip,high,False,
Shaoxing wine,shaoxing wine,264,lowercase_ascii_punct_strip,high,False,
peaches,peache,263,plural_singularized,high,False,
rice noodles,rice noodle,263,plural_singularized,high,False,
mint leaves,mint leave,263,plural_singularized,high,False,
vegetable oil cooking spray,vegetable oil cooking spray,260,lowercase_ascii_punct_strip,high,False,
star anise,star anise,259,lowercase_ascii_punct_strip,high,False,
cream,cream,258,lowercase_ascii_punct_strip,high,False,
flank steak,flank steak,258,lowercase_ascii_punct_strip,high,False,
baby spinach,baby spinach,257,lowercase_ascii_punct_strip,high,False,
dry sherry,dry sherry,256,lowercase_ascii_punct_strip,high,False,
chinese five-spice powder,chinese five-spice powder,253,lowercase_ascii_punct_strip,high,False,
refried beans,refried bean,250,plural_singularized,high,False,
lemon zest,lemon zest,249,lowercase_ascii_punct_strip,high,False,
linguine,linguine,248,lowercase_ascii_punct_strip,high,False,
white rice,white rice,248,lowercase_ascii_punct_strip,high,False,
yoghurt,yoghurt,247,lowercase_ascii_punct_strip,high,False,
coriander powder,coriander powder,246,lowercase_ascii_punct_strip,high,False,
sliced mushrooms,mushroom,244,leading_descriptor_removed;plural_singularized,medium,False,
fresh dill,dill,243,leading_descriptor_removed,medium,False,
diced onions,onion,242,leading_descriptor_removed;plural_singularized,medium,False,
garlic salt,garlic salt,240,lowercase_ascii_punct_strip,high,False,
golden raisins,golden raisin,240,plural_singularized,high,False,
roasted red peppers,roasted red pepper,238,plural_singularized,high,False,
ground cardamom,cardamom,237,leading_descriptor_removed,medium,False,
nutmeg,nutmeg,237,lowercase_ascii_punct_strip,high,False,
monterey jack,monterey jack,234,lowercase_ascii_punct_strip,high,False,
grated nutmeg,nutmeg,234,leading_descriptor_removed,medium,False,
greek yogurt,greek yogurt,233,lowercase_ascii_punct_strip,high,False,
asparagus,asparagus,230,brand_term_present,medium,False,Brand term present `ragu`
fresh spinach,spinach,230,leading_descriptor_removed,medium,False,
red wine,red wine,229,lowercase_ascii_punct_strip,high,False,
marinara sauce,marinara sauce,229,lowercase_ascii_punct_strip,high,False,
black olives,black olive,229,plural_singularized,high,False,
shortening,shortening,229,lowercase_ascii_punct_strip,high,False,
pork tenderloin,pork tenderloin,228,lowercase_ascii_punct_strip,high,False,
grape tomatoes,grape tomatoe,228,plural_singularized,high,False,
roma tomatoes,roma tomatoe,227,plural_singularized,high,False,
chopped fresh chives,fresh chive,227,leading_descriptor_removed;plural_singularized,medium,False,
part-skim mozzarella cheese,part-skim mozzarella cheese,227,lowercase_ascii_punct_strip,high,False,
napa cabbage,napa cabbage,226,lowercase_ascii_punct_strip,high,False,
lemon wedge,lemon wedge,225,lowercase_ascii_punct_strip,high,False,
noodles,noodle,225,plural_singularized,high,False,
bananas,banana,224,plural_singularized,high,False,
thai chile,thai chile,223,lowercase_ascii_punct_strip,high,False,
tortillas,tortilla,222,plural_singularized,high,False,
ham,ham,222,lowercase_ascii_punct_strip,high,False,
coconut oil,coconut oil,221,lowercase_ascii_punct_strip,high,False,
cauliflower,cauliflower,221,lowercase_ascii_punct_strip,high,False,
rice wine,rice wine,221,lowercase_ascii_punct_strip,high,False,
red chili powder,red chile powder,220,exact_alias,high,False,
margarine,margarine,220,lowercase_ascii_punct_strip,high,False,
broccoli,broccoli,220,lowercase_ascii_punct_strip,high,False,
curry leaves,curry leave,219,plural_singularized,high,False,
strawberries,strawberry,219,plural_singularized,high,False,
yukon gold potatoes,yukon gold potatoe,218,plural_singularized,high,False,
cashew nuts,cashew nut,218,plural_singularized,high,False,
tomato purée,tomato puree,217,lowercase_ascii_punct_strip,high,False,
heavy whipping cream,heavy whipping cream,216,lowercase_ascii_punct_strip,high,False,
salt and ground black pepper,salt and ground black pepper,215,lowercase_ascii_punct_strip,high,False,
cilantro sprigs,cilantro sprig,215,plural_singularized,high,False,
bacon slices,bacon slice,212,plural_singularized,high,False,
green peas,green pea,212,plural_singularized,high,False,
lasagna noodles,lasagna noodle,209,plural_singularized,high,False,
thyme sprigs,thyme sprig,209,plural_singularized,high,False,
fresh orange juice,orange juice,209,leading_descriptor_removed,medium,False,
green cabbage,green cabbage,208,lowercase_ascii_punct_strip,high,False,
evaporated milk,evaporated milk,208,lowercase_ascii_punct_strip,high,False,
firm tofu,firm tofu,207,lowercase_ascii_punct_strip,high,False,
saffron,saffron,206,lowercase_ascii_punct_strip,high,False,
chives,chive,206,plural_singularized,high,False,
baking potatoes,baking potatoe,206,plural_singularized,high,False,
frozen chopped spinach,chopped spinach,206,leading_descriptor_removed,medium,False,
fennel bulb,fennel bulb,205,lowercase_ascii_punct_strip,high,False,
red potato,red potato,205,lowercase_ascii_punct_strip,high,False,
pitted kalamata olives,pitted kalamata olive,204,plural_singularized,high,False,
cannellini beans,cannellini bean,203,plural_singularized,high,False,
beer,beer,202,lowercase_ascii_punct_strip,high,False,
brown rice,brown rice,202,lowercase_ascii_punct_strip,high,False,
dark sesame oil,sesame oil,201,leading_descriptor_removed,medium,False,
bourbon whiskey,bourbon whiskey,199,lowercase_ascii_punct_strip,high,False,
minced ginger,ginger,198,leading_descriptor_removed,medium,False,
vegetables,vegetable,197,plural_singularized,high,False,
black-eyed peas,black-eyed pea,196,plural_singularized,high,False,
kalamata,kalamata,196,lowercase_ascii_punct_strip,high,False,
water chestnuts,water chestnut,195,plural_singularized,high,False,
almonds,almond,194,plural_singularized,high,False,
bread flour,bread flour,193,lowercase_ascii_punct_strip,high,False,
chipotles in adobo,chipotles in adobo,193,lowercase_ascii_punct_strip,high,False,
self rising flour,self rising flour,193,lowercase_ascii_punct_strip,high,False,
1% low-fat milk,1 low-fat milk,193,lowercase_ascii_punct_strip,high,False,
peas,pea,193,plural_singularized,high,False,
french bread,french bread,192,lowercase_ascii_punct_strip,high,False,
vegetable stock,vegetable stock,192,lowercase_ascii_punct_strip,high,False,
unsweetened coconut milk,unsweetened coconut milk,191,lowercase_ascii_punct_strip,high,False,
broccoli florets,broccoli floret,190,plural_singularized,high,False,
fresh thyme leaves,thyme leave,190,leading_descriptor_removed;plural_singularized,medium,False,
minced onion,onion,189,leading_descriptor_removed,medium,False,
lettuce leaves,lettuce leave,189,plural_singularized,high,False,
anchovy fillets,anchovy fillet,189,plural_singularized,high,False,
couscous,couscous,189,lowercase_ascii_punct_strip,high,False,
english cucumber,english cucumber,189,lowercase_ascii_punct_strip,high,False,
sliced almonds,almond,187,leading_descriptor_removed;plural_singularized,medium,False,
chili,chile,187,exact_alias,high,False,
guacamole,guacamole,185,lowercase_ascii_punct_strip,high,False,
sausages,sausage,185,plural_singularized,high,False,
grits,grit,184,plural_singularized,high,False,
Tabasco Pepper Sauce,tabasco pepper sauce,184,lowercase_ascii_punct_strip,high,False,
snow peas,snow pea,183,plural_singularized,high,False,
reduced sodium chicken broth,chicken broth,183,leading_descriptor_removed,medium,False,
lettuce,lettuce,183,lowercase_ascii_punct_strip,high,False,
grated lemon peel,lemon peel,181,leading_descriptor_removed,medium,False,
taco seasoning mix,taco seasoning mix,181,lowercase_ascii_punct_strip,high,False,
all purpose unbleached flour,all purpose unbleached flour,179,lowercase_ascii_punct_strip,high,False,
cake flour,cake flour,179,lowercase_ascii_punct_strip,high,False,
whole wheat flour,wheat flour,179,leading_descriptor_removed,medium,False,
coconut,coconut,178,lowercase_ascii_punct_strip,high,False,
penne pasta,penne pasta,178,lowercase_ascii_punct_strip,high,False,
thai basil,thai basil,178,lowercase_ascii_punct_strip,high,False,
pancetta,pancetta,177,lowercase_ascii_punct_strip,high,False,
arugula,arugula,177,lowercase_ascii_punct_strip,high,False,
green olives,green olive,177,plural_singularized,high,False,
shredded lettuce,lettuce,175,leading_descriptor_removed,medium,False,
frozen corn,corn,175,leading_descriptor_removed,medium,False,
stewed tomatoes,stewed tomatoe,175,plural_singularized,high,False,
bread,bread,175,lowercase_ascii_punct_strip,high,False,
mussels,mussel,175,plural_singularized,high,False,
butternut squash,butternut squash,174,lowercase_ascii_punct_strip,high,False,
dried rosemary,rosemary,173,leading_descriptor_removed,medium,False,
almond extract,almond extract,173,lowercase_ascii_punct_strip,high,False,
Mexican cheese blend,mexican cheese blend,173,lowercase_ascii_punct_strip,high,False,
hot red pepper flakes,red pepper flake,171,leading_descriptor_removed;plural_singularized,medium,False,
spices,spice,171,plural_singularized,high,False,
pinto beans,pinto bean,171,plural_singularized,high,False,
bread crumb fresh,bread crumb fresh,170,lowercase_ascii_punct_strip,high,False,
dried parsley,parsley,169,leading_descriptor_removed,medium,False,
pure vanilla extract,pure vanilla extract,169,lowercase_ascii_punct_strip,high,False,
brandy,brandy,169,lowercase_ascii_punct_strip,high,False,
goat cheese,goat cheese,169,lowercase_ascii_punct_strip,high,False,
ground turkey,turkey,168,leading_descriptor_removed,medium,False,
vanilla beans,vanilla bean,167,plural_singularized,high,False,
slivered almonds,slivered almond,167,plural_singularized,high,False,
collard greens,collard green,167,plural_singularized,high,False,
shredded sharp cheddar cheese,sharp cheddar cheese,167,leading_descriptor_removed,medium,False,
apples,apple,165,plural_singularized,high,False,
semisweet chocolate,semisweet chocolate,164,lowercase_ascii_punct_strip,high,False,
ice water,ice water,164,lowercase_ascii_punct_strip,high,False,
iceberg lettuce,iceberg lettuce,164,lowercase_ascii_punct_strip,high,False,
provolone cheese,provolone cheese,164,lowercase_ascii_punct_strip,high,False,
mint,mint,163,lowercase_ascii_punct_strip,high,False,
button mushrooms,button mushroom,163,plural_singularized,high,False,
sliced black olives,black olive,161,leading_descriptor_removed;plural_singularized,medium,False,
sun-dried tomatoes,sun-dried tomatoe,161,plural_singularized,high,False,
sherry vinegar,sherry vinegar,160,lowercase_ascii_punct_strip,high,False,
salmon fillets,salmon fillet,159,plural_singularized,high,False,
kidney beans,kidney bean,159,plural_singularized,high,False,
cream of tartar,cream of tartar,159,lowercase_ascii_punct_strip,high,False,
light corn syrup,corn syrup,159,leading_descriptor_removed,medium,False,
beef stock,beef stock,159,lowercase_ascii_punct_strip,high,False,
fettucine,fettucine,159,lowercase_ascii_punct_strip,high,False,
chili flakes,chili flake,158,plural_singularized,high,False,
wonton wrappers,wonton wrapper,158,plural_singularized,high,False,
asian fish sauce,asian fish sauce,158,lowercase_ascii_punct_strip,high,False,
shredded cheese,cheese,157,leading_descriptor_removed,medium,False,
kale,kale,157,lowercase_ascii_punct_strip,high,False,
reduced sodium soy sauce,soy sauce,157,leading_descriptor_removed,medium,False,
lard,lard,157,lowercase_ascii_punct_strip,high,False,
pecorino romano cheese,pecorino romano cheese,157,lowercase_ascii_punct_strip,high,False,
shredded carrots,carrot,156,leading_descriptor_removed;plural_singularized,medium,False,
roasted peanuts,roasted peanut,156,plural_singularized,high,False,
light coconut milk,coconut milk,156,leading_descriptor_removed,medium,False,
olives,olive,155,plural_singularized,high,False,
poblano chiles,poblano chile,155,plural_singularized,high,False,
plain flour,all-purpose flour,154,exact_alias,high,False,
cardamom pods,cardamom pod,154,plural_singularized,high,False,
sharp cheddar cheese,sharp cheddar cheese,154,lowercase_ascii_punct_strip,high,False,
chicken breast halves,chicken breast,152,exact_alias,high,False,
jasmine rice,jasmine rice,152,lowercase_ascii_punct_strip,high,False,
orange zest,orange zest,152,lowercase_ascii_punct_strip,high,False,
dry mustard,dry mustard,152,lowercase_ascii_punct_strip,high,False,
chipotle chile,chipotle chile,150,lowercase_ascii_punct_strip,high,False,
daikon,daikon,150,lowercase_ascii_punct_strip,high,False,
grated orange,orange,149,leading_descriptor_removed,medium,False,
mascarpone,mascarpone,149,lowercase_ascii_punct_strip,high,False,
fresh tomatoes,tomato,148,exact_alias,high,False,
polenta,polenta,148,lowercase_ascii_punct_strip,high,False,
garbanzo beans,garbanzo bean,148,plural_singularized,high,False,
chili sauce,chili sauce,147,lowercase_ascii_punct_strip,high,False,
boneless chicken breast,chicken breast,146,leading_descriptor_removed,medium,False,
cooked white rice,white rice,145,leading_descriptor_removed,medium,False,
crème fraîche,creme fraiche,145,lowercase_ascii_punct_strip,high,False,
pecans,pecan,144,plural_singularized,high,False,
panko breadcrumbs,panko breadcrumb,144,plural_singularized,high,False,
peppercorns,peppercorn,144,plural_singularized,high,False,
ancho chile pepper,ancho chile pepper,143,lowercase_ascii_punct_strip,high,False,
"cream cheese, soften",cream cheese soften,143,lowercase_ascii_punct_strip,high,False,
Gochujang base,gochujang base,142,lowercase_ascii_punct_strip,high,False,
szechwan peppercorns,szechwan peppercorn,142,plural_singularized,high,False,
fresh tarragon,tarragon,142,leading_descriptor_removed,medium,False,
queso fresco,queso fresco,141,lowercase_ascii_punct_strip,high,False,
bittersweet chocolate,bittersweet chocolate,140,lowercase_ascii_punct_strip,high,False,
parsley sprigs,parsley sprig,140,plural_singularized,high,False,
smoked sausage,smoked sausage,139,lowercase_ascii_punct_strip,high,False,
cotija,cotija,139,lowercase_ascii_punct_strip,high,False,
ground cayenne pepper,cayenne pepper,139,leading_descriptor_removed,medium,False,
cremini mushrooms,cremini mushroom,138,plural_singularized,high,False,
vegetable shortening,vegetable shortening,138,lowercase_ascii_punct_strip,high,False,
italian sausage,italian sausage,137,lowercase_ascii_punct_strip,high,False,
meat,meat,137,lowercase_ascii_punct_strip,high,False,
seasoning,seasoning,137,lowercase_ascii_punct_strip,high,False,
lime zest,lime zest,137,lowercase_ascii_punct_strip,high,False,
bamboo shoots,bamboo shoot,137,plural_singularized,high,False,
extra firm tofu,firm tofu,137,leading_descriptor_removed,medium,False,
tofu,tofu,136,lowercase_ascii_punct_strip,high,False,
ground lamb,lamb,136,leading_descriptor_removed,medium,False,
artichoke hearts,artichoke heart,135,plural_singularized,high,False,
salsa verde,salsa verde,135,lowercase_ascii_punct_strip,high,False,
pork shoulder,pork shoulder,135,lowercase_ascii_punct_strip,high,False,
pimentos,pimento,134,plural_singularized,high,False,
red cabbage,red cabbage,134,lowercase_ascii_punct_strip,high,False,
sweet paprika,paprika,134,leading_descriptor_removed,medium,False,
fat free milk,fat free milk,134,lowercase_ascii_punct_strip,high,False,
chicken wings,chicken wing,133,plural_singularized,high,False,
kaffir lime leaves,kaffir lime leave,133,plural_singularized,high,False,
tequila,tequila,133,lowercase_ascii_punct_strip,high,False,
non-fat sour cream,non-fat sour cream,133,lowercase_ascii_punct_strip,high,False,
dried apricot,apricot,133,leading_descriptor_removed,medium,False,
fresh parsley leaves,parsley leave,132,leading_descriptor_removed;plural_singularized,medium,False,
chinese rice wine,chinese rice wine,131,lowercase_ascii_punct_strip,high,False,
mint sprigs,mint sprig,131,plural_singularized,high,False,
seasoning salt,seasoning salt,131,lowercase_ascii_punct_strip,high,False,
white bread,white bread,130,lowercase_ascii_punct_strip,high,False,
seeds,seed,130,plural_singularized,high,False,
rice flour,rice flour,130,lowercase_ascii_punct_strip,high,False,
caster sugar,sugar,130,exact_alias;universal_flag,high,True,
ice cubes,ice cube,130,plural_singularized,high,False,
garlic chili sauce,garlic chili sauce,130,lowercase_ascii_punct_strip,high,False,
allspice,allspice,129,lowercase_ascii_punct_strip,high,False,
dashi,dashi,128,lowercase_ascii_punct_strip,high,False,
chopped walnuts,walnut,128,leading_descriptor_removed;plural_singularized,medium,False,
whole peeled tomatoes,peeled tomatoe,127,leading_descriptor_removed;plural_singularized,medium,False,
Thai red curry paste,thai red curry paste,127,lowercase_ascii_punct_strip,high,False,
chili pepper,chili pepper,126,lowercase_ascii_punct_strip,high,False,
barbecue sauce,barbecue sauce,126,lowercase_ascii_punct_strip,high,False,
dry yeast,dry yeast,126,lowercase_ascii_punct_strip,high,False,
part-skim ricotta cheese,part-skim ricotta cheese,125,lowercase_ascii_punct_strip,high,False,
Italian parsley leaves,italian parsley leave,125,plural_singularized,high,False,
frozen corn kernels,corn kernel,124,leading_descriptor_removed;plural_singularized,medium,False,
dried shiitake mushrooms,shiitake mushroom,124,leading_descriptor_removed;plural_singularized,medium,False,
pork belly,pork belly,124,lowercase_ascii_punct_strip,high,False,
chopped fresh sage,fresh sage,123,leading_descriptor_removed,medium,False,
ginger root,ginger root,123,lowercase_ascii_punct_strip,high,False,
chili paste,chili paste,122,lowercase_ascii_punct_strip,high,False,
peanut butter,peanut butter,122,lowercase_ascii_punct_strip,high,False,
palm sugar,palm sugar,122,lowercase_ascii_punct_strip,high,False,
red curry paste,red curry paste,122,lowercase_ascii_punct_strip,high,False,
corn oil,oil,121,exact_alias;universal_flag,high,True,
marsala wine,marsala wine,121,lowercase_ascii_punct_strip,high,False,
chillies,chile,121,exact_alias;plural_singularized,high,False,
chile powder,chile powder,120,lowercase_ascii_punct_strip,high,False,
pineapple,pineapple,120,lowercase_ascii_punct_strip,high,False,
bok choy,bok choy,119,lowercase_ascii_punct_strip,high,False,
ginger paste,ginger paste,119,lowercase_ascii_punct_strip,high,False,
granny smith apples,granny smith apple,119,plural_singularized,high,False,
gingerroot,gingerroot,119,lowercase_ascii_punct_strip,high,False,
poblano peppers,poblano pepper,119,plural_singularized,high,False,
pesto,pesto,118,lowercase_ascii_punct_strip,high,False,
Italian bread,italian bread,118,lowercase_ascii_punct_strip,high,False,
jack cheese,jack cheese,118,lowercase_ascii_punct_strip,high,False,
crawfish,crawfish,118,lowercase_ascii_punct_strip,high,False,
lump crab meat,lump crab meat,117,lowercase_ascii_punct_strip,high,False,
greek style plain yogurt,greek style plain yogurt,117,lowercase_ascii_punct_strip,high,False,
chicken legs,chicken leg,117,plural_singularized,high,False,
pizza doughs,pizza dough,117,plural_singularized,high,False,
dark rum,rum,116,leading_descriptor_removed,medium,False,
yellow squash,yellow squash,116,lowercase_ascii_punct_strip,high,False,
quinoa,quinoa,116,lowercase_ascii_punct_strip,high,False,
vidalia onion,vidalia onion,115,lowercase_ascii_punct_strip,high,False,
pork sausages,pork sausage,115,plural_singularized,high,False,
sea scallops,sea scallop,114,plural_singularized,high,False,
walnuts,walnut,114,plural_singularized,high,False,
sage leaves,sage leave,114,plural_singularized,high,False,
turnips,turnip,113,plural_singularized,high,False,
penne,penne,113,lowercase_ascii_punct_strip,high,False,
fresh chives,chive,113,leading_descriptor_removed;plural_singularized,medium,False,
kimchi,kimchi,112,lowercase_ascii_punct_strip,high,False,
black mustard seeds,black mustard seed,112,plural_singularized,high,False,
sweet chili sauce,chili sauce,112,leading_descriptor_removed,medium,False,
ice,ice,111,lowercase_ascii_punct_strip,high,False,
creamy peanut butter,creamy peanut butter,111,lowercase_ascii_punct_strip,high,False,
shredded cabbage,cabbage,111,leading_descriptor_removed,medium,False,
cooked chicken breasts,chicken breast,111,leading_descriptor_removed;plural_singularized,medium,False,
red lentils,red lentil,110,plural_singularized,high,False,
paneer,paneer,110,lowercase_ascii_punct_strip,high,False,
maple syrup,maple syrup,110,lowercase_ascii_punct_strip,high,False,
chili oil,chili oil,109,lowercase_ascii_punct_strip,high,False,
yeast,yeast,109,lowercase_ascii_punct_strip,high,False,
catfish fillets,catfish fillet,109,plural_singularized,high,False,
rosemary sprigs,rosemary sprig,108,plural_singularized,high,False,
sausage casings,sausage casing,108,plural_singularized,high,False,
unflavored gelatin,unflavored gelatin,108,lowercase_ascii_punct_strip,high,False,
Thai fish sauce,thai fish sauce,108,lowercase_ascii_punct_strip,high,False,
green tomatoes,green tomatoe,108,plural_singularized,high,False,
mustard,mustard,108,lowercase_ascii_punct_strip,high,False,
rosemary,rosemary,107,lowercase_ascii_punct_strip,high,False,
crushed garlic,garlic,107,exact_alias,high,False,
fontina cheese,fontina cheese,107,lowercase_ascii_punct_strip,high,False,
curry paste,curry paste,106,lowercase_ascii_punct_strip,high,False,
beets,beet,106,plural_singularized,high,False,
"whole kernel corn, drain",kernel corn drain,106,leading_descriptor_removed,medium,False,
cardamom,cardamom,106,lowercase_ascii_punct_strip,high,False,
frozen pastry puff sheets,pastry puff sheet,106,leading_descriptor_removed;plural_singularized,medium,False,
molasses,molasse,106,plural_singularized,high,False,
romano cheese,romano cheese,106,lowercase_ascii_punct_strip,high,False,
diced green chilies,green chily,106,leading_descriptor_removed;plural_singularized,medium,False,
dough,dough,105,lowercase_ascii_punct_strip,high,False,
ricotta,ricotta,105,lowercase_ascii_punct_strip,high,False,
reduced-fat sour cream,reduced-fat sour cream,105,lowercase_ascii_punct_strip,high,False,
freshly grated parmesan,freshly grated parmesan,105,lowercase_ascii_punct_strip,high,False,
hard-boiled egg,hard-boiled egg,104,lowercase_ascii_punct_strip,high,False,
serrano peppers,serrano pepper,104,plural_singularized,high,False,
sugar pea,sugar pea,104,lowercase_ascii_punct_strip,high,False,
watercress,watercress,104,lowercase_ascii_punct_strip,high,False,
bow-tie pasta,bow-tie pasta,103,lowercase_ascii_punct_strip,high,False,
cornflour,cornflour,103,lowercase_ascii_punct_strip,high,False,
chorizo sausage,chorizo sausage,103,lowercase_ascii_punct_strip,high,False,
swiss chard,swiss chard,103,lowercase_ascii_punct_strip,high,False,
whipped cream,whipped cream,103,lowercase_ascii_punct_strip,high,False,
dried red chile peppers,red chile pepper,103,leading_descriptor_removed;plural_singularized,medium,False,
baby spinach leaves,baby spinach leave,103,plural_singularized,high,False,
marjoram,marjoram,103,lowercase_ascii_punct_strip,high,False,
ground chicken,chicken,102,leading_descriptor_removed,medium,False,
pecan halves,pecan halve,102,plural_singularized,high,False,
Mexican oregano,mexican oregano,100,lowercase_ascii_punct_strip,high,False,
beans,bean,100,plural_singularized,high,False,
lemon grass,lemon grass,100,lowercase_ascii_punct_strip,high,False,
hazelnuts,hazelnut,100,plural_singularized,high,False,
sliced carrots,carrot,100,leading_descriptor_removed;plural_singularized,medium,False,
cottage cheese,cottage cheese,100,lowercase_ascii_punct_strip,high,False,
masa harina,masa harina,100,lowercase_ascii_punct_strip,high,False,
dried porcini mushrooms,porcini mushroom,100,leading_descriptor_removed;plural_singularized,medium,False,
gruyere cheese,gruyere cheese,99,lowercase_ascii_punct_strip,high,False,
boiling potatoes,boiling potatoe,99,plural_singularized,high,False,
old bay seasoning,old bay seasoning,98,lowercase_ascii_punct_strip,high,False,
seasoned bread crumbs,seasoned bread crumb,98,plural_singularized,high,False,
pears,pear,97,plural_singularized,high,False,
broth,broth,97,lowercase_ascii_punct_strip,high,False,
sunflower oil,sunflower oil,97,lowercase_ascii_punct_strip,high,False,
fresh mozzarella,mozzarella,97,leading_descriptor_removed,medium,False,
canned low sodium chicken broth,canned low sodium chicken broth,96,lowercase_ascii_punct_strip,high,False,
fresh shiitake mushrooms,shiitake mushroom,96,leading_descriptor_removed;plural_singularized,medium,False,
greens,green,96,plural_singularized,high,False,
dill,dill,96,lowercase_ascii_punct_strip,high,False,
nori,nori,96,lowercase_ascii_punct_strip,high,False,
grated orange peel,orange peel,95,leading_descriptor_removed,medium,False,
red kidney beans,red kidney bean,95,plural_singularized,high,False,
dried currants,currant,95,leading_descriptor_removed;plural_singularized,medium,False,
adobo sauce,adobo sauce,94,lowercase_ascii_punct_strip,high,False,
clams,clam,94,plural_singularized,high,False,
cognac,cognac,94,lowercase_ascii_punct_strip,high,False,
chicken drumsticks,chicken drumstick,94,plural_singularized,high,False,
orange bell pepper,orange bell pepper,93,lowercase_ascii_punct_strip,high,False,
leaves,leave,93,plural_singularized,high,False,
blanched almonds,blanched almond,93,plural_singularized,high,False,
vanilla ice cream,vanilla ice cream,93,lowercase_ascii_punct_strip,high,False,
corn husks,corn husk,93,plural_singularized,high,False,
whole wheat tortillas,wheat tortilla,93,leading_descriptor_removed;plural_singularized,medium,False,
rice vermicelli,rice vermicelli,93,lowercase_ascii_punct_strip,high,False,
prawns,prawn,92,plural_singularized,high,False,
chicken pieces,chicken piece,92,plural_singularized,high,False,
fresh raspberries,raspberry,92,leading_descriptor_removed;plural_singularized,medium,False,
cooked shrimp,shrimp,92,leading_descriptor_removed,medium,False,
fat,fat,92,lowercase_ascii_punct_strip,high,False,
firmly packed brown sugar,firmly packed brown sugar,92,lowercase_ascii_punct_strip,high,False,
ripe olives,olive,92,leading_descriptor_removed;plural_singularized,medium,False,
clam juice,clam juice,92,lowercase_ascii_punct_strip,high,False,
blackberries,blackberry,91,plural_singularized,high,False,
fish,fish,91,lowercase_ascii_punct_strip,high,False,
angel hair,angel hair,91,lowercase_ascii_punct_strip,high,False,
orzo,orzo,91,lowercase_ascii_punct_strip,high,False,
stock,stock,90,lowercase_ascii_punct_strip,high,False,
fresh green bean,green bean,90,leading_descriptor_removed,medium,False,
elbow macaroni,elbow macaroni,90,lowercase_ascii_punct_strip,high,False,
tamari soy sauce,tamari soy sauce,90,lowercase_ascii_punct_strip,high,False,
leg of lamb,leg of lamb,89,lowercase_ascii_punct_strip,high,False,
jicama,jicama,88,lowercase_ascii_punct_strip,high,False,
rolls,roll,88,plural_singularized,high,False,
herbs,herb,87,plural_singularized,high,False,
lentils,lentil,87,plural_singularized,high,False,
amchur,amchur,87,lowercase_ascii_punct_strip,high,False,
tomatoes with juice,tomatoes with juice,86,lowercase_ascii_punct_strip,high,False,
diced celery,celery,86,leading_descriptor_removed,medium,False,
baby bok choy,baby bok choy,86,lowercase_ascii_punct_strip,high,False,
quickcooking grits,quickcooking grit,86,plural_singularized,high,False,
green cardamom,green cardamom,86,lowercase_ascii_punct_strip,high,False,
mung bean sprouts,mung bean sprout,85,plural_singularized,high,False,
pearl onions,pearl onion,85,plural_singularized,high,False,
asiago,asiago,85,lowercase_ascii_punct_strip,high,False,
egg noodles,egg noodle,85,plural_singularized,high,False,
white cornmeal,white cornmeal,85,lowercase_ascii_punct_strip,high,False,
galangal,galangal,85,lowercase_ascii_punct_strip,high,False,
squid,squid,85,lowercase_ascii_punct_strip,high,False,
frozen whole kernel corn,kernel corn,84,leading_descriptor_removed;leading_descriptor_removed,medium,False,
lamb shoulder,lamb shoulder,84,lowercase_ascii_punct_strip,high,False,
finely chopped fresh parsley,finely chopped fresh parsley,84,lowercase_ascii_punct_strip,high,False,
tamarind paste,tamarind paste,84,lowercase_ascii_punct_strip,high,False,
vegetable oil spray,vegetable oil spray,84,lowercase_ascii_punct_strip,high,False,
golden brown sugar,golden brown sugar,83,lowercase_ascii_punct_strip,high,False,
panko,panko,83,lowercase_ascii_punct_strip,high,False,
tomato juice,tomato juice,83,lowercase_ascii_punct_strip,high,False,
cream style corn,cream style corn,83,lowercase_ascii_punct_strip,high,False,
cream of chicken soup,cream of chicken soup,83,lowercase_ascii_punct_strip,high,False,
pineapple juice,pineapple juice,82,lowercase_ascii_punct_strip,high,False,
caraway seeds,caraway seed,82,plural_singularized,high,False,
pepper jack,pepper jack,82,lowercase_ascii_punct_strip,high,False,
sushi rice,sushi rice,81,lowercase_ascii_punct_strip,high,False,
agave nectar,agave nectar,81,lowercase_ascii_punct_strip,high,False,
serrano chilies,serrano chily,81,plural_singularized,high,False,
skim milk,skim milk,81,lowercase_ascii_punct_strip,high,False,
marinade,marinade,81,lowercase_ascii_punct_strip,high,False,
raspberries,raspberry,81,plural_singularized,high,False,
mace,mace,81,lowercase_ascii_punct_strip,high,False,
pizza sauce,pizza sauce,80,lowercase_ascii_punct_strip,high,False,
green cardamom pods,green cardamom pod,80,plural_singularized,high,False,
grapeseed oil,grapeseed oil,79,lowercase_ascii_punct_strip,high,False,
sherry,sherry,79,lowercase_ascii_punct_strip,high,False,
small red potato,red potato,79,leading_descriptor_removed,medium,False,
white beans,white bean,79,plural_singularized,high,False,
table salt,salt,79,exact_alias;universal_flag,high,True,
boneless pork shoulder,pork shoulder,79,leading_descriptor_removed,medium,False,
canned black beans,canned black bean,79,plural_singularized,high,False,
crabmeat,crabmeat,79,lowercase_ascii_punct_strip,high,False,
pico de gallo,pico de gallo,79,lowercase_ascii_punct_strip,high,False,
ancho powder,ancho powder,78,lowercase_ascii_punct_strip,high,False,
fillets,fillet,78,plural_singularized,high,False,
low-fat buttermilk,low-fat buttermilk,78,lowercase_ascii_punct_strip,high,False,
sweet italian sausage,italian sausage,78,leading_descriptor_removed,medium,False,
fat skimmed chicken broth,fat skimmed chicken broth,78,lowercase_ascii_punct_strip,high,False,
lime rind,lime rind,78,lowercase_ascii_punct_strip,high,False,
fish fillets,fish fillet,77,plural_singularized,high,False,
coconut cream,coconut cream,77,lowercase_ascii_punct_strip,high,False,
rum,rum,77,lowercase_ascii_punct_strip,high,False,
salted butter,butter,77,leading_descriptor_removed,medium,False,
chicken bouillon,chicken bouillon,77,lowercase_ascii_punct_strip,high,False,
fennel,fennel,77,lowercase_ascii_punct_strip,high,False,
hominy,hominy,77,lowercase_ascii_punct_strip,high,False,
semi-sweet chocolate morsels,semi-sweet chocolate morsel,77,plural_singularized,high,False,
reduced fat milk,reduced fat milk,76,lowercase_ascii_punct_strip,high,False,
chees fresh mozzarella,chees fresh mozzarella,76,lowercase_ascii_punct_strip,high,False,
whole cloves,clove,76,leading_descriptor_removed;plural_singularized,medium,False,
white sesame seeds,white sesame seed,76,plural_singularized,high,False,
canned tomatoes,canned tomatoe,75,plural_singularized,high,False,
cauliflower florets,cauliflower floret,75,plural_singularized,high,False,
artichokes,artichoke,75,plural_singularized,high,False,
cooked ham,ham,74,leading_descriptor_removed,medium,False,
vodka,vodka,74,lowercase_ascii_punct_strip,high,False,
instant yeast,instant yeast,74,lowercase_ascii_punct_strip,high,False,
condensed milk,condensed milk,74,lowercase_ascii_punct_strip,high,False,
sweetened coconut flakes,sweetened coconut flake,74,plural_singularized,high,False,
grated coconut,coconut,74,leading_descriptor_removed,medium,False,
dried shrimp,shrimp,74,leading_descriptor_removed,medium,False,
asafoetida,asafoetida,73,lowercase_ascii_punct_strip,high,False,
miso paste,miso paste,73,lowercase_ascii_punct_strip,high,False,
tilapia fillets,tilapia fillet,73,plural_singularized,high,False,
ranch dressing,ranch dressing,73,lowercase_ascii_punct_strip,high,False,
peeled tomatoes,tomatoe,73,leading_descriptor_removed;plural_singularized,medium,False,
skirt steak,skirt steak,73,lowercase_ascii_punct_strip,high,False,
fenugreek seeds,fenugreek seed,73,plural_singularized,high,False,
superfine sugar,sugar,73,exact_alias;universal_flag,high,True,
spinach leaves,spinach leave,72,plural_singularized,high,False,
egg substitute,egg substitute,72,lowercase_ascii_punct_strip,high,False,
prepared horseradish,prepared horseradish,72,lowercase_ascii_punct_strip,high,False,
baby carrots,baby carrot,72,plural_singularized,high,False,
lemon rind,lemon rind,72,lowercase_ascii_punct_strip,high,False,
refrigerated piecrusts,refrigerated piecrust,71,plural_singularized,high,False,
2% reduced-fat milk,2 reduced-fat milk,71,lowercase_ascii_punct_strip,high,False,
beef rib short,beef rib short,71,lowercase_ascii_punct_strip,high,False,
lower sodium chicken broth,lower sodium chicken broth,71,lowercase_ascii_punct_strip,high,False,
red food coloring,red food coloring,71,lowercase_ascii_punct_strip,high,False,
cilantro stems,cilantro stem,71,plural_singularized,high,False,
white miso,white miso,71,lowercase_ascii_punct_strip,high,False,
pork loin,pork loin,71,lowercase_ascii_punct_strip,high,False,
cachaca,cachaca,70,lowercase_ascii_punct_strip,high,False,
corn flour,corn flour,70,lowercase_ascii_punct_strip,high,False,
fat free yogurt,fat free yogurt,70,lowercase_ascii_punct_strip,high,False,
chunky salsa,chunky salsa,70,lowercase_ascii_punct_strip,high,False,
poppy seeds,poppy seed,70,plural_singularized,high,False,
lemon slices,lemon slice,70,plural_singularized,high,False,
masala,masala,69,lowercase_ascii_punct_strip,high,False,
fresh curry leaves,curry leave,69,leading_descriptor_removed;plural_singularized,medium,False,
coffee,coffee,69,lowercase_ascii_punct_strip,high,False,
rice paper,rice paper,69,lowercase_ascii_punct_strip,high,False,
salad dressing,salad dressing,69,lowercase_ascii_punct_strip,high,False,
tomato ketchup,tomato ketchup,69,lowercase_ascii_punct_strip,high,False,
white hominy,white hominy,69,lowercase_ascii_punct_strip,high,False,
sirloin steak,sirloin steak,69,lowercase_ascii_punct_strip,high,False,
red beans,red bean,68,plural_singularized,high,False,
coarse sea salt,salt,68,leading_descriptor_removed;universal_flag,medium,True,
curry,curry,68,lowercase_ascii_punct_strip,high,False,
soba noodles,soba noodle,68,plural_singularized,high,False,
Mexican cheese,mexican cheese,68,lowercase_ascii_punct_strip,high,False,
chorizo,chorizo,68,lowercase_ascii_punct_strip,high,False,
urad dal,urad dal,68,lowercase_ascii_punct_strip,high,False,
hot pepper,black pepper,68,leading_descriptor_removed;universal_flag,medium,True,
parsnips,parsnip,68,plural_singularized,high,False,
portabello mushroom,portabello mushroom,68,lowercase_ascii_punct_strip,high,False,
anchovy paste,anchovy paste,67,lowercase_ascii_punct_strip,high,False,
curds,curd,67,plural_singularized,high,False,
pork butt,pork butt,67,lowercase_ascii_punct_strip,high,False,
phyllo dough,phyllo dough,67,lowercase_ascii_punct_strip,high,False,
grating cheese,grating cheese,67,lowercase_ascii_punct_strip,high,False,
chuck,chuck,67,lowercase_ascii_punct_strip,high,False,
chipotle peppers,chipotle pepper,67,plural_singularized,high,False,
plums,plum,66,plural_singularized,high,False,
bacon drippings,bacon dripping,66,plural_singularized,high,False,
chuck roast,chuck roast,66,lowercase_ascii_punct_strip,high,False,
celery seed,celery seed,66,lowercase_ascii_punct_strip,high,False,
rotisserie chicken,rotisserie chicken,66,lowercase_ascii_punct_strip,high,False,
konbu,konbu,66,lowercase_ascii_punct_strip,high,False,
italian salad dressing,italian salad dressing,66,lowercase_ascii_punct_strip,high,False,
ground sirloin,sirloin,65,leading_descriptor_removed,medium,False,
beef tenderloin,beef tenderloin,65,lowercase_ascii_punct_strip,high,False,
chicken livers,chicken liver,65,plural_singularized,high,False,
halibut fillets,halibut fillet,65,plural_singularized,high,False,
rigatoni,rigatoni,65,lowercase_ascii_punct_strip,high,False,
creole mustard,creole mustard,65,lowercase_ascii_punct_strip,high,False,
herbes de provence,herbes de provence,65,lowercase_ascii_punct_strip,high,False,
dry roasted peanuts,dry roasted peanut,64,plural_singularized,high,False,
coarse kosher salt,salt,64,leading_descriptor_removed;universal_flag,medium,True,
crimini mushrooms,crimini mushroom,64,plural_singularized,high,False,
red enchilada sauce,red enchilada sauce,64,lowercase_ascii_punct_strip,high,False,
pistachios,pistachio,64,plural_singularized,high,False,
steak,steak,64,lowercase_ascii_punct_strip,high,False,
taco shells,taco shell,63,plural_singularized,high,False,
preserved lemon,preserved lemon,63,lowercase_ascii_punct_strip,high,False,
mixed greens,mixed green,63,plural_singularized,high,False,
dried sage,sage,63,leading_descriptor_removed,medium,False,
taco sauce,taco sauce,63,lowercase_ascii_punct_strip,high,False,
dressing,dressing,63,lowercase_ascii_punct_strip,high,False,
shiitake mushroom caps,shiitake mushroom cap,63,plural_singularized,high,False,
corn syrup,corn syrup,63,lowercase_ascii_punct_strip,high,False,
jumbo shrimp,jumbo shrimp,63,lowercase_ascii_punct_strip,high,False,
turkey,turkey,62,lowercase_ascii_punct_strip,high,False,
littleneck clams,littleneck clam,62,plural_singularized,high,False,
smoked ham hocks,smoked ham hock,62,plural_singularized,high,False,
cooking wine,cooking wine,62,lowercase_ascii_punct_strip,high,False,
tahini,tahini,62,lowercase_ascii_punct_strip,high,False,
condensed cream of chicken soup,condensed cream of chicken soup,62,lowercase_ascii_punct_strip,high,False,
asparagus spears,asparagus spear,62,brand_term_present;plural_singularized,medium,False,Brand term present `ragu`
lamb,lamb,62,lowercase_ascii_punct_strip,high,False,
short-grain rice,short-grain rice,62,lowercase_ascii_punct_strip,high,False,
anise,anise,62,lowercase_ascii_punct_strip,high,False,
mashed potatoes,mashed potatoe,62,plural_singularized,high,False,
sweet pepper,black pepper,62,leading_descriptor_removed;universal_flag,medium,True,
boneless pork loin,pork loin,62,leading_descriptor_removed,medium,False,
fresh marjoram,marjoram,62,leading_descriptor_removed,medium,False,
low-fat sour cream,low-fat sour cream,62,lowercase_ascii_punct_strip,high,False,
poultry seasoning,poultry seasoning,62,lowercase_ascii_punct_strip,high,False,
parmigiano-reggiano cheese,parmigiano-reggiano cheese,61,lowercase_ascii_punct_strip,high,False,
sweet corn,corn,61,leading_descriptor_removed,medium,False,
beef brisket,beef brisket,61,lowercase_ascii_punct_strip,high,False,
light mayonnaise,mayonnaise,61,leading_descriptor_removed,medium,False,
orange liqueur,orange liqueur,61,lowercase_ascii_punct_strip,high,False,
skinless chicken breasts,chicken breast,61,leading_descriptor_removed;plural_singularized,medium,False,
prunes,prune,61,plural_singularized,high,False,
instant espresso powder,instant espresso powder,61,lowercase_ascii_punct_strip,high,False,
roasting chickens,roasting chicken,61,plural_singularized,high,False,
scallion greens,scallion green,61,plural_singularized,high,False,
salad,salad,61,lowercase_ascii_punct_strip,high,False,
grated Gruyère cheese,gruyere cheese,61,leading_descriptor_removed,medium,False,
pumpkin,pumpkin,61,lowercase_ascii_punct_strip,high,False,
ramen noodles,ramen noodle,60,plural_singularized,high,False,
white mushrooms,white mushroom,60,plural_singularized,high,False,
liquid,liquid,60,lowercase_ascii_punct_strip,high,False,
parsley leaves,parsley,60,exact_alias,high,False,
seasoned rice wine vinegar,seasoned rice wine vinegar,60,lowercase_ascii_punct_strip,high,False,
rotini,rotini,60,lowercase_ascii_punct_strip,high,False,
bird chile,bird chile,60,lowercase_ascii_punct_strip,high,False,
semolina,semolina,60,lowercase_ascii_punct_strip,high,False,
oysters,oyster,60,plural_singularized,high,False,
pie crust,pie crust,60,lowercase_ascii_punct_strip,high,False,
escarole,escarole,60,lowercase_ascii_punct_strip,high,False,
grated jack cheese,jack cheese,60,leading_descriptor_removed,medium,False,
cocoa powder,cocoa powder,60,lowercase_ascii_punct_strip,high,False,
manchego cheese,manchego cheese,60,lowercase_ascii_punct_strip,high,False,
potato starch,potato starch,59,lowercase_ascii_punct_strip,high,False,
semolina flour,semolina flour,59,lowercase_ascii_punct_strip,high,False,
fenugreek leaves,fenugreek leave,59,plural_singularized,high,False,
dipping sauces,dipping sauce,59,plural_singularized,high,False,
fish stock,fish stock,59,lowercase_ascii_punct_strip,high,False,
chinese cabbage,chinese cabbage,59,lowercase_ascii_punct_strip,high,False,
rib,rib,59,lowercase_ascii_punct_strip,high,False,
sausage links,sausage link,59,plural_singularized,high,False,
spring roll wrappers,spring roll wrapper,58,plural_singularized,high,False,
chopped green chilies,green chily,58,leading_descriptor_removed;plural_singularized,medium,False,
beaten eggs,beaten egg,58,plural_singularized,high,False,
radicchio,radicchio,58,lowercase_ascii_punct_strip,high,False,
dates,date,58,plural_singularized,high,False,
navel oranges,navel orange,58,plural_singularized,high,False,
unsalted dry roast peanuts,dry roast peanut,58,leading_descriptor_removed;plural_singularized,medium,False,
mango chutney,mango chutney,58,lowercase_ascii_punct_strip,high,False,
brown mustard seeds,brown mustard seed,57,plural_singularized,high,False,
fresh leav spinach,leav spinach,57,leading_descriptor_removed,medium,False,
wine,wine,57,lowercase_ascii_punct_strip,high,False,
lower sodium soy sauce,lower sodium soy sauce,57,lowercase_ascii_punct_strip,high,False,
pepper flakes,pepper flake,57,plural_singularized,high,False,
seaweed,seaweed,57,lowercase_ascii_punct_strip,high,False,
roasted tomatoes,roasted tomatoe,57,plural_singularized,high,False,
egg roll wrappers,egg roll wrapper,57,plural_singularized,high,False,
fresh oregano leaves,oregano leave,57,leading_descriptor_removed;plural_singularized,medium,False,
shrimp paste,shrimp paste,56,lowercase_ascii_punct_strip,high,False,
salad oil,salad oil,56,lowercase_ascii_punct_strip,high,False,
thick-cut bacon,thick-cut bacon,56,lowercase_ascii_punct_strip,high,False,
fresh pineapple,pineapple,56,leading_descriptor_removed,medium,False,
picante sauce,picante sauce,56,lowercase_ascii_punct_strip,high,False,
savoy cabbage,savoy cabbage,55,lowercase_ascii_punct_strip,high,False,
biscuits,biscuit,55,plural_singularized,high,False,
light sour cream,sour cream,55,leading_descriptor_removed,medium,False,
pecorino cheese,pecorino cheese,55,lowercase_ascii_punct_strip,high,False,
cheese tortellini,cheese tortellini,55,lowercase_ascii_punct_strip,high,False,
chicken meat,chicken meat,55,lowercase_ascii_punct_strip,high,False,
firmly packed light brown sugar,firmly packed light brown sugar,55,lowercase_ascii_punct_strip,high,False,
swiss cheese,swiss cheese,55,lowercase_ascii_punct_strip,high,False,
teriyaki sauce,teriyaki sauce,55,lowercase_ascii_punct_strip,high,False,
condensed cream of mushroom soup,condensed cream of mushroom soup,55,lowercase_ascii_punct_strip,high,False,
smoked salmon,smoked salmon,55,lowercase_ascii_punct_strip,high,False,
salmon,salmon,55,lowercase_ascii_punct_strip,high,False,
hamburger buns,hamburger bun,54,plural_singularized,high,False,
haricots verts,haricots vert,54,plural_singularized,high,False,
guajillo chiles,guajillo chile,54,plural_singularized,high,False,
Italian turkey sausage,italian turkey sausage,54,lowercase_ascii_punct_strip,high,False,
tea bags,tea bag,54,plural_singularized,high,False,
anise seed,anise seed,54,lowercase_ascii_punct_strip,high,False,
salami,salami,54,lowercase_ascii_punct_strip,high,False,
sage,sage,54,lowercase_ascii_punct_strip,high,False,
japanese eggplants,japanese eggplant,53,plural_singularized,high,False,
chips,chip,53,plural_singularized,high,False,
boneless chicken thighs,chicken thigh,53,leading_descriptor_removed;plural_singularized,medium,False,
chutney,chutney,53,lowercase_ascii_punct_strip,high,False,
pork loin chops,pork loin chop,53,plural_singularized,high,False,
reduced fat sharp cheddar cheese,reduced fat sharp cheddar cheese,53,lowercase_ascii_punct_strip,high,False,
whole milk ricotta cheese,milk ricotta cheese,53,leading_descriptor_removed,medium,False,
fusilli,fusilli,53,lowercase_ascii_punct_strip,high,False,
celery salt,celery salt,52,lowercase_ascii_punct_strip,high,False,
anchovies,anchovy,52,plural_singularized,high,False,
pepperoni,pepperoni,52,lowercase_ascii_punct_strip,high,False,
deveined shrimp,deveined shrimp,52,lowercase_ascii_punct_strip,high,False,
fresh herbs,herb,52,leading_descriptor_removed;plural_singularized,medium,False,
sambal ulek,sambal ulek,52,lowercase_ascii_punct_strip,high,False,
mustard powder,mustard powder,52,lowercase_ascii_punct_strip,high,False,
pork chops,pork chop,52,plural_singularized,high,False,
Anaheim chile,anaheim chile,51,lowercase_ascii_punct_strip,high,False,
nonfat yogurt,nonfat yogurt,51,lowercase_ascii_punct_strip,high,False,
shredded parmesan cheese,parmesan cheese,51,leading_descriptor_removed,medium,False,
rubbed sage,rubbed sage,51,lowercase_ascii_punct_strip,high,False,
extra sharp cheddar cheese,sharp cheddar cheese,51,leading_descriptor_removed,medium,False,
spanish chorizo,spanish chorizo,51,lowercase_ascii_punct_strip,high,False,
dried cranberries,cranberry,51,leading_descriptor_removed;plural_singularized,medium,False,
apple juice,apple juice,51,lowercase_ascii_punct_strip,high,False,
mustard greens,mustard green,51,plural_singularized,high,False,
chickpea flour,chickpea flour,51,lowercase_ascii_punct_strip,high,False,
clarified butter,clarified butter,51,lowercase_ascii_punct_strip,high,False,
malt vinegar,malt vinegar,51,lowercase_ascii_punct_strip,high,False,
kasuri methi,kasuri methi,51,lowercase_ascii_punct_strip,high,False,
bottled clam juice,bottled clam juice,51,lowercase_ascii_punct_strip,high,False,
puff pastry,puff pastry,51,lowercase_ascii_punct_strip,high,False,
lime slices,lime slice,51,plural_singularized,high,False,
artichok heart marin,artichok heart marin,51,lowercase_ascii_punct_strip,high,False,
yellow peppers,yellow pepper,51,plural_singularized,high,False,
edamame,edamame,51,lowercase_ascii_punct_strip,high,False,
fruit,fruit,50,lowercase_ascii_punct_strip,high,False,
turbinado,turbinado,50,lowercase_ascii_punct_strip,high,False,
plain low-fat yogurt,plain low-fat yogurt,50,lowercase_ascii_punct_strip,high,False,
lobster,lobster,50,lowercase_ascii_punct_strip,high,False,
crushed ice,ice,50,leading_descriptor_removed,medium,False,
thai green curry paste,thai green curry paste,50,lowercase_ascii_punct_strip,high,False,
granulated garlic,granulated garlic,50,lowercase_ascii_punct_strip,high,False,
steamed rice,steamed rice,50,lowercase_ascii_punct_strip,high,False,
wild mushrooms,wild mushroom,50,plural_singularized,high,False,
chicken bouillon granules,chicken bouillon granule,50,plural_singularized,high,False,
nonstick spray,nonstick spray,50,lowercase_ascii_punct_strip,high,False,
capsicum,capsicum,50,lowercase_ascii_punct_strip,high,False,
sourdough bread,sourdough bread,50,lowercase_ascii_punct_strip,high,False,
seedless cucumber,seedless cucumber,50,lowercase_ascii_punct_strip,high,False,
ground almonds,almond,50,leading_descriptor_removed;plural_singularized,medium,False,
bread slices,bread slice,50,plural_singularized,high,False,
great northern beans,great northern bean,50,plural_singularized,high,False,
California bay leaves,california bay leave,50,plural_singularized,high,False,
gari,gari,50,lowercase_ascii_punct_strip,high,False,
softened butter,softened butter,49,lowercase_ascii_punct_strip,high,False,
organic vegetable broth,vegetable broth,49,leading_descriptor_removed,medium,False,
cod fillets,cod fillet,49,plural_singularized,high,False,
salad greens,salad green,49,plural_singularized,high,False,
file powder,file powder,49,lowercase_ascii_punct_strip,high,False,
duck,duck,49,lowercase_ascii_punct_strip,high,False,
pitted date,pitted date,49,lowercase_ascii_punct_strip,high,False,
rocket leaves,rocket leave,49,plural_singularized,high,False,
tapioca flour,tapioca flour,49,lowercase_ascii_punct_strip,high,False,
colby jack cheese,colby jack cheese,49,lowercase_ascii_punct_strip,high,False,
plain whole-milk yogurt,plain whole-milk yogurt,49,lowercase_ascii_punct_strip,high,False,
"green bell pepper, slice",green bell pepper slice,49,lowercase_ascii_punct_strip,high,False,
frozen spinach,spinach,49,leading_descriptor_removed,medium,False,
ground round,round,49,leading_descriptor_removed,medium,False,
brewed coffee,brewed coffee,48,lowercase_ascii_punct_strip,high,False,
country ham,country ham,48,lowercase_ascii_punct_strip,high,False,
cooked turkey,turkey,48,leading_descriptor_removed,medium,False,
broccoli rabe,broccoli rabe,48,lowercase_ascii_punct_strip,high,False,
udon,udon,48,lowercase_ascii_punct_strip,high,False,
low-fat plain yogurt,low-fat plain yogurt,48,lowercase_ascii_punct_strip,high,False,
Alfredo sauce,alfredo sauce,48,lowercase_ascii_punct_strip,high,False,
lamb shanks,lamb shank,48,plural_singularized,high,False,
dried tarragon leaves,tarragon leave,48,leading_descriptor_removed;plural_singularized,medium,False,
hot Italian sausages,italian sausage,48,leading_descriptor_removed;plural_singularized,medium,False,
yellow mustard,yellow mustard,47,lowercase_ascii_punct_strip,high,False,
baby arugula,baby arugula,47,lowercase_ascii_punct_strip,high,False,
olive oil flavored cooking spray,olive oil flavored cooking spray,47,lowercase_ascii_punct_strip,high,False,
rice stick noodles,rice stick noodle,47,plural_singularized,high,False,
ladyfingers,ladyfinger,47,plural_singularized,high,False,
pitted black olives,pitted black olive,47,plural_singularized,high,False,
spanish onion,spanish onion,47,lowercase_ascii_punct_strip,high,False,
currant,currant,47,lowercase_ascii_punct_strip,high,False,
diced red onions,red onion,47,leading_descriptor_removed;plural_singularized,medium,False,
soft tofu,soft tofu,47,lowercase_ascii_punct_strip,high,False,
enokitake,enokitake,47,lowercase_ascii_punct_strip,high,False,
pumpkin seeds,pumpkin seed,47,plural_singularized,high,False,
miso,miso,47,lowercase_ascii_punct_strip,high,False,
chopped almonds,almond,47,leading_descriptor_removed;plural_singularized,medium,False,
pitas,pita,47,plural_singularized,high,False,
ground chuck,chuck,47,leading_descriptor_removed,medium,False,
"roast red peppers, drain",roast red peppers drain,46,lowercase_ascii_punct_strip,high,False,
country bread,country bread,46,lowercase_ascii_punct_strip,high,False,
dried chile,chile,46,leading_descriptor_removed,medium,False,
chicken stock cubes,chicken stock cube,46,plural_singularized,high,False,
pastry,pastry,46,lowercase_ascii_punct_strip,high,False,
shredded swiss cheese,swiss cheese,46,leading_descriptor_removed,medium,False,
white sandwich bread,white sandwich bread,46,lowercase_ascii_punct_strip,high,False,
green curry paste,green curry paste,46,lowercase_ascii_punct_strip,high,False,
cherries,cherry,46,plural_singularized,high,False,
rib eye steaks,rib eye steak,46,plural_singularized,high,False,
lime leaves,lime leave,46,plural_singularized,high,False,
scotch bonnet chile,scotch bonnet chile,46,lowercase_ascii_punct_strip,high,False,
black sesame seeds,black sesame seed,46,plural_singularized,high,False,
light cream,cream,46,leading_descriptor_removed,medium,False,
fresh sage,sage,46,leading_descriptor_removed,medium,False,
flaked coconut,flaked coconut,45,lowercase_ascii_punct_strip,high,False,
chaat masala,chaat masala,45,lowercase_ascii_punct_strip,high,False,
club soda,club soda,45,lowercase_ascii_punct_strip,high,False,
whole chicken,chicken,45,leading_descriptor_removed,medium,False,
tomato salsa,tomato salsa,45,lowercase_ascii_punct_strip,high,False,
new potatoes,new potatoe,45,plural_singularized,high,False,
dried lentils,lentil,45,leading_descriptor_removed;plural_singularized,medium,False,
chile paste,chile paste,45,lowercase_ascii_punct_strip,high,False,
horseradish,horseradish,45,lowercase_ascii_punct_strip,high,False,
beef stew meat,beef stew meat,45,lowercase_ascii_punct_strip,high,False,
flour for dusting,flour for dusting,45,lowercase_ascii_punct_strip,high,False,
oven-ready lasagna noodles,oven-ready lasagna noodle,45,plural_singularized,high,False,
ras el hanout,ras el hanout,44,lowercase_ascii_punct_strip,high,False,
pineapple chunks,pineapple chunk,44,plural_singularized,high,False,
asafetida,asafetida,44,lowercase_ascii_punct_strip,high,False,
parsley flakes,parsley flake,44,plural_singularized,high,False,
french baguette,french baguette,44,lowercase_ascii_punct_strip,high,False,
butter lettuce,butter lettuce,44,lowercase_ascii_punct_strip,high,False,
florets,floret,44,plural_singularized,high,False,
pizza crust,pizza crust,44,lowercase_ascii_punct_strip,high,False,
jumbo pasta shells,jumbo pasta shell,44,plural_singularized,high,False,
chocolate,chocolate,44,lowercase_ascii_punct_strip,high,False,
Chinese egg noodles,chinese egg noodle,44,plural_singularized,high,False,
cake,cake,44,lowercase_ascii_punct_strip,high,False,
low-fat milk,low-fat milk,44,lowercase_ascii_punct_strip,high,False,
ham hock,ham hock,44,lowercase_ascii_punct_strip,high,False,
tuna,tuna,44,lowercase_ascii_punct_strip,high,False,
asian pear,asian pear,44,lowercase_ascii_punct_strip,high,False,
silken tofu,silken tofu,44,lowercase_ascii_punct_strip,high,False,
vinaigrette,vinaigrette,43,lowercase_ascii_punct_strip,high,False,
epazote,epazote,43,lowercase_ascii_punct_strip,high,False,
lean ground pork,ground pork,43,leading_descriptor_removed,medium,False,
chinese black vinegar,chinese black vinegar,43,lowercase_ascii_punct_strip,high,False,
cocoa,cocoa,43,lowercase_ascii_punct_strip,high,False,
fresh asparagus,asparagus,43,brand_term_present;leading_descriptor_removed,medium,False,Brand term present `ragu`
orecchiette,orecchiette,43,lowercase_ascii_punct_strip,high,False,
greek seasoning,greek seasoning,43,lowercase_ascii_punct_strip,high,False,
hass avocado,hass avocado,43,lowercase_ascii_punct_strip,high,False,
slaw mix,slaw mix,43,lowercase_ascii_punct_strip,high,False,
hothouse cucumber,hothouse cucumber,43,lowercase_ascii_punct_strip,high,False,
processed cheese,processed cheese,43,lowercase_ascii_punct_strip,high,False,
ground veal,veal,43,leading_descriptor_removed,medium,False,
simple syrup,simple syrup,42,lowercase_ascii_punct_strip,high,False,
crusty bread,crusty bread,42,lowercase_ascii_punct_strip,high,False,
won ton wrappers,won ton wrapper,42,plural_singularized,high,False,
shells,shell,42,plural_singularized,high,False,
orange rind,orange rind,42,lowercase_ascii_punct_strip,high,False,
orange marmalade,orange marmalade,42,lowercase_ascii_punct_strip,high,False,
dried rice noodles,rice noodle,42,leading_descriptor_removed;plural_singularized,medium,False,
dried bonito flakes,bonito flake,42,leading_descriptor_removed;plural_singularized,medium,False,
whole grain mustard,grain mustard,42,leading_descriptor_removed,medium,False,
chipotle chile powder,chipotle chile powder,42,lowercase_ascii_punct_strip,high,False,
chicken fingers,chicken finger,42,plural_singularized,high,False,
dill pickles,dill pickle,42,plural_singularized,high,False,
ground chipotle chile pepper,chipotle chile pepper,42,leading_descriptor_removed,medium,False,
harissa,harissa,42,lowercase_ascii_punct_strip,high,False,
fresh corn,corn,42,leading_descriptor_removed,medium,False,
grated carrot,carrot,42,leading_descriptor_removed,medium,False,
apple cider,apple cider,42,lowercase_ascii_punct_strip,high,False,
shredded coconut,coconut,41,leading_descriptor_removed,medium,False,
romaine lettuce leaves,romaine lettuce leave,41,plural_singularized,high,False,
cooked brown rice,brown rice,41,leading_descriptor_removed,medium,False,
pitted green olives,pitted green olive,41,plural_singularized,high,False,
thyme leaves,thyme leave,41,plural_singularized,high,False,
dark corn syrup,corn syrup,41,leading_descriptor_removed,medium,False,
shell-on shrimp,shell-on shrimp,41,lowercase_ascii_punct_strip,high,False,
croutons,crouton,41,plural_singularized,high,False,
gnocchi,gnocchi,41,lowercase_ascii_punct_strip,high,False,
yams,yam,41,plural_singularized,high,False,
sherry wine vinegar,sherry wine vinegar,41,lowercase_ascii_punct_strip,high,False,
liqueur,liqueur,41,lowercase_ascii_punct_strip,high,False,
dark chocolate,chocolate,41,leading_descriptor_removed,medium,False,
black vinegar,black vinegar,40,lowercase_ascii_punct_strip,high,False,
pita bread,pita bread,40,lowercase_ascii_punct_strip,high,False,
jaggery,jaggery,40,lowercase_ascii_punct_strip,high,False,
tuna steaks,tuna steak,40,plural_singularized,high,False,
sprinkles,sprinkle,40,plural_singularized,high,False,
ear of corn,ear of corn,40,lowercase_ascii_punct_strip,high,False,
low sodium chicken stock,chicken stock,40,leading_descriptor_removed,medium,False,
brown cardamom,brown cardamom,40,lowercase_ascii_punct_strip,high,False,
almond flour,almond flour,40,lowercase_ascii_punct_strip,high,False,
white cheddar cheese,white cheddar cheese,40,lowercase_ascii_punct_strip,high,False,
lemon peel,lemon peel,40,lowercase_ascii_punct_strip,high,False,
double cream,double cream,40,lowercase_ascii_punct_strip,high,False,
homemade chicken stock,homemade chicken stock,40,lowercase_ascii_punct_strip,high,False,
vermicelli,vermicelli,40,lowercase_ascii_punct_strip,high,False,
chile de arbol,chile de arbol,39,lowercase_ascii_punct_strip,high,False,
mushroom caps,mushroom cap,39,plural_singularized,high,False,
bean paste,bean paste,39,lowercase_ascii_punct_strip,high,False,
fresh blueberries,blueberry,39,leading_descriptor_removed;plural_singularized,medium,False,
glass noodles,glass noodle,39,plural_singularized,high,False,
chile sauce,chile sauce,39,lowercase_ascii_punct_strip,high,False,
wasabi paste,wasabi paste,39,lowercase_ascii_punct_strip,high,False,
tamarind,tamarind,39,lowercase_ascii_punct_strip,high,False,
toasted pine nuts,toasted pine nut,39,plural_singularized,high,False,
dry vermouth,dry vermouth,39,lowercase_ascii_punct_strip,high,False,
ground turkey breast,turkey breast,39,leading_descriptor_removed,medium,False,
toasted almonds,toasted almond,39,plural_singularized,high,False,
cream sweeten whip,cream sweeten whip,39,lowercase_ascii_punct_strip,high,False,
whipped topping,whipped topping,39,lowercase_ascii_punct_strip,high,False,
instant rice,instant rice,38,lowercase_ascii_punct_strip,high,False,
self-rising cornmeal,self-rising cornmeal,38,lowercase_ascii_punct_strip,high,False,
gai lan,gai lan,38,lowercase_ascii_punct_strip,high,False,
watermelon,watermelon,38,lowercase_ascii_punct_strip,high,False,
tapioca starch,tapioca starch,38,lowercase_ascii_punct_strip,high,False,
bonito flakes,bonito flake,38,plural_singularized,high,False,
pork roast,pork roast,38,lowercase_ascii_punct_strip,high,False,
crackers,cracker,38,plural_singularized,high,False,
neutral oil,neutral oil,38,lowercase_ascii_punct_strip,high,False,
corn tortilla chips,corn tortilla chip,38,plural_singularized,high,False,
crystallized ginger,crystallized ginger,38,lowercase_ascii_punct_strip,high,False,
peeled shrimp,shrimp,38,leading_descriptor_removed,medium,False,
white chocolate,white chocolate,38,lowercase_ascii_punct_strip,high,False,
Belgian endive,belgian endive,38,lowercase_ascii_punct_strip,high,False,
cream of mushroom soup,cream of mushroom soup,38,lowercase_ascii_punct_strip,high,False,
fillet red snapper,fillet red snapper,38,lowercase_ascii_punct_strip,high,False,
scallops,scallop,38,plural_singularized,high,False,
saltines,saltine,38,plural_singularized,high,False,
salted peanuts,peanut,38,leading_descriptor_removed;plural_singularized,medium,False,
vietnamese fish sauce,vietnamese fish sauce,38,lowercase_ascii_punct_strip,high,False,
plantains,plantain,38,plural_singularized,high,False,
soft fresh goat cheese,soft fresh goat cheese,37,lowercase_ascii_punct_strip,high,False,
mini marshmallows,mini marshmallow,37,plural_singularized,high,False,
base,base,37,lowercase_ascii_punct_strip,high,False,
hungarian sweet paprika,hungarian sweet paprika,37,lowercase_ascii_punct_strip,high,False,
wheat flour,wheat flour,37,lowercase_ascii_punct_strip,high,False,
roasted cashews,roasted cashew,37,plural_singularized,high,False,
boneless chicken breast halves,chicken breast halve,37,leading_descriptor_removed;plural_singularized,medium,False,
bone in chicken thighs,bone in chicken thigh,37,plural_singularized,high,False,
orange flower water,orange flower water,37,lowercase_ascii_punct_strip,high,False,
beef sirloin,beef sirloin,37,lowercase_ascii_punct_strip,high,False,
teas,tea,37,plural_singularized,high,False,
corn kernel whole,corn kernel whole,37,lowercase_ascii_punct_strip,high,False,
pimento stuffed green olives,pimento stuffed green olive,37,plural_singularized,high,False,
graham cracker crumbs,graham cracker crumb,37,plural_singularized,high,False,
hellmann' or best food real mayonnais,or best food real mayonnai,37,brand_prefix_removed;plural_singularized,medium,False,Removed brand prefix `hellmann`
chinese chives,chinese chive,37,plural_singularized,high,False,
lemon pepper,lemon pepper,37,lowercase_ascii_punct_strip,high,False,
salt pork,salt pork,37,lowercase_ascii_punct_strip,high,False,
naan,naan,37,lowercase_ascii_punct_strip,high,False,
crab,crab,37,lowercase_ascii_punct_strip,high,False,
baby corn,baby corn,37,lowercase_ascii_punct_strip,high,False,
crumbled gorgonzola,crumbled gorgonzola,37,lowercase_ascii_punct_strip,high,False,
crumbled blue cheese,crumbled blue cheese,37,lowercase_ascii_punct_strip,high,False,
berries,berry,37,plural_singularized,high,False,
basil pesto sauce,basil pesto sauce,37,lowercase_ascii_punct_strip,high,False,
coconut sugar,coconut sugar,37,lowercase_ascii_punct_strip,high,False,
brie cheese,brie cheese,37,lowercase_ascii_punct_strip,high,False,
hot chili sauce,chili sauce,36,leading_descriptor_removed,medium,False,
chop fine pecan,chop fine pecan,36,lowercase_ascii_punct_strip,high,False,
ground thyme,thyme,36,leading_descriptor_removed,medium,False,
cod,cod,36,lowercase_ascii_punct_strip,high,False,
macaroni,macaroni,36,lowercase_ascii_punct_strip,high,False,
fermented black beans,fermented black bean,36,plural_singularized,high,False,
fenugreek,fenugreek,36,lowercase_ascii_punct_strip,high,False,
unsweetened chocolate,unsweetened chocolate,36,lowercase_ascii_punct_strip,high,False,
spaghetti squash,spaghetti squash,36,lowercase_ascii_punct_strip,high,False,
"boneless, skinless chicken breast",chicken breast,36,leading_descriptor_removed;leading_descriptor_removed,medium,False,
bean threads,bean thread,36,plural_singularized,high,False,
orange peel,orange peel,36,lowercase_ascii_punct_strip,high,False,
oxtails,oxtail,36,plural_singularized,high,False,
minced pork,pork,36,leading_descriptor_removed,medium,False,
phyllo pastry,phyllo pastry,36,lowercase_ascii_punct_strip,high,False,
Madras curry powder,madras curry powder,36,lowercase_ascii_punct_strip,high,False,
dried black beans,black bean,36,leading_descriptor_removed;plural_singularized,medium,False,
pickles,pickle,36,plural_singularized,high,False,
crema,crema,36,lowercase_ascii_punct_strip,high,False,
pepperoni slices,pepperoni slice,36,plural_singularized,high,False,
fresh peas,pea,36,leading_descriptor_removed;plural_singularized,medium,False,
safflower oil,safflower oil,36,lowercase_ascii_punct_strip,high,False,
chicken cutlets,chicken cutlet,36,plural_singularized,high,False,
onion tops,onion top,36,plural_singularized,high,False,
grate lime peel,grate lime peel,36,lowercase_ascii_punct_strip,high,False,
sun-dried tomatoes in oil,sun-dried tomatoes in oil,36,lowercase_ascii_punct_strip,high,False,
refrigerated pizza dough,refrigerated pizza dough,35,lowercase_ascii_punct_strip,high,False,
triple sec,triple sec,35,lowercase_ascii_punct_strip,high,False,
nonfat ricotta cheese,nonfat ricotta cheese,35,lowercase_ascii_punct_strip,high,False,
boneless chicken,chicken,35,leading_descriptor_removed,medium,False,
dri leav thyme,dri leav thyme,35,lowercase_ascii_punct_strip,high,False,
boneless chop pork,chop pork,35,leading_descriptor_removed,medium,False,
vanilla wafers,vanilla wafer,35,plural_singularized,high,False,
tarragon,tarragon,35,lowercase_ascii_punct_strip,high,False,
nuts,nut,35,plural_singularized,high,False,
brussels sprouts,brussels sprout,35,plural_singularized,high,False,
yellow mustard seeds,yellow mustard seed,35,plural_singularized,high,False,
meat bones,meat bone,35,plural_singularized,high,False,
heirloom tomatoes,heirloom tomatoe,35,plural_singularized,high,False,
crushed pineapple,pineapple,35,leading_descriptor_removed,medium,False,
canola,canola,35,lowercase_ascii_punct_strip,high,False,
shredded reduced fat cheddar cheese,reduced fat cheddar cheese,35,leading_descriptor_removed,medium,False,
apricots,apricot,34,plural_singularized,high,False,
American cheese,american cheese,34,lowercase_ascii_punct_strip,high,False,
filet,filet,34,lowercase_ascii_punct_strip,high,False,
italian plum tomatoes,italian plum tomatoe,34,plural_singularized,high,False,
soup,soup,34,lowercase_ascii_punct_strip,high,False,
papaya,papaya,34,lowercase_ascii_punct_strip,high,False,
liquid smoke,liquid smoke,34,lowercase_ascii_punct_strip,high,False,
vine ripened tomatoes,vine ripened tomatoe,34,plural_singularized,high,False,
chees fresco queso,chees fresco queso,34,lowercase_ascii_punct_strip,high,False,
beef shank,beef shank,34,lowercase_ascii_punct_strip,high,False,
dried minced onion,onion,34,leading_descriptor_removed;leading_descriptor_removed,medium,False,
tamarind concentrate,tamarind concentrate,34,lowercase_ascii_punct_strip,high,False,
coffee granules,coffee granule,34,plural_singularized,high,False,
celery root,celery root,34,lowercase_ascii_punct_strip,high,False,
sea bass fillets,sea bass fillet,34,plural_singularized,high,False,
mung beans,mung bean,34,plural_singularized,high,False,
dried dillweed,dillweed,34,leading_descriptor_removed,medium,False,
cardamom seeds,cardamom seed,34,plural_singularized,high,False,
pepper sauce,pepper sauce,34,lowercase_ascii_punct_strip,high,False,
baby lima beans,baby lima bean,33,plural_singularized,high,False,
oyster mushrooms,oyster mushroom,33,plural_singularized,high,False,
poblano chilies,poblano chily,33,plural_singularized,high,False,
crab meat,crab meat,33,lowercase_ascii_punct_strip,high,False,
whitefish,whitefish,33,lowercase_ascii_punct_strip,high,False,
rolled oats,rolled oat,33,plural_singularized,high,False,
spanish paprika,spanish paprika,33,lowercase_ascii_punct_strip,high,False,
figs,fig,33,plural_singularized,high,False,
orzo pasta,orzo pasta,33,lowercase_ascii_punct_strip,high,False,
gram flour,gram flour,33,lowercase_ascii_punct_strip,high,False,
mexican chorizo,mexican chorizo,33,lowercase_ascii_punct_strip,high,False,
steamed white rice,steamed white rice,33,lowercase_ascii_punct_strip,high,False,
asafoetida powder,asafoetida powder,33,lowercase_ascii_punct_strip,high,False,
cornichons,cornichon,33,plural_singularized,high,False,
rice cakes,rice cake,33,plural_singularized,high,False,
fresh red chili,red chili,33,leading_descriptor_removed,medium,False,
salted roast peanuts,roast peanut,33,leading_descriptor_removed;plural_singularized,medium,False,
Madeira,madeira,33,lowercase_ascii_punct_strip,high,False,
mixed spice,mixed spice,33,lowercase_ascii_punct_strip,high,False,
smoked bacon,smoked bacon,33,lowercase_ascii_punct_strip,high,False,
chayotes,chayote,32,plural_singularized,high,False,
lima beans,lima bean,32,plural_singularized,high,False,
squash,squash,32,lowercase_ascii_punct_strip,high,False,
mexican chocolate,mexican chocolate,32,lowercase_ascii_punct_strip,high,False,
pie shell,pie shell,32,lowercase_ascii_punct_strip,high,False,
serrano,serrano,32,lowercase_ascii_punct_strip,high,False,
extra large eggs,large egg,32,leading_descriptor_removed;plural_singularized,medium,False,
raw cashews,raw cashew,32,plural_singularized,high,False,
cooked bacon,bacon,32,leading_descriptor_removed,medium,False,
blueberries,blueberry,32,plural_singularized,high,False,
beef bouillon,beef bouillon,32,lowercase_ascii_punct_strip,high,False,
corned beef,corned beef,32,lowercase_ascii_punct_strip,high,False,
golden delicious apples,golden delicious apple,32,plural_singularized,high,False,
mustard oil,mustard oil,32,lowercase_ascii_punct_strip,high,False,
pickle relish,pickle relish,32,lowercase_ascii_punct_strip,high,False,
wasabi,wasabi,32,lowercase_ascii_punct_strip,high,False,
chow mein noodles,chow mein noodle,32,plural_singularized,high,False,
food colouring,food colouring,32,lowercase_ascii_punct_strip,high,False,
prepared mustard,prepared mustard,32,lowercase_ascii_punct_strip,high,False,
sticky rice,sticky rice,32,lowercase_ascii_punct_strip,high,False,
dried mint flakes,mint flake,31,leading_descriptor_removed;plural_singularized,medium,False,
habanero pepper,habanero pepper,31,lowercase_ascii_punct_strip,high,False,
waxy potatoes,waxy potatoe,31,plural_singularized,high,False,
pearl barley,pearl barley,31,lowercase_ascii_punct_strip,high,False,
straw mushrooms,straw mushroom,31,plural_singularized,high,False,
key lime juice,key lime juice,31,lowercase_ascii_punct_strip,high,False,
dried pinto beans,pinto bean,31,leading_descriptor_removed;plural_singularized,medium,False,
black bean sauce,black bean sauce,31,lowercase_ascii_punct_strip,high,False,
gorgonzola,gorgonzola,31,lowercase_ascii_punct_strip,high,False,
green enchilada sauce,green enchilada sauce,31,lowercase_ascii_punct_strip,high,False,
mandarin oranges,mandarin orange,31,plural_singularized,high,False,
basil dried leaves,basil dried leave,31,plural_singularized,high,False,
corn chips,corn chip,31,plural_singularized,high,False,
extra lean ground beef,ground beef,31,leading_descriptor_removed;leading_descriptor_removed,medium,False,
cocktail cherries,cocktail cherry,31,plural_singularized,high,False,
shredded pepper jack cheese,pepper jack cheese,31,leading_descriptor_removed,medium,False,
rotelle,rotelle,31,lowercase_ascii_punct_strip,high,False,
allspice berries,allspice berry,31,plural_singularized,high,False,
veal,veal,31,lowercase_ascii_punct_strip,high,False,
soba,soba,31,lowercase_ascii_punct_strip,high,False,
bay scallops,bay scallop,31,plural_singularized,high,False,
store bought low sodium chicken stock,store bought low sodium chicken stock,31,lowercase_ascii_punct_strip,high,False,
syrup,syrup,31,lowercase_ascii_punct_strip,high,False,
reduced fat cheddar cheese,reduced fat cheddar cheese,31,lowercase_ascii_punct_strip,high,False,
green leaf lettuce,green leaf lettuce,31,lowercase_ascii_punct_strip,high,False,
cranberries,cranberry,31,plural_singularized,high,False,
chestnuts,chestnut,31,plural_singularized,high,False,
powdered milk,powdered milk,31,lowercase_ascii_punct_strip,high,False,
fronds,frond,31,plural_singularized,high,False,
baked tortilla chips,baked tortilla chip,31,plural_singularized,high,False,
Irish whiskey,irish whiskey,31,lowercase_ascii_punct_strip,high,False,
fettuccine pasta,fettuccine pasta,30,lowercase_ascii_punct_strip,high,False,
coffee liqueur,coffee liqueur,30,lowercase_ascii_punct_strip,high,False,
Velveeta,velveeta,30,lowercase_ascii_punct_strip,high,False,
pasta shells,pasta shell,30,plural_singularized,high,False,
prepar salsa,prepar salsa,30,lowercase_ascii_punct_strip,high,False,
white flour,white flour,30,lowercase_ascii_punct_strip,high,False,
minced beef,beef,30,leading_descriptor_removed,medium,False,
vanilla instant pudding,vanilla instant pudding,30,lowercase_ascii_punct_strip,high,False,
chunky peanut butter,chunky peanut butter,30,lowercase_ascii_punct_strip,high,False,
loosely packed fresh basil leaves,loosely packed fresh basil leave,30,plural_singularized,high,False,
regular soy sauce,regular soy sauce,30,lowercase_ascii_punct_strip,high,False,
Mexican beer,mexican beer,30,lowercase_ascii_punct_strip,high,False,
glutinous rice,glutinous rice,30,lowercase_ascii_punct_strip,high,False,
sweet rice flour,rice flour,30,leading_descriptor_removed,medium,False,
whiskey,whiskey,30,lowercase_ascii_punct_strip,high,False,
golden syrup,golden syrup,30,lowercase_ascii_punct_strip,high,False,
light cream cheese,cream cheese,30,leading_descriptor_removed,medium,False,
whole wheat pastry flour,wheat pastry flour,30,leading_descriptor_removed,medium,False,
beef stock cubes,beef stock cube,30,plural_singularized,high,False,
dumplings,dumpling,30,plural_singularized,high,False,
dumpling wrappers,dumpling wrapper,30,plural_singularized,high,False,
gochugaru,gochugaru,30,lowercase_ascii_punct_strip,high,False,
fat-free chicken broth,fat-free chicken broth,30,lowercase_ascii_punct_strip,high,False,
Grand Marnier,grand marnier,30,lowercase_ascii_punct_strip,high,False,
Italian seasoned breadcrumbs,italian seasoned breadcrumb,30,plural_singularized,high,False,
milk chocolate,milk chocolate,30,lowercase_ascii_punct_strip,high,False,
pitted olives,pitted olive,30,plural_singularized,high,False,
breakfast sausages,breakfast sausage,30,plural_singularized,high,False,
pork ribs,pork rib,30,plural_singularized,high,False,
apricot preserves,apricot preserve,29,plural_singularized,high,False,
champagne vinegar,champagne vinegar,29,lowercase_ascii_punct_strip,high,False,
whole wheat spaghetti,wheat spaghetti,29,leading_descriptor_removed,medium,False,
genoa salami,genoa salami,29,lowercase_ascii_punct_strip,high,False,
red miso,red miso,29,lowercase_ascii_punct_strip,high,False,
bone-in chicken breast halves,bone-in chicken breast halve,29,plural_singularized,high,False,
brown lentils,brown lentil,29,plural_singularized,high,False,
beef tenderloin steaks,beef tenderloin steak,29,plural_singularized,high,False,
raw sugar,raw sugar,29,lowercase_ascii_punct_strip,high,False,
pomegranate seeds,pomegranate seed,29,plural_singularized,high,False,
pasilla chiles,pasilla chile,29,plural_singularized,high,False,
wood ear mushrooms,wood ear mushroom,29,plural_singularized,high,False,
Japanese soy sauce,japanese soy sauce,29,lowercase_ascii_punct_strip,high,False,
tilapia,tilapia,29,lowercase_ascii_punct_strip,high,False,
sweet soy sauce,soy sauce,29,leading_descriptor_removed,medium,False,
crema mexican,crema mexican,29,lowercase_ascii_punct_strip,high,False,
chicken breast tenders,chicken breast tender,29,plural_singularized,high,False,
msg,msg,29,lowercase_ascii_punct_strip,high,False,
fresh lime,lime,29,leading_descriptor_removed,medium,False,
ziti,ziti,29,lowercase_ascii_punct_strip,high,False,
starch,starch,29,lowercase_ascii_punct_strip,high,False,
fontina,fontina,29,lowercase_ascii_punct_strip,high,False,
crust,crust,28,lowercase_ascii_punct_strip,high,False,
pork shoulder roast,pork shoulder roast,28,lowercase_ascii_punct_strip,high,False,
chili bean paste,chili bean paste,28,lowercase_ascii_punct_strip,high,False,
amaretto,amaretto,28,lowercase_ascii_punct_strip,high,False,
kielbasa,kielbasa,28,lowercase_ascii_punct_strip,high,False,
whole milk yoghurt,milk yoghurt,28,leading_descriptor_removed,medium,False,
medium shrimp uncook,shrimp uncook,28,leading_descriptor_removed,medium,False,
sliced cucumber,cucumber,28,leading_descriptor_removed,medium,False,
medium dry sherry,dry sherry,28,leading_descriptor_removed,medium,False,
serrano ham,serrano ham,28,lowercase_ascii_punct_strip,high,False,
round steaks,round steak,28,plural_singularized,high,False,
short rib,short rib,28,lowercase_ascii_punct_strip,high,False,
lo mein noodles,lo mein noodle,28,plural_singularized,high,False,
turnip greens,turnip green,28,plural_singularized,high,False,
cooked quinoa,quinoa,28,leading_descriptor_removed,medium,False,
sauerkraut,sauerkraut,28,lowercase_ascii_punct_strip,high,False,
boneless skinless chicken,chicken,28,leading_descriptor_removed;leading_descriptor_removed,medium,False,
champagne,champagne,28,lowercase_ascii_punct_strip,high,False,
jeera,jeera,27,lowercase_ascii_punct_strip,high,False,
jam,jam,27,lowercase_ascii_punct_strip,high,False,
soy milk,soy milk,27,lowercase_ascii_punct_strip,high,False,
fava beans,fava bean,27,plural_singularized,high,False,
top sirloin steak,top sirloin steak,27,lowercase_ascii_punct_strip,high,False,
white button mushrooms,white button mushroom,27,plural_singularized,high,False,
white peppercorns,white peppercorn,27,plural_singularized,high,False,
apricot halves,apricot halve,27,plural_singularized,high,False,
diced tomatoes in juice,tomatoes in juice,27,leading_descriptor_removed,medium,False,
bbq sauce,bbq sauce,27,lowercase_ascii_punct_strip,high,False,
roasted sesame seeds,roasted sesame seed,27,plural_singularized,high,False,
candied orange peel,candied orange peel,27,lowercase_ascii_punct_strip,high,False,
chile paste with garlic,chile paste with garlic,27,lowercase_ascii_punct_strip,high,False,
ground mustard,mustard,27,leading_descriptor_removed,medium,False,
veggies,veggy,27,plural_singularized,high,False,
canned chicken broth,canned chicken broth,27,lowercase_ascii_punct_strip,high,False,
okra pods,okra pod,27,plural_singularized,high,False,
Niçoise olives,nicoise olive,27,plural_singularized,high,False,
pastry dough,pastry dough,27,lowercase_ascii_punct_strip,high,False,
pesto sauce,pesto sauce,27,lowercase_ascii_punct_strip,high,False,
top round steak,top round steak,27,lowercase_ascii_punct_strip,high,False,
dijon style mustard,dijon style mustard,27,lowercase_ascii_punct_strip,high,False,
pickled jalapenos,pickled jalapeno,27,plural_singularized,high,False,
fresh lemon,lemon,27,leading_descriptor_removed,medium,False,
shucked oysters,shucked oyster,27,plural_singularized,high,False,
unsalted cashews,cashew,27,leading_descriptor_removed;plural_singularized,medium,False,
Boston lettuce,boston lettuce,27,lowercase_ascii_punct_strip,high,False,
flatbread,flatbread,27,lowercase_ascii_punct_strip,high,False,
nutritional yeast,nutritional yeast,27,lowercase_ascii_punct_strip,high,False,
chinese sausage,chinese sausage,27,lowercase_ascii_punct_strip,high,False,
cookies,cooky,27,plural_singularized,high,False,
kirby cucumbers,kirby cucumber,26,plural_singularized,high,False,
whole allspice,allspice,26,leading_descriptor_removed,medium,False,
stout,stout,26,lowercase_ascii_punct_strip,high,False,
candy,candy,26,lowercase_ascii_punct_strip,high,False,
halibut,halibut,26,lowercase_ascii_punct_strip,high,False,
sesame,sesame,26,lowercase_ascii_punct_strip,high,False,
corn mix muffin,corn mix muffin,26,lowercase_ascii_punct_strip,high,False,
flavoring,flavoring,26,lowercase_ascii_punct_strip,high,False,
green papaya,green papaya,26,lowercase_ascii_punct_strip,high,False,
bread dough,bread dough,26,lowercase_ascii_punct_strip,high,False,
kiwi,kiwi,26,lowercase_ascii_punct_strip,high,False,
yellow split peas,yellow split pea,26,plural_singularized,high,False,
reduced fat monterey jack cheese,reduced fat monterey jack cheese,26,lowercase_ascii_punct_strip,high,False,
low sodium beef broth,beef broth,26,leading_descriptor_removed,medium,False,
glutinous rice flour,glutinous rice flour,26,lowercase_ascii_punct_strip,high,False,
pork baby back ribs,pork baby back rib,26,plural_singularized,high,False,
rotel tomatoes,rotel tomatoe,26,plural_singularized,high,False,
lean ground turkey,ground turkey,26,leading_descriptor_removed,medium,False,
pie dough,pie dough,26,lowercase_ascii_punct_strip,high,False,
olive oil cooking spray,olive oil cooking spray,26,lowercase_ascii_punct_strip,high,False,
veal shanks,veal shank,26,plural_singularized,high,False,
"lasagna noodles, cooked and drained",lasagna noodles cooked and drained,26,lowercase_ascii_punct_strip,high,False,
Guinness Beer,guinness beer,26,lowercase_ascii_punct_strip,high,False,
wheat,wheat,26,lowercase_ascii_punct_strip,high,False,
pork shoulder boston butt,pork shoulder boston butt,26,lowercase_ascii_punct_strip,high,False,
dried fig,fig,26,leading_descriptor_removed,medium,False,
ricotta salata,ricotta salata,26,lowercase_ascii_punct_strip,high,False,
smoked gouda,smoked gouda,26,lowercase_ascii_punct_strip,high,False,
and fat free half half,and fat free half half,26,lowercase_ascii_punct_strip,high,False,
toasted walnuts,toasted walnut,25,plural_singularized,high,False,
part-skim mozzarella,part-skim mozzarella,25,lowercase_ascii_punct_strip,high,False,
chili beans,chili bean,25,plural_singularized,high,False,
toasted pecans,toasted pecan,25,plural_singularized,high,False,
ground tumeric,tumeric,25,leading_descriptor_removed,medium,False,
jack,jack,25,lowercase_ascii_punct_strip,high,False,
pure maple syrup,pure maple syrup,25,lowercase_ascii_punct_strip,high,False,
clear honey,clear honey,25,lowercase_ascii_punct_strip,high,False,
masa,masa,25,lowercase_ascii_punct_strip,high,False,
fat-free mayonnaise,fat-free mayonnaise,25,lowercase_ascii_punct_strip,high,False,
pork spareribs,pork sparerib,25,plural_singularized,high,False,
chipotle,chipotle,25,lowercase_ascii_punct_strip,high,False,
canned beef broth,canned beef broth,25,lowercase_ascii_punct_strip,high,False,
bibb lettuce,bibb lettuce,25,lowercase_ascii_punct_strip,high,False,
tiger prawn,tiger prawn,25,lowercase_ascii_punct_strip,high,False,
cilantro root,cilantro root,25,lowercase_ascii_punct_strip,high,False,
refrigerated crescent rolls,refrigerated crescent roll,25,plural_singularized,high,False,
chicken leg quarters,chicken leg quarter,25,plural_singularized,high,False,
turkey breast,turkey breast,25,lowercase_ascii_punct_strip,high,False,
butter beans,butter bean,25,plural_singularized,high,False,
walnut halves,walnut halve,25,plural_singularized,high,False,
lemon extract,lemon extract,25,lowercase_ascii_punct_strip,high,False,
garlic chives,garlic chive,25,plural_singularized,high,False,
nectarines,nectarine,25,plural_singularized,high,False,
fleur de sel,fleur de sel,25,lowercase_ascii_punct_strip,high,False,
low sodium vegetable broth,vegetable broth,25,leading_descriptor_removed,medium,False,
passata,passata,24,lowercase_ascii_punct_strip,high,False,
beefsteak tomatoes,beefsteak tomatoe,24,plural_singularized,high,False,
gravy,gravy,24,lowercase_ascii_punct_strip,high,False,
sirloin,sirloin,24,lowercase_ascii_punct_strip,high,False,
mutton,mutton,24,lowercase_ascii_punct_strip,high,False,
sliced ham,ham,24,leading_descriptor_removed,medium,False,
rabbit,rabbit,24,lowercase_ascii_punct_strip,high,False,
fine salt,salt,24,leading_descriptor_removed;universal_flag,medium,True,
cantaloupe,cantaloupe,24,lowercase_ascii_punct_strip,high,False,
bulgur,bulgur,24,lowercase_ascii_punct_strip,high,False,
hungarian paprika,hungarian paprika,24,lowercase_ascii_punct_strip,high,False,
colby cheese,colby cheese,24,lowercase_ascii_punct_strip,high,False,
tostada shells,tostada shell,24,plural_singularized,high,False,
tuna packed in olive oil,tuna packed in olive oil,24,lowercase_ascii_punct_strip,high,False,
persian cucumber,persian cucumber,24,lowercase_ascii_punct_strip,high,False,
almond paste,almond paste,24,lowercase_ascii_punct_strip,high,False,
spaghettini,spaghettini,24,lowercase_ascii_punct_strip,high,False,
rice sticks,rice stick,24,plural_singularized,high,False,
loin pork roast,loin pork roast,24,lowercase_ascii_punct_strip,high,False,
chilli paste,chilli paste,24,lowercase_ascii_punct_strip,high,False,
medium eggs,egg,24,leading_descriptor_removed;plural_singularized,medium,False,
whole grain dijon mustard,grain dijon mustard,24,leading_descriptor_removed,medium,False,
seedless red grapes,seedless red grape,24,plural_singularized,high,False,
nigella seeds,nigella seed,24,plural_singularized,high,False,
shrimp stock,shrimp stock,24,lowercase_ascii_punct_strip,high,False,
pimento stuffed olives,pimento stuffed olive,23,plural_singularized,high,False,
banana leaves,banana leave,23,plural_singularized,high,False,
chopped bell pepper,bell pepper,23,leading_descriptor_removed,medium,False,
bosc pears,bosc pear,23,plural_singularized,high,False,
butter-margarine blend,butter-margarine blend,23,lowercase_ascii_punct_strip,high,False,
tomato basil sauce,tomato basil sauce,23,lowercase_ascii_punct_strip,high,False,
bacon grease,bacon grease,23,lowercase_ascii_punct_strip,high,False,
ciabatta,ciabatta,23,lowercase_ascii_punct_strip,high,False,
dill weed,dill weed,23,lowercase_ascii_punct_strip,high,False,
white corn tortillas,white corn tortilla,23,plural_singularized,high,False,
lamb stock,lamb stock,23,lowercase_ascii_punct_strip,high,False,
chana dal,chana dal,23,lowercase_ascii_punct_strip,high,False,
hot dogs,dog,23,leading_descriptor_removed;plural_singularized,medium,False,
free range egg,free range egg,23,lowercase_ascii_punct_strip,high,False,
sliced tomatoes,tomatoe,23,leading_descriptor_removed;plural_singularized,medium,False,
rhubarb,rhubarb,23,lowercase_ascii_punct_strip,high,False,
boneless chuck roast,chuck roast,23,leading_descriptor_removed,medium,False,
bacon fat,bacon fat,23,lowercase_ascii_punct_strip,high,False,
moong dal,moong dal,23,lowercase_ascii_punct_strip,high,False,
roasted garlic,roasted garlic,23,lowercase_ascii_punct_strip,high,False,
wasabi powder,wasabi powder,23,lowercase_ascii_punct_strip,high,False,
red leaf lettuce,red leaf lettuce,23,lowercase_ascii_punct_strip,high,False,
nonfat greek yogurt,nonfat greek yogurt,23,lowercase_ascii_punct_strip,high,False,
tasso,tasso,23,lowercase_ascii_punct_strip,high,False,
soft goat's cheese,soft goats cheese,23,lowercase_ascii_punct_strip,high,False,
pastry shell,pastry shell,23,lowercase_ascii_punct_strip,high,False,
stewing beef,stewing beef,23,lowercase_ascii_punct_strip,high,False,
wine vinegar,wine vinegar,23,lowercase_ascii_punct_strip,high,False,
gluten,gluten,23,lowercase_ascii_punct_strip,high,False,
medjool date,medjool date,23,lowercase_ascii_punct_strip,high,False,
pistachio nuts,pistachio nut,22,plural_singularized,high,False,
spicy brown mustard,spicy brown mustard,22,lowercase_ascii_punct_strip,high,False,
swordfish steaks,swordfish steak,22,plural_singularized,high,False,
roasted hazelnuts,roasted hazelnut,22,plural_singularized,high,False,
roast,roast,22,lowercase_ascii_punct_strip,high,False,
cold milk,cold milk,22,lowercase_ascii_punct_strip,high,False,
sliced shallots,shallot,22,leading_descriptor_removed;plural_singularized,medium,False,
shredded extra sharp cheddar cheese,sharp cheddar cheese,22,leading_descriptor_removed;leading_descriptor_removed,medium,False,
low-sodium fat-free chicken broth,low-sodium fat-free chicken broth,22,lowercase_ascii_punct_strip,high,False,
irish cream liqueur,irish cream liqueur,22,lowercase_ascii_punct_strip,high,False,
jamaican jerk season,jamaican jerk season,22,lowercase_ascii_punct_strip,high,False,
nonfat yogurt plain,nonfat yogurt plain,22,lowercase_ascii_punct_strip,high,False,
Korean chile flakes,korean chile flake,22,plural_singularized,high,False,
ground paprika,paprika,22,leading_descriptor_removed,medium,False,
blue cheese,blue cheese,22,lowercase_ascii_punct_strip,high,False,
dry coconut,dry coconut,22,lowercase_ascii_punct_strip,high,False,
green tea,green tea,22,lowercase_ascii_punct_strip,high,False,
nonfat evaporated milk,nonfat evaporated milk,22,lowercase_ascii_punct_strip,high,False,
glaze,glaze,22,lowercase_ascii_punct_strip,high,False,
mixed vegetables,mixed vegetable,22,plural_singularized,high,False,
crema mexicana,crema mexicana,22,lowercase_ascii_punct_strip,high,False,
pumpkin pie spice,pumpkin pie spice,22,lowercase_ascii_punct_strip,high,False,
yellow food coloring,yellow food coloring,22,lowercase_ascii_punct_strip,high,False,
tamarind pulp,tamarind pulp,22,lowercase_ascii_punct_strip,high,False,
frozen orange juice concentrate,orange juice concentrate,22,leading_descriptor_removed,medium,False,
pepperoncini,pepperoncini,22,lowercase_ascii_punct_strip,high,False,
almond milk,almond milk,22,lowercase_ascii_punct_strip,high,False,
broccolini,broccolini,22,lowercase_ascii_punct_strip,high,False,
yardlong beans,yardlong bean,22,plural_singularized,high,False,
lamb stew meat,lamb stew meat,22,lowercase_ascii_punct_strip,high,False,
navy beans,navy bean,22,plural_singularized,high,False,
red snapper,red snapper,22,lowercase_ascii_punct_strip,high,False,
piloncillo,piloncillo,22,lowercase_ascii_punct_strip,high,False,
canadian bacon,canadian bacon,22,lowercase_ascii_punct_strip,high,False,
lamb loin chops,lamb loin chop,22,plural_singularized,high,False,
chinese noodles,chinese noodle,22,plural_singularized,high,False,
hummus,hummus,22,lowercase_ascii_punct_strip,high,False,
peach slices,peach slice,22,plural_singularized,high,False,
dried chickpeas,chickpea,22,leading_descriptor_removed;plural_singularized,medium,False,
coleslaw,coleslaw,22,lowercase_ascii_punct_strip,high,False,
chinkiang vinegar,chinkiang vinegar,22,lowercase_ascii_punct_strip,high,False,
reduced fat mayonnaise,reduced fat mayonnaise,22,lowercase_ascii_punct_strip,high,False,
ponzu,ponzu,22,lowercase_ascii_punct_strip,high,False,
applesauce,applesauce,21,lowercase_ascii_punct_strip,high,False,
coconut flakes,coconut flake,21,plural_singularized,high,False,
whole peppercorn,peppercorn,21,leading_descriptor_removed,medium,False,
veal cutlets,veal cutlet,21,plural_singularized,high,False,
tagliatelle,tagliatelle,21,lowercase_ascii_punct_strip,high,False,
bawang goreng,bawang goreng,21,lowercase_ascii_punct_strip,high,False,
whitefish fillets,whitefish fillet,21,plural_singularized,high,False,
tawny port,tawny port,21,lowercase_ascii_punct_strip,high,False,
apricot jam,apricot jam,21,lowercase_ascii_punct_strip,high,False,
pita bread rounds,pita bread round,21,plural_singularized,high,False,
stir fry vegetable blend,stir fry vegetable blend,21,lowercase_ascii_punct_strip,high,False,
nopales,nopale,21,plural_singularized,high,False,
"frozen chopped spinach, thawed and squeezed dry",chopped spinach thawed and squeezed dry,21,leading_descriptor_removed,medium,False,
yellow corn,yellow corn,21,lowercase_ascii_punct_strip,high,False,
pickling spices,pickling spice,21,plural_singularized,high,False,
juniper berries,juniper berry,21,plural_singularized,high,False,
hot chili powder,chile powder,21,leading_descriptor_removed,medium,False,
duck breasts,duck breast,21,plural_singularized,high,False,
farro,farro,21,lowercase_ascii_punct_strip,high,False,
muscovado sugar,muscovado sugar,21,lowercase_ascii_punct_strip,high,False,
bulk italian sausag,bulk italian sausag,21,lowercase_ascii_punct_strip,high,False,
chocolate morsels,chocolate morsel,21,plural_singularized,high,False,
soda,soda,21,lowercase_ascii_punct_strip,high,False,
long grain brown rice,long grain brown rice,21,lowercase_ascii_punct_strip,high,False,
granulated white sugar,granulated white sugar,21,lowercase_ascii_punct_strip,high,False,
kahlúa,kahlua,21,lowercase_ascii_punct_strip,high,False,
pepitas,pepita,21,plural_singularized,high,False,
shoyu,shoyu,21,lowercase_ascii_punct_strip,high,False,
calvados,calvado,21,plural_singularized,high,False,
harissa paste,harissa paste,21,lowercase_ascii_punct_strip,high,False,
truffle oil,truffle oil,21,lowercase_ascii_punct_strip,high,False,
jelly,jelly,21,lowercase_ascii_punct_strip,high,False,
ground sage,sage,21,leading_descriptor_removed,medium,False,
medium-grain rice,medium-grain rice,21,lowercase_ascii_punct_strip,high,False,
olive oil spray,olive oil spray,21,lowercase_ascii_punct_strip,high,False,
fajita seasoning mix,fajita seasoning mix,21,lowercase_ascii_punct_strip,high,False,
mild olive oil,mild olive oil,21,lowercase_ascii_punct_strip,high,False,
sweet rice,rice,21,leading_descriptor_removed,medium,False,
tangerine,tangerine,21,lowercase_ascii_punct_strip,high,False,
Dutch-processed cocoa powder,dutch-processed cocoa powder,21,lowercase_ascii_punct_strip,high,False,
Maggi,maggi,21,lowercase_ascii_punct_strip,high,False,
pernod,pernod,21,lowercase_ascii_punct_strip,high,False,
meatballs,meatball,21,plural_singularized,high,False,
Philadelphia Cream Cheese,philadelphia cream cheese,21,lowercase_ascii_punct_strip,high,False,
sweet cherries,cherry,21,leading_descriptor_removed;plural_singularized,medium,False,
oil-cured black olives,oil-cured black olive,21,plural_singularized,high,False,
chicken tenderloin,chicken tenderloin,21,lowercase_ascii_punct_strip,high,False,
fresh bay leaves,bay leave,21,leading_descriptor_removed;plural_singularized,medium,False,
rosemary leaves,rosemary leave,21,plural_singularized,high,False,
guanciale,guanciale,21,lowercase_ascii_punct_strip,high,False,
italian tomatoes,italian tomatoe,21,plural_singularized,high,False,
banana peppers,banana pepper,21,plural_singularized,high,False,
Tabasco Green Pepper Sauce,tabasco green pepper sauce,21,lowercase_ascii_punct_strip,high,False,
Country Crock® Spread,spread,21,brand_prefix_removed,medium,False,Removed brand prefix `country crock`
slaw,slaw,21,lowercase_ascii_punct_strip,high,False,
bread ciabatta,bread ciabatta,21,lowercase_ascii_punct_strip,high,False,
dried cherry,cherry,21,leading_descriptor_removed,medium,False,
double-acting baking powder,double-acting baking powder,21,lowercase_ascii_punct_strip,high,False,
Vietnamese coriander,vietnamese coriander,21,lowercase_ascii_punct_strip,high,False,
buckwheat flour,buckwheat flour,21,lowercase_ascii_punct_strip,high,False,
dried guajillo chiles,guajillo chile,21,leading_descriptor_removed;plural_singularized,medium,False,
rose water,rose water,21,lowercase_ascii_punct_strip,high,False,
liver,liver,20,lowercase_ascii_punct_strip,high,False,
dried salted codfish,codfish,20,leading_descriptor_removed;leading_descriptor_removed,medium,False,
five spice,five spice,20,lowercase_ascii_punct_strip,high,False,
shahi jeera,shahi jeera,20,lowercase_ascii_punct_strip,high,False,
light molasses,molasse,20,leading_descriptor_removed;plural_singularized,medium,False,
butter oil,butter oil,20,lowercase_ascii_punct_strip,high,False,
frozen peas and carrots,peas and carrot,20,leading_descriptor_removed;plural_singularized,medium,False,
pitted prunes,pitted prune,20,plural_singularized,high,False,
tartar sauce,tartar sauce,20,lowercase_ascii_punct_strip,high,False,
wild rice,wild rice,20,lowercase_ascii_punct_strip,high,False,
crumbs,crumb,20,plural_singularized,high,False,
chicken sausage,chicken sausage,20,lowercase_ascii_punct_strip,high,False,
brine-cured black olives,brine-cured black olive,20,plural_singularized,high,False,
browning,browning,20,lowercase_ascii_punct_strip,high,False,
wide rice noodles,wide rice noodle,20,plural_singularized,high,False,
five-spice powder,five-spice powder,20,lowercase_ascii_punct_strip,high,False,
potato gnocchi,potato gnocchi,20,lowercase_ascii_punct_strip,high,False,
peanut sauce,peanut sauce,20,lowercase_ascii_punct_strip,high,False,
ground meat,meat,20,leading_descriptor_removed,medium,False,
"clove garlic, fine chop",clove garlic fine chop,20,lowercase_ascii_punct_strip,high,False,
onion flakes,onion flake,20,plural_singularized,high,False,
raspberry jam,raspberry jam,20,lowercase_ascii_punct_strip,high,False,
cornbread,cornbread,20,lowercase_ascii_punct_strip,high,False,
xanthan gum,xanthan gum,20,lowercase_ascii_punct_strip,high,False,
prepar pesto,prepar pesto,20,lowercase_ascii_punct_strip,high,False,
mexicorn,mexicorn,20,lowercase_ascii_punct_strip,high,False,
coconut extract,coconut extract,20,lowercase_ascii_punct_strip,high,False,
soybean sprouts,soybean sprout,20,plural_singularized,high,False,
low-fat mayonnaise,low-fat mayonnaise,20,lowercase_ascii_punct_strip,high,False,
fingerling potatoes,fingerling potatoe,20,plural_singularized,high,False,
tortellini,tortellini,20,lowercase_ascii_punct_strip,high,False,
habanero chile,habanero chile,20,lowercase_ascii_punct_strip,high,False,
gelatin,gelatin,20,lowercase_ascii_punct_strip,high,False,
center cut pork chops,center cut pork chop,20,plural_singularized,high,False,
port,port,20,lowercase_ascii_punct_strip,high,False,
less sodium beef broth,less sodium beef broth,20,lowercase_ascii_punct_strip,high,False,
chicken thigh fillets,chicken thigh fillet,20,plural_singularized,high,False,
grated romano cheese,romano cheese,20,leading_descriptor_removed,medium,False,
full fat coconut milk,full fat coconut milk,20,lowercase_ascii_punct_strip,high,False,
cane sugar,cane sugar,20,lowercase_ascii_punct_strip,high,False,
cheese slices,cheese slice,20,plural_singularized,high,False,
manicotti shells,manicotti shell,20,plural_singularized,high,False,
yellow miso,yellow miso,20,lowercase_ascii_punct_strip,high,False,
frisee,frisee,19,lowercase_ascii_punct_strip,high,False,
japanese rice,japanese rice,19,lowercase_ascii_punct_strip,high,False,
sherry wine,sherry wine,19,lowercase_ascii_punct_strip,high,False,
boneless beef chuck roast,beef chuck roast,19,leading_descriptor_removed,medium,False,
vermicelli noodles,vermicelli noodle,19,plural_singularized,high,False,
ham steak,ham steak,19,lowercase_ascii_punct_strip,high,False,
"uncook medium shrimp, peel and devein",uncook medium shrimp peel and devein,19,lowercase_ascii_punct_strip,high,False,
Burgundy wine,burgundy wine,19,lowercase_ascii_punct_strip,high,False,
frozen mixed vegetables,mixed vegetable,19,leading_descriptor_removed;plural_singularized,medium,False,
pandanus leaf,pandanus leaf,19,lowercase_ascii_punct_strip,high,False,
catfish,catfish,19,lowercase_ascii_punct_strip,high,False,
nori sheets,nori sheet,19,plural_singularized,high,False,
celery stick,celery stick,19,lowercase_ascii_punct_strip,high,False,
unsalted roasted peanuts,roasted peanut,19,leading_descriptor_removed;plural_singularized,medium,False,
beef steak,beef steak,19,lowercase_ascii_punct_strip,high,False,
sea bass,sea bass,19,lowercase_ascii_punct_strip,high,False,
grapefruit,grapefruit,19,lowercase_ascii_punct_strip,high,False,
extra large shrimp,large shrimp,19,leading_descriptor_removed,medium,False,
quick-cooking oats,quick-cooking oat,19,plural_singularized,high,False,
baby greens,baby green,19,plural_singularized,high,False,
medium egg noodles,egg noodle,19,leading_descriptor_removed;plural_singularized,medium,False,
low-fat cottage cheese,low-fat cottage cheese,19,lowercase_ascii_punct_strip,high,False,
new york strip steaks,new york strip steak,19,plural_singularized,high,False,
red chile powder,red chile powder,19,lowercase_ascii_punct_strip,high,False,
instant coffee,instant coffee,19,lowercase_ascii_punct_strip,high,False,
large flour tortillas,flour tortilla,19,leading_descriptor_removed;plural_singularized,medium,False,
frosting,frosting,19,lowercase_ascii_punct_strip,high,False,
bouquet garni,bouquet garni,19,lowercase_ascii_punct_strip,high,False,
baby potatoes,baby potatoe,19,plural_singularized,high,False,
hot chili,chile,19,leading_descriptor_removed,medium,False,
caramel sauce,caramel sauce,19,lowercase_ascii_punct_strip,high,False,
kale leaves,kale leave,19,plural_singularized,high,False,
hearts of palm,hearts of palm,19,lowercase_ascii_punct_strip,high,False,
bone-in chicken breasts,bone-in chicken breast,19,plural_singularized,high,False,
ground fennel,fennel,19,leading_descriptor_removed,medium,False,
diced yellow onion,onion,19,leading_descriptor_removed,medium,False,
phyllo,phyllo,19,lowercase_ascii_punct_strip,high,False,
wakame,wakame,19,lowercase_ascii_punct_strip,high,False,
shiso,shiso,19,lowercase_ascii_punct_strip,high,False,
tandoori spices,tandoori spice,19,plural_singularized,high,False,
fat free less sodium beef broth,fat free less sodium beef broth,19,lowercase_ascii_punct_strip,high,False,
pumpkin purée,pumpkin puree,19,lowercase_ascii_punct_strip,high,False,
orange juice concentrate,orange juice concentrate,19,lowercase_ascii_punct_strip,high,False,
mild Italian sausage,mild italian sausage,18,lowercase_ascii_punct_strip,high,False,
ice cream,ice cream,18,lowercase_ascii_punct_strip,high,False,
Turkish bay leaves,turkish bay leave,18,plural_singularized,high,False,
no-salt-added black beans,no-salt-added black bean,18,plural_singularized,high,False,
crepes,crepe,18,plural_singularized,high,False,
roast beef,roast beef,18,lowercase_ascii_punct_strip,high,False,
baby back ribs,baby back rib,18,plural_singularized,high,False,
frozen edamame beans,edamame bean,18,leading_descriptor_removed;plural_singularized,medium,False,
dried mushrooms,mushroom,18,leading_descriptor_removed;plural_singularized,medium,False,
whole wheat pasta,wheat pasta,18,leading_descriptor_removed,medium,False,
bone in skin on chicken thigh,bone in skin on chicken thigh,18,lowercase_ascii_punct_strip,high,False,
natural yogurt,natural yogurt,18,lowercase_ascii_punct_strip,high,False,
shichimi togarashi,shichimi togarashi,18,lowercase_ascii_punct_strip,high,False,
summer squash,summer squash,18,lowercase_ascii_punct_strip,high,False,
top sirloin,top sirloin,18,lowercase_ascii_punct_strip,high,False,
chocolate shavings,chocolate shaving,18,plural_singularized,high,False,
chicken-flavored soup powder,chicken-flavored soup powder,18,lowercase_ascii_punct_strip,high,False,
chocolate sprinkles,chocolate sprinkle,18,plural_singularized,high,False,
chili pepper flakes,chili pepper flake,18,plural_singularized,high,False,
green peppercorns,green peppercorn,18,plural_singularized,high,False,
rock sugar,rock sugar,18,lowercase_ascii_punct_strip,high,False,
unsweetened shredded dried coconut,unsweetened shredded dried coconut,18,lowercase_ascii_punct_strip,high,False,
essence,essence,18,lowercase_ascii_punct_strip,high,False,
fat free cream cheese,fat free cream cheese,18,lowercase_ascii_punct_strip,high,False,
chopped fresh herbs,fresh herb,18,leading_descriptor_removed;plural_singularized,medium,False,
cheese ravioli,cheese ravioli,18,lowercase_ascii_punct_strip,high,False,
fryer chickens,fryer chicken,18,plural_singularized,high,False,
"red kidnei beans, rins and drain",red kidnei beans rins and drain,18,lowercase_ascii_punct_strip,high,False,
fat-free cottage cheese,fat-free cottage cheese,18,lowercase_ascii_punct_strip,high,False,
small curd cottage cheese,curd cottage cheese,18,leading_descriptor_removed,medium,False,
gyoza wrappers,gyoza wrapper,18,plural_singularized,high,False,
turkey kielbasa,turkey kielbasa,18,lowercase_ascii_punct_strip,high,False,
lite coconut milk,lite coconut milk,18,lowercase_ascii_punct_strip,high,False,
hamburger,hamburger,18,lowercase_ascii_punct_strip,high,False,
cutlet,cutlet,18,lowercase_ascii_punct_strip,high,False,
no-salt-added diced tomatoes,no-salt-added diced tomatoe,18,plural_singularized,high,False,
green lentil,green lentil,18,lowercase_ascii_punct_strip,high,False,
whole almonds,almond,18,leading_descriptor_removed;plural_singularized,medium,False,
whole wheat bread,wheat bread,18,leading_descriptor_removed,medium,False,
imitation crab meat,imitation crab meat,18,lowercase_ascii_punct_strip,high,False,
natural peanut butter,natural peanut butter,18,lowercase_ascii_punct_strip,high,False,
asadero,asadero,18,lowercase_ascii_punct_strip,high,False,
grape leaves,grape leave,18,plural_singularized,high,False,
stilton cheese,stilton cheese,18,lowercase_ascii_punct_strip,high,False,
suet,suet,18,lowercase_ascii_punct_strip,high,False,
long beans,long bean,18,plural_singularized,high,False,
acorn squash,acorn squash,18,lowercase_ascii_punct_strip,high,False,
raw honey,raw honey,18,lowercase_ascii_punct_strip,high,False,
toast,toast,18,lowercase_ascii_punct_strip,high,False,
sesame paste,sesame paste,18,lowercase_ascii_punct_strip,high,False,
ragu old world style pasta sauc,old world style pasta sauc,18,brand_prefix_removed,medium,False,Removed brand prefix `ragu`
baking mix,baking mix,18,lowercase_ascii_punct_strip,high,False,
penne rigate,penne rigate,18,lowercase_ascii_punct_strip,high,False,
frozen okra,okra,18,leading_descriptor_removed,medium,False,
frozen blueberries,blueberry,18,leading_descriptor_removed;plural_singularized,medium,False,
fresh chevre,chevre,18,leading_descriptor_removed,medium,False,
I Can't Believe It's Not Butter!® Spread,i cant believe its not butter spread,18,lowercase_ascii_punct_strip,high,False,
nonfat milk,nonfat milk,18,lowercase_ascii_punct_strip,high,False,
cooking sherry,cooking sherry,18,lowercase_ascii_punct_strip,high,False,
pickled carrots,pickled carrot,17,plural_singularized,high,False,
reduced fat coconut milk,reduced fat coconut milk,17,lowercase_ascii_punct_strip,high,False,
maida flour,maida flour,17,lowercase_ascii_punct_strip,high,False,
lean beef,beef,17,leading_descriptor_removed,medium,False,
nonfat plain greek yogurt,nonfat plain greek yogurt,17,lowercase_ascii_punct_strip,high,False,
fresh pork fat,pork fat,17,leading_descriptor_removed,medium,False,
french fried onions,french fried onion,17,plural_singularized,high,False,
light butter,butter,17,leading_descriptor_removed,medium,False,
port wine,port wine,17,lowercase_ascii_punct_strip,high,False,
tempeh,tempeh,17,lowercase_ascii_punct_strip,high,False,
corn bread,corn bread,17,lowercase_ascii_punct_strip,high,False,
sea salt flakes,sea salt flake,17,plural_singularized,high,False,
sultana,sultana,17,lowercase_ascii_punct_strip,high,False,
rutabaga,rutabaga,17,lowercase_ascii_punct_strip,high,False,
crab boil,crab boil,17,lowercase_ascii_punct_strip,high,False,
bean sauce,bean sauce,17,lowercase_ascii_punct_strip,high,False,
soppressata,soppressata,17,lowercase_ascii_punct_strip,high,False,
dried tart cherries,tart cherry,17,leading_descriptor_removed;plural_singularized,medium,False,
calamansi juice,calamansi juice,17,lowercase_ascii_punct_strip,high,False,
condensed tomato soup,condensed tomato soup,17,lowercase_ascii_punct_strip,high,False,
rub,rub,17,lowercase_ascii_punct_strip,high,False,
brine,brine,17,lowercase_ascii_punct_strip,high,False,
unbaked pie crusts,unbaked pie crust,17,plural_singularized,high,False,
tzatziki,tzatziki,17,lowercase_ascii_punct_strip,high,False,
ditalini pasta,ditalini pasta,17,lowercase_ascii_punct_strip,high,False,
ground sichuan pepper,sichuan pepper,17,leading_descriptor_removed,medium,False,
buns,bun,17,plural_singularized,high,False,
coffee beans,coffee bean,17,plural_singularized,high,False,
zesty italian dressing,zesty italian dressing,17,lowercase_ascii_punct_strip,high,False,
ground chicken breast,chicken breast,17,leading_descriptor_removed,medium,False,
whole wheat breadcrumbs,wheat breadcrumb,17,leading_descriptor_removed;plural_singularized,medium,False,
methi,methi,17,lowercase_ascii_punct_strip,high,False,
seafood seasoning,seafood seasoning,17,lowercase_ascii_punct_strip,high,False,
bocconcini,bocconcini,17,lowercase_ascii_punct_strip,high,False,
applewood smoked bacon,applewood smoked bacon,17,lowercase_ascii_punct_strip,high,False,
brine-cured olives,brine-cured olive,17,plural_singularized,high,False,
napa cabbage leaves,napa cabbage leave,17,plural_singularized,high,False,
onion soup mix,onion soup mix,17,lowercase_ascii_punct_strip,high,False,
chocolate chips,chocolate chip,17,plural_singularized,high,False,
coconut aminos,coconut amino,17,plural_singularized,high,False,
stuffing,stuffing,17,lowercase_ascii_punct_strip,high,False,
garden peas,garden pea,17,plural_singularized,high,False,
chervil,chervil,17,lowercase_ascii_punct_strip,high,False,
color food green,color food green,17,lowercase_ascii_punct_strip,high,False,
white rice flour,white rice flour,17,lowercase_ascii_punct_strip,high,False,
dashi kombu,dashi kombu,17,lowercase_ascii_punct_strip,high,False,
white cake mix,white cake mix,17,lowercase_ascii_punct_strip,high,False,
bicarbonate of soda,bicarbonate of soda,17,lowercase_ascii_punct_strip,high,False,
italian style stewed tomatoes,italian style stewed tomatoe,17,plural_singularized,high,False,
chili bean sauce,chili bean sauce,17,lowercase_ascii_punct_strip,high,False,
kecap manis,kecap mani,17,plural_singularized,high,False,
grapes,grape,17,plural_singularized,high,False,
peach nectar,peach nectar,17,lowercase_ascii_punct_strip,high,False,
kirsch,kirsch,17,lowercase_ascii_punct_strip,high,False,
sardines,sardine,16,plural_singularized,high,False,
bouillon,bouillon,16,lowercase_ascii_punct_strip,high,False,
center cut loin pork chop,center cut loin pork chop,16,lowercase_ascii_punct_strip,high,False,
tamarind juice,tamarind juice,16,lowercase_ascii_punct_strip,high,False,
smoked turkey,smoked turkey,16,lowercase_ascii_punct_strip,high,False,
toor dal,toor dal,16,lowercase_ascii_punct_strip,high,False,
fire roasted diced tomatoes,fire roasted diced tomatoe,16,plural_singularized,high,False,
hand,hand,16,lowercase_ascii_punct_strip,high,False,
strong white bread flour,strong white bread flour,16,lowercase_ascii_punct_strip,high,False,
dashi powder,dashi powder,16,lowercase_ascii_punct_strip,high,False,
coconut flour,coconut flour,16,lowercase_ascii_punct_strip,high,False,
beef roast,beef roast,16,lowercase_ascii_punct_strip,high,False,
deli ham,deli ham,16,lowercase_ascii_punct_strip,high,False,
"dri oregano leaves, crush",dri oregano leaves crush,16,lowercase_ascii_punct_strip,high,False,
lumpia wrappers,lumpia wrapper,16,plural_singularized,high,False,
beef bouillon granules,beef bouillon granule,16,plural_singularized,high,False,
habanero,habanero,16,lowercase_ascii_punct_strip,high,False,
plain dry bread crumb,plain dry bread crumb,16,lowercase_ascii_punct_strip,high,False,
cardamon,cardamon,16,lowercase_ascii_punct_strip,high,False,
soft-boiled egg,soft-boiled egg,16,lowercase_ascii_punct_strip,high,False,
graham crackers,graham cracker,16,plural_singularized,high,False,
ravioli,ravioli,16,lowercase_ascii_punct_strip,high,False,
diced ham,ham,16,leading_descriptor_removed,medium,False,
dried dill,dill,16,leading_descriptor_removed,medium,False,
chicken parts,chicken part,16,plural_singularized,high,False,
canela,canela,16,lowercase_ascii_punct_strip,high,False,
chopped ham,ham,16,leading_descriptor_removed,medium,False,
ground oregano,oregano,16,leading_descriptor_removed,medium,False,
kumquats,kumquat,16,plural_singularized,high,False,
white corn,white corn,16,lowercase_ascii_punct_strip,high,False,
evaporated skim milk,evaporated skim milk,16,lowercase_ascii_punct_strip,high,False,
jackfruit,jackfruit,16,lowercase_ascii_punct_strip,high,False,
white truffle oil,white truffle oil,16,lowercase_ascii_punct_strip,high,False,
leaf lettuce,leaf lettuce,16,lowercase_ascii_punct_strip,high,False,
yellow cake mix,yellow cake mix,16,lowercase_ascii_punct_strip,high,False,
boiled eggs,boiled egg,16,plural_singularized,high,False,
rapid rise yeast,rapid rise yeast,16,lowercase_ascii_punct_strip,high,False,
seafood stock,seafood stock,16,lowercase_ascii_punct_strip,high,False,
bucatini,bucatini,16,lowercase_ascii_punct_strip,high,False,
small white beans,white bean,16,leading_descriptor_removed;plural_singularized,medium,False,
Bertolli® Classico Olive Oil,classico olive oil,16,brand_prefix_removed,medium,False,Removed brand prefix `bertolli`
corn grits,corn grit,16,plural_singularized,high,False,
tart apples,tart apple,16,plural_singularized,high,False,
garlic puree,garlic puree,16,lowercase_ascii_punct_strip,high,False,
seedless green grape,seedless green grape,16,lowercase_ascii_punct_strip,high,False,
brewed espresso,brewed espresso,16,lowercase_ascii_punct_strip,high,False,
duck drumsticks,duck drumstick,16,plural_singularized,high,False,
grouper,grouper,16,lowercase_ascii_punct_strip,high,False,
barbecued pork,barbecued pork,16,lowercase_ascii_punct_strip,high,False,
calamari,calamari,16,lowercase_ascii_punct_strip,high,False,
asian eggplants,asian eggplant,16,plural_singularized,high,False,
espresso,espresso,16,lowercase_ascii_punct_strip,high,False,
savory,savory,16,lowercase_ascii_punct_strip,high,False,
hoagie rolls,hoagie roll,16,plural_singularized,high,False,
butter cooking spray,butter cooking spray,16,lowercase_ascii_punct_strip,high,False,
onion salt,onion salt,15,lowercase_ascii_punct_strip,high,False,
boiling onions,boiling onion,15,plural_singularized,high,False,
pickled vegetables,pickled vegetable,15,plural_singularized,high,False,
hearts of romaine,hearts of romaine,15,lowercase_ascii_punct_strip,high,False,
shredded mild cheddar cheese,mild cheddar cheese,15,leading_descriptor_removed,medium,False,
unsalted chicken stock,chicken stock,15,leading_descriptor_removed,medium,False,
extract,extract,15,lowercase_ascii_punct_strip,high,False,
dill tips,dill tip,15,plural_singularized,high,False,
frozen broccoli,broccoli,15,leading_descriptor_removed,medium,False,
chicken base,chicken base,15,lowercase_ascii_punct_strip,high,False,
chocolate syrup,chocolate syrup,15,lowercase_ascii_punct_strip,high,False,
beef consomme,beef consomme,15,lowercase_ascii_punct_strip,high,False,
fresh chervil,chervil,15,leading_descriptor_removed,medium,False,
stone-ground cornmeal,stone-ground cornmeal,15,lowercase_ascii_punct_strip,high,False,
sprouts,sprout,15,plural_singularized,high,False,
fresh fava bean,fava bean,15,leading_descriptor_removed,medium,False,
bone-in pork chops,bone-in pork chop,15,plural_singularized,high,False,
prebaked pizza crusts,prebaked pizza crust,15,plural_singularized,high,False,
turkey meat,turkey meat,15,lowercase_ascii_punct_strip,high,False,
pig,pig,15,lowercase_ascii_punct_strip,high,False,
red capsicum,red capsicum,15,lowercase_ascii_punct_strip,high,False,
brown basmati rice,brown basmati rice,15,lowercase_ascii_punct_strip,high,False,
frozen broccoli florets,broccoli floret,15,leading_descriptor_removed;plural_singularized,medium,False,
string beans,string bean,15,plural_singularized,high,False,
rack of lamb,rack of lamb,15,lowercase_ascii_punct_strip,high,False,
pound cake,pound cake,15,lowercase_ascii_punct_strip,high,False,
chat masala,chat masala,15,lowercase_ascii_punct_strip,high,False,
calamansi,calamansi,15,lowercase_ascii_punct_strip,high,False,
duck fat,duck fat,15,lowercase_ascii_punct_strip,high,False,
whole nutmegs,nutmeg,15,leading_descriptor_removed;plural_singularized,medium,False,
orange slices,orange slice,15,plural_singularized,high,False,
baked ham,baked ham,15,lowercase_ascii_punct_strip,high,False,
pork shoulder butt,pork shoulder butt,15,lowercase_ascii_punct_strip,high,False,
vanilla bean paste,vanilla bean paste,15,lowercase_ascii_punct_strip,high,False,
oats,oat,15,plural_singularized,high,False,
Mexican seasoning mix,mexican seasoning mix,15,lowercase_ascii_punct_strip,high,False,
tostadas,tostada,15,plural_singularized,high,False,
country white bread,country white bread,15,lowercase_ascii_punct_strip,high,False,
chanterelle,chanterelle,15,lowercase_ascii_punct_strip,high,False,
baby portobello mushrooms,baby portobello mushroom,15,plural_singularized,high,False,
adobo,adobo,15,lowercase_ascii_punct_strip,high,False,
marshmallow creme,marshmallow creme,15,lowercase_ascii_punct_strip,high,False,
poblano,poblano,15,lowercase_ascii_punct_strip,high,False,
sweetener,sweetener,15,lowercase_ascii_punct_strip,high,False,
white rum,white rum,15,lowercase_ascii_punct_strip,high,False,
grapefruit juice,grapefruit juice,15,lowercase_ascii_punct_strip,high,False,
fresh onion,onion,15,leading_descriptor_removed,medium,False,
plain breadcrumbs,plain breadcrumb,15,plural_singularized,high,False,
idaho potatoes,idaho potatoe,15,plural_singularized,high,False,
mushroom soy sauce,mushroom soy sauce,15,lowercase_ascii_punct_strip,high,False,
black tea leaves,black tea leave,15,plural_singularized,high,False,
shredded zucchini,zucchini,15,leading_descriptor_removed,medium,False,
breadstick,breadstick,15,lowercase_ascii_punct_strip,high,False,
farmer cheese,farmer cheese,15,lowercase_ascii_punct_strip,high,False,
splenda,splenda,15,lowercase_ascii_punct_strip,high,False,
plum sauce,plum sauce,15,lowercase_ascii_punct_strip,high,False,
dried kidney beans,kidney bean,15,leading_descriptor_removed;plural_singularized,medium,False,
black tea,black tea,15,lowercase_ascii_punct_strip,high,False,
ajwain,ajwain,15,lowercase_ascii_punct_strip,high,False,
turkey sausage,turkey sausage,15,lowercase_ascii_punct_strip,high,False,
calimyrna figs,calimyrna fig,15,plural_singularized,high,False,
pomegranate juice,pomegranate juice,15,lowercase_ascii_punct_strip,high,False,
sunflower seeds,sunflower seed,14,plural_singularized,high,False,
arrowroot,arrowroot,14,lowercase_ascii_punct_strip,high,False,
carbonated water,carbonated water,14,lowercase_ascii_punct_strip,high,False,
cracker crumbs,cracker crumb,14,plural_singularized,high,False,
walnut oil,walnut oil,14,lowercase_ascii_punct_strip,high,False,
stir fry sauce,stir fry sauce,14,lowercase_ascii_punct_strip,high,False,
runny honey,runny honey,14,lowercase_ascii_punct_strip,high,False,
light rum,rum,14,leading_descriptor_removed,medium,False,
sour cherries,sour cherry,14,plural_singularized,high,False,
canned corn,canned corn,14,lowercase_ascii_punct_strip,high,False,
white kidney beans,white kidney bean,14,plural_singularized,high,False,
rock salt,rock salt,14,lowercase_ascii_punct_strip,high,False,
steak sauce,steak sauce,14,lowercase_ascii_punct_strip,high,False,
japanese cucumber,japanese cucumber,14,lowercase_ascii_punct_strip,high,False,
candied fruit,candied fruit,14,lowercase_ascii_punct_strip,high,False,
tonkatsu sauce,tonkatsu sauce,14,lowercase_ascii_punct_strip,high,False,
yellow rock sugar,yellow rock sugar,14,lowercase_ascii_punct_strip,high,False,
quick cooking brown rice,quick cooking brown rice,14,lowercase_ascii_punct_strip,high,False,
collards,collard,14,plural_singularized,high,False,
shelled pistachios,shelled pistachio,14,plural_singularized,high,False,
whole wheat pita,wheat pita,14,leading_descriptor_removed,medium,False,
fried eggs,fried egg,14,plural_singularized,high,False,
Louisiana Hot Sauce,louisiana hot sauce,14,lowercase_ascii_punct_strip,high,False,
rapeseed oil,rapeseed oil,14,lowercase_ascii_punct_strip,high,False,
mixed dried fruit,mixed dried fruit,14,lowercase_ascii_punct_strip,high,False,
honeydew melon,honeydew melon,14,lowercase_ascii_punct_strip,high,False,
chili garlic paste,chili garlic paste,14,lowercase_ascii_punct_strip,high,False,
arrowroot powder,arrowroot powder,14,lowercase_ascii_punct_strip,high,False,
cream sherry,cream sherry,14,lowercase_ascii_punct_strip,high,False,
bartlett pears,bartlett pear,14,plural_singularized,high,False,
anise extract,anise extract,14,lowercase_ascii_punct_strip,high,False,
Italian cheese,italian cheese,14,lowercase_ascii_punct_strip,high,False,
armagnac,armagnac,14,lowercase_ascii_punct_strip,high,False,
garlic bulb,garlic bulb,14,lowercase_ascii_punct_strip,high,False,
light beer,beer,14,leading_descriptor_removed,medium,False,
cornbread mix,cornbread mix,14,lowercase_ascii_punct_strip,high,False,
carnaroli rice,carnaroli rice,14,lowercase_ascii_punct_strip,high,False,
hot chili oil,chili oil,14,leading_descriptor_removed,medium,False,
soybean paste,soybean paste,14,lowercase_ascii_punct_strip,high,False,
old-fashioned oats,old-fashioned oat,14,plural_singularized,high,False,
chopped nuts,nut,14,leading_descriptor_removed;plural_singularized,medium,False,
large free range egg,free range egg,14,leading_descriptor_removed,medium,False,
solid pack pumpkin,solid pack pumpkin,14,lowercase_ascii_punct_strip,high,False,
nonfat buttermilk,nonfat buttermilk,14,lowercase_ascii_punct_strip,high,False,
mild curry powder,mild curry powder,14,lowercase_ascii_punct_strip,high,False,
dried pasta,pasta,14,leading_descriptor_removed,medium,False,
toasted slivered almonds,toasted slivered almond,14,plural_singularized,high,False,
rump roast,rump roast,14,lowercase_ascii_punct_strip,high,False,
thin pizza crust,thin pizza crust,14,lowercase_ascii_punct_strip,high,False,
toasted nori,toasted nori,14,lowercase_ascii_punct_strip,high,False,
lager,lager,14,lowercase_ascii_punct_strip,high,False,
low-fat cream cheese,low-fat cream cheese,14,lowercase_ascii_punct_strip,high,False,
frozen whipped topping,whipped topping,14,leading_descriptor_removed,medium,False,
almond butter,almond butter,14,lowercase_ascii_punct_strip,high,False,
reduced sodium beef broth,beef broth,14,leading_descriptor_removed,medium,False,
split black lentils,split black lentil,14,plural_singularized,high,False,
açai,acai,14,lowercase_ascii_punct_strip,high,False,
frozen strawberries,strawberry,14,leading_descriptor_removed;plural_singularized,medium,False,
picholine olives,picholine olive,14,plural_singularized,high,False,
yolk,yolk,14,lowercase_ascii_punct_strip,high,False,
varnish clams,varnish clam,14,plural_singularized,high,False,
gin,gin,14,lowercase_ascii_punct_strip,high,False,
gemelli,gemelli,14,lowercase_ascii_punct_strip,high,False,
morel,morel,14,lowercase_ascii_punct_strip,high,False,
spareribs,sparerib,14,plural_singularized,high,False,
curry sauce,curry sauce,14,lowercase_ascii_punct_strip,high,False,
dried fettuccine,fettuccine,14,leading_descriptor_removed,medium,False,
stevia,stevia,14,lowercase_ascii_punct_strip,high,False,
min,min,14,lowercase_ascii_punct_strip,high,False,
dal,dal,14,lowercase_ascii_punct_strip,high,False,
cornish game hens,cornish game hen,13,plural_singularized,high,False,
vegetable bouillon,vegetable bouillon,13,lowercase_ascii_punct_strip,high,False,
low-fat greek yogurt,low-fat greek yogurt,13,lowercase_ascii_punct_strip,high,False,
frozen shelled edamame,shelled edamame,13,leading_descriptor_removed,medium,False,
caesar salad dressing,caesar salad dressing,13,lowercase_ascii_punct_strip,high,False,
thin spaghetti,thin spaghetti,13,lowercase_ascii_punct_strip,high,False,
fresno chiles,fresno chile,13,plural_singularized,high,False,
unsalted pistachios,pistachio,13,leading_descriptor_removed;plural_singularized,medium,False,
hot smoked paprika,smoked paprika,13,leading_descriptor_removed,medium,False,
almond meal,almond meal,13,lowercase_ascii_punct_strip,high,False,
sweet mini bells,mini bell,13,leading_descriptor_removed;plural_singularized,medium,False,
parmagiano reggiano,parmagiano reggiano,13,lowercase_ascii_punct_strip,high,False,
boneless sirloin steak,sirloin steak,13,leading_descriptor_removed,medium,False,
ancho chili ground pepper,ancho chili ground pepper,13,lowercase_ascii_punct_strip,high,False,
gran marnier,gran marnier,13,lowercase_ascii_punct_strip,high,False,
Equal Sweetener,equal sweetener,13,lowercase_ascii_punct_strip,high,False,
peach preserves,peach preserve,13,plural_singularized,high,False,
fresh cranberries,cranberry,13,leading_descriptor_removed;plural_singularized,medium,False,
walnut pieces,walnut piece,13,plural_singularized,high,False,
beef bones,beef bone,13,plural_singularized,high,False,
togarashi,togarashi,13,lowercase_ascii_punct_strip,high,False,
instant espresso,instant espresso,13,lowercase_ascii_punct_strip,high,False,
sorrel,sorrel,13,lowercase_ascii_punct_strip,high,False,
dark molasses,molasse,13,leading_descriptor_removed;plural_singularized,medium,False,
low sodium worcestershire sauce,worcestershire sauce,13,leading_descriptor_removed,medium,False,
frozen artichoke hearts,artichoke heart,13,leading_descriptor_removed;plural_singularized,medium,False,
medium firm tofu,firm tofu,13,leading_descriptor_removed,medium,False,
tapenade,tapenade,13,lowercase_ascii_punct_strip,high,False,
relish,relish,13,lowercase_ascii_punct_strip,high,False,
lean ground meat,ground meat,13,leading_descriptor_removed,medium,False,
guajillo,guajillo,13,lowercase_ascii_punct_strip,high,False,
pan drippings,pan dripping,13,plural_singularized,high,False,
caviar,caviar,13,lowercase_ascii_punct_strip,high,False,
sweet and sour sauce,and sour sauce,13,leading_descriptor_removed,medium,False,
gala apples,gala apple,13,plural_singularized,high,False,
golden caster sugar,golden caster sugar,13,lowercase_ascii_punct_strip,high,False,
trout fillet,trout fillet,13,lowercase_ascii_punct_strip,high,False,
dried leaves oregano,leaves oregano,13,leading_descriptor_removed,medium,False,
vanilla essence,vanilla essence,13,lowercase_ascii_punct_strip,high,False,
ale,ale,13,lowercase_ascii_punct_strip,high,False,
chilegarlic sauce,chilegarlic sauce,13,lowercase_ascii_punct_strip,high,False,
raw almond,raw almond,13,lowercase_ascii_punct_strip,high,False,
chipotle salsa,chipotle salsa,13,lowercase_ascii_punct_strip,high,False,
cornish hens,cornish hen,13,plural_singularized,high,False,
kelp,kelp,13,lowercase_ascii_punct_strip,high,False,
refrigerated buttermilk biscuits,refrigerated buttermilk biscuit,13,plural_singularized,high,False,
bitters,bitter,13,plural_singularized,high,False,
red grape,red grape,13,lowercase_ascii_punct_strip,high,False,
lower sodium beef broth,lower sodium beef broth,13,lowercase_ascii_punct_strip,high,False,
Angostura bitters,angostura bitter,13,plural_singularized,high,False,
smoked turkey sausage,smoked turkey sausage,13,lowercase_ascii_punct_strip,high,False,
shredded coleslaw mix,coleslaw mix,13,leading_descriptor_removed,medium,False,
pork spare ribs,pork spare rib,13,plural_singularized,high,False,
salmon steaks,salmon steak,13,plural_singularized,high,False,
gyoza,gyoza,13,lowercase_ascii_punct_strip,high,False,
tentacles,tentacle,13,plural_singularized,high,False,
sprite,sprite,13,lowercase_ascii_punct_strip,high,False,
single crust pie,single crust pie,13,lowercase_ascii_punct_strip,high,False,
yellow lentils,yellow lentil,13,plural_singularized,high,False,
meyer lemon,meyer lemon,13,lowercase_ascii_punct_strip,high,False,
poha,poha,13,lowercase_ascii_punct_strip,high,False,
italian style seasoning,italian style seasoning,13,lowercase_ascii_punct_strip,high,False,
fat-free refried beans,fat-free refried bean,13,plural_singularized,high,False,
mole sauce,mole sauce,13,lowercase_ascii_punct_strip,high,False,
fresh tomato salsa,tomato salsa,13,leading_descriptor_removed,medium,False,
coca-cola,coca-cola,12,lowercase_ascii_punct_strip,high,False,
roast breast of chicken,roast breast of chicken,12,lowercase_ascii_punct_strip,high,False,
cuban peppers,cuban pepper,12,plural_singularized,high,False,
fajita size flour tortillas,fajita size flour tortilla,12,plural_singularized,high,False,
mild green chiles,mild green chile,12,plural_singularized,high,False,
herb seasoning,herb seasoning,12,lowercase_ascii_punct_strip,high,False,
foie gras,foie gra,12,plural_singularized,high,False,
dark beer,beer,12,leading_descriptor_removed,medium,False,
shuck corn,shuck corn,12,lowercase_ascii_punct_strip,high,False,
Old El Paso™ chopped green chiles,old el pasotm chopped green chile,12,brand_term_present;plural_singularized,medium,False,Brand term present `old el paso`
palm oil,palm oil,12,lowercase_ascii_punct_strip,high,False,
prosecco,prosecco,12,lowercase_ascii_punct_strip,high,False,
dry pasta,dry pasta,12,lowercase_ascii_punct_strip,high,False,
aged balsamic vinegar,aged balsamic vinegar,12,lowercase_ascii_punct_strip,high,False,
Spike Seasoning,spike seasoning,12,lowercase_ascii_punct_strip,high,False,
chopped cooked ham,ham,12,leading_descriptor_removed;leading_descriptor_removed,medium,False,
prepared lasagne,prepared lasagne,12,lowercase_ascii_punct_strip,high,False,
chinese wheat noodles,chinese wheat noodle,12,plural_singularized,high,False,
cool whip,cool whip,12,lowercase_ascii_punct_strip,high,False,
turkey bacon,turkey bacon,12,lowercase_ascii_punct_strip,high,False,
fatfree lowsodium chicken broth,fatfree lowsodium chicken broth,12,lowercase_ascii_punct_strip,high,False,
soy,soy,12,lowercase_ascii_punct_strip,high,False,
refrigerated biscuits,refrigerated biscuit,12,plural_singularized,high,False,
risotto,risotto,12,lowercase_ascii_punct_strip,high,False,
taro,taro,12,lowercase_ascii_punct_strip,high,False,
biscuit dough,biscuit dough,12,lowercase_ascii_punct_strip,high,False,
porcini,porcini,12,lowercase_ascii_punct_strip,high,False,
shrimp shells,shrimp shell,12,plural_singularized,high,False,
hellmann' or best food light mayonnais,or best food light mayonnai,12,brand_prefix_removed;plural_singularized,medium,False,Removed brand prefix `hellmann`
black salt,black salt,12,lowercase_ascii_punct_strip,high,False,
blood orange,blood orange,12,lowercase_ascii_punct_strip,high,False,
Japanese turnips,japanese turnip,12,plural_singularized,high,False,
sweet peas,pea,12,leading_descriptor_removed;plural_singularized,medium,False,
pink peppercorns,pink peppercorn,12,plural_singularized,high,False,
boneless rib eye steaks,rib eye steak,12,leading_descriptor_removed;plural_singularized,medium,False,
hot mustard,mustard,12,leading_descriptor_removed,medium,False,
Dungeness crabs,dungeness crab,12,plural_singularized,high,False,
beef drippings,beef dripping,12,plural_singularized,high,False,
rye bread,rye bread,12,lowercase_ascii_punct_strip,high,False,
soya bean,soya bean,12,lowercase_ascii_punct_strip,high,False,
cointreau,cointreau,12,lowercase_ascii_punct_strip,high,False,
pork liver,pork liver,12,lowercase_ascii_punct_strip,high,False,
annatto seeds,annatto seed,12,plural_singularized,high,False,
chinese black mushrooms,chinese black mushroom,12,plural_singularized,high,False,
riesling,riesling,12,lowercase_ascii_punct_strip,high,False,
blue crabs,blue crab,12,plural_singularized,high,False,
aleppo pepper,aleppo pepper,12,lowercase_ascii_punct_strip,high,False,
cream of celery soup,cream of celery soup,12,lowercase_ascii_punct_strip,high,False,
masa dough,masa dough,12,lowercase_ascii_punct_strip,high,False,
giblet,giblet,12,lowercase_ascii_punct_strip,high,False,
1% low-fat cottage cheese,1 low-fat cottage cheese,12,lowercase_ascii_punct_strip,high,False,
gluten free soy sauce,gluten free soy sauce,12,lowercase_ascii_punct_strip,high,False,
lemon-lime soda,lemon-lime soda,12,lowercase_ascii_punct_strip,high,False,
preserves,preserve,12,plural_singularized,high,False,
jalape,jalape,12,lowercase_ascii_punct_strip,high,False,
no salt added chicken broth,no salt added chicken broth,12,lowercase_ascii_punct_strip,high,False,
frozen lemonade concentrate,lemonade concentrate,12,leading_descriptor_removed,medium,False,
manioc flour,manioc flour,12,lowercase_ascii_punct_strip,high,False,
buttermilk biscuits,buttermilk biscuit,12,plural_singularized,high,False,
pickling cucumbers,pickling cucumber,12,plural_singularized,high,False,
low-fat yogurt,low-fat yogurt,12,lowercase_ascii_punct_strip,high,False,
avocado oil,avocado oil,12,lowercase_ascii_punct_strip,high,False,
fully cooked ham,fully cooked ham,12,lowercase_ascii_punct_strip,high,False,
store bought low sodium chicken broth,store bought low sodium chicken broth,12,lowercase_ascii_punct_strip,high,False,
quinces,quince,12,plural_singularized,high,False,
choy sum,choy sum,12,lowercase_ascii_punct_strip,high,False,
perilla,perilla,12,lowercase_ascii_punct_strip,high,False,
reduced fat cream cheese,reduced fat cream cheese,12,lowercase_ascii_punct_strip,high,False,
seafood,seafood,12,lowercase_ascii_punct_strip,high,False,
small new potatoes,new potatoe,12,leading_descriptor_removed;plural_singularized,medium,False,
cabbage leaves,cabbage leave,12,plural_singularized,high,False,
bengal gram,bengal gram,12,lowercase_ascii_punct_strip,high,False,
lamb rib chops,lamb rib chop,12,plural_singularized,high,False,
pea pods,pea pod,12,plural_singularized,high,False,
roquefort cheese,roquefort cheese,12,lowercase_ascii_punct_strip,high,False,
pickling salt,pickling salt,12,lowercase_ascii_punct_strip,high,False,
capellini,capellini,12,lowercase_ascii_punct_strip,high,False,
veal stock,veal stock,12,lowercase_ascii_punct_strip,high,False,
doritos,dorito,12,plural_singularized,high,False,
gold potatoes,gold potatoe,12,plural_singularized,high,False,
non stick spray,non stick spray,12,lowercase_ascii_punct_strip,high,False,
baked pizza crust,baked pizza crust,12,lowercase_ascii_punct_strip,high,False,
fatback,fatback,11,lowercase_ascii_punct_strip,high,False,
Frangelico,frangelico,11,lowercase_ascii_punct_strip,high,False,
chicken bones,chicken bone,11,plural_singularized,high,False,
vegetarian refried beans,vegetarian refried bean,11,plural_singularized,high,False,
sweet pickle,pickle,11,leading_descriptor_removed,medium,False,
chinese celery,chinese celery,11,lowercase_ascii_punct_strip,high,False,
lean minced beef,minced beef,11,leading_descriptor_removed,medium,False,
filet mignon,filet mignon,11,lowercase_ascii_punct_strip,high,False,
fat free frozen top whip,fat free frozen top whip,11,lowercase_ascii_punct_strip,high,False,
center cut bacon,center cut bacon,11,lowercase_ascii_punct_strip,high,False,
sweet vermouth,vermouth,11,leading_descriptor_removed,medium,False,
chestnut mushrooms,chestnut mushroom,11,plural_singularized,high,False,
giardiniera,giardiniera,11,lowercase_ascii_punct_strip,high,False,
ravva,ravva,11,lowercase_ascii_punct_strip,high,False,
Old El Paso™ taco seasoning mix,old el pasotm taco seasoning mix,11,brand_term_present,medium,False,Brand term present `old el paso`
vegetable juice,vegetable juice,11,lowercase_ascii_punct_strip,high,False,
pasta water,pasta water,11,lowercase_ascii_punct_strip,high,False,
black truffles,black truffle,11,plural_singularized,high,False,
tomato soup,tomato soup,11,lowercase_ascii_punct_strip,high,False,
shredded monterey jack cheese,monterey jack cheese,11,leading_descriptor_removed,medium,False,
chuck steaks,chuck steak,11,plural_singularized,high,False,
ramps,ramp,11,plural_singularized,high,False,
ditalini,ditalini,11,lowercase_ascii_punct_strip,high,False,
pigeon peas,pigeon pea,11,plural_singularized,high,False,
Baileys Irish Cream Liqueur,baileys irish cream liqueur,11,lowercase_ascii_punct_strip,high,False,
low-fat ricotta cheese,low-fat ricotta cheese,11,lowercase_ascii_punct_strip,high,False,
white chocolate chips,white chocolate chip,11,plural_singularized,high,False,
cavatappi,cavatappi,11,lowercase_ascii_punct_strip,high,False,
achiote paste,achiote paste,11,lowercase_ascii_punct_strip,high,False,
brioche,brioche,11,lowercase_ascii_punct_strip,high,False,
sandwich rolls,sandwich roll,11,plural_singularized,high,False,
Flora Cuisine,flora cuisine,11,lowercase_ascii_punct_strip,high,False,
pickled okra,pickled okra,11,lowercase_ascii_punct_strip,high,False,
pork cutlets,pork cutlet,11,plural_singularized,high,False,
macadamia nuts,macadamia nut,11,plural_singularized,high,False,
smoked ham,smoked ham,11,lowercase_ascii_punct_strip,high,False,
white distilled vinegar,white distilled vinegar,11,lowercase_ascii_punct_strip,high,False,
sourdough baguette,sourdough baguette,11,lowercase_ascii_punct_strip,high,False,
granola,granola,11,lowercase_ascii_punct_strip,high,False,
frozen mixed berries,mixed berry,11,leading_descriptor_removed;plural_singularized,medium,False,
yellow summer squash,yellow summer squash,11,lowercase_ascii_punct_strip,high,False,
dhal,dhal,11,lowercase_ascii_punct_strip,high,False,
frozen limeade concentrate,limeade concentrate,11,leading_descriptor_removed,medium,False,
frozen bread dough,bread dough,11,leading_descriptor_removed,medium,False,
bouillon cube,bouillon cube,11,lowercase_ascii_punct_strip,high,False,
turkey tenderloins,turkey tenderloin,11,plural_singularized,high,False,
pappardelle,pappardelle,11,lowercase_ascii_punct_strip,high,False,
pork country-style ribs,pork country-style rib,11,plural_singularized,high,False,
marmite,marmite,11,lowercase_ascii_punct_strip,high,False,
italian seasoned dry bread crumbs,italian seasoned dry bread crumb,11,plural_singularized,high,False,
Amaretti Cookies,amaretti cooky,11,plural_singularized,high,False,
frozen banana leaf,banana leaf,11,leading_descriptor_removed,medium,False,
linguini,linguini,11,lowercase_ascii_punct_strip,high,False,
orange blossom honey,orange blossom honey,11,lowercase_ascii_punct_strip,high,False,
extra-lean ground beef,extra-lean ground beef,11,lowercase_ascii_punct_strip,high,False,
mincemeat,mincemeat,11,lowercase_ascii_punct_strip,high,False,
matcha green tea powder,matcha green tea powder,11,lowercase_ascii_punct_strip,high,False,
parboiled rice,parboiled rice,11,lowercase_ascii_punct_strip,high,False,
buffalo sauce,buffalo sauce,11,lowercase_ascii_punct_strip,high,False,
baby zucchini,baby zucchini,11,lowercase_ascii_punct_strip,high,False,
Thai chili paste,thai chili paste,11,lowercase_ascii_punct_strip,high,False,
crumbles,crumble,11,plural_singularized,high,False,
lobster meat,lobster meat,11,lowercase_ascii_punct_strip,high,False,
flat leaf spinach,flat leaf spinach,11,lowercase_ascii_punct_strip,high,False,
cassia cinnamon,cassia cinnamon,11,lowercase_ascii_punct_strip,high,False,
condensed chicken broth,condensed chicken broth,11,lowercase_ascii_punct_strip,high,False,
pork butt roast,pork butt roast,11,lowercase_ascii_punct_strip,high,False,
soda water,soda water,11,lowercase_ascii_punct_strip,high,False,
mulato chiles,mulato chile,11,plural_singularized,high,False,
country style bread,country style bread,11,lowercase_ascii_punct_strip,high,False,
bisquick,bisquick,11,lowercase_ascii_punct_strip,high,False,
yellow curry paste,yellow curry paste,11,lowercase_ascii_punct_strip,high,False,
garlic sauce,garlic sauce,11,lowercase_ascii_punct_strip,high,False,
ruby port,ruby port,11,lowercase_ascii_punct_strip,high,False,
masoor dal,masoor dal,11,lowercase_ascii_punct_strip,high,False,
ancho,ancho,11,lowercase_ascii_punct_strip,high,False,
Biryani Masala,biryani masala,11,lowercase_ascii_punct_strip,high,False,
"egg noodles, cooked and drained",egg noodles cooked and drained,11,lowercase_ascii_punct_strip,high,False,
demerara sugar,demerara sugar,11,lowercase_ascii_punct_strip,high,False,
kaiser rolls,kaiser roll,11,plural_singularized,high,False,
flounder fillets,flounder fillet,11,plural_singularized,high,False,
quail,quail,11,lowercase_ascii_punct_strip,high,False,
dried fruit,fruit,11,leading_descriptor_removed,medium,False,
mild cheddar cheese,mild cheddar cheese,11,lowercase_ascii_punct_strip,high,False,
shiro miso,shiro miso,11,lowercase_ascii_punct_strip,high,False,
red beets,red beet,11,plural_singularized,high,False,
Himalayan salt,himalayan salt,11,lowercase_ascii_punct_strip,high,False,
(    oz.) tomato sauce,oz tomato sauce,11,lowercase_ascii_punct_strip,high,False,
octopuses,octopuse,11,plural_singularized,high,False,
low fat mozzarella,low fat mozzarella,11,lowercase_ascii_punct_strip,high,False,
tarragon vinegar,tarragon vinegar,11,lowercase_ascii_punct_strip,high,False,
graham cracker crusts,graham cracker crust,11,plural_singularized,high,False,
sliced olives,olive,11,leading_descriptor_removed;plural_singularized,medium,False,
"water chestnuts, drained and chopped",water chestnuts drained and chopped,10,lowercase_ascii_punct_strip,high,False,
canned coconut milk,canned coconut milk,10,lowercase_ascii_punct_strip,high,False,
slab bacon,slab bacon,10,lowercase_ascii_punct_strip,high,False,
chicken fillets,chicken fillet,10,plural_singularized,high,False,
green mango,green mango,10,lowercase_ascii_punct_strip,high,False,
scotch,scotch,10,lowercase_ascii_punct_strip,high,False,
frozen sweet corn,corn,10,leading_descriptor_removed;leading_descriptor_removed,medium,False,
bean curd,bean curd,10,lowercase_ascii_punct_strip,high,False,
chocolate instant pudding,chocolate instant pudding,10,lowercase_ascii_punct_strip,high,False,
ground walnuts,walnut,10,leading_descriptor_removed;plural_singularized,medium,False,
rice syrup,rice syrup,10,lowercase_ascii_punct_strip,high,False,
cinnamon sugar,cinnamon sugar,10,lowercase_ascii_punct_strip,high,False,
crescent rolls,crescent roll,10,plural_singularized,high,False,
oil cured olives,oil cured olive,10,plural_singularized,high,False,
corn-on-the-cob,corn-on-the-cob,10,lowercase_ascii_punct_strip,high,False,
brown rice vinegar,brown rice vinegar,10,lowercase_ascii_punct_strip,high,False,
pak choi,pak choi,10,lowercase_ascii_punct_strip,high,False,
Meyer lemon juice,meyer lemon juice,10,lowercase_ascii_punct_strip,high,False,
buckwheat noodles,buckwheat noodle,10,plural_singularized,high,False,
queso blanco,queso blanco,10,lowercase_ascii_punct_strip,high,False,
caramels,caramel,10,plural_singularized,high,False,
crumbled ricotta salata cheese,crumbled ricotta salata cheese,10,lowercase_ascii_punct_strip,high,False,
mahi mahi fillets,mahi mahi fillet,10,plural_singularized,high,False,
chinese eggplants,chinese eggplant,10,plural_singularized,high,False,
small red beans,red bean,10,leading_descriptor_removed;plural_singularized,medium,False,
lumpia skins,lumpia skin,10,plural_singularized,high,False,
raspberry preserves,raspberry preserve,10,plural_singularized,high,False,
canola mayonnaise,canola mayonnaise,10,lowercase_ascii_punct_strip,high,False,
black cardamom pods,black cardamom pod,10,plural_singularized,high,False,
ginger ale,ginger ale,10,lowercase_ascii_punct_strip,high,False,
citron,citron,10,lowercase_ascii_punct_strip,high,False,
English mustard,english mustard,10,lowercase_ascii_punct_strip,high,False,
korean chile paste,korean chile paste,10,lowercase_ascii_punct_strip,high,False,
sharp white cheddar cheese,sharp white cheddar cheese,10,lowercase_ascii_punct_strip,high,False,
yellow hominy,yellow hominy,10,lowercase_ascii_punct_strip,high,False,
white cabbage,white cabbage,10,lowercase_ascii_punct_strip,high,False,
cornflake cereal,cornflake cereal,10,lowercase_ascii_punct_strip,high,False,
broccoli stems,broccoli stem,10,plural_singularized,high,False,
red preserved bean curd,red preserved bean curd,10,lowercase_ascii_punct_strip,high,False,
converted rice,converted rice,10,lowercase_ascii_punct_strip,high,False,
wheels,wheel,10,plural_singularized,high,False,
italian eggplant,italian eggplant,10,lowercase_ascii_punct_strip,high,False,
chip plain tortilla,chip plain tortilla,10,lowercase_ascii_punct_strip,high,False,
crushed pineapples in juice,pineapples in juice,10,leading_descriptor_removed,medium,False,
flavored oil,flavored oil,10,lowercase_ascii_punct_strip,high,False,
Wish-Bone Italian Dressing,wish-bone italian dressing,10,lowercase_ascii_punct_strip,high,False,
beef gravy,beef gravy,10,lowercase_ascii_punct_strip,high,False,
chili paste with garlic,chili paste with garlic,10,lowercase_ascii_punct_strip,high,False,
steamer,steamer,10,lowercase_ascii_punct_strip,high,False,
chihuahua cheese,chihuahua cheese,10,lowercase_ascii_punct_strip,high,False,
beef tongue,beef tongue,10,lowercase_ascii_punct_strip,high,False,
carnitas,carnita,10,plural_singularized,high,False,
chard,chard,10,lowercase_ascii_punct_strip,high,False,
focaccia,focaccia,10,lowercase_ascii_punct_strip,high,False,
stew meat,stew meat,10,lowercase_ascii_punct_strip,high,False,
balsamic vinaigrette,balsamic vinaigrette,10,lowercase_ascii_punct_strip,high,False,
red,red,10,lowercase_ascii_punct_strip,high,False,
Kraft Grated Parmesan Cheese,parmesan cheese,10,brand_prefix_removed;leading_descriptor_removed,medium,False,Removed brand prefix `kraft`
french rolls,french roll,10,plural_singularized,high,False,
cheese soup,cheese soup,10,lowercase_ascii_punct_strip,high,False,
sweet pickle relish,pickle relish,10,leading_descriptor_removed,medium,False,
dinner rolls,dinner roll,10,plural_singularized,high,False,
adobo seasoning,adobo seasoning,10,lowercase_ascii_punct_strip,high,False,
aioli,aioli,10,lowercase_ascii_punct_strip,high,False,
fresh udon,udon,10,leading_descriptor_removed,medium,False,
fresh green peas,green pea,10,leading_descriptor_removed;plural_singularized,medium,False,
fishcake,fishcake,10,lowercase_ascii_punct_strip,high,False,
mortadella,mortadella,10,lowercase_ascii_punct_strip,high,False,
piecrust,piecrust,10,lowercase_ascii_punct_strip,high,False,
ground sausage,sausage,10,leading_descriptor_removed,medium,False,
Campbell's Condensed Cream of Chicken Soup,campbells condensed cream of chicken soup,10,brand_term_present,medium,False,Brand term present `campbell`
pure olive oil,pure olive oil,10,lowercase_ascii_punct_strip,high,False,
unsweetened almond milk,unsweetened almond milk,10,lowercase_ascii_punct_strip,high,False,
roux,roux,10,lowercase_ascii_punct_strip,high,False,
sundried tomato pesto,sundried tomato pesto,10,lowercase_ascii_punct_strip,high,False,
shell pasta,shell pasta,10,lowercase_ascii_punct_strip,high,False,
chardonnay,chardonnay,10,lowercase_ascii_punct_strip,high,False,
soft-wheat flour,soft-wheat flour,10,lowercase_ascii_punct_strip,high,False,
hanger steak,hanger steak,10,lowercase_ascii_punct_strip,high,False,
boneless pork shoulder roast,pork shoulder roast,10,leading_descriptor_removed,medium,False,
tomatillo salsa,tomatillo salsa,10,lowercase_ascii_punct_strip,high,False,
cranberry juice,cranberry juice,10,lowercase_ascii_punct_strip,high,False,
lager beer,lager beer,10,lowercase_ascii_punct_strip,high,False,
Nutella,nutella,10,lowercase_ascii_punct_strip,high,False,
ouzo,ouzo,10,lowercase_ascii_punct_strip,high,False,
Nilla Wafers,nilla wafer,10,plural_singularized,high,False,
spicy sausage,spicy sausage,10,lowercase_ascii_punct_strip,high,False,
low-fat mozzarella cheese,low-fat mozzarella cheese,10,lowercase_ascii_punct_strip,high,False,
light pancake syrup,pancake syrup,10,leading_descriptor_removed,medium,False,
groundnut,groundnut,10,lowercase_ascii_punct_strip,high,False,
hot dog bun,dog bun,10,leading_descriptor_removed,medium,False,
cane vinegar,cane vinegar,10,lowercase_ascii_punct_strip,high,False,
fat free greek yogurt,fat free greek yogurt,10,lowercase_ascii_punct_strip,high,False,
ginger juice,ginger juice,10,lowercase_ascii_punct_strip,high,False,
tangerine juice,tangerine juice,10,lowercase_ascii_punct_strip,high,False,
risotto rice,risotto rice,10,lowercase_ascii_punct_strip,high,False,
kiwi fruits,kiwi fruit,10,plural_singularized,high,False,
sole fillet,sole fillet,10,lowercase_ascii_punct_strip,high,False,
paneer cheese,paneer cheese,10,lowercase_ascii_punct_strip,high,False,
potato flour,potato flour,10,lowercase_ascii_punct_strip,high,False,
white fleshed fish,white fleshed fish,10,lowercase_ascii_punct_strip,high,False,
root vegetables,root vegetable,10,plural_singularized,high,False,
toasted peanuts,toasted peanut,10,plural_singularized,high,False,
tortilla shells,tortilla shell,10,plural_singularized,high,False,
instant white rice,instant white rice,10,lowercase_ascii_punct_strip,high,False,
zest,zest,10,lowercase_ascii_punct_strip,high,False,
arbol chile,arbol chile,10,lowercase_ascii_punct_strip,high,False,
veal scallops,veal scallop,10,plural_singularized,high,False,
vine tomatoes,vine tomatoe,10,plural_singularized,high,False,
sponge cake,sponge cake,10,lowercase_ascii_punct_strip,high,False,
Pillsbury™ Refrigerated Crescent Dinner Rolls,pillsburytm refrigerated crescent dinner roll,10,plural_singularized,high,False,
lean bacon,bacon,10,leading_descriptor_removed,medium,False,
roast turkey,roast turkey,10,lowercase_ascii_punct_strip,high,False,
zinfandel,zinfandel,10,lowercase_ascii_punct_strip,high,False,
condiments,condiment,10,plural_singularized,high,False,
Swanson Chicken Broth,swanson chicken broth,10,lowercase_ascii_punct_strip,high,False,
bonito,bonito,10,lowercase_ascii_punct_strip,high,False,
Chianti,chianti,10,lowercase_ascii_punct_strip,high,False,
lacinato kale,lacinato kale,10,lowercase_ascii_punct_strip,high,False,
turkey breast cutlets,turkey breast cutlet,10,plural_singularized,high,False,
red currant jelly,red currant jelly,10,lowercase_ascii_punct_strip,high,False,
thai noodles,thai noodle,10,plural_singularized,high,False,
cream of coconut,cream of coconut,10,lowercase_ascii_punct_strip,high,False,
sourdough,sourdough,10,lowercase_ascii_punct_strip,high,False,
atta,atta,10,lowercase_ascii_punct_strip,high,False,
cavatelli,cavatelli,10,lowercase_ascii_punct_strip,high,False,
mirlitons,mirliton,10,plural_singularized,high,False,
extra sharp white cheddar cheese,sharp white cheddar cheese,10,leading_descriptor_removed,medium,False,
candied cherries,candied cherry,9,plural_singularized,high,False,
black mission figs,black mission fig,9,plural_singularized,high,False,
sanding sugar,sanding sugar,9,lowercase_ascii_punct_strip,high,False,
cabernet sauvignon,cabernet sauvignon,9,lowercase_ascii_punct_strip,high,False,
red chile sauce,red chile sauce,9,lowercase_ascii_punct_strip,high,False,
fat-free buttermilk,fat-free buttermilk,9,lowercase_ascii_punct_strip,high,False,
curly kale,curly kale,9,lowercase_ascii_punct_strip,high,False,
toasted baguette,toasted baguette,9,lowercase_ascii_punct_strip,high,False,
rajma,rajma,9,lowercase_ascii_punct_strip,high,False,
pork neck,pork neck,9,lowercase_ascii_punct_strip,high,False,
gold tequila,gold tequila,9,lowercase_ascii_punct_strip,high,False,
dried black mushrooms,black mushroom,9,leading_descriptor_removed;plural_singularized,medium,False,
tuna packed in water,tuna packed in water,9,lowercase_ascii_punct_strip,high,False,
bittersweet chocolate chips,bittersweet chocolate chip,9,plural_singularized,high,False,
vanilla sugar,vanilla sugar,9,lowercase_ascii_punct_strip,high,False,
shrimp and crab boil seasoning,shrimp and crab boil seasoning,9,lowercase_ascii_punct_strip,high,False,
callaloo,callaloo,9,lowercase_ascii_punct_strip,high,False,
kidney,kidney,9,lowercase_ascii_punct_strip,high,False,
pasta sheets,pasta sheet,9,plural_singularized,high,False,
oatmeal,oatmeal,9,lowercase_ascii_punct_strip,high,False,
batter,batter,9,lowercase_ascii_punct_strip,high,False,
garlic oil,garlic oil,9,lowercase_ascii_punct_strip,high,False,
raita,raita,9,lowercase_ascii_punct_strip,high,False,
vinaigrette dressing,vinaigrette dressing,9,lowercase_ascii_punct_strip,high,False,
stilton,stilton,9,lowercase_ascii_punct_strip,high,False,
natural pistachios,natural pistachio,9,plural_singularized,high,False,
pork stock,pork stock,9,lowercase_ascii_punct_strip,high,False,
pear tomatoes,pear tomatoe,9,plural_singularized,high,False,
yellow crookneck squash,yellow crookneck squash,9,lowercase_ascii_punct_strip,high,False,
skinless chicken thighs,chicken thigh,9,leading_descriptor_removed;plural_singularized,medium,False,
loin,loin,9,lowercase_ascii_punct_strip,high,False,
king prawns,king prawn,9,plural_singularized,high,False,
broccoli slaw,broccoli slaw,9,lowercase_ascii_punct_strip,high,False,
peach schnapps,peach schnapp,9,plural_singularized,high,False,
daal,daal,9,lowercase_ascii_punct_strip,high,False,
reduced fat firm tofu,reduced fat firm tofu,9,lowercase_ascii_punct_strip,high,False,
chèvre,chevre,9,lowercase_ascii_punct_strip,high,False,
california avocado,california avocado,9,lowercase_ascii_punct_strip,high,False,
decorating sugars,decorating sugar,9,plural_singularized,high,False,
red radishes,red radishe,9,plural_singularized,high,False,
peasant bread,peasant bread,9,lowercase_ascii_punct_strip,high,False,
flat iron steaks,flat iron steak,9,plural_singularized,high,False,
shirataki,shirataki,9,lowercase_ascii_punct_strip,high,False,
meringue,meringue,9,lowercase_ascii_punct_strip,high,False,
maltose,maltose,9,lowercase_ascii_punct_strip,high,False,
(   oz.) tomato paste,oz tomato paste,9,lowercase_ascii_punct_strip,high,False,
trout,trout,9,lowercase_ascii_punct_strip,high,False,
canned chopped tomatoes,canned chopped tomatoe,9,plural_singularized,high,False,
queso asadero,queso asadero,9,lowercase_ascii_punct_strip,high,False,
black rice vinegar,black rice vinegar,9,lowercase_ascii_punct_strip,high,False,
jerk seasoning,jerk seasoning,9,lowercase_ascii_punct_strip,high,False,
Old El Paso Enchilada Sauce,enchilada sauce,9,brand_prefix_removed,medium,False,Removed brand prefix `old el paso`
spanish rice,spanish rice,9,lowercase_ascii_punct_strip,high,False,
English toffee bits,english toffee bit,9,plural_singularized,high,False,
confit duck leg,confit duck leg,9,lowercase_ascii_punct_strip,high,False,
nonfat dry milk,nonfat dry milk,9,lowercase_ascii_punct_strip,high,False,
baked beans,baked bean,9,plural_singularized,high,False,
croissants,croissant,9,plural_singularized,high,False,
dried kelp,kelp,9,leading_descriptor_removed,medium,False,
matzo meal,matzo meal,9,lowercase_ascii_punct_strip,high,False,
skinless salmon fillets,salmon fillet,9,leading_descriptor_removed;plural_singularized,medium,False,
steak seasoning,steak seasoning,9,lowercase_ascii_punct_strip,high,False,
veal demi-glace,veal demi-glace,9,lowercase_ascii_punct_strip,high,False,
fresh cheese,cheese,9,leading_descriptor_removed,medium,False,
chipotle sauce,chipotle sauce,9,lowercase_ascii_punct_strip,high,False,
wide egg noodles,wide egg noodle,9,plural_singularized,high,False,
creole style seasoning,creole style seasoning,9,lowercase_ascii_punct_strip,high,False,
brown mustard,brown mustard,9,lowercase_ascii_punct_strip,high,False,
firm silken tofu,firm silken tofu,9,lowercase_ascii_punct_strip,high,False,
fresca,fresca,9,lowercase_ascii_punct_strip,high,False,
cane syrup,cane syrup,9,lowercase_ascii_punct_strip,high,False,
French lentils,french lentil,9,plural_singularized,high,False,
pita rounds,pita round,9,plural_singularized,high,False,
celtic salt,celtic salt,9,lowercase_ascii_punct_strip,high,False,
vegan butter,vegan butter,9,lowercase_ascii_punct_strip,high,False,
channa dal,channa dal,9,lowercase_ascii_punct_strip,high,False,
Ranch Style Beans,ranch style bean,9,plural_singularized,high,False,
russet,russet,9,lowercase_ascii_punct_strip,high,False,
free-range eggs,free-range egg,9,plural_singularized,high,False,
diced tomatoes with garlic and onion,tomatoes with garlic and onion,9,leading_descriptor_removed,medium,False,
coconut juice,coconut juice,9,lowercase_ascii_punct_strip,high,False,
rosé wine,rose wine,9,lowercase_ascii_punct_strip,high,False,
fritos,frito,9,plural_singularized,high,False,
dried mixed herbs,mixed herb,9,leading_descriptor_removed;plural_singularized,medium,False,
spicy pork sausage,spicy pork sausage,9,lowercase_ascii_punct_strip,high,False,
cockles,cockle,9,plural_singularized,high,False,
shanks,shank,9,plural_singularized,high,False,
refrigerated fettuccine,refrigerated fettuccine,9,lowercase_ascii_punct_strip,high,False,
fried garlic,fried garlic,9,lowercase_ascii_punct_strip,high,False,
wheat germ,wheat germ,9,lowercase_ascii_punct_strip,high,False,
nuoc cham,nuoc cham,9,lowercase_ascii_punct_strip,high,False,
white rice vinegar,white rice vinegar,9,lowercase_ascii_punct_strip,high,False,
frozen banana,banana,9,leading_descriptor_removed,medium,False,
lamb shoulder chops,lamb shoulder chop,9,plural_singularized,high,False,
campari,campari,9,lowercase_ascii_punct_strip,high,False,
chocolate sauce,chocolate sauce,9,lowercase_ascii_punct_strip,high,False,
frozen peaches,peache,9,leading_descriptor_removed;plural_singularized,medium,False,
diced bell pepper,bell pepper,9,leading_descriptor_removed,medium,False,
passion fruit,passion fruit,9,lowercase_ascii_punct_strip,high,False,
pineapple slices,pineapple slice,9,plural_singularized,high,False,
brisket,brisket,9,lowercase_ascii_punct_strip,high,False,
vanilla wafer crumbs,vanilla wafer crumb,9,plural_singularized,high,False,
cooked rigatoni,rigatoni,9,leading_descriptor_removed,medium,False,
hot bean paste,bean paste,9,leading_descriptor_removed,medium,False,
refried black beans,refried black bean,9,plural_singularized,high,False,
field lettuce,field lettuce,9,lowercase_ascii_punct_strip,high,False,
organic chicken,chicken,9,leading_descriptor_removed,medium,False,
light alfredo sauce,alfredo sauce,9,leading_descriptor_removed,medium,False,
smoked sweet Spanish paprika,smoked sweet spanish paprika,9,lowercase_ascii_punct_strip,high,False,
fresh turmeric,turmeric,9,leading_descriptor_removed,medium,False,
haddock fillets,haddock fillet,9,plural_singularized,high,False,
patis,pati,9,plural_singularized,high,False,
shaoxing,shaoxing,9,lowercase_ascii_punct_strip,high,False,
khoa,khoa,9,lowercase_ascii_punct_strip,high,False,
bacon bits,bacon bit,9,plural_singularized,high,False,
hot curry powder,curry powder,9,leading_descriptor_removed,medium,False,
kefalotyri,kefalotyri,9,lowercase_ascii_punct_strip,high,False,
mochiko,mochiko,9,lowercase_ascii_punct_strip,high,False,
sweet corn kernels,corn kernel,9,leading_descriptor_removed;plural_singularized,medium,False,
pita chips,pita chip,9,plural_singularized,high,False,
organic chicken broth,chicken broth,9,leading_descriptor_removed,medium,False,
puff pastry sheets,puff pastry sheet,9,plural_singularized,high,False,
turkey legs,turkey leg,9,plural_singularized,high,False,
ackee,ackee,9,lowercase_ascii_punct_strip,high,False,
snappers,snapper,9,plural_singularized,high,False,
mexican style 4 cheese blend,mexican style 4 cheese blend,9,lowercase_ascii_punct_strip,high,False,
green pumpkin seeds,green pumpkin seed,9,plural_singularized,high,False,
hazelnut oil,hazelnut oil,9,lowercase_ascii_punct_strip,high,False,
turkey stock,turkey stock,9,lowercase_ascii_punct_strip,high,False,
cheese spread,cheese spread,9,lowercase_ascii_punct_strip,high,False,
edible flowers,edible flower,9,plural_singularized,high,False,
tarragon leaves,tarragon leave,9,plural_singularized,high,False,
cooking apples,cooking apple,9,plural_singularized,high,False,
field peas,field pea,9,plural_singularized,high,False,
grappa,grappa,9,lowercase_ascii_punct_strip,high,False,
snapper fillets,snapper fillet,9,plural_singularized,high,False,
shiso leaves,shiso leave,8,plural_singularized,high,False,
frozen green beans,green bean,8,leading_descriptor_removed;plural_singularized,medium,False,
dried cornhusks,cornhusk,8,leading_descriptor_removed;plural_singularized,medium,False,
creme anglaise,creme anglaise,8,lowercase_ascii_punct_strip,high,False,
lily buds,lily bud,8,plural_singularized,high,False,
knorr garlic minicub,garlic minicub,8,brand_prefix_removed,medium,False,Removed brand prefix `knorr`
drippings,dripping,8,plural_singularized,high,False,
brine cured green olives,brine cured green olive,8,plural_singularized,high,False,
Emmenthal,emmenthal,8,lowercase_ascii_punct_strip,high,False,
whole wheat lasagna noodles,wheat lasagna noodle,8,leading_descriptor_removed;plural_singularized,medium,False,
salted dry roasted peanuts,dry roasted peanut,8,leading_descriptor_removed;plural_singularized,medium,False,
sweet potatoes & yams,potatoes and yam,8,leading_descriptor_removed;plural_singularized,medium,False,
dill seed,dill seed,8,lowercase_ascii_punct_strip,high,False,
shrimp tails,shrimp tail,8,plural_singularized,high,False,
mandarin orange segments,mandarin orange segment,8,plural_singularized,high,False,
English muffins,english muffin,8,plural_singularized,high,False,
brown rice flour,brown rice flour,8,lowercase_ascii_punct_strip,high,False,
biscuit mix,biscuit mix,8,lowercase_ascii_punct_strip,high,False,
hard shelled clams,hard shelled clam,8,plural_singularized,high,False,
pork stew meat,pork stew meat,8,lowercase_ascii_punct_strip,high,False,
broiler-fryer chicken,broiler-fryer chicken,8,lowercase_ascii_punct_strip,high,False,
sugar syrup,sugar syrup,8,lowercase_ascii_punct_strip,high,False,
Bertolli® Alfredo Sauce,alfredo sauce,8,brand_prefix_removed,medium,False,Removed brand prefix `bertolli`
green tea powder,green tea powder,8,lowercase_ascii_punct_strip,high,False,
Bisquick Baking Mix,bisquick baking mix,8,lowercase_ascii_punct_strip,high,False,
cajun spice mix,cajun spice mix,8,lowercase_ascii_punct_strip,high,False,
cashew butter,cashew butter,8,lowercase_ascii_punct_strip,high,False,
ragu,ragu,8,brand_term_present,medium,False,Brand term present `ragu`
pomegranate,pomegranate,8,lowercase_ascii_punct_strip,high,False,
meat sauce,meat sauce,8,lowercase_ascii_punct_strip,high,False,
"bread, cut into italian loaf",bread cut into italian loaf,8,lowercase_ascii_punct_strip,high,False,
furikake,furikake,8,lowercase_ascii_punct_strip,high,False,
peperoncini,peperoncini,8,lowercase_ascii_punct_strip,high,False,
custard,custard,8,lowercase_ascii_punct_strip,high,False,
chia seeds,chia seed,8,plural_singularized,high,False,
lime peel,lime peel,8,lowercase_ascii_punct_strip,high,False,
bread mix,bread mix,8,lowercase_ascii_punct_strip,high,False,
liver pate,liver pate,8,lowercase_ascii_punct_strip,high,False,
black bean garlic sauce,black bean garlic sauce,8,lowercase_ascii_punct_strip,high,False,
gherkins,gherkin,8,plural_singularized,high,False,
stuffing mix,stuffing mix,8,lowercase_ascii_punct_strip,high,False,
seedless watermelon,seedless watermelon,8,lowercase_ascii_punct_strip,high,False,
Jell-O Gelatin,jell-o gelatin,8,lowercase_ascii_punct_strip,high,False,
green apples,green apple,8,plural_singularized,high,False,
italian salad dressing mix,italian salad dressing mix,8,lowercase_ascii_punct_strip,high,False,
pork lard,pork lard,8,lowercase_ascii_punct_strip,high,False,
french dressing,french dressing,8,lowercase_ascii_punct_strip,high,False,
chocolate bars,chocolate bar,8,plural_singularized,high,False,
lemon pepper seasoning,lemon pepper seasoning,8,lowercase_ascii_punct_strip,high,False,
lotus roots,lotus root,8,plural_singularized,high,False,
unbleached flour,unbleached flour,8,lowercase_ascii_punct_strip,high,False,
andouille sausage links,andouille sausage link,8,plural_singularized,high,False,
beef sausage,beef sausage,8,lowercase_ascii_punct_strip,high,False,
bean curd skins,bean curd skin,8,plural_singularized,high,False,
french fries,french fry,8,plural_singularized,high,False,
meat tenderizer,meat tenderizer,8,lowercase_ascii_punct_strip,high,False,
gumbo file,gumbo file,8,lowercase_ascii_punct_strip,high,False,
black gram,black gram,8,lowercase_ascii_punct_strip,high,False,
merlot,merlot,8,lowercase_ascii_punct_strip,high,False,
whole wheat couscous,wheat couscous,8,leading_descriptor_removed,medium,False,
low sodium beef stock,beef stock,8,leading_descriptor_removed,medium,False,
nam pla,nam pla,8,lowercase_ascii_punct_strip,high,False,
chunky,chunky,8,lowercase_ascii_punct_strip,high,False,
mesclun,mesclun,8,lowercase_ascii_punct_strip,high,False,
hash brown,hash brown,8,lowercase_ascii_punct_strip,high,False,
knorr chicken flavor bouillon,chicken flavor bouillon,8,brand_prefix_removed,medium,False,Removed brand prefix `knorr`
low-fat coconut milk,low-fat coconut milk,8,lowercase_ascii_punct_strip,high,False,
peeled deveined shrimp,deveined shrimp,8,leading_descriptor_removed,medium,False,
skinless chicken pieces,chicken piece,8,leading_descriptor_removed;plural_singularized,medium,False,
Pace Chunky Salsa,pace chunky salsa,8,lowercase_ascii_punct_strip,high,False,
dandelion greens,dandelion green,8,plural_singularized,high,False,
shaved parmesan cheese,shaved parmesan cheese,8,lowercase_ascii_punct_strip,high,False,
Italian herbs,italian herb,8,plural_singularized,high,False,
wonton skins,wonton skin,8,plural_singularized,high,False,
yellow rice,yellow rice,8,lowercase_ascii_punct_strip,high,False,
Yakisoba noodles,yakisoba noodle,8,plural_singularized,high,False,
pinot noir,pinot noir,8,lowercase_ascii_punct_strip,high,False,
stew,stew,8,lowercase_ascii_punct_strip,high,False,
chapati flour,chapati flour,8,lowercase_ascii_punct_strip,high,False,
sub buns,sub bun,8,plural_singularized,high,False,
silver tequila,silver tequila,8,lowercase_ascii_punct_strip,high,False,
grana padano,grana padano,8,lowercase_ascii_punct_strip,high,False,
pimenton,pimenton,8,lowercase_ascii_punct_strip,high,False,
beef fillet,beef fillet,8,lowercase_ascii_punct_strip,high,False,
havarti cheese,havarti cheese,8,lowercase_ascii_punct_strip,high,False,
lamb chops,lamb chop,8,plural_singularized,high,False,
salted cashews,cashew,8,leading_descriptor_removed;plural_singularized,medium,False,
maldon sea salt,maldon sea salt,8,lowercase_ascii_punct_strip,high,False,
pepperoni turkei,pepperoni turkei,8,lowercase_ascii_punct_strip,high,False,
small pasta,pasta,8,leading_descriptor_removed,medium,False,
striped bass,striped bass,8,lowercase_ascii_punct_strip,high,False,
wheat bran,wheat bran,8,lowercase_ascii_punct_strip,high,False,
crisps,crisp,8,plural_singularized,high,False,
watercress leaves,watercress leave,8,plural_singularized,high,False,
tart shells,tart shell,8,plural_singularized,high,False,
frozen raspberries,raspberry,8,leading_descriptor_removed;plural_singularized,medium,False,
liquid aminos,liquid amino,8,plural_singularized,high,False,
garnish,garnish,8,lowercase_ascii_punct_strip,high,False,
garlic pepper seasoning,garlic pepper seasoning,8,lowercase_ascii_punct_strip,high,False,
char siu,char siu,8,lowercase_ascii_punct_strip,high,False,
whole wheat hamburger buns,wheat hamburger bun,8,leading_descriptor_removed;plural_singularized,medium,False,
potato flakes,potato flake,8,plural_singularized,high,False,
dried plum,plum,8,leading_descriptor_removed,medium,False,
pea shoots,pea shoot,8,plural_singularized,high,False,
low sodium taco seasoning,taco seasoning,8,leading_descriptor_removed,medium,False,
catalina dressing,catalina dressing,8,lowercase_ascii_punct_strip,high,False,
achiote,achiote,8,lowercase_ascii_punct_strip,high,False,
diced tomatoes and green chilies,tomatoes and green chily,8,leading_descriptor_removed;plural_singularized,medium,False,
amaretto liqueur,amaretto liqueur,8,lowercase_ascii_punct_strip,high,False,
red delicious apples,red delicious apple,8,plural_singularized,high,False,
pies,pie,8,plural_singularized,high,False,
radish sprouts,radish sprout,8,plural_singularized,high,False,
curly endive,curly endive,8,lowercase_ascii_punct_strip,high,False,
fat-free reduced-sodium chicken broth,fat-free reduced-sodium chicken broth,8,lowercase_ascii_punct_strip,high,False,
cream cheese frosting,cream cheese frosting,8,lowercase_ascii_punct_strip,high,False,
Chinese rice vinegar,chinese rice vinegar,8,lowercase_ascii_punct_strip,high,False,
mixed mushrooms,mixed mushroom,8,plural_singularized,high,False,
apricot nectar,apricot nectar,8,lowercase_ascii_punct_strip,high,False,
melon,melon,8,lowercase_ascii_punct_strip,high,False,
black cod fillets,black cod fillet,8,plural_singularized,high,False,
shrimp heads,shrimp head,8,plural_singularized,high,False,
confit,confit,8,lowercase_ascii_punct_strip,high,False,
distilled vinegar,distilled vinegar,8,lowercase_ascii_punct_strip,high,False,
"spaghetti, cook and drain",spaghetti cook and drain,8,lowercase_ascii_punct_strip,high,False,
barley,barley,8,lowercase_ascii_punct_strip,high,False,
kabocha squash,kabocha squash,8,lowercase_ascii_punct_strip,high,False,
pink grapefruit,pink grapefruit,8,lowercase_ascii_punct_strip,high,False,
andouille chicken sausage,andouille chicken sausage,8,lowercase_ascii_punct_strip,high,False,
grit quick,grit quick,8,lowercase_ascii_punct_strip,high,False,
diced chicken,chicken,8,leading_descriptor_removed,medium,False,
ramen,ramen,8,lowercase_ascii_punct_strip,high,False,
pectin,pectin,8,lowercase_ascii_punct_strip,high,False,
dry milk powder,dry milk powder,8,lowercase_ascii_punct_strip,high,False,
shoepeg corn,shoepeg corn,7,lowercase_ascii_punct_strip,high,False,
mackerel fillets,mackerel fillet,7,plural_singularized,high,False,
fat free beef broth,fat free beef broth,7,lowercase_ascii_punct_strip,high,False,
Corn Flakes Cereal,corn flakes cereal,7,lowercase_ascii_punct_strip,high,False,
drumstick,drumstick,7,lowercase_ascii_punct_strip,high,False,
green split peas,green split pea,7,plural_singularized,high,False,
chicken gizzards,chicken gizzard,7,plural_singularized,high,False,
banger,banger,7,lowercase_ascii_punct_strip,high,False,
silver,silver,7,lowercase_ascii_punct_strip,high,False,
organic sugar,sugar,7,leading_descriptor_removed;universal_flag,medium,True,
albacore tuna in water,albacore tuna in water,7,lowercase_ascii_punct_strip,high,False,
coco,coco,7,lowercase_ascii_punct_strip,high,False,
mini chocolate chips,mini chocolate chip,7,plural_singularized,high,False,
pastry cream,pastry cream,7,lowercase_ascii_punct_strip,high,False,
key lime,key lime,7,lowercase_ascii_punct_strip,high,False,
frozen vegetables,vegetable,7,leading_descriptor_removed;plural_singularized,medium,False,
perciatelli,perciatelli,7,lowercase_ascii_punct_strip,high,False,
shredded Italian cheese,italian cheese,7,leading_descriptor_removed,medium,False,
toasted wheat germ,toasted wheat germ,7,lowercase_ascii_punct_strip,high,False,
OREO® Cookies,oreo cooky,7,plural_singularized,high,False,
pork and beans,pork and bean,7,plural_singularized,high,False,
crisco,crisco,7,brand_term_present,medium,False,Brand term present `crisco`
Fuji Apple,fuji apple,7,lowercase_ascii_punct_strip,high,False,
vin santo,vin santo,7,lowercase_ascii_punct_strip,high,False,
chipotle paste,chipotle paste,7,lowercase_ascii_punct_strip,high,False,
medium curry powder,curry powder,7,leading_descriptor_removed,medium,False,
chenpi,chenpi,7,lowercase_ascii_punct_strip,high,False,
maple sugar,maple sugar,7,lowercase_ascii_punct_strip,high,False,
pappardelle pasta,pappardelle pasta,7,lowercase_ascii_punct_strip,high,False,
cola,cola,7,lowercase_ascii_punct_strip,high,False,
pickled radish,pickled radish,7,lowercase_ascii_punct_strip,high,False,
less sodium soy sauce,less sodium soy sauce,7,lowercase_ascii_punct_strip,high,False,
smoked cheddar cheese,smoked cheddar cheese,7,lowercase_ascii_punct_strip,high,False,
chicken soup base,chicken soup base,7,lowercase_ascii_punct_strip,high,False,
golden zucchini,golden zucchini,7,lowercase_ascii_punct_strip,high,False,
luke warm water,luke warm water,7,lowercase_ascii_punct_strip,high,False,
green grape,green grape,7,lowercase_ascii_punct_strip,high,False,
ginger piece,ginger piece,7,lowercase_ascii_punct_strip,high,False,
loaves,loave,7,plural_singularized,high,False,
rib pork chops,rib pork chop,7,plural_singularized,high,False,
pomegranate molasses,pomegranate molasse,7,plural_singularized,high,False,
marshmallows,marshmallow,7,plural_singularized,high,False,
pace picante sauce,pace picante sauce,7,lowercase_ascii_punct_strip,high,False,
merguez sausage,merguez sausage,7,lowercase_ascii_punct_strip,high,False,
goat,goat,7,lowercase_ascii_punct_strip,high,False,
sugar substitute,sugar substitute,7,lowercase_ascii_punct_strip,high,False,
irish bacon,irish bacon,7,lowercase_ascii_punct_strip,high,False,
veal rib chops,veal rib chop,7,plural_singularized,high,False,
candied lemon peel,candied lemon peel,7,lowercase_ascii_punct_strip,high,False,
black treacle,black treacle,7,lowercase_ascii_punct_strip,high,False,
soft corn tortillas,soft corn tortilla,7,plural_singularized,high,False,
white tuna in water,white tuna in water,7,lowercase_ascii_punct_strip,high,False,
coconut vinegar,coconut vinegar,7,lowercase_ascii_punct_strip,high,False,
marzipan,marzipan,7,lowercase_ascii_punct_strip,high,False,
italian pork sausage,italian pork sausage,7,lowercase_ascii_punct_strip,high,False,
chopped leaves,leave,7,leading_descriptor_removed;plural_singularized,medium,False,
mixed nuts,mixed nut,7,plural_singularized,high,False,
tubetti,tubetti,7,lowercase_ascii_punct_strip,high,False,
halibut steak,halibut steak,7,lowercase_ascii_punct_strip,high,False,
deep dish pie crust,deep dish pie crust,7,lowercase_ascii_punct_strip,high,False,
frozen sweet peas,pea,7,leading_descriptor_removed;leading_descriptor_removed;plural_singularized,medium,False,
anjou pears,anjou pear,7,plural_singularized,high,False,
coconut rum,coconut rum,7,lowercase_ascii_punct_strip,high,False,
taco seasoning reduced sodium,taco seasoning reduced sodium,7,lowercase_ascii_punct_strip,high,False,
pork fillet,pork fillet,7,lowercase_ascii_punct_strip,high,False,
icing,icing,7,lowercase_ascii_punct_strip,high,False,
quail eggs,quail egg,7,plural_singularized,high,False,
raspberry liqueur,raspberry liqueur,7,lowercase_ascii_punct_strip,high,False,
tripe,tripe,7,lowercase_ascii_punct_strip,high,False,
short pasta,short pasta,7,lowercase_ascii_punct_strip,high,False,
cooking fat,cooking fat,7,lowercase_ascii_punct_strip,high,False,
plain low fat greek yogurt,plain low fat greek yogurt,7,lowercase_ascii_punct_strip,high,False,
low-fat spaghetti sauce,low-fat spaghetti sauce,7,lowercase_ascii_punct_strip,high,False,
cooked meatballs,meatball,7,leading_descriptor_removed;plural_singularized,medium,False,
lardons,lardon,7,plural_singularized,high,False,
roasted pistachios,roasted pistachio,7,plural_singularized,high,False,
pickled jalapeno peppers,pickled jalapeno pepper,7,plural_singularized,high,False,
double crust pie,double crust pie,7,lowercase_ascii_punct_strip,high,False,
grated pecorino,pecorino,7,leading_descriptor_removed,medium,False,
brats,brat,7,plural_singularized,high,False,
kochujang,kochujang,7,lowercase_ascii_punct_strip,high,False,
haddock,haddock,7,lowercase_ascii_punct_strip,high,False,
catsup,catsup,7,lowercase_ascii_punct_strip,high,False,
whole milk greek yogurt,milk greek yogurt,7,leading_descriptor_removed,medium,False,
portobello caps,portobello cap,7,plural_singularized,high,False,
yellow tomato,yellow tomato,7,lowercase_ascii_punct_strip,high,False,
rendered bacon fat,rendered bacon fat,7,lowercase_ascii_punct_strip,high,False,
fresh pasta,pasta,7,leading_descriptor_removed,medium,False,
burrata,burrata,7,lowercase_ascii_punct_strip,high,False,
Sicilian olives,sicilian olive,7,plural_singularized,high,False,
coffee ice cream,coffee ice cream,7,lowercase_ascii_punct_strip,high,False,
veal for stew,veal for stew,7,lowercase_ascii_punct_strip,high,False,
cider,cider,7,lowercase_ascii_punct_strip,high,False,
pancake,pancake,7,lowercase_ascii_punct_strip,high,False,
Balsamico Bianco,balsamico bianco,7,lowercase_ascii_punct_strip,high,False,
polish sausage,polish sausage,7,lowercase_ascii_punct_strip,high,False,
reduced-sodium tamari sauce,reduced-sodium tamari sauce,7,lowercase_ascii_punct_strip,high,False,
flanken short ribs,flanken short rib,7,plural_singularized,high,False,
frozen limeade,limeade,7,leading_descriptor_removed,medium,False,
muenster cheese,muenster cheese,7,lowercase_ascii_punct_strip,high,False,
condensed cream of celery soup,condensed cream of celery soup,7,lowercase_ascii_punct_strip,high,False,
Campbell's Condensed Tomato Soup,campbells condensed tomato soup,7,brand_term_present,medium,False,Brand term present `campbell`
leg quarters,leg quarter,7,plural_singularized,high,False,
pork meat,pork meat,7,lowercase_ascii_punct_strip,high,False,
dark leafy greens,leafy green,7,leading_descriptor_removed;plural_singularized,medium,False,
table cream,table cream,7,lowercase_ascii_punct_strip,high,False,
vanilla lowfat yogurt,vanilla lowfat yogurt,7,lowercase_ascii_punct_strip,high,False,
hot chili paste,chili paste,7,leading_descriptor_removed,medium,False,
pressed tofu,pressed tofu,7,lowercase_ascii_punct_strip,high,False,
dende oil,dende oil,7,lowercase_ascii_punct_strip,high,False,
flax seed meal,flax seed meal,7,lowercase_ascii_punct_strip,high,False,
Pace Picante Sauce,pace picante sauce,7,lowercase_ascii_punct_strip,high,False,
taco toppings,taco topping,7,plural_singularized,high,False,
fresh tuna steaks,tuna steak,7,leading_descriptor_removed;plural_singularized,medium,False,
reduced sodium black beans,black bean,7,leading_descriptor_removed;plural_singularized,medium,False,
sorbet,sorbet,7,lowercase_ascii_punct_strip,high,False,
celery heart,celery heart,7,lowercase_ascii_punct_strip,high,False,
cubed beef,cubed beef,7,lowercase_ascii_punct_strip,high,False,
cubed potatoes,cubed potatoe,7,plural_singularized,high,False,
organic tomato,tomato,7,leading_descriptor_removed,medium,False,
diced pimentos,pimento,7,leading_descriptor_removed;plural_singularized,medium,False,
snails,snail,7,plural_singularized,high,False,
spiced rum,spiced rum,7,lowercase_ascii_punct_strip,high,False,
chicken breast fillets,chicken breast fillet,7,plural_singularized,high,False,
monkfish fillets,monkfish fillet,7,plural_singularized,high,False,
corn flakes,corn flake,7,plural_singularized,high,False,
flat anchovy,flat anchovy,7,lowercase_ascii_punct_strip,high,False,
pork rind,pork rind,7,lowercase_ascii_punct_strip,high,False,
roast beef deli meat,roast beef deli meat,7,lowercase_ascii_punct_strip,high,False,
vanilla pods,vanilla pod,7,plural_singularized,high,False,
chambord,chambord,7,lowercase_ascii_punct_strip,high,False,
gaeta olives,gaeta olive,7,plural_singularized,high,False,
grenadine syrup,grenadine syrup,7,lowercase_ascii_punct_strip,high,False,
goji berries,goji berry,7,plural_singularized,high,False,
raspberry vinegar,raspberry vinegar,7,lowercase_ascii_punct_strip,high,False,
dried pappardelle,pappardelle,7,leading_descriptor_removed,medium,False,
bass fillets,bass fillet,7,plural_singularized,high,False,
crumbled goat cheese,crumbled goat cheese,7,lowercase_ascii_punct_strip,high,False,
wheat bread,wheat bread,7,lowercase_ascii_punct_strip,high,False,
40% less sodium taco seasoning,40 less sodium taco seasoning,7,lowercase_ascii_punct_strip,high,False,
baton,baton,7,lowercase_ascii_punct_strip,high,False,
Kikkoman Soy Sauce,kikkoman soy sauce,7,lowercase_ascii_punct_strip,high,False,
cassava,cassava,7,lowercase_ascii_punct_strip,high,False,
dried apple,apple,7,leading_descriptor_removed,medium,False,
seltzer water,seltzer water,7,lowercase_ascii_punct_strip,high,False,
cherry preserves,cherry preserve,7,plural_singularized,high,False,
chunky pasta sauce,chunky pasta sauce,7,lowercase_ascii_punct_strip,high,False,
free-range chickens,free-range chicken,7,plural_singularized,high,False,
Old El Paso™ Thick 'n Chunky salsa,old el pasotm thick n chunky salsa,7,brand_term_present,medium,False,Brand term present `old el paso`
pork bones,pork bone,7,plural_singularized,high,False,
somen,somen,7,lowercase_ascii_punct_strip,high,False,
pierogi,pierogi,7,lowercase_ascii_punct_strip,high,False,
branzino,branzino,7,lowercase_ascii_punct_strip,high,False,
yukon gold,yukon gold,7,lowercase_ascii_punct_strip,high,False,
Italian cheese blend,italian cheese blend,7,lowercase_ascii_punct_strip,high,False,
green tea bags,green tea bag,7,plural_singularized,high,False,
tuna fillets,tuna fillet,7,plural_singularized,high,False,
Hatch Green Chiles,hatch green chile,7,plural_singularized,high,False,
"red bell pepper, sliced",red bell pepper sliced,7,lowercase_ascii_punct_strip,high,False,
dried navy beans,navy bean,7,leading_descriptor_removed;plural_singularized,medium,False,
medium tomatoes,tomatoe,7,leading_descriptor_removed;plural_singularized,medium,False,
pickle juice,pickle juice,7,lowercase_ascii_punct_strip,high,False,
amaretti,amaretti,7,lowercase_ascii_punct_strip,high,False,
fig jam,fig jam,7,lowercase_ascii_punct_strip,high,False,
nonfat cottage cheese,nonfat cottage cheese,7,lowercase_ascii_punct_strip,high,False,
white cheese,white cheese,7,lowercase_ascii_punct_strip,high,False,
steel-cut oats,steel-cut oat,7,plural_singularized,high,False,
lamb leg,lamb leg,7,lowercase_ascii_punct_strip,high,False,
sirloin tip,sirloin tip,7,lowercase_ascii_punct_strip,high,False,
seasoning mix,seasoning mix,7,lowercase_ascii_punct_strip,high,False,
chicken wing drummettes,chicken wing drummette,7,plural_singularized,high,False,
holy basil,holy basil,7,lowercase_ascii_punct_strip,high,False,
shimeji mushrooms,shimeji mushroom,6,plural_singularized,high,False,
spearmint,spearmint,6,lowercase_ascii_punct_strip,high,False,
elbow pasta,elbow pasta,6,lowercase_ascii_punct_strip,high,False,
mild salsa,mild salsa,6,lowercase_ascii_punct_strip,high,False,
crusty rolls,crusty roll,6,plural_singularized,high,False,
golden beets,golden beet,6,plural_singularized,high,False,
blackberry jam,blackberry jam,6,lowercase_ascii_punct_strip,high,False,
broiler-fryers,broiler-fryer,6,plural_singularized,high,False,
black rice,black rice,6,lowercase_ascii_punct_strip,high,False,
2% low-fat cottage cheese,2 low-fat cottage cheese,6,lowercase_ascii_punct_strip,high,False,
buckwheat soba noodles,buckwheat soba noodle,6,plural_singularized,high,False,
venison,venison,6,lowercase_ascii_punct_strip,high,False,
sandwich buns,sandwich bun,6,plural_singularized,high,False,
lemonade,lemonade,6,lowercase_ascii_punct_strip,high,False,
diced potatoes,potatoe,6,leading_descriptor_removed;plural_singularized,medium,False,
calamata olives,calamata olive,6,plural_singularized,high,False,
soy bean paste,soy bean paste,6,lowercase_ascii_punct_strip,high,False,
pear juice,pear juice,6,lowercase_ascii_punct_strip,high,False,
balsamic reduction,balsamic reduction,6,lowercase_ascii_punct_strip,high,False,
shao hsing wine,shao hsing wine,6,lowercase_ascii_punct_strip,high,False,
cranberry beans,cranberry bean,6,plural_singularized,high,False,
apple butter,apple butter,6,lowercase_ascii_punct_strip,high,False,
liquid honey,liquid honey,6,lowercase_ascii_punct_strip,high,False,
agar,agar,6,lowercase_ascii_punct_strip,high,False,
panettone,panettone,6,lowercase_ascii_punct_strip,high,False,
green garlic,green garlic,6,lowercase_ascii_punct_strip,high,False,
cornbread stuffing mix,cornbread stuffing mix,6,lowercase_ascii_punct_strip,high,False,
minute rice,minute rice,6,lowercase_ascii_punct_strip,high,False,
red bliss potato,red bliss potato,6,lowercase_ascii_punct_strip,high,False,
sponge,sponge,6,lowercase_ascii_punct_strip,high,False,
splenda no calorie sweetener,splenda no calorie sweetener,6,lowercase_ascii_punct_strip,high,False,
whole grain bread,grain bread,6,leading_descriptor_removed,medium,False,
mung bean noodles,mung bean noodle,6,plural_singularized,high,False,
"clams, well scrub",clams well scrub,6,lowercase_ascii_punct_strip,high,False,
chocolate curls,chocolate curl,6,plural_singularized,high,False,
gyoza skins,gyoza skin,6,plural_singularized,high,False,
crostini,crostini,6,lowercase_ascii_punct_strip,high,False,
sweet sherry,sherry,6,leading_descriptor_removed,medium,False,
crushed graham crackers,graham cracker,6,leading_descriptor_removed;plural_singularized,medium,False,
strawberry jam,strawberry jam,6,lowercase_ascii_punct_strip,high,False,
candied ginger,candied ginger,6,lowercase_ascii_punct_strip,high,False,
Neufchâtel,neufchatel,6,lowercase_ascii_punct_strip,high,False,
campanelle,campanelle,6,lowercase_ascii_punct_strip,high,False,
apple jelly,apple jelly,6,lowercase_ascii_punct_strip,high,False,
fudge brownie mix,fudge brownie mix,6,lowercase_ascii_punct_strip,high,False,
Herdez Salsa Verde,herdez salsa verde,6,lowercase_ascii_punct_strip,high,False,
duck breast halves,duck breast halve,6,plural_singularized,high,False,
Cointreau Liqueur,cointreau liqueur,6,lowercase_ascii_punct_strip,high,False,
jack daniels,jack daniel,6,plural_singularized,high,False,
Johnsonville Andouille,johnsonville andouille,6,lowercase_ascii_punct_strip,high,False,
banana liqueur,banana liqueur,6,lowercase_ascii_punct_strip,high,False,
rock shrimp,rock shrimp,6,lowercase_ascii_punct_strip,high,False,
dri leav rosemari,dri leav rosemari,6,lowercase_ascii_punct_strip,high,False,
fromage blanc,fromage blanc,6,lowercase_ascii_punct_strip,high,False,
casings,casing,6,plural_singularized,high,False,
Ritz Crackers,ritz cracker,6,plural_singularized,high,False,
sliced turkey,turkey,6,leading_descriptor_removed,medium,False,
liquor,liquor,6,lowercase_ascii_punct_strip,high,False,
whole wheat pizza dough,wheat pizza dough,6,leading_descriptor_removed,medium,False,
seasoned flour,seasoned flour,6,lowercase_ascii_punct_strip,high,False,
doenzang,doenzang,6,lowercase_ascii_punct_strip,high,False,
baby eggplants,baby eggplant,6,plural_singularized,high,False,
fresh chili,chile,6,leading_descriptor_removed,medium,False,
fish balls,fish ball,6,plural_singularized,high,False,
black lentil,black lentil,6,lowercase_ascii_punct_strip,high,False,
tenderloin,tenderloin,6,lowercase_ascii_punct_strip,high,False,
wax beans,wax bean,6,plural_singularized,high,False,
prepared guacamole,prepared guacamole,6,lowercase_ascii_punct_strip,high,False,
shredded colby,colby,6,leading_descriptor_removed,medium,False,
sauterne,sauterne,6,lowercase_ascii_punct_strip,high,False,
toasted coconut,toasted coconut,6,lowercase_ascii_punct_strip,high,False,
nuoc mam,nuoc mam,6,lowercase_ascii_punct_strip,high,False,
white peaches,white peache,6,plural_singularized,high,False,
vegan margarine,vegan margarine,6,lowercase_ascii_punct_strip,high,False,
hemp seeds,hemp seed,6,plural_singularized,high,False,
whipped cream cheese,whipped cream cheese,6,lowercase_ascii_punct_strip,high,False,
loin pork chops,loin pork chop,6,plural_singularized,high,False,
porterhouse steaks,porterhouse steak,6,plural_singularized,high,False,
kalonji,kalonji,6,lowercase_ascii_punct_strip,high,False,
peaches in heavy syrup,peaches in heavy syrup,6,lowercase_ascii_punct_strip,high,False,
squirt,squirt,6,lowercase_ascii_punct_strip,high,False,
peperoncino,peperoncino,6,lowercase_ascii_punct_strip,high,False,
dried udon,udon,6,leading_descriptor_removed,medium,False,
Mazola Corn Oil,mazola corn oil,6,lowercase_ascii_punct_strip,high,False,
kewra water,kewra water,6,lowercase_ascii_punct_strip,high,False,
dried chives,chive,6,leading_descriptor_removed;plural_singularized,medium,False,
kaffir lime,kaffir lime,6,lowercase_ascii_punct_strip,high,False,
boneless beef short ribs,beef short rib,6,leading_descriptor_removed;plural_singularized,medium,False,
yellow chives,yellow chive,6,plural_singularized,high,False,
Accent Seasoning,accent seasoning,6,lowercase_ascii_punct_strip,high,False,
mature cheddar,mature cheddar,6,lowercase_ascii_punct_strip,high,False,
sausage meat,sausage meat,6,lowercase_ascii_punct_strip,high,False,
mild curry paste,mild curry paste,6,lowercase_ascii_punct_strip,high,False,
bows,bow,6,plural_singularized,high,False,
Haas avocados,haas avocado,6,plural_singularized,high,False,
sweet basil,basil,6,leading_descriptor_removed,medium,False,
cake mix,cake mix,6,lowercase_ascii_punct_strip,high,False,
safflower,safflower,6,lowercase_ascii_punct_strip,high,False,
yellow bean sauce,yellow bean sauce,6,lowercase_ascii_punct_strip,high,False,
white radish,white radish,6,lowercase_ascii_punct_strip,high,False,
red bean paste,red bean paste,6,lowercase_ascii_punct_strip,high,False,
avocado leaves,avocado leave,6,plural_singularized,high,False,
brown hash potato,brown hash potato,6,lowercase_ascii_punct_strip,high,False,
bottle gourd,bottle gourd,6,lowercase_ascii_punct_strip,high,False,
frozen cheese ravioli,cheese ravioli,6,leading_descriptor_removed,medium,False,
southern comfort,southern comfort,6,lowercase_ascii_punct_strip,high,False,
"frozen whip topping, thaw",whip topping thaw,6,leading_descriptor_removed,medium,False,
capicola,capicola,6,lowercase_ascii_punct_strip,high,False,
honey mustard,honey mustard,6,lowercase_ascii_punct_strip,high,False,
sambal chile paste,sambal chile paste,6,lowercase_ascii_punct_strip,high,False,
asparagus tips,asparagus tip,6,brand_term_present;plural_singularized,medium,False,Brand term present `ragu`
hot cherry pepper,cherry pepper,6,leading_descriptor_removed,medium,False,
fines herbes,fines herbe,6,plural_singularized,high,False,
spelt,spelt,6,lowercase_ascii_punct_strip,high,False,
long grain and wild rice mix,long grain and wild rice mix,6,lowercase_ascii_punct_strip,high,False,
crumbled cornbread,crumbled cornbread,6,lowercase_ascii_punct_strip,high,False,
turkey broth,turkey broth,6,lowercase_ascii_punct_strip,high,False,
uncooked rigatoni,rigatoni,6,leading_descriptor_removed,medium,False,
fresh chile,chile,6,leading_descriptor_removed,medium,False,
dry rub,dry rub,6,lowercase_ascii_punct_strip,high,False,
cornflake crumbs,cornflake crumb,6,plural_singularized,high,False,
manicotti,manicotti,6,lowercase_ascii_punct_strip,high,False,
lychees,lychee,6,plural_singularized,high,False,
medium salsa,salsa,6,leading_descriptor_removed,medium,False,
cherry peppers,cherry pepper,6,plural_singularized,high,False,
apple pie filling,apple pie filling,6,lowercase_ascii_punct_strip,high,False,
wafer,wafer,6,lowercase_ascii_punct_strip,high,False,
dried wood ear mushrooms,wood ear mushroom,6,leading_descriptor_removed;plural_singularized,medium,False,
"mussels, well scrubbed",mussels well scrubbed,6,lowercase_ascii_punct_strip,high,False,
caper berries,caper berry,6,plural_singularized,high,False,
harissa sauce,harissa sauce,6,lowercase_ascii_punct_strip,high,False,
vermouth,vermouth,6,lowercase_ascii_punct_strip,high,False,
pearl couscous,pearl couscous,6,lowercase_ascii_punct_strip,high,False,
frozen pound cake,pound cake,6,leading_descriptor_removed,medium,False,
bread and butter pickles,bread and butter pickle,6,plural_singularized,high,False,
low sodium black beans,black bean,6,leading_descriptor_removed;plural_singularized,medium,False,
fideos,fideo,6,plural_singularized,high,False,
lasagne,lasagne,6,lowercase_ascii_punct_strip,high,False,
mixed peel,mixed peel,6,lowercase_ascii_punct_strip,high,False,
self raising flour,self raising flour,6,lowercase_ascii_punct_strip,high,False,
louisiana hot sauce,louisiana hot sauce,6,lowercase_ascii_punct_strip,high,False,
dried dates,date,6,leading_descriptor_removed;plural_singularized,medium,False,
Massaman curry paste,massaman curry paste,6,lowercase_ascii_punct_strip,high,False,
whole okra,okra,6,leading_descriptor_removed,medium,False,
smoked sea salt,smoked sea salt,6,lowercase_ascii_punct_strip,high,False,
smoked & dried fish,smoked and dried fish,6,lowercase_ascii_punct_strip,high,False,
horseradish sauce,horseradish sauce,6,lowercase_ascii_punct_strip,high,False,
roasted white sesame seeds,roasted white sesame seed,6,plural_singularized,high,False,
prepared pasta sauce,prepared pasta sauce,6,lowercase_ascii_punct_strip,high,False,
Campbell's Condensed Cheddar Cheese Soup,campbells condensed cheddar cheese soup,6,brand_term_present,medium,False,Brand term present `campbell`
frying oil,frying oil,6,lowercase_ascii_punct_strip,high,False,
polenta prepar,polenta prepar,6,lowercase_ascii_punct_strip,high,False,
pickled beets,pickled beet,6,plural_singularized,high,False,
split peas,split pea,6,plural_singularized,high,False,
roasted chestnuts,roasted chestnut,6,plural_singularized,high,False,
gluten-free tamari,gluten-free tamari,6,lowercase_ascii_punct_strip,high,False,
beef base,beef base,6,lowercase_ascii_punct_strip,high,False,
pasta shell small,pasta shell small,6,lowercase_ascii_punct_strip,high,False,
onion rings,onion ring,6,plural_singularized,high,False,
rouille,rouille,6,lowercase_ascii_punct_strip,high,False,
bulgur wheat,bulgur wheat,6,lowercase_ascii_punct_strip,high,False,
cooked vermicelli,vermicelli,6,leading_descriptor_removed,medium,False,
satsumas,satsuma,6,plural_singularized,high,False,
reduced fat swiss cheese,reduced fat swiss cheese,6,lowercase_ascii_punct_strip,high,False,
sundried tomato paste,sundried tomato paste,6,lowercase_ascii_punct_strip,high,False,
dried scallops,scallop,6,leading_descriptor_removed;plural_singularized,medium,False,
uncooked ziti,ziti,6,leading_descriptor_removed,medium,False,
soft shelled crabs,soft shelled crab,6,plural_singularized,high,False,
low sodium teriyaki sauce,teriyaki sauce,6,leading_descriptor_removed,medium,False,
homemade chicken broth,homemade chicken broth,6,lowercase_ascii_punct_strip,high,False,
toasted cashews,toasted cashew,6,plural_singularized,high,False,
condensed cheddar cheese soup,condensed cheddar cheese soup,6,lowercase_ascii_punct_strip,high,False,
jerk sauce,jerk sauce,6,lowercase_ascii_punct_strip,high,False,
toasted pumpkinseeds,toasted pumpkinseed,6,plural_singularized,high,False,
boneless country pork ribs,country pork rib,6,leading_descriptor_removed;plural_singularized,medium,False,
grape juice,grape juice,6,lowercase_ascii_punct_strip,high,False,
challa,challa,6,lowercase_ascii_punct_strip,high,False,
whole wheat penne,wheat penne,6,leading_descriptor_removed,medium,False,
mitsuba,mitsuba,6,lowercase_ascii_punct_strip,high,False,
cook egg hard,cook egg hard,6,lowercase_ascii_punct_strip,high,False,
oregano leaves,oregano leave,6,plural_singularized,high,False,
apple juice concentrate,apple juice concentrate,6,lowercase_ascii_punct_strip,high,False,
jasmine,jasmine,6,lowercase_ascii_punct_strip,high,False,
Hellmann's® Real Mayonnaise,hellmanns real mayonnaise,6,brand_term_present,medium,False,Brand term present `hellmann`
veal chops,veal chop,6,plural_singularized,high,False,
chocolate candy bars,chocolate candy bar,6,plural_singularized,high,False,
unsweetened soymilk,unsweetened soymilk,6,lowercase_ascii_punct_strip,high,False,
rye whiskey,rye whiskey,6,lowercase_ascii_punct_strip,high,False,
sandwiches,sandwiche,6,plural_singularized,high,False,
Johnsonville Smoked Sausage,johnsonville smoked sausage,6,lowercase_ascii_punct_strip,high,False,
filet mignon steaks,filet mignon steak,6,plural_singularized,high,False,
black,black,6,lowercase_ascii_punct_strip,high,False,
pork leg,pork leg,6,lowercase_ascii_punct_strip,high,False,
tamarind extract,tamarind extract,6,lowercase_ascii_punct_strip,high,False,
mahimahi,mahimahi,6,lowercase_ascii_punct_strip,high,False,
hot green chile,green chile,6,leading_descriptor_removed,medium,False,
smoked haddock,smoked haddock,6,lowercase_ascii_punct_strip,high,False,
sweet gherkin,gherkin,6,leading_descriptor_removed,medium,False,
stone flower,stone flower,6,lowercase_ascii_punct_strip,high,False,
vegan mayonnaise,vegan mayonnaise,6,lowercase_ascii_punct_strip,high,False,
limoncello,limoncello,6,lowercase_ascii_punct_strip,high,False,
bitter melon,bitter melon,6,lowercase_ascii_punct_strip,high,False,
pickled onion,pickled onion,6,lowercase_ascii_punct_strip,high,False,
Kewpie Mayonnaise,kewpie mayonnaise,6,lowercase_ascii_punct_strip,high,False,
beet greens,beet green,6,plural_singularized,high,False,
instant espresso granules,instant espresso granule,6,plural_singularized,high,False,
celery leaves,celery leave,6,plural_singularized,high,False,
tart,tart,6,lowercase_ascii_punct_strip,high,False,
forest fruit,forest fruit,6,lowercase_ascii_punct_strip,high,False,
Daisy Sour Cream,daisy sour cream,6,lowercase_ascii_punct_strip,high,False,
pie filling,pie filling,6,lowercase_ascii_punct_strip,high,False,
sweet tea,tea,6,leading_descriptor_removed,medium,False,
frozen chopped broccoli,chopped broccoli,6,leading_descriptor_removed,medium,False,
mission figs,mission fig,6,plural_singularized,high,False,
satsuma imo,satsuma imo,6,lowercase_ascii_punct_strip,high,False,
fish steaks,fish steak,6,plural_singularized,high,False,
posole,posole,6,lowercase_ascii_punct_strip,high,False,
kimchi juice,kimchi juice,6,lowercase_ascii_punct_strip,high,False,
extra light olive oil,olive oil,6,leading_descriptor_removed;leading_descriptor_removed,medium,False,
tri-tip roast,tri-tip roast,6,lowercase_ascii_punct_strip,high,False,
queso anejo,queso anejo,6,lowercase_ascii_punct_strip,high,False,
winter melon,winter melon,5,lowercase_ascii_punct_strip,high,False,
rose petals,rose petal,5,plural_singularized,high,False,
Old El Paso Flour Tortillas,flour tortilla,5,brand_prefix_removed;plural_singularized,medium,False,Removed brand prefix `old el paso`
Spring! Water,spring water,5,lowercase_ascii_punct_strip,high,False,
blue cheese dressing,blue cheese dressing,5,lowercase_ascii_punct_strip,high,False,
Splenda Brown Sugar Blend,splenda brown sugar blend,5,lowercase_ascii_punct_strip,high,False,
angel food cake,angel food cake,5,lowercase_ascii_punct_strip,high,False,
collard green leaves,collard green leave,5,plural_singularized,high,False,
beef jerky,beef jerky,5,lowercase_ascii_punct_strip,high,False,
petite peas,petite pea,5,plural_singularized,high,False,
cocktail sauce,cocktail sauce,5,lowercase_ascii_punct_strip,high,False,
bread machine yeast,bread machine yeast,5,lowercase_ascii_punct_strip,high,False,
boneless chicken cutlet,chicken cutlet,5,leading_descriptor_removed,medium,False,
burger buns,burger bun,5,plural_singularized,high,False,
beef kidney,beef kidney,5,lowercase_ascii_punct_strip,high,False,
baby leaf lettuce,baby leaf lettuce,5,lowercase_ascii_punct_strip,high,False,
thai jasmine rice,thai jasmine rice,5,lowercase_ascii_punct_strip,high,False,
dijon,dijon,5,lowercase_ascii_punct_strip,high,False,
burgers,burger,5,plural_singularized,high,False,
hog casings,hog casing,5,plural_singularized,high,False,
rioja,rioja,5,lowercase_ascii_punct_strip,high,False,
pancake mix,pancake mix,5,lowercase_ascii_punct_strip,high,False,
ground chile,chile,5,leading_descriptor_removed,medium,False,
unsweetened apple juice,unsweetened apple juice,5,lowercase_ascii_punct_strip,high,False,
soda bread,soda bread,5,lowercase_ascii_punct_strip,high,False,
light red kidney beans,red kidney bean,5,leading_descriptor_removed;plural_singularized,medium,False,
sesame chili oil,sesame chili oil,5,lowercase_ascii_punct_strip,high,False,
"frozen mixed thawed vegetables,",mixed thawed vegetable,5,leading_descriptor_removed;plural_singularized,medium,False,
shredded nori,nori,5,leading_descriptor_removed,medium,False,
calf liver,calf liver,5,lowercase_ascii_punct_strip,high,False,
mackerel,mackerel,5,lowercase_ascii_punct_strip,high,False,
kefir,kefir,5,lowercase_ascii_punct_strip,high,False,
dulce de leche,dulce de leche,5,lowercase_ascii_punct_strip,high,False,
flaxseed,flaxseed,5,lowercase_ascii_punct_strip,high,False,
custard powder,custard powder,5,lowercase_ascii_punct_strip,high,False,
fresh mozzarella balls,mozzarella ball,5,leading_descriptor_removed;plural_singularized,medium,False,
chicken carcass,chicken carcass,5,lowercase_ascii_punct_strip,high,False,
pita loaves,pita loave,5,plural_singularized,high,False,
ragu cheesi classic alfredo sauc,cheesi classic alfredo sauc,5,brand_prefix_removed,medium,False,Removed brand prefix `ragu`
roasted pumpkin seeds,roasted pumpkin seed,5,plural_singularized,high,False,
vegan Worcestershire sauce,vegan worcestershire sauce,5,lowercase_ascii_punct_strip,high,False,
pappadams,pappadam,5,plural_singularized,high,False,
frozen pizza dough,pizza dough,5,leading_descriptor_removed,medium,False,
bone in skinless chicken thigh,bone in skinless chicken thigh,5,lowercase_ascii_punct_strip,high,False,
sauvignon blanc,sauvignon blanc,5,lowercase_ascii_punct_strip,high,False,
chili seasoning,chili seasoning,5,lowercase_ascii_punct_strip,high,False,
fresh bean,bean,5,leading_descriptor_removed,medium,False,
compote,compote,5,lowercase_ascii_punct_strip,high,False,
dried pear,pear,5,leading_descriptor_removed,medium,False,
Red Gold® diced tomatoes,red gold diced tomatoe,5,plural_singularized,high,False,
millet,millet,5,lowercase_ascii_punct_strip,high,False,
mo hanh,mo hanh,5,lowercase_ascii_punct_strip,high,False,
bone broth,bone broth,5,lowercase_ascii_punct_strip,high,False,
peeled prawns,prawn,5,leading_descriptor_removed;plural_singularized,medium,False,
starchy potatoes,starchy potatoe,5,plural_singularized,high,False,
cornflakes,cornflake,5,plural_singularized,high,False,
boneless lamb,lamb,5,leading_descriptor_removed,medium,False,
boston butt,boston butt,5,lowercase_ascii_punct_strip,high,False,
popcorn,popcorn,5,lowercase_ascii_punct_strip,high,False,
rice pilaf,rice pilaf,5,lowercase_ascii_punct_strip,high,False,
sirloin tip roast,sirloin tip roast,5,lowercase_ascii_punct_strip,high,False,
KRAFT Mexican Style Finely Shredded Four Cheese,mexican style finely shredded four cheese,5,brand_prefix_removed,medium,False,Removed brand prefix `kraft`
promise buttery spread,promise buttery spread,5,lowercase_ascii_punct_strip,high,False,
grill seasoning,grill seasoning,5,lowercase_ascii_punct_strip,high,False,
cooking liquid,cooking liquid,5,lowercase_ascii_punct_strip,high,False,
wholemeal flour,wholemeal flour,5,lowercase_ascii_punct_strip,high,False,
sourdough loaf,sourdough loaf,5,lowercase_ascii_punct_strip,high,False,
Edam,edam,5,lowercase_ascii_punct_strip,high,False,
meatloaf,meatloaf,5,lowercase_ascii_punct_strip,high,False,
dried Thai chili,thai chili,5,leading_descriptor_removed,medium,False,
lobster tails,lobster tail,5,plural_singularized,high,False,
beef shoulder roast,beef shoulder roast,5,lowercase_ascii_punct_strip,high,False,
jerusalem artichokes,jerusalem artichoke,5,plural_singularized,high,False,
uncooked vermicelli,vermicelli,5,leading_descriptor_removed,medium,False,
bertolli vineyard premium collect marinara with burgundi wine sauc,vineyard premium collect marinara with burgundi wine sauc,5,brand_prefix_removed,medium,False,Removed brand prefix `bertolli`
margarita mix,margarita mix,5,lowercase_ascii_punct_strip,high,False,
jerk marinade,jerk marinade,5,lowercase_ascii_punct_strip,high,False,
beef for stew,beef for stew,5,lowercase_ascii_punct_strip,high,False,
bean dip,bean dip,5,lowercase_ascii_punct_strip,high,False,
bechamel,bechamel,5,lowercase_ascii_punct_strip,high,False,
blackening seasoning,blackening seasoning,5,lowercase_ascii_punct_strip,high,False,
sweet yellow corn,yellow corn,5,leading_descriptor_removed,medium,False,
boar,boar,5,lowercase_ascii_punct_strip,high,False,
coconut water,coconut water,5,lowercase_ascii_punct_strip,high,False,
baking spray,baking spray,5,lowercase_ascii_punct_strip,high,False,
jamaican jerk spice,jamaican jerk spice,5,lowercase_ascii_punct_strip,high,False,
pastry flour,pastry flour,5,lowercase_ascii_punct_strip,high,False,
basmati,basmati,5,lowercase_ascii_punct_strip,high,False,
Lea & Perrins Worcestershire Sauce,lea and perrins worcestershire sauce,5,lowercase_ascii_punct_strip,high,False,
pasilla pepper,pasilla pepper,5,lowercase_ascii_punct_strip,high,False,
borlotti beans,borlotti bean,5,plural_singularized,high,False,
large curd cottage cheese,curd cottage cheese,5,leading_descriptor_removed,medium,False,
Kraft Miracle Whip Dressing,miracle whip dressing,5,brand_prefix_removed,medium,False,Removed brand prefix `kraft`
light tuna packed in olive oil,tuna packed in olive oil,5,leading_descriptor_removed,medium,False,
lamb neck,lamb neck,5,lowercase_ascii_punct_strip,high,False,
ume plum vinegar,ume plum vinegar,5,lowercase_ascii_punct_strip,high,False,
sliced chicken,chicken,5,leading_descriptor_removed,medium,False,
potato chips,potato chip,5,plural_singularized,high,False,
smoked turkey breast,smoked turkey breast,5,lowercase_ascii_punct_strip,high,False,
brown shrimp,brown shrimp,5,lowercase_ascii_punct_strip,high,False,
chicken breast strips,chicken breast strip,5,plural_singularized,high,False,
reduced sodium vegetable broth,vegetable broth,5,leading_descriptor_removed,medium,False,
virgin olive oil,olive oil,5,leading_descriptor_removed,medium,False,
beef shoulder,beef shoulder,5,lowercase_ascii_punct_strip,high,False,
fruit cocktail,fruit cocktail,5,lowercase_ascii_punct_strip,high,False,
round loaf,round loaf,5,lowercase_ascii_punct_strip,high,False,
frozen hash browns,hash brown,5,leading_descriptor_removed;plural_singularized,medium,False,
grilled chicken,grilled chicken,5,lowercase_ascii_punct_strip,high,False,
bone-in chicken,bone-in chicken,5,lowercase_ascii_punct_strip,high,False,
globe eggplant,globe eggplant,5,lowercase_ascii_punct_strip,high,False,
smoked kielbasa,smoked kielbasa,5,lowercase_ascii_punct_strip,high,False,
roasted almonds,roasted almond,5,plural_singularized,high,False,
espresso powder,espresso powder,5,lowercase_ascii_punct_strip,high,False,
tandoori paste,tandoori paste,5,lowercase_ascii_punct_strip,high,False,
soft taco size flour tortillas,soft taco size flour tortilla,5,plural_singularized,high,False,
"chop green chilies, undrain",chop green chilies undrain,5,lowercase_ascii_punct_strip,high,False,
hard salami,hard salami,5,lowercase_ascii_punct_strip,high,False,
Chinese rose wine,chinese rose wine,5,lowercase_ascii_punct_strip,high,False,
demi-glace,demi-glace,5,lowercase_ascii_punct_strip,high,False,
tortilla wraps,tortilla wrap,5,plural_singularized,high,False,
açai powder,acai powder,5,lowercase_ascii_punct_strip,high,False,
cube steaks,cube steak,5,plural_singularized,high,False,
powdered gelatin,powdered gelatin,5,lowercase_ascii_punct_strip,high,False,
grenadine,grenadine,5,lowercase_ascii_punct_strip,high,False,
emerils original essence,emerils original essence,5,lowercase_ascii_punct_strip,high,False,
chile bean paste,chile bean paste,5,lowercase_ascii_punct_strip,high,False,
porridge oats,porridge oat,5,plural_singularized,high,False,
self-rising cake flour,self-rising cake flour,5,lowercase_ascii_punct_strip,high,False,
tapioca,tapioca,5,lowercase_ascii_punct_strip,high,False,
low moisture mozzarella,low moisture mozzarella,5,lowercase_ascii_punct_strip,high,False,
seedless raspberry jam,seedless raspberry jam,5,lowercase_ascii_punct_strip,high,False,
pink grapefruit juice,pink grapefruit juice,5,lowercase_ascii_punct_strip,high,False,
bulb,bulb,5,lowercase_ascii_punct_strip,high,False,
pattypan squash,pattypan squash,5,lowercase_ascii_punct_strip,high,False,
milk chocolate chips,milk chocolate chip,5,plural_singularized,high,False,
cheese cubes,cheese cube,5,plural_singularized,high,False,
powdered garlic,powdered garlic,5,lowercase_ascii_punct_strip,high,False,
buttermilk cornbread,buttermilk cornbread,5,lowercase_ascii_punct_strip,high,False,
truffles,truffle,5,plural_singularized,high,False,
white asparagus,white asparagus,5,brand_term_present,medium,False,Brand term present `ragu`
whole wheat linguine,wheat linguine,5,leading_descriptor_removed,medium,False,
whipping heavy cream,whipping heavy cream,5,lowercase_ascii_punct_strip,high,False,
whole cranberry sauce,cranberry sauce,5,leading_descriptor_removed,medium,False,
gluten free all purpose flour,gluten free all purpose flour,5,lowercase_ascii_punct_strip,high,False,
schmaltz,schmaltz,5,lowercase_ascii_punct_strip,high,False,
nopalitos,nopalito,5,plural_singularized,high,False,
ahi,ahi,5,lowercase_ascii_punct_strip,high,False,
flaked,flaked,5,lowercase_ascii_punct_strip,high,False,
assorted fresh vegetables,assorted fresh vegetable,5,plural_singularized,high,False,
sazon seasoning,sazon seasoning,5,lowercase_ascii_punct_strip,high,False,
black cumin seeds,black cumin seed,5,plural_singularized,high,False,
fresh salmon,salmon,5,leading_descriptor_removed,medium,False,
sushi grade tuna,sushi grade tuna,5,lowercase_ascii_punct_strip,high,False,
banana blossom,banana blossom,5,lowercase_ascii_punct_strip,high,False,
large tomato,tomato,5,leading_descriptor_removed,medium,False,
KRAFT Zesty Italian Dressing,zesty italian dressing,5,brand_prefix_removed,medium,False,Removed brand prefix `kraft`
pork blood,pork blood,5,lowercase_ascii_punct_strip,high,False,
seitan,seitan,5,lowercase_ascii_punct_strip,high,False,
sofrito,sofrito,5,lowercase_ascii_punct_strip,high,False,
shortbread cookies,shortbread cooky,5,plural_singularized,high,False,
waffle,waffle,5,lowercase_ascii_punct_strip,high,False,
oloroso sherry,oloroso sherry,5,lowercase_ascii_punct_strip,high,False,
French mustard,french mustard,5,lowercase_ascii_punct_strip,high,False,
chicken noodle soup,chicken noodle soup,5,lowercase_ascii_punct_strip,high,False,
Heinz Chili Sauce,heinz chili sauce,5,lowercase_ascii_punct_strip,high,False,
prego traditional italian sauce,prego traditional italian sauce,5,lowercase_ascii_punct_strip,high,False,
tapioca pearls,tapioca pearl,5,plural_singularized,high,False,
spelt flour,spelt flour,5,lowercase_ascii_punct_strip,high,False,
fine granulated sugar,sugar,5,leading_descriptor_removed;universal_flag,medium,True,
sliced green olives,green olive,5,leading_descriptor_removed;plural_singularized,medium,False,
chinese ham,chinese ham,5,lowercase_ascii_punct_strip,high,False,
low sodium tomato juice,tomato juice,5,leading_descriptor_removed,medium,False,
sandwich bread,sandwich bread,5,lowercase_ascii_punct_strip,high,False,
vanilla pudding,vanilla pudding,5,lowercase_ascii_punct_strip,high,False,
caster,caster,5,lowercase_ascii_punct_strip,high,False,
jamaican rum,jamaican rum,5,lowercase_ascii_punct_strip,high,False,
buttercream frosting,buttercream frosting,5,lowercase_ascii_punct_strip,high,False,
diced lamb,lamb,5,leading_descriptor_removed,medium,False,
solid white tuna,solid white tuna,5,lowercase_ascii_punct_strip,high,False,
cooked meat,meat,5,leading_descriptor_removed,medium,False,
Chinese sesame paste,chinese sesame paste,5,lowercase_ascii_punct_strip,high,False,
red swiss chard,red swiss chard,5,lowercase_ascii_punct_strip,high,False,
chunk light tuna in water,chunk light tuna in water,5,lowercase_ascii_punct_strip,high,False,
40% less sodium taco seasoning mix,40 less sodium taco seasoning mix,5,lowercase_ascii_punct_strip,high,False,
brown gravy mix,brown gravy mix,5,lowercase_ascii_punct_strip,high,False,
stone ground mustard,stone ground mustard,5,lowercase_ascii_punct_strip,high,False,
chinese rock sugar,chinese rock sugar,5,lowercase_ascii_punct_strip,high,False,
beef ribs,beef rib,5,plural_singularized,high,False,
black fungus,black fungus,5,lowercase_ascii_punct_strip,high,False,
greek-style vinaigrette,greek-style vinaigrette,5,lowercase_ascii_punct_strip,high,False,
salted fish,fish,5,leading_descriptor_removed,medium,False,
Saigon cinnamon,saigon cinnamon,5,lowercase_ascii_punct_strip,high,False,
pink beans,pink bean,5,plural_singularized,high,False,
low sodium canned chicken stock,canned chicken stock,5,leading_descriptor_removed,medium,False,
broad beans,broad bean,5,plural_singularized,high,False,
espresso beans,espresso bean,5,plural_singularized,high,False,
condensed cream of potato soup,condensed cream of potato soup,5,lowercase_ascii_punct_strip,high,False,
rounds,round,5,plural_singularized,high,False,
tandoori seasoning,tandoori seasoning,5,lowercase_ascii_punct_strip,high,False,
Herdez Salsa Casera,herdez salsa casera,5,lowercase_ascii_punct_strip,high,False,
knorr chicken flavor bouillon cube,chicken flavor bouillon cube,5,brand_prefix_removed,medium,False,Removed brand prefix `knorr`
curly parsley,curly parsley,5,lowercase_ascii_punct_strip,high,False,
pepperidge farm puff pastry,pepperidge farm puff pastry,5,lowercase_ascii_punct_strip,high,False,
reduced fat creamy peanut butter,reduced fat creamy peanut butter,5,lowercase_ascii_punct_strip,high,False,
fat skimmed reduced sodium chicken broth,fat skimmed reduced sodium chicken broth,5,lowercase_ascii_punct_strip,high,False,
yuzu,yuzu,5,lowercase_ascii_punct_strip,high,False,
cut up cooked chicken,cut up cooked chicken,5,lowercase_ascii_punct_strip,high,False,
butter pecan cake mix,butter pecan cake mix,5,lowercase_ascii_punct_strip,high,False,
persimmon,persimmon,5,lowercase_ascii_punct_strip,high,False,
twists,twist,5,plural_singularized,high,False,
chocolate ice cream,chocolate ice cream,5,lowercase_ascii_punct_strip,high,False,
chicken feet,chicken feet,5,lowercase_ascii_punct_strip,high,False,
grilled chicken breasts,grilled chicken breast,5,plural_singularized,high,False,
guava,guava,5,lowercase_ascii_punct_strip,high,False,
red vermouth,red vermouth,5,lowercase_ascii_punct_strip,high,False,
chinese mustard,chinese mustard,5,lowercase_ascii_punct_strip,high,False,
cranberry sauce,cranberry sauce,5,lowercase_ascii_punct_strip,high,False,
red grapefruit,red grapefruit,5,lowercase_ascii_punct_strip,high,False,
other vegetables,other vegetable,5,plural_singularized,high,False,
Piment d'Espelette,piment despelette,5,lowercase_ascii_punct_strip,high,False,
spam,spam,5,lowercase_ascii_punct_strip,high,False,
string cheese,string cheese,5,lowercase_ascii_punct_strip,high,False,
long pepper,long pepper,5,lowercase_ascii_punct_strip,high,False,
condensed fiesta nacho cheese soup,condensed fiesta nacho cheese soup,5,lowercase_ascii_punct_strip,high,False,
pot roast,pot roast,5,lowercase_ascii_punct_strip,high,False,
idli,idli,5,lowercase_ascii_punct_strip,high,False,
black cod,black cod,5,lowercase_ascii_punct_strip,high,False,
winter squash,winter squash,5,lowercase_ascii_punct_strip,high,False,
sweet potatoes or yams,potatoes or yam,5,leading_descriptor_removed;plural_singularized,medium,False,
fresh prawn,prawn,5,leading_descriptor_removed,medium,False,
fresh angel hair,angel hair,5,leading_descriptor_removed,medium,False,
bacon pieces,bacon piece,5,plural_singularized,high,False,
fat free reduced sodium chicken broth,fat free reduced sodium chicken broth,5,lowercase_ascii_punct_strip,high,False,
adzuki beans,adzuki bean,5,plural_singularized,high,False,
flavored syrup,flavored syrup,5,lowercase_ascii_punct_strip,high,False,
sago,sago,5,lowercase_ascii_punct_strip,high,False,
crème de cassis,creme de cassi,5,plural_singularized,high,False,
sorghum syrup,sorghum syrup,5,lowercase_ascii_punct_strip,high,False,
taco bell home originals,home original,5,brand_prefix_removed;plural_singularized,medium,False,Removed brand prefix `taco bell`
tom yum paste,tom yum paste,5,lowercase_ascii_punct_strip,high,False,
rice powder,rice powder,5,lowercase_ascii_punct_strip,high,False,
sooji,sooji,5,lowercase_ascii_punct_strip,high,False,
chiffonade,chiffonade,5,lowercase_ascii_punct_strip,high,False,
dark chocolate chip,chocolate chip,5,leading_descriptor_removed,medium,False,
soaking liquid,soaking liquid,5,lowercase_ascii_punct_strip,high,False,
red apples,red apple,5,plural_singularized,high,False,
gremolata,gremolata,5,lowercase_ascii_punct_strip,high,False,
pasilla,pasilla,5,lowercase_ascii_punct_strip,high,False,
sushi nori,sushi nori,5,lowercase_ascii_punct_strip,high,False,
dried chile peppers,chile pepper,5,leading_descriptor_removed;plural_singularized,medium,False,
rome apples,rome apple,5,plural_singularized,high,False,
corn salsa,corn salsa,5,lowercase_ascii_punct_strip,high,False,
miniature semisweet chocolate chips,miniature semisweet chocolate chip,5,plural_singularized,high,False,
ground rosemary,rosemary,5,leading_descriptor_removed,medium,False,
all potato purpos,all potato purpo,5,plural_singularized,high,False,
rye flour,rye flour,5,lowercase_ascii_punct_strip,high,False,
bouquet,bouquet,5,lowercase_ascii_punct_strip,high,False,
low sodium vegetable stock,vegetable stock,5,leading_descriptor_removed,medium,False,
nuoc nam,nuoc nam,5,lowercase_ascii_punct_strip,high,False,
gouda,gouda,5,lowercase_ascii_punct_strip,high,False,
rose essence,rose essence,5,lowercase_ascii_punct_strip,high,False,
rich chicken stock,rich chicken stock,5,lowercase_ascii_punct_strip,high,False,
sugar cane,sugar cane,5,lowercase_ascii_punct_strip,high,False,
fregola,fregola,5,lowercase_ascii_punct_strip,high,False,
Oscar Mayer Bacon,oscar mayer bacon,5,lowercase_ascii_punct_strip,high,False,
almond liqueur,almond liqueur,5,lowercase_ascii_punct_strip,high,False,
"small capers, rins and drain",capers rins and drain,5,leading_descriptor_removed,medium,False,
clotted cream,clotted cream,5,lowercase_ascii_punct_strip,high,False,
roasted rice powder,roasted rice powder,5,lowercase_ascii_punct_strip,high,False,
non dairy milk,non dairy milk,5,lowercase_ascii_punct_strip,high,False,
strawberry preserves,strawberry preserve,5,plural_singularized,high,False,
sweet red bean paste,red bean paste,5,leading_descriptor_removed,medium,False,
italian chicken sausage,italian chicken sausage,5,lowercase_ascii_punct_strip,high,False,
lemon curd,lemon curd,5,lowercase_ascii_punct_strip,high,False,
raw cane sugar,raw cane sugar,5,lowercase_ascii_punct_strip,high,False,
orange bitters,orange bitter,4,plural_singularized,high,False,
pizza toppings,pizza topping,4,plural_singularized,high,False,
carrot sticks,carrot stick,4,plural_singularized,high,False,
Jamaican allspice,jamaican allspice,4,lowercase_ascii_punct_strip,high,False,
Cholula Hot Sauce,sauce,4,brand_prefix_removed;leading_descriptor_removed,medium,False,Removed brand prefix `cholula`
fried rice,fried rice,4,lowercase_ascii_punct_strip,high,False,
cold cut,cold cut,4,lowercase_ascii_punct_strip,high,False,
methi leaves,methi leave,4,plural_singularized,high,False,
pudding,pudding,4,lowercase_ascii_punct_strip,high,False,
lily flowers,lily flower,4,plural_singularized,high,False,
reduced fat shredded cheese,reduced fat shredded cheese,4,lowercase_ascii_punct_strip,high,False,
pomelo,pomelo,4,lowercase_ascii_punct_strip,high,False,
minced meat,meat,4,leading_descriptor_removed,medium,False,
Johnsonville Mild Italian Sausage Links,johnsonville mild italian sausage link,4,plural_singularized,high,False,
rosewater,rosewater,4,lowercase_ascii_punct_strip,high,False,
rice crackers,rice cracker,4,plural_singularized,high,False,
low fat low sodium chicken broth,low fat low sodium chicken broth,4,lowercase_ascii_punct_strip,high,False,
frozen tater tots,tater tot,4,leading_descriptor_removed;plural_singularized,medium,False,
bean thread vermicelli,bean thread vermicelli,4,lowercase_ascii_punct_strip,high,False,
hatcho miso,hatcho miso,4,lowercase_ascii_punct_strip,high,False,
kamaboko,kamaboko,4,lowercase_ascii_punct_strip,high,False,
whey,whey,4,lowercase_ascii_punct_strip,high,False,
bing cherries,bing cherry,4,plural_singularized,high,False,
leaf parsley,leaf parsley,4,lowercase_ascii_punct_strip,high,False,
california chile,california chile,4,lowercase_ascii_punct_strip,high,False,
Bragg Liquid Aminos,bragg liquid amino,4,plural_singularized,high,False,
manicotti pasta,manicotti pasta,4,lowercase_ascii_punct_strip,high,False,
snail shells,snail shell,4,plural_singularized,high,False,
parmigiana-reggiano,parmigiana-reggiano,4,lowercase_ascii_punct_strip,high,False,
mini phyllo dough shells,mini phyllo dough shell,4,plural_singularized,high,False,
hazelnut butter,hazelnut butter,4,lowercase_ascii_punct_strip,high,False,
sliced kalamata olives,kalamata olive,4,leading_descriptor_removed;plural_singularized,medium,False,
1% low-fat buttermilk,1 low-fat buttermilk,4,lowercase_ascii_punct_strip,high,False,
sambuca,sambuca,4,lowercase_ascii_punct_strip,high,False,
Knorr Chicken Flavor Bouillon,chicken flavor bouillon,4,brand_prefix_removed,medium,False,Removed brand prefix `knorr`
grated cotija,cotija,4,leading_descriptor_removed,medium,False,
reduced-fat cheese,reduced-fat cheese,4,lowercase_ascii_punct_strip,high,False,
rib roast,rib roast,4,lowercase_ascii_punct_strip,high,False,
prepared pie crusts,prepared pie crust,4,plural_singularized,high,False,
dried beef,beef,4,leading_descriptor_removed,medium,False,
low-fat pasta sauce,low-fat pasta sauce,4,lowercase_ascii_punct_strip,high,False,
Uncle Ben's Original Converted Brand rice,uncle bens original converted brand rice,4,lowercase_ascii_punct_strip,high,False,
candied peel,candied peel,4,lowercase_ascii_punct_strip,high,False,
instant potato flakes,instant potato flake,4,plural_singularized,high,False,
stevia extract,stevia extract,4,lowercase_ascii_punct_strip,high,False,
unsalted peanut butter,peanut butter,4,leading_descriptor_removed,medium,False,
sliced apples,apple,4,leading_descriptor_removed;plural_singularized,medium,False,
mahi mahi,mahi mahi,4,lowercase_ascii_punct_strip,high,False,
mein,mein,4,lowercase_ascii_punct_strip,high,False,
gingersnap cookies,gingersnap cooky,4,plural_singularized,high,False,
hot italian turkey sausage links,italian turkey sausage link,4,leading_descriptor_removed;plural_singularized,medium,False,
achiote powder,achiote powder,4,lowercase_ascii_punct_strip,high,False,
vidalia,vidalia,4,lowercase_ascii_punct_strip,high,False,
alfalfa sprouts,alfalfa sprout,4,plural_singularized,high,False,
Mrs. Dash,mrs dash,4,lowercase_ascii_punct_strip,high,False,
turmeric root,turmeric root,4,lowercase_ascii_punct_strip,high,False,
anchovy filets,anchovy filet,4,plural_singularized,high,False,
medium zucchini,zucchini,4,leading_descriptor_removed,medium,False,
Old El Paso™ refried beans,old el pasotm refried bean,4,brand_term_present;plural_singularized,medium,False,Brand term present `old el paso`
durum wheat flour,durum wheat flour,4,lowercase_ascii_punct_strip,high,False,
boneless center cut pork chops,center cut pork chop,4,leading_descriptor_removed;plural_singularized,medium,False,
reduced sodium tamari,tamari,4,leading_descriptor_removed,medium,False,
butter extract,butter extract,4,lowercase_ascii_punct_strip,high,False,
coarse ground mustard,ground mustard,4,leading_descriptor_removed,medium,False,
sugar cubes,sugar cube,4,plural_singularized,high,False,
7 Up,7 up,4,lowercase_ascii_punct_strip,high,False,
grass-fed butter,grass-fed butter,4,lowercase_ascii_punct_strip,high,False,
beef demi-glace,beef demi-glace,4,lowercase_ascii_punct_strip,high,False,
glace cherries,glace cherry,4,plural_singularized,high,False,
pizza shells,pizza shell,4,plural_singularized,high,False,
paella rice,paella rice,4,lowercase_ascii_punct_strip,high,False,
european cucumber,european cucumber,4,lowercase_ascii_punct_strip,high,False,
vegetable seasoning,vegetable seasoning,4,lowercase_ascii_punct_strip,high,False,
mushroom soup,mushroom soup,4,lowercase_ascii_punct_strip,high,False,
knockwurst,knockwurst,4,lowercase_ascii_punct_strip,high,False,
gelato,gelato,4,lowercase_ascii_punct_strip,high,False,
kohlrabi,kohlrabi,4,lowercase_ascii_punct_strip,high,False,
fry mix,fry mix,4,lowercase_ascii_punct_strip,high,False,
sparkling wine,sparkling wine,4,lowercase_ascii_punct_strip,high,False,
Pompeian Canola Oil and Extra Virgin Olive Oil,pompeian canola oil and extra virgin olive oil,4,lowercase_ascii_punct_strip,high,False,
shellfish,shellfish,4,lowercase_ascii_punct_strip,high,False,
ground pecans,pecan,4,leading_descriptor_removed;plural_singularized,medium,False,
ginger beer,ginger beer,4,lowercase_ascii_punct_strip,high,False,
whole wheat pita bread,wheat pita bread,4,leading_descriptor_removed,medium,False,
sweet rice wine,rice wine,4,leading_descriptor_removed,medium,False,
gooseberries,gooseberry,4,plural_singularized,high,False,
sichuanese chili paste,sichuanese chili paste,4,lowercase_ascii_punct_strip,high,False,
flowering chives,flowering chive,4,plural_singularized,high,False,
caramel topping,caramel topping,4,lowercase_ascii_punct_strip,high,False,
green onion bottoms,green onion bottom,4,plural_singularized,high,False,
sliced salami,salami,4,leading_descriptor_removed,medium,False,
greater yam,greater yam,4,lowercase_ascii_punct_strip,high,False,
color food orang,color food orang,4,lowercase_ascii_punct_strip,high,False,
vanilla powder,vanilla powder,4,lowercase_ascii_punct_strip,high,False,
pie pastry,pie pastry,4,lowercase_ascii_punct_strip,high,False,
chinese roast pork,chinese roast pork,4,lowercase_ascii_punct_strip,high,False,
dried lavender,lavender,4,leading_descriptor_removed,medium,False,
cress,cress,4,lowercase_ascii_punct_strip,high,False,
regular tofu,regular tofu,4,lowercase_ascii_punct_strip,high,False,
bloody mary mix,bloody mary mix,4,lowercase_ascii_punct_strip,high,False,
pear nectar,pear nectar,4,lowercase_ascii_punct_strip,high,False,
curry leaf,curry leaf,4,lowercase_ascii_punct_strip,high,False,
dried lavender blossoms,lavender blossom,4,leading_descriptor_removed;plural_singularized,medium,False,
coarse sugar,sugar,4,leading_descriptor_removed;universal_flag,medium,True,
white frostings,white frosting,4,plural_singularized,high,False,
frozen lima beans,lima bean,4,leading_descriptor_removed;plural_singularized,medium,False,
streaky bacon,streaky bacon,4,lowercase_ascii_punct_strip,high,False,
oil packed anchovy fillets,oil packed anchovy fillet,4,plural_singularized,high,False,
raspberry sauce,raspberry sauce,4,lowercase_ascii_punct_strip,high,False,
raw pistachios,raw pistachio,4,plural_singularized,high,False,
smoked streaky bacon,smoked streaky bacon,4,lowercase_ascii_punct_strip,high,False,
sumac,sumac,4,lowercase_ascii_punct_strip,high,False,
black turtle beans,black turtle bean,4,plural_singularized,high,False,
white corn syrup,white corn syrup,4,lowercase_ascii_punct_strip,high,False,
hominy grits,hominy grit,4,plural_singularized,high,False,
"sweet italian sausag links, cut into",italian sausag links cut into,4,leading_descriptor_removed,medium,False,
unsalted shelled pistachio,shelled pistachio,4,leading_descriptor_removed,medium,False,
clementines,clementine,4,plural_singularized,high,False,
chocolate glaze,chocolate glaze,4,lowercase_ascii_punct_strip,high,False,
mint sauce,mint sauce,4,lowercase_ascii_punct_strip,high,False,
sambal olek,sambal olek,4,lowercase_ascii_punct_strip,high,False,
goose fat,goose fat,4,lowercase_ascii_punct_strip,high,False,
garlic shoots,garlic shoot,4,plural_singularized,high,False,
pineapple rings,pineapple ring,4,plural_singularized,high,False,
pink salmon,pink salmon,4,lowercase_ascii_punct_strip,high,False,
whole wheat penne pasta,wheat penne pasta,4,leading_descriptor_removed,medium,False,
papad,papad,4,lowercase_ascii_punct_strip,high,False,
honey roasted peanuts,honey roasted peanut,4,plural_singularized,high,False,
brown mushroom,brown mushroom,4,lowercase_ascii_punct_strip,high,False,
pig feet,pig feet,4,lowercase_ascii_punct_strip,high,False,
sansho,sansho,4,lowercase_ascii_punct_strip,high,False,
pure acai puree,pure acai puree,4,lowercase_ascii_punct_strip,high,False,
beef liver,beef liver,4,lowercase_ascii_punct_strip,high,False,
vegan parmesan cheese,vegan parmesan cheese,4,lowercase_ascii_punct_strip,high,False,
biscuit baking mix,biscuit baking mix,4,lowercase_ascii_punct_strip,high,False,
vanilla flavoring,vanilla flavoring,4,lowercase_ascii_punct_strip,high,False,
prepared pizza crust,prepared pizza crust,4,lowercase_ascii_punct_strip,high,False,
Jarlsberg,jarlsberg,4,lowercase_ascii_punct_strip,high,False,
hot salsa,salsa,4,leading_descriptor_removed,medium,False,
cracker meal,cracker meal,4,lowercase_ascii_punct_strip,high,False,
pitted Medjool dates,pitted medjool date,4,plural_singularized,high,False,
cherrystone clams,cherrystone clam,4,plural_singularized,high,False,
pork back ribs,pork back rib,4,plural_singularized,high,False,
carne seca,carne seca,4,lowercase_ascii_punct_strip,high,False,
marrow,marrow,4,lowercase_ascii_punct_strip,high,False,
cod fish,cod fish,4,lowercase_ascii_punct_strip,high,False,
Frank's® RedHot® Original Cayenne Pepper Sauce,franks redhot original cayenne pepper sauce,4,lowercase_ascii_punct_strip,high,False,
virginia ham,virginia ham,4,lowercase_ascii_punct_strip,high,False,
shortcrust pastry,shortcrust pastry,4,lowercase_ascii_punct_strip,high,False,
sheep’s milk cheese,sheeps milk cheese,4,lowercase_ascii_punct_strip,high,False,
squabs,squab,4,plural_singularized,high,False,
barley flour,barley flour,4,lowercase_ascii_punct_strip,high,False,
dried beans,bean,4,leading_descriptor_removed;plural_singularized,medium,False,
caribbean jerk seasoning,caribbean jerk seasoning,4,lowercase_ascii_punct_strip,high,False,
grissini,grissini,4,lowercase_ascii_punct_strip,high,False,
dark muscovado sugar,muscovado sugar,4,leading_descriptor_removed,medium,False,
italian seasoning mix,italian seasoning mix,4,lowercase_ascii_punct_strip,high,False,
mezcal,mezcal,4,lowercase_ascii_punct_strip,high,False,
quick oats,quick oat,4,plural_singularized,high,False,
brown ale,brown ale,4,lowercase_ascii_punct_strip,high,False,
smoked trout,smoked trout,4,lowercase_ascii_punct_strip,high,False,
Hidden Valley® Original Ranch® Dressing,original ranch dressing,4,brand_prefix_removed,medium,False,Removed brand prefix `hidden valley`
camembert,camembert,4,lowercase_ascii_punct_strip,high,False,
filo dough,filo dough,4,lowercase_ascii_punct_strip,high,False,
meringue nests,meringue nest,4,plural_singularized,high,False,
cheese sauce,cheese sauce,4,lowercase_ascii_punct_strip,high,False,
back bacon rashers,back bacon rasher,4,plural_singularized,high,False,
mozzarella balls,mozzarella ball,4,plural_singularized,high,False,
candy sprinkles,candy sprinkle,4,plural_singularized,high,False,
muscat,muscat,4,lowercase_ascii_punct_strip,high,False,
passion fruit juice,passion fruit juice,4,lowercase_ascii_punct_strip,high,False,
hazelnut liqueur,hazelnut liqueur,4,lowercase_ascii_punct_strip,high,False,
ground Italian sausage,italian sausage,4,leading_descriptor_removed,medium,False,
palm vinegar,palm vinegar,4,lowercase_ascii_punct_strip,high,False,
london broil,london broil,4,lowercase_ascii_punct_strip,high,False,
ground blanched almonds,blanched almond,4,leading_descriptor_removed;plural_singularized,medium,False,
kasseri,kasseri,4,lowercase_ascii_punct_strip,high,False,
Italian basil,italian basil,4,lowercase_ascii_punct_strip,high,False,
flax seeds,flax seed,4,plural_singularized,high,False,
chicken demi-glace,chicken demi-glace,4,lowercase_ascii_punct_strip,high,False,
egg roll wraps,egg roll wrap,4,plural_singularized,high,False,
muffin,muffin,4,lowercase_ascii_punct_strip,high,False,
KRAFT Shredded Cheddar Cheese,cheddar cheese,4,brand_prefix_removed;leading_descriptor_removed,medium,False,Removed brand prefix `kraft`
oat bran,oat bran,4,lowercase_ascii_punct_strip,high,False,
fennel fronds,fennel frond,4,plural_singularized,high,False,
cajeta,cajeta,4,lowercase_ascii_punct_strip,high,False,
salad seasoning mix,salad seasoning mix,4,lowercase_ascii_punct_strip,high,False,
cubed bread,cubed bread,4,lowercase_ascii_punct_strip,high,False,
cooked bone in ham,bone in ham,4,leading_descriptor_removed,medium,False,
sliced leeks,leek,4,leading_descriptor_removed;plural_singularized,medium,False,
marmalade,marmalade,4,lowercase_ascii_punct_strip,high,False,
low-fat natural yogurt,low-fat natural yogurt,4,lowercase_ascii_punct_strip,high,False,
muffin mix,muffin mix,4,lowercase_ascii_punct_strip,high,False,
uncle bens,uncle ben,4,plural_singularized,high,False,
nonfat mayonnaise,nonfat mayonnaise,4,lowercase_ascii_punct_strip,high,False,
manzanilla,manzanilla,4,lowercase_ascii_punct_strip,high,False,
smoked pork,smoked pork,4,lowercase_ascii_punct_strip,high,False,
squash blossoms,squash blossom,4,plural_singularized,high,False,
gorgonzola dolce,gorgonzola dolce,4,lowercase_ascii_punct_strip,high,False,
crayfish,crayfish,4,lowercase_ascii_punct_strip,high,False,
frozen peppers and onions,peppers and onion,4,leading_descriptor_removed;plural_singularized,medium,False,
taco meat,taco meat,4,lowercase_ascii_punct_strip,high,False,
Gold Medal Flour,gold medal flour,4,lowercase_ascii_punct_strip,high,False,
lemonade concentrate,lemonade concentrate,4,lowercase_ascii_punct_strip,high,False,
apple brandy,apple brandy,4,lowercase_ascii_punct_strip,high,False,
apple pie spice,apple pie spice,4,lowercase_ascii_punct_strip,high,False,
fresh lima beans,lima bean,4,leading_descriptor_removed;plural_singularized,medium,False,
all purpose seasoning,all purpose seasoning,4,lowercase_ascii_punct_strip,high,False,
smoked chicken sausages,smoked chicken sausage,4,plural_singularized,high,False,
burgundy,burgundy,4,lowercase_ascii_punct_strip,high,False,
boneless beef roast,beef roast,4,leading_descriptor_removed,medium,False,
candy bar,candy bar,4,lowercase_ascii_punct_strip,high,False,
rye,rye,4,lowercase_ascii_punct_strip,high,False,
spring roll skins,spring roll skin,4,plural_singularized,high,False,
asian basil,asian basil,4,lowercase_ascii_punct_strip,high,False,
beni shoga,beni shoga,4,lowercase_ascii_punct_strip,high,False,
progresso reduced sodium chicken broth,progresso reduced sodium chicken broth,4,lowercase_ascii_punct_strip,high,False,
iodized salt,iodized salt,4,lowercase_ascii_punct_strip,high,False,
unseasoned breadcrumbs,unseasoned breadcrumb,4,plural_singularized,high,False,
chinese leaf,chinese leaf,4,lowercase_ascii_punct_strip,high,False,
sour milk,sour milk,4,lowercase_ascii_punct_strip,high,False,
dry lasagna,dry lasagna,4,lowercase_ascii_punct_strip,high,False,
dried minced garlic,garlic,4,leading_descriptor_removed;leading_descriptor_removed,medium,False,
raisin bread,raisin bread,4,lowercase_ascii_punct_strip,high,False,
tamales,tamale,4,plural_singularized,high,False,
cola soft drink,cola soft drink,4,lowercase_ascii_punct_strip,high,False,
stewing hen,stewing hen,4,lowercase_ascii_punct_strip,high,False,
beef deli roast slice thinli,beef deli roast slice thinli,4,lowercase_ascii_punct_strip,high,False,
I Can't Believe It's Not Butter!® All Purpose Sticks,i cant believe its not butter all purpose stick,4,plural_singularized,high,False,
ground cashew,cashew,4,leading_descriptor_removed,medium,False,
citric acid,citric acid,4,lowercase_ascii_punct_strip,high,False,
reduced fat alfredo sauce,reduced fat alfredo sauce,4,lowercase_ascii_punct_strip,high,False,
lavender,lavender,4,lowercase_ascii_punct_strip,high,False,
"fettuccine, cook and drain",fettuccine cook and drain,4,lowercase_ascii_punct_strip,high,False,
pickapeppa sauce,pickapeppa sauce,4,lowercase_ascii_punct_strip,high,False,
center cut pork loin chops,center cut pork loin chop,4,plural_singularized,high,False,
abura age,abura age,4,lowercase_ascii_punct_strip,high,False,
low-fat refried beans,low-fat refried bean,4,plural_singularized,high,False,
tri tip,tri tip,4,lowercase_ascii_punct_strip,high,False,
coars ground black pepper,coars ground black pepper,4,lowercase_ascii_punct_strip,high,False,
homemade beef stock,homemade beef stock,4,lowercase_ascii_punct_strip,high,False,
ruby red grapefruit,ruby red grapefruit,4,lowercase_ascii_punct_strip,high,False,
dried orange peel,orange peel,4,leading_descriptor_removed,medium,False,
eau de vie,eau de vie,4,lowercase_ascii_punct_strip,high,False,
arrowroot starch,arrowroot starch,4,lowercase_ascii_punct_strip,high,False,
boneless skin on chicken thighs,skin on chicken thigh,4,leading_descriptor_removed;plural_singularized,medium,False,
95% lean ground beef,95 lean ground beef,4,lowercase_ascii_punct_strip,high,False,
head on shrimp,head on shrimp,4,lowercase_ascii_punct_strip,high,False,
laurel leaves,laurel leave,4,plural_singularized,high,False,
garlic herb feta,garlic herb feta,4,lowercase_ascii_punct_strip,high,False,
tenderloin roast,tenderloin roast,4,lowercase_ascii_punct_strip,high,False,
fresh yeast,yeast,4,leading_descriptor_removed,medium,False,
flour tortillas (not low fat),flour tortillas not low fat,4,lowercase_ascii_punct_strip,high,False,
lean steak,steak,4,leading_descriptor_removed,medium,False,
mashed banana,mashed banana,4,lowercase_ascii_punct_strip,high,False,
chicken breast tenderloins,chicken breast tenderloin,4,plural_singularized,high,False,
baby kale,baby kale,4,lowercase_ascii_punct_strip,high,False,
ganache,ganache,4,lowercase_ascii_punct_strip,high,False,
treacle,treacle,4,lowercase_ascii_punct_strip,high,False,
wheat berries,wheat berry,4,plural_singularized,high,False,
iceberg,iceberg,4,lowercase_ascii_punct_strip,high,False,
crushed cornflakes,cornflake,4,leading_descriptor_removed;plural_singularized,medium,False,
egg bread,egg bread,4,lowercase_ascii_punct_strip,high,False,
cut up chicken,cut up chicken,4,lowercase_ascii_punct_strip,high,False,
ground peanut,peanut,4,leading_descriptor_removed,medium,False,
chilled prosecco,chilled prosecco,4,lowercase_ascii_punct_strip,high,False,
Japanese rice vinegar,japanese rice vinegar,4,lowercase_ascii_punct_strip,high,False,
beef round,beef round,4,lowercase_ascii_punct_strip,high,False,
puffed rice,puffed rice,4,lowercase_ascii_punct_strip,high,False,
hollandaise sauce,hollandaise sauce,4,lowercase_ascii_punct_strip,high,False,
caramel ice cream topping,caramel ice cream topping,4,lowercase_ascii_punct_strip,high,False,
ground flaxseed,flaxseed,4,leading_descriptor_removed,medium,False,
chinese barbecue sauce,chinese barbecue sauce,4,lowercase_ascii_punct_strip,high,False,
evaporated cane juice,evaporated cane juice,4,lowercase_ascii_punct_strip,high,False,
green plantains,green plantain,4,plural_singularized,high,False,
fresh veget,veget,4,leading_descriptor_removed,medium,False,
Taco Bell Taco Seasoning Mix,taco seasoning mix,4,brand_prefix_removed,medium,False,Removed brand prefix `taco bell`
spring rolls,spring roll,4,plural_singularized,high,False,
monkfish,monkfish,4,lowercase_ascii_punct_strip,high,False,
beef tendons,beef tendon,4,plural_singularized,high,False,
red jalapeno peppers,red jalapeno pepper,4,plural_singularized,high,False,
blood orange juice,blood orange juice,4,lowercase_ascii_punct_strip,high,False,
pineapple salsa,pineapple salsa,4,lowercase_ascii_punct_strip,high,False,
sugar pumpkin,sugar pumpkin,4,lowercase_ascii_punct_strip,high,False,
reduced fat mozzarella,reduced fat mozzarella,4,lowercase_ascii_punct_strip,high,False,
white poppy seeds,white poppy seed,4,plural_singularized,high,False,
queso panela,queso panela,4,lowercase_ascii_punct_strip,high,False,
peppermint extract,peppermint extract,4,lowercase_ascii_punct_strip,high,False,
pita wedges,pita wedge,4,plural_singularized,high,False,
beef rib roast,beef rib roast,4,lowercase_ascii_punct_strip,high,False,
cake batter,cake batter,4,lowercase_ascii_punct_strip,high,False,
Bengali 5 Spice,bengali 5 spice,4,lowercase_ascii_punct_strip,high,False,
vanilla yogurt,vanilla yogurt,4,lowercase_ascii_punct_strip,high,False,
jello,jello,4,brand_term_present,medium,False,Brand term present `jello`
water spinach,water spinach,4,lowercase_ascii_punct_strip,high,False,
low sodium store bought chicken stock,store bought chicken stock,4,leading_descriptor_removed,medium,False,
orange extract,orange extract,4,lowercase_ascii_punct_strip,high,False,
juice concentrate,juice concentrate,4,lowercase_ascii_punct_strip,high,False,
quatre épices,quatre epice,4,plural_singularized,high,False,
bread rolls,bread roll,4,plural_singularized,high,False,
salad dressing mix,salad dressing mix,4,lowercase_ascii_punct_strip,high,False,
buffalo mozzarella,buffalo mozzarella,4,lowercase_ascii_punct_strip,high,False,
gingersnap,gingersnap,4,lowercase_ascii_punct_strip,high,False,
whole wheat fettuccine,wheat fettuccine,4,leading_descriptor_removed,medium,False,
SYD Hot Rub,syd hot rub,4,lowercase_ascii_punct_strip,high,False,
quick-cooking barley,quick-cooking barley,4,lowercase_ascii_punct_strip,high,False,
malt syrup,malt syrup,4,lowercase_ascii_punct_strip,high,False,
merluza,merluza,4,lowercase_ascii_punct_strip,high,False,
french fri frozen,french fri frozen,4,lowercase_ascii_punct_strip,high,False,
condensed golden mushroom soup,condensed golden mushroom soup,4,lowercase_ascii_punct_strip,high,False,
virgin coconut oil,coconut oil,4,leading_descriptor_removed,medium,False,
seasoned black beans,seasoned black bean,4,plural_singularized,high,False,
cayenne pepper sauce,cayenne pepper sauce,4,lowercase_ascii_punct_strip,high,False,
feet,feet,4,lowercase_ascii_punct_strip,high,False,
grated horseradish,horseradish,4,leading_descriptor_removed,medium,False,
whole wheat thin spaghetti,wheat thin spaghetti,4,leading_descriptor_removed,medium,False,
nonfat dry milk powder,nonfat dry milk powder,4,lowercase_ascii_punct_strip,high,False,
unsweetened pineapple juice,unsweetened pineapple juice,4,lowercase_ascii_punct_strip,high,False,
pozole,pozole,4,lowercase_ascii_punct_strip,high,False,
extra virgin coconut oil,coconut oil,4,leading_descriptor_removed;leading_descriptor_removed,medium,False,
cherry pie filling,cherry pie filling,4,lowercase_ascii_punct_strip,high,False,
unsweetened applesauce,unsweetened applesauce,4,lowercase_ascii_punct_strip,high,False,
cultured buttermilk,cultured buttermilk,4,lowercase_ascii_punct_strip,high,False,
pumpernickel bread,pumpernickel bread,4,lowercase_ascii_punct_strip,high,False,
gluten-free flour,gluten-free flour,4,lowercase_ascii_punct_strip,high,False,
sweet bean sauce,bean sauce,4,leading_descriptor_removed,medium,False,
chopped hazelnuts,hazelnut,4,leading_descriptor_removed;plural_singularized,medium,False,
sourdough starter,sourdough starter,4,lowercase_ascii_punct_strip,high,False,
italian loaf,italian loaf,4,lowercase_ascii_punct_strip,high,False,
turkey breakfast sausage,turkey breakfast sausage,4,lowercase_ascii_punct_strip,high,False,
rice bran oil,rice bran oil,4,lowercase_ascii_punct_strip,high,False,
cavolo nero,cavolo nero,4,lowercase_ascii_punct_strip,high,False,
ahi tuna steaks,ahi tuna steak,4,plural_singularized,high,False,
kahlua,kahlua,4,lowercase_ascii_punct_strip,high,False,
barilla,barilla,4,lowercase_ascii_punct_strip,high,False,
rendered duck fat,rendered duck fat,4,lowercase_ascii_punct_strip,high,False,
escargot,escargot,4,lowercase_ascii_punct_strip,high,False,
minced chicken,chicken,4,leading_descriptor_removed,medium,False,
condensed reduced fat reduced sodium cream of mushroom soup,condensed reduced fat reduced sodium cream of mushroom soup,3,lowercase_ascii_punct_strip,high,False,
habanero hot sauce,habanero hot sauce,3,lowercase_ascii_punct_strip,high,False,
Quinoa Flour,quinoa flour,3,lowercase_ascii_punct_strip,high,False,
yeast extract,yeast extract,3,lowercase_ascii_punct_strip,high,False,
split yellow lentils,split yellow lentil,3,plural_singularized,high,False,
halloumi cheese,halloumi cheese,3,lowercase_ascii_punct_strip,high,False,
large marshmallows,marshmallow,3,leading_descriptor_removed;plural_singularized,medium,False,
madeira wine,madeira wine,3,lowercase_ascii_punct_strip,high,False,
butterscotch chips,butterscotch chip,3,plural_singularized,high,False,
instant tapioca,instant tapioca,3,lowercase_ascii_punct_strip,high,False,
yellowfin tuna,yellowfin tuna,3,lowercase_ascii_punct_strip,high,False,
mixed fruit,mixed fruit,3,lowercase_ascii_punct_strip,high,False,
chinese spinach,chinese spinach,3,lowercase_ascii_punct_strip,high,False,
whole grain pasta,grain pasta,3,leading_descriptor_removed,medium,False,
tap water,tap water,3,lowercase_ascii_punct_strip,high,False,
smoked pork neck bones,smoked pork neck bone,3,plural_singularized,high,False,
braising steak,braising steak,3,lowercase_ascii_punct_strip,high,False,
Asian chili sauce,asian chili sauce,3,lowercase_ascii_punct_strip,high,False,
duck egg,duck egg,3,lowercase_ascii_punct_strip,high,False,
lamb fillet,lamb fillet,3,lowercase_ascii_punct_strip,high,False,
anisette,anisette,3,lowercase_ascii_punct_strip,high,False,
drambuie,drambuie,3,lowercase_ascii_punct_strip,high,False,
beef heart,beef heart,3,lowercase_ascii_punct_strip,high,False,
sweet white miso,white miso,3,leading_descriptor_removed,medium,False,
baking yeast,baking yeast,3,lowercase_ascii_punct_strip,high,False,
pork hocks,pork hock,3,plural_singularized,high,False,
onion gravy,onion gravy,3,lowercase_ascii_punct_strip,high,False,
blue corn tortilla chips,blue corn tortilla chip,3,plural_singularized,high,False,
smoked trout fillets,smoked trout fillet,3,plural_singularized,high,False,
chopped bacon,bacon,3,leading_descriptor_removed,medium,False,
frozen meatballs,meatball,3,leading_descriptor_removed;plural_singularized,medium,False,
marjoram leaves,marjoram leave,3,plural_singularized,high,False,
duxelles,duxelle,3,plural_singularized,high,False,
empanada,empanada,3,lowercase_ascii_punct_strip,high,False,
rice bran,rice bran,3,lowercase_ascii_punct_strip,high,False,
blanched hazelnuts,blanched hazelnut,3,plural_singularized,high,False,
wheat starch,wheat starch,3,lowercase_ascii_punct_strip,high,False,
garlic bread,garlic bread,3,lowercase_ascii_punct_strip,high,False,
annatto,annatto,3,lowercase_ascii_punct_strip,high,False,
mie,mie,3,lowercase_ascii_punct_strip,high,False,
barbecue rub,barbecue rub,3,lowercase_ascii_punct_strip,high,False,
sazon,sazon,3,lowercase_ascii_punct_strip,high,False,
brownies,browny,3,plural_singularized,high,False,
kangkong,kangkong,3,lowercase_ascii_punct_strip,high,False,
cantal,cantal,3,lowercase_ascii_punct_strip,high,False,
green tea leaves,green tea leave,3,plural_singularized,high,False,
brewed tea,brewed tea,3,lowercase_ascii_punct_strip,high,False,
brown rice syrup,brown rice syrup,3,lowercase_ascii_punct_strip,high,False,
curly-leaf parsley,curly-leaf parsley,3,lowercase_ascii_punct_strip,high,False,
knorr reduc sodium chicken flavor bouillon,reduc sodium chicken flavor bouillon,3,brand_prefix_removed,medium,False,Removed brand prefix `knorr`
pizza crust mix,pizza crust mix,3,lowercase_ascii_punct_strip,high,False,
French bread loaves,french bread loave,3,plural_singularized,high,False,
low-fat marinara sauce,low-fat marinara sauce,3,lowercase_ascii_punct_strip,high,False,
unsalted roasted pistachios,roasted pistachio,3,leading_descriptor_removed;plural_singularized,medium,False,
knorr chipotl minicub,chipotl minicub,3,brand_prefix_removed,medium,False,Removed brand prefix `knorr`
thin deli ham,thin deli ham,3,lowercase_ascii_punct_strip,high,False,
pinot grigio,pinot grigio,3,lowercase_ascii_punct_strip,high,False,
Melba toast,melba toast,3,lowercase_ascii_punct_strip,high,False,
clamato juice,clamato juice,3,lowercase_ascii_punct_strip,high,False,
pita pockets,pita pocket,3,plural_singularized,high,False,
basil mayonnaise,basil mayonnaise,3,lowercase_ascii_punct_strip,high,False,
canton noodles,canton noodle,3,plural_singularized,high,False,
albacore,albacore,3,lowercase_ascii_punct_strip,high,False,
nonfat vanilla frozen yogurt,nonfat vanilla frozen yogurt,3,lowercase_ascii_punct_strip,high,False,
farina,farina,3,lowercase_ascii_punct_strip,high,False,
eye of round roast,eye of round roast,3,lowercase_ascii_punct_strip,high,False,
top round roast,top round roast,3,lowercase_ascii_punct_strip,high,False,
earl grey tea bags,earl grey tea bag,3,plural_singularized,high,False,
ground caraway,caraway,3,leading_descriptor_removed,medium,False,
fish paste,fish paste,3,lowercase_ascii_punct_strip,high,False,
hot sausage,sausage,3,leading_descriptor_removed,medium,False,
baking chocolate,baking chocolate,3,lowercase_ascii_punct_strip,high,False,
eye of round steak,eye of round steak,3,lowercase_ascii_punct_strip,high,False,
oat flour,oat flour,3,lowercase_ascii_punct_strip,high,False,
aka miso,aka miso,3,lowercase_ascii_punct_strip,high,False,
vegan cheese,vegan cheese,3,lowercase_ascii_punct_strip,high,False,
tamale filling,tamale filling,3,lowercase_ascii_punct_strip,high,False,
small green chile,green chile,3,leading_descriptor_removed,medium,False,
pork sirloin chops,pork sirloin chop,3,plural_singularized,high,False,
tuna in oil,tuna in oil,3,lowercase_ascii_punct_strip,high,False,
curaçao,curacao,3,lowercase_ascii_punct_strip,high,False,
Philadelphia Cooking Creme,philadelphia cooking creme,3,lowercase_ascii_punct_strip,high,False,
double concentrate tomato paste,double concentrate tomato paste,3,lowercase_ascii_punct_strip,high,False,
roe,roe,3,lowercase_ascii_punct_strip,high,False,
milkfish,milkfish,3,lowercase_ascii_punct_strip,high,False,
fish broth,fish broth,3,lowercase_ascii_punct_strip,high,False,
hero rolls,hero roll,3,plural_singularized,high,False,
frozen carrots,carrot,3,leading_descriptor_removed;plural_singularized,medium,False,
chocolate covered coffee beans,chocolate covered coffee bean,3,plural_singularized,high,False,
aged cheddar cheese,aged cheddar cheese,3,lowercase_ascii_punct_strip,high,False,
vegetarian oyster sauce,vegetarian oyster sauce,3,lowercase_ascii_punct_strip,high,False,
yuzu juice,yuzu juice,3,lowercase_ascii_punct_strip,high,False,
Gold Medal All Purpose Flour,gold medal all purpose flour,3,lowercase_ascii_punct_strip,high,False,
flavored vodka,flavored vodka,3,lowercase_ascii_punct_strip,high,False,
"bread, cut french into loaf",bread cut french into loaf,3,lowercase_ascii_punct_strip,high,False,
chinese plum sauce,chinese plum sauce,3,lowercase_ascii_punct_strip,high,False,
condensed reduced fat reduced sodium cream of chicken soup,condensed reduced fat reduced sodium cream of chicken soup,3,lowercase_ascii_punct_strip,high,False,
powdered buttermilk,powdered buttermilk,3,lowercase_ascii_punct_strip,high,False,
deli rolls,deli roll,3,plural_singularized,high,False,
linguica,linguica,3,lowercase_ascii_punct_strip,high,False,
umeboshi,umeboshi,3,lowercase_ascii_punct_strip,high,False,
"dri thyme leaves, crush",dri thyme leaves crush,3,lowercase_ascii_punct_strip,high,False,
glazed pecans,glazed pecan,3,plural_singularized,high,False,
chocolate cake mix,chocolate cake mix,3,lowercase_ascii_punct_strip,high,False,
rice paddy herb,rice paddy herb,3,lowercase_ascii_punct_strip,high,False,
vegetable demi-glace,vegetable demi-glace,3,lowercase_ascii_punct_strip,high,False,
unsalted pumpkinseed kernels,pumpkinseed kernel,3,leading_descriptor_removed;plural_singularized,medium,False,
jelli strawberri,jelli strawberri,3,lowercase_ascii_punct_strip,high,False,
bolillo,bolillo,3,lowercase_ascii_punct_strip,high,False,
frozen stir fry vegetable blend,stir fry vegetable blend,3,leading_descriptor_removed,medium,False,
Gourmet Garden garlic paste,gourmet garden garlic paste,3,lowercase_ascii_punct_strip,high,False,
condensed french onion soup,condensed french onion soup,3,lowercase_ascii_punct_strip,high,False,
sparkling sugar,sparkling sugar,3,lowercase_ascii_punct_strip,high,False,
powdered turmeric,powdered turmeric,3,lowercase_ascii_punct_strip,high,False,
regular or convert rice,regular or convert rice,3,lowercase_ascii_punct_strip,high,False,
flageolet,flageolet,3,lowercase_ascii_punct_strip,high,False,
Domino Light Brown Sugar,domino light brown sugar,3,lowercase_ascii_punct_strip,high,False,
fish fingers,fish finger,3,plural_singularized,high,False,
dried split peas,split pea,3,leading_descriptor_removed;plural_singularized,medium,False,
enriched white rice,enriched white rice,3,lowercase_ascii_punct_strip,high,False,
polenta corn meal,polenta corn meal,3,lowercase_ascii_punct_strip,high,False,
black bean and corn salsa,black bean and corn salsa,3,lowercase_ascii_punct_strip,high,False,
parmigiano,parmigiano,3,lowercase_ascii_punct_strip,high,False,
chocolate wafer cookies,chocolate wafer cooky,3,plural_singularized,high,False,
steamed brown rice,steamed brown rice,3,lowercase_ascii_punct_strip,high,False,
sweet relish,relish,3,leading_descriptor_removed,medium,False,
honey glazed ham,honey glazed ham,3,lowercase_ascii_punct_strip,high,False,
low-fat ricotta,low-fat ricotta,3,lowercase_ascii_punct_strip,high,False,
(15 oz.) refried beans,15 oz refried bean,3,plural_singularized,high,False,
rum extract,rum extract,3,lowercase_ascii_punct_strip,high,False,
compressed yeast,compressed yeast,3,lowercase_ascii_punct_strip,high,False,
helix snails,helix snail,3,plural_singularized,high,False,
mcintosh apples,mcintosh apple,3,plural_singularized,high,False,
croissant dough,croissant dough,3,lowercase_ascii_punct_strip,high,False,
oliv pit ripe,oliv pit ripe,3,lowercase_ascii_punct_strip,high,False,
shanghai noodles,shanghai noodle,3,plural_singularized,high,False,
nonfat chicken broth,nonfat chicken broth,3,lowercase_ascii_punct_strip,high,False,
low fat cream,low fat cream,3,lowercase_ascii_punct_strip,high,False,
snow pea shoots,snow pea shoot,3,plural_singularized,high,False,
cuminseed,cuminseed,3,lowercase_ascii_punct_strip,high,False,
verjus,verjus,3,lowercase_ascii_punct_strip,high,False,
ground asafetida,asafetida,3,leading_descriptor_removed,medium,False,
buckwheat,buckwheat,3,lowercase_ascii_punct_strip,high,False,
french onion soup,french onion soup,3,lowercase_ascii_punct_strip,high,False,
eggroll wrappers,eggroll wrapper,3,plural_singularized,high,False,
hoagie buns,hoagie bun,3,plural_singularized,high,False,
boiled ham,boiled ham,3,lowercase_ascii_punct_strip,high,False,
digestive biscuit,digestive biscuit,3,lowercase_ascii_punct_strip,high,False,
Jameson Irish Whiskey,jameson irish whiskey,3,lowercase_ascii_punct_strip,high,False,
boneless sirloin,sirloin,3,leading_descriptor_removed,medium,False,
black bass,black bass,3,lowercase_ascii_punct_strip,high,False,
jumbo shells,jumbo shell,3,plural_singularized,high,False,
Philadelphia Light Cream Cheese,philadelphia light cream cheese,3,lowercase_ascii_punct_strip,high,False,
thyme sprig,thyme sprig,3,lowercase_ascii_punct_strip,high,False,
balm,balm,3,lowercase_ascii_punct_strip,high,False,
canned snails,canned snail,3,plural_singularized,high,False,
quick-cooking tapioca,quick-cooking tapioca,3,lowercase_ascii_punct_strip,high,False,
frozen peach slices,peach slice,3,leading_descriptor_removed;plural_singularized,medium,False,
sweet potato vermicelli,potato vermicelli,3,leading_descriptor_removed,medium,False,
red russian kale,red russian kale,3,lowercase_ascii_punct_strip,high,False,
skate,skate,3,lowercase_ascii_punct_strip,high,False,
sweetened coconut,sweetened coconut,3,lowercase_ascii_punct_strip,high,False,
tea leaves,tea leave,3,plural_singularized,high,False,
kasha,kasha,3,lowercase_ascii_punct_strip,high,False,
swordfish,swordfish,3,lowercase_ascii_punct_strip,high,False,
poppadoms,poppadom,3,plural_singularized,high,False,
jujube,jujube,3,lowercase_ascii_punct_strip,high,False,
white bread flour,white bread flour,3,lowercase_ascii_punct_strip,high,False,
golden mushroom soup,golden mushroom soup,3,lowercase_ascii_punct_strip,high,False,
olive tapenade,olive tapenade,3,lowercase_ascii_punct_strip,high,False,
corkscrew pasta,corkscrew pasta,3,lowercase_ascii_punct_strip,high,False,
kinchay,kinchay,3,lowercase_ascii_punct_strip,high,False,
burdock,burdock,3,lowercase_ascii_punct_strip,high,False,
crusty sandwich rolls,crusty sandwich roll,3,plural_singularized,high,False,
strozzapreti,strozzapreti,3,lowercase_ascii_punct_strip,high,False,
asian chile paste,asian chile paste,3,lowercase_ascii_punct_strip,high,False,
orange segments,orange segment,3,plural_singularized,high,False,
asian noodles,asian noodle,3,plural_singularized,high,False,
vegetable stock powder,vegetable stock powder,3,lowercase_ascii_punct_strip,high,False,
25% less sodium chicken broth,25 less sodium chicken broth,3,lowercase_ascii_punct_strip,high,False,
Greek feta,greek feta,3,lowercase_ascii_punct_strip,high,False,
butter crackers,butter cracker,3,plural_singularized,high,False,
round sourdough bread,round sourdough bread,3,lowercase_ascii_punct_strip,high,False,
rib-eye roast,rib-eye roast,3,lowercase_ascii_punct_strip,high,False,
tempura batter,tempura batter,3,lowercase_ascii_punct_strip,high,False,
framboise eau-de-vie,framboise eau-de-vie,3,lowercase_ascii_punct_strip,high,False,
fat-free cheddar cheese,fat-free cheddar cheese,3,lowercase_ascii_punct_strip,high,False,
thousand island dressing,thousand island dressing,3,lowercase_ascii_punct_strip,high,False,
old-fashioned oatmeal,old-fashioned oatmeal,3,lowercase_ascii_punct_strip,high,False,
asian chili red sauc,asian chili red sauc,3,lowercase_ascii_punct_strip,high,False,
fresh orange,orange,3,leading_descriptor_removed,medium,False,
yucca,yucca,3,lowercase_ascii_punct_strip,high,False,
chunky tomato sauce,chunky tomato sauce,3,lowercase_ascii_punct_strip,high,False,
knorr homestyl stock   chicken,homestyl stock chicken,3,brand_prefix_removed,medium,False,Removed brand prefix `knorr`
back bacon,back bacon,3,lowercase_ascii_punct_strip,high,False,
hibiscus flowers,hibiscus flower,3,plural_singularized,high,False,
brioche buns,brioche bun,3,plural_singularized,high,False,
onion soup,onion soup,3,lowercase_ascii_punct_strip,high,False,
mango juice,mango juice,3,lowercase_ascii_punct_strip,high,False,
cacao powder,cacao powder,3,lowercase_ascii_punct_strip,high,False,
fino sherry,fino sherry,3,lowercase_ascii_punct_strip,high,False,
pot stickers,pot sticker,3,plural_singularized,high,False,
chipotle puree,chipotle puree,3,lowercase_ascii_punct_strip,high,False,
gluten free corn tortillas,gluten free corn tortilla,3,plural_singularized,high,False,
red raspberries,red raspberry,3,plural_singularized,high,False,
lemon thyme,lemon thyme,3,lowercase_ascii_punct_strip,high,False,
maui onion,maui onion,3,lowercase_ascii_punct_strip,high,False,
mixed seafood,mixed seafood,3,lowercase_ascii_punct_strip,high,False,
chinese pancakes,chinese pancake,3,plural_singularized,high,False,
low fat monterey jack cheese,low fat monterey jack cheese,3,lowercase_ascii_punct_strip,high,False,
cannoli shells,cannoli shell,3,plural_singularized,high,False,
salad leaves,salad leave,3,plural_singularized,high,False,
unsalted margarine,margarine,3,leading_descriptor_removed,medium,False,
tahini paste,tahini paste,3,lowercase_ascii_punct_strip,high,False,
kewra essence,kewra essence,3,lowercase_ascii_punct_strip,high,False,
rainbow trout,rainbow trout,3,lowercase_ascii_punct_strip,high,False,
flounder,flounder,3,lowercase_ascii_punct_strip,high,False,
white vermouth,white vermouth,3,lowercase_ascii_punct_strip,high,False,
33% less sodium ham,33 less sodium ham,3,lowercase_ascii_punct_strip,high,False,
pistou,pistou,3,lowercase_ascii_punct_strip,high,False,
popcorn kernels,popcorn kernel,3,plural_singularized,high,False,
(10 oz.) frozen chopped spinach,10 oz frozen chopped spinach,3,lowercase_ascii_punct_strip,high,False,
low-fat vanilla yogurt,low-fat vanilla yogurt,3,lowercase_ascii_punct_strip,high,False,
nonfat powdered milk,nonfat powdered milk,3,lowercase_ascii_punct_strip,high,False,
cookie crumbs,cookie crumb,3,plural_singularized,high,False,
clover honey,clover honey,3,lowercase_ascii_punct_strip,high,False,
garlic and herb seasoning,garlic and herb seasoning,3,lowercase_ascii_punct_strip,high,False,
bagels,bagel,3,plural_singularized,high,False,
gray salt,gray salt,3,lowercase_ascii_punct_strip,high,False,
turkey sausage links,turkey sausage link,3,plural_singularized,high,False,
brown chicken stock,brown chicken stock,3,lowercase_ascii_punct_strip,high,False,
chunky mild salsa,chunky mild salsa,3,lowercase_ascii_punct_strip,high,False,
soy yogurt,soy yogurt,3,lowercase_ascii_punct_strip,high,False,
sole,sole,3,lowercase_ascii_punct_strip,high,False,
mole paste,mole paste,3,lowercase_ascii_punct_strip,high,False,
low-fat flour tortillas,low-fat flour tortilla,3,plural_singularized,high,False,
whole wheat rotini,wheat rotini,3,leading_descriptor_removed,medium,False,
picholine,picholine,3,lowercase_ascii_punct_strip,high,False,
braeburn apple,braeburn apple,3,lowercase_ascii_punct_strip,high,False,
mullet,mullet,3,lowercase_ascii_punct_strip,high,False,
blanched almond flour,blanched almond flour,3,lowercase_ascii_punct_strip,high,False,
tex mex seasoning,tex mex seasoning,3,lowercase_ascii_punct_strip,high,False,
lasagna sheets,lasagna sheet,3,plural_singularized,high,False,
low-fat cheese,low-fat cheese,3,lowercase_ascii_punct_strip,high,False,
coarse semolina,semolina,3,leading_descriptor_removed,medium,False,
natto,natto,3,lowercase_ascii_punct_strip,high,False,
garlic juice,garlic juice,3,lowercase_ascii_punct_strip,high,False,
meal,meal,3,lowercase_ascii_punct_strip,high,False,
country loaf,country loaf,3,lowercase_ascii_punct_strip,high,False,
caul fat,caul fat,3,lowercase_ascii_punct_strip,high,False,
"english muffins, split and toasted",english muffins split and toasted,3,lowercase_ascii_punct_strip,high,False,
millet flour,millet flour,3,lowercase_ascii_punct_strip,high,False,
poultry,poultry,3,lowercase_ascii_punct_strip,high,False,
Oscar Mayer Deli Fresh Smoked Ham,oscar mayer deli fresh smoked ham,3,lowercase_ascii_punct_strip,high,False,
ranch dip mix,ranch dip mix,3,lowercase_ascii_punct_strip,high,False,
head cauliflower,head cauliflower,3,lowercase_ascii_punct_strip,high,False,
mizuna,mizuna,3,lowercase_ascii_punct_strip,high,False,
radicchio leaves,radicchio leave,3,plural_singularized,high,False,
swordfish fillets,swordfish fillet,3,plural_singularized,high,False,
Smithfield Ham,smithfield ham,3,lowercase_ascii_punct_strip,high,False,
gluten-free hoisin sauce,gluten-free hoisin sauce,3,lowercase_ascii_punct_strip,high,False,
diced apples,apple,3,leading_descriptor_removed;plural_singularized,medium,False,
fatfre cream of chicken soup,fatfre cream of chicken soup,3,lowercase_ascii_punct_strip,high,False,
Good Seasons Italian Dressing Mix,good seasons italian dressing mix,3,lowercase_ascii_punct_strip,high,False,
topping,topping,3,lowercase_ascii_punct_strip,high,False,
semisweet baking chocolate,semisweet baking chocolate,3,lowercase_ascii_punct_strip,high,False,
sundae syrup,sundae syrup,3,lowercase_ascii_punct_strip,high,False,
ears,ear,3,plural_singularized,high,False,
chocolate-hazelnut spread,chocolate-hazelnut spread,3,lowercase_ascii_punct_strip,high,False,
chicken strips,chicken strip,3,plural_singularized,high,False,
swanson chicken broth,swanson chicken broth,3,lowercase_ascii_punct_strip,high,False,
knorr tomato bouillon with chicken flavor cube,tomato bouillon with chicken flavor cube,3,brand_prefix_removed,medium,False,Removed brand prefix `knorr`
wish bone ranch dress,ranch dress,3,brand_prefix_removed,medium,False,Removed brand prefix `wish bone`
cajun style stewed tomatoes,cajun style stewed tomatoe,3,plural_singularized,high,False,
veal shoulder,veal shoulder,3,lowercase_ascii_punct_strip,high,False,
curing salt,curing salt,3,lowercase_ascii_punct_strip,high,False,
swanson beef broth,swanson beef broth,3,lowercase_ascii_punct_strip,high,False,
Kerrygold Pure Irish Butter,kerrygold pure irish butter,3,lowercase_ascii_punct_strip,high,False,
roasted unsalted cashews,roasted unsalted cashew,3,plural_singularized,high,False,
small pearl tapioca,pearl tapioca,3,leading_descriptor_removed,medium,False,
boneless salmon fillets,salmon fillet,3,leading_descriptor_removed;plural_singularized,medium,False,
frozen pie crust,pie crust,3,leading_descriptor_removed,medium,False,
vanilla bean ice cream,vanilla bean ice cream,3,lowercase_ascii_punct_strip,high,False,
"frozen crabmeat, thaw and drain",crabmeat thaw and drain,3,leading_descriptor_removed,medium,False,
quince paste,quince paste,3,lowercase_ascii_punct_strip,high,False,
umeboshi paste,umeboshi paste,3,lowercase_ascii_punct_strip,high,False,
boned lamb shoulder,boned lamb shoulder,3,lowercase_ascii_punct_strip,high,False,
potato bread,potato bread,3,lowercase_ascii_punct_strip,high,False,
Fuyu persimmons,fuyu persimmon,3,plural_singularized,high,False,
king crab legs,king crab leg,3,plural_singularized,high,False,
black truffle oil,black truffle oil,3,lowercase_ascii_punct_strip,high,False,
jambalaya mix,jambalaya mix,3,lowercase_ascii_punct_strip,high,False,
reduced sodium fat free chicken broth,fat free chicken broth,3,leading_descriptor_removed,medium,False,
slider buns,slider bun,3,plural_singularized,high,False,
vegetable juice cocktail,vegetable juice cocktail,3,lowercase_ascii_punct_strip,high,False,
smoked haddock fillet,smoked haddock fillet,3,lowercase_ascii_punct_strip,high,False,
Eggland's Best® eggs,egglands best egg,3,plural_singularized,high,False,
panang curry paste,panang curry paste,3,lowercase_ascii_punct_strip,high,False,
white italian tuna in olive oil,white italian tuna in olive oil,3,lowercase_ascii_punct_strip,high,False,
pasta spiral,pasta spiral,3,lowercase_ascii_punct_strip,high,False,
horseradish root,horseradish root,3,lowercase_ascii_punct_strip,high,False,
parma ham,parma ham,3,lowercase_ascii_punct_strip,high,False,
american cheese slices,american cheese slice,3,plural_singularized,high,False,
white cannellini beans,white cannellini bean,3,plural_singularized,high,False,
acini di pepe,acini di pepe,3,lowercase_ascii_punct_strip,high,False,
chicken schmaltz,chicken schmaltz,3,lowercase_ascii_punct_strip,high,False,
ginseng,ginseng,3,lowercase_ascii_punct_strip,high,False,
low sodium tomato sauce,tomato sauce,3,leading_descriptor_removed,medium,False,
low fat plain yoghurt,low fat plain yoghurt,3,lowercase_ascii_punct_strip,high,False,
pork cubes,pork cube,3,plural_singularized,high,False,
seltzer,seltzer,3,lowercase_ascii_punct_strip,high,False,
green gram,green gram,3,lowercase_ascii_punct_strip,high,False,
cactus paddles,cactus paddle,3,plural_singularized,high,False,
knorr leek recip mix,leek recip mix,3,brand_prefix_removed,medium,False,Removed brand prefix `knorr`
drummettes,drummette,3,plural_singularized,high,False,
brown rice noodles,brown rice noodle,3,plural_singularized,high,False,
wildflower honey,wildflower honey,3,lowercase_ascii_punct_strip,high,False,
whole wheat angel hair pasta,wheat angel hair pasta,3,leading_descriptor_removed,medium,False,
Crystal Hot Sauce,crystal hot sauce,3,lowercase_ascii_punct_strip,high,False,
marrow bones,marrow bone,3,plural_singularized,high,False,
besan (flour),besan flour,3,lowercase_ascii_punct_strip,high,False,
annatto powder,annatto powder,3,lowercase_ascii_punct_strip,high,False,
cooked long-grain brown rice,long-grain brown rice,3,leading_descriptor_removed,medium,False,
salmon roe,salmon roe,3,lowercase_ascii_punct_strip,high,False,
unagi,unagi,3,lowercase_ascii_punct_strip,high,False,
margarita salt,margarita salt,3,lowercase_ascii_punct_strip,high,False,
ranch salad dressing mix,ranch salad dressing mix,3,lowercase_ascii_punct_strip,high,False,
guajillo chile powder,guajillo chile powder,3,lowercase_ascii_punct_strip,high,False,
nut oil,nut oil,3,lowercase_ascii_punct_strip,high,False,
maitake mushrooms,maitake mushroom,3,plural_singularized,high,False,
remoulade,remoulade,3,lowercase_ascii_punct_strip,high,False,
lowfat pepper jack cheese,lowfat pepper jack cheese,3,lowercase_ascii_punct_strip,high,False,
vietnamese rice paper,vietnamese rice paper,3,lowercase_ascii_punct_strip,high,False,
organic coconut milk,coconut milk,3,leading_descriptor_removed,medium,False,
maple extract,maple extract,3,lowercase_ascii_punct_strip,high,False,
shredded low-fat mozzarella cheese,low-fat mozzarella cheese,3,leading_descriptor_removed,medium,False,
top loin,top loin,3,lowercase_ascii_punct_strip,high,False,
Bisquick Original All-Purpose Baking Mix,bisquick original all-purpose baking mix,3,lowercase_ascii_punct_strip,high,False,
reduced fat Mexican cheese,reduced fat mexican cheese,3,lowercase_ascii_punct_strip,high,False,
strawberry ice cream,strawberry ice cream,3,lowercase_ascii_punct_strip,high,False,
San Marzano tomatoes,san marzano tomatoe,3,plural_singularized,high,False,
"penn pasta, cook and drain",penn pasta cook and drain,3,lowercase_ascii_punct_strip,high,False,
chile negro,chile negro,3,lowercase_ascii_punct_strip,high,False,
Thai chili garlic sauce,thai chili garlic sauce,3,lowercase_ascii_punct_strip,high,False,
lamb loin,lamb loin,3,lowercase_ascii_punct_strip,high,False,
mostaccioli,mostaccioli,3,lowercase_ascii_punct_strip,high,False,
butterflied leg of lamb,butterflied leg of lamb,3,lowercase_ascii_punct_strip,high,False,
spring water,spring water,3,lowercase_ascii_punct_strip,high,False,
taleggio,taleggio,3,lowercase_ascii_punct_strip,high,False,
Knorr Onion Minicubes,onion minicube,3,brand_prefix_removed;plural_singularized,medium,False,Removed brand prefix `knorr`
biscotti,biscotti,3,lowercase_ascii_punct_strip,high,False,
veggie crumbles,veggie crumble,3,plural_singularized,high,False,
pumpkinseed kernels,pumpkinseed kernel,3,plural_singularized,high,False,
herb vinegar,herb vinegar,3,lowercase_ascii_punct_strip,high,False,
sorghum flour,sorghum flour,3,lowercase_ascii_punct_strip,high,False,
rump steak,rump steak,3,lowercase_ascii_punct_strip,high,False,
char siu sauce,char siu sauce,3,lowercase_ascii_punct_strip,high,False,
lamb cutlet,lamb cutlet,3,lowercase_ascii_punct_strip,high,False,
honeydew,honeydew,3,lowercase_ascii_punct_strip,high,False,
pineapple preserves,pineapple preserve,3,plural_singularized,high,False,
instant couscous,instant couscous,3,lowercase_ascii_punct_strip,high,False,
frozen popcorn chicken,popcorn chicken,3,leading_descriptor_removed,medium,False,
sweet chocolate,chocolate,3,leading_descriptor_removed,medium,False,
organic cane sugar,cane sugar,3,leading_descriptor_removed,medium,False,
extra fine granulated sugar,sugar,3,leading_descriptor_removed;leading_descriptor_removed;universal_flag,medium,True,
"bacon, crisp-cooked and crumbled",bacon crisp-cooked and crumbled,3,lowercase_ascii_punct_strip,high,False,
dessert wine,dessert wine,3,lowercase_ascii_punct_strip,high,False,
lamb sausage,lamb sausage,3,lowercase_ascii_punct_strip,high,False,
summer savory,summer savory,3,lowercase_ascii_punct_strip,high,False,
yu choy,yu choy,3,lowercase_ascii_punct_strip,high,False,
cream of shrimp soup,cream of shrimp soup,3,lowercase_ascii_punct_strip,high,False,
ginger purée,ginger puree,3,lowercase_ascii_punct_strip,high,False,
deep-fried tofu,deep-fried tofu,3,lowercase_ascii_punct_strip,high,False,
empanada dough,empanada dough,3,lowercase_ascii_punct_strip,high,False,
crumb topping,crumb topping,3,lowercase_ascii_punct_strip,high,False,
unsalted vegetable stock,vegetable stock,3,leading_descriptor_removed,medium,False,
yuca,yuca,3,lowercase_ascii_punct_strip,high,False,
Japanese mountain yam,japanese mountain yam,3,lowercase_ascii_punct_strip,high,False,
cranberry juice cocktail,cranberry juice cocktail,3,lowercase_ascii_punct_strip,high,False,
cauliflower flowerets,cauliflower floweret,3,plural_singularized,high,False,
cactus pad,cactus pad,3,lowercase_ascii_punct_strip,high,False,
boudin,boudin,3,lowercase_ascii_punct_strip,high,False,
low sodium vegetable juice,vegetable juice,3,leading_descriptor_removed,medium,False,
canning salt,canning salt,3,lowercase_ascii_punct_strip,high,False,
Scotch whisky,scotch whisky,3,lowercase_ascii_punct_strip,high,False,
(14.5 oz.) diced tomatoes,14 5 oz diced tomatoe,3,plural_singularized,high,False,
sliced pears,pear,3,leading_descriptor_removed;plural_singularized,medium,False,
vegan sour cream,vegan sour cream,3,lowercase_ascii_punct_strip,high,False,
frozen broad beans,broad bean,3,leading_descriptor_removed;plural_singularized,medium,False,
earl grey tea leaves,earl grey tea leave,3,plural_singularized,high,False,
saffron powder,saffron powder,3,lowercase_ascii_punct_strip,high,False,
recipe crumbles,recipe crumble,3,plural_singularized,high,False,
shelled shrimp,shelled shrimp,3,lowercase_ascii_punct_strip,high,False,
romaine lettuce hearts,romaine lettuce heart,3,plural_singularized,high,False,
chees mozzarella stick,chees mozzarella stick,3,lowercase_ascii_punct_strip,high,False,
ground coffee,coffee,3,leading_descriptor_removed,medium,False,
wild salmon,wild salmon,3,lowercase_ascii_punct_strip,high,False,
tenderloin steaks,tenderloin steak,3,plural_singularized,high,False,
boneless turkey breast,turkey breast,3,leading_descriptor_removed,medium,False,
cherry juice,cherry juice,3,lowercase_ascii_punct_strip,high,False,
sweet and sour mix,and sour mix,3,leading_descriptor_removed,medium,False,
bread and butter pickle slices,bread and butter pickle slice,3,plural_singularized,high,False,
peach pie filling,peach pie filling,3,lowercase_ascii_punct_strip,high,False,
cake yeast,cake yeast,3,lowercase_ascii_punct_strip,high,False,
mango salsa,mango salsa,3,lowercase_ascii_punct_strip,high,False,
lentilles du puy,lentilles du puy,3,lowercase_ascii_punct_strip,high,False,
banana squash,banana squash,3,lowercase_ascii_punct_strip,high,False,
strawberry syrup,strawberry syrup,3,lowercase_ascii_punct_strip,high,False,
cheese dip,cheese dip,3,lowercase_ascii_punct_strip,high,False,
chunky tomato salsa,chunky tomato salsa,3,lowercase_ascii_punct_strip,high,False,
chili seasoning mix,chili seasoning mix,3,lowercase_ascii_punct_strip,high,False,
frozen spring roll wrappers,spring roll wrapper,3,leading_descriptor_removed;plural_singularized,medium,False,
roasted salted cashews,roasted salted cashew,3,plural_singularized,high,False,
torn romain lettuc leav,torn romain lettuc leav,3,lowercase_ascii_punct_strip,high,False,
Lipton® Recipe Secrets® Onion Soup Mix,recipe secrets onion soup mix,3,brand_prefix_removed,medium,False,Removed brand prefix `lipton`
beef rump steaks,beef rump steak,3,plural_singularized,high,False,
dried soba,soba,3,leading_descriptor_removed,medium,False,
japanese breadcrumbs,japanese breadcrumb,3,plural_singularized,high,False,
cinnamon rolls,cinnamon roll,3,plural_singularized,high,False,
spaghetti sauce seasoning mix,spaghetti sauce seasoning mix,3,lowercase_ascii_punct_strip,high,False,
Ro-Tel Diced Tomatoes & Green Chilies,ro-tel diced tomatoes and green chily,3,plural_singularized,high,False,
endive,endive,3,lowercase_ascii_punct_strip,high,False,
whole wheat pizza crust,wheat pizza crust,3,leading_descriptor_removed,medium,False,
farofa,farofa,3,lowercase_ascii_punct_strip,high,False,
ampalaya,ampalaya,3,lowercase_ascii_punct_strip,high,False,
fresh sea bass,sea bass,3,leading_descriptor_removed,medium,False,
chicken-apple sausage,chicken-apple sausage,3,lowercase_ascii_punct_strip,high,False,
tangerine zest,tangerine zest,3,lowercase_ascii_punct_strip,high,False,
konnyaku,konnyaku,3,lowercase_ascii_punct_strip,high,False,
carne asada,carne asada,3,lowercase_ascii_punct_strip,high,False,
spice cake mix,spice cake mix,3,lowercase_ascii_punct_strip,high,False,
duck liver,duck liver,3,lowercase_ascii_punct_strip,high,False,
cho-cho,cho-cho,3,lowercase_ascii_punct_strip,high,False,
cream sauce,cream sauce,3,lowercase_ascii_punct_strip,high,False,
baking apples,baking apple,3,plural_singularized,high,False,
calabaza,calabaza,3,lowercase_ascii_punct_strip,high,False,
vine leaves,vine leave,3,plural_singularized,high,False,
bean soup,bean soup,3,lowercase_ascii_punct_strip,high,False,
prego fresh mushroom italian sauce,prego fresh mushroom italian sauce,3,lowercase_ascii_punct_strip,high,False,
ajinomoto,ajinomoto,3,lowercase_ascii_punct_strip,high,False,
wheat free soy sauce,wheat free soy sauce,3,lowercase_ascii_punct_strip,high,False,
wondra flour,wondra flour,3,lowercase_ascii_punct_strip,high,False,
red rice,red rice,3,lowercase_ascii_punct_strip,high,False,
bhindi,bhindi,3,lowercase_ascii_punct_strip,high,False,
sweet potato starch,potato starch,3,leading_descriptor_removed,medium,False,
jamaican pumpkin,jamaican pumpkin,3,lowercase_ascii_punct_strip,high,False,
cooking cream,cooking cream,3,lowercase_ascii_punct_strip,high,False,
oyster-flavor sauc,oyster-flavor sauc,3,lowercase_ascii_punct_strip,high,False,
pork bouillon cube,pork bouillon cube,3,lowercase_ascii_punct_strip,high,False,
powdered vanilla pudding mix,powdered vanilla pudding mix,3,lowercase_ascii_punct_strip,high,False,
whole wheat rigatoni,wheat rigatoni,3,leading_descriptor_removed,medium,False,
candlenuts,candlenut,3,plural_singularized,high,False,
chestnut purée,chestnut puree,3,lowercase_ascii_punct_strip,high,False,
pâté,pate,3,lowercase_ascii_punct_strip,high,False,
chocolate covered english toffee,chocolate covered english toffee,3,lowercase_ascii_punct_strip,high,False,
codfish,codfish,3,lowercase_ascii_punct_strip,high,False,
kiwifruit,kiwifruit,3,lowercase_ascii_punct_strip,high,False,
potsticker wrappers,potsticker wrapper,3,plural_singularized,high,False,
chinese parsley,chinese parsley,3,lowercase_ascii_punct_strip,high,False,
gingersnap crumbs,gingersnap crumb,3,plural_singularized,high,False,
urad dal split,urad dal split,3,lowercase_ascii_punct_strip,high,False,
full-fat plain yogurt,full-fat plain yogurt,3,lowercase_ascii_punct_strip,high,False,
Thai eggplants,thai eggplant,3,plural_singularized,high,False,
meat filling,meat filling,3,lowercase_ascii_punct_strip,high,False,
baby gem lettuce,baby gem lettuce,3,lowercase_ascii_punct_strip,high,False,
Swerve Sweetener,swerve sweetener,3,lowercase_ascii_punct_strip,high,False,
black forest ham,black forest ham,3,lowercase_ascii_punct_strip,high,False,
grained,grained,3,lowercase_ascii_punct_strip,high,False,
Tokyo negi,tokyo negi,3,lowercase_ascii_punct_strip,high,False,
cacao nibs,cacao nib,3,plural_singularized,high,False,
shredded low-fat cheddar cheese,low-fat cheddar cheese,3,leading_descriptor_removed,medium,False,
pheasant,pheasant,3,lowercase_ascii_punct_strip,high,False,
hawaiian sweet rolls,hawaiian sweet roll,3,plural_singularized,high,False,
coke,coke,3,lowercase_ascii_punct_strip,high,False,
kirschenliqueur,kirschenliqueur,3,lowercase_ascii_punct_strip,high,False,
mixed bell peppers,mixed bell pepper,3,plural_singularized,high,False,
korean chile,korean chile,3,lowercase_ascii_punct_strip,high,False,
chocolate baking bar,chocolate baking bar,3,lowercase_ascii_punct_strip,high,False,
chopped cooked meat,meat,3,leading_descriptor_removed;leading_descriptor_removed,medium,False,
oleo,oleo,3,lowercase_ascii_punct_strip,high,False,
arhar dal,arhar dal,3,lowercase_ascii_punct_strip,high,False,
day old bread,day old bread,3,lowercase_ascii_punct_strip,high,False,
crispy rice cereal,crispy rice cereal,3,lowercase_ascii_punct_strip,high,False,
carambola,carambola,2,lowercase_ascii_punct_strip,high,False,
european style butter,european style butter,2,lowercase_ascii_punct_strip,high,False,
low sodium salt,salt,2,leading_descriptor_removed;universal_flag,medium,True,
pignolis,pignoli,2,plural_singularized,high,False,
nonfat sweetened condensed milk,nonfat sweetened condensed milk,2,lowercase_ascii_punct_strip,high,False,
culantro,culantro,2,lowercase_ascii_punct_strip,high,False,
"(10 oz.) frozen chopped spinach, thawed and squeezed dry",10 oz frozen chopped spinach thawed and squeezed dry,2,lowercase_ascii_punct_strip,high,False,
shrimp powder,shrimp powder,2,lowercase_ascii_punct_strip,high,False,
duck stock,duck stock,2,lowercase_ascii_punct_strip,high,False,
carp,carp,2,lowercase_ascii_punct_strip,high,False,
ragu old world style sweet tomato basil pasta sauc,old world style sweet tomato basil pasta sauc,2,brand_prefix_removed,medium,False,Removed brand prefix `ragu`
Hidden Valley® Original Ranch® Light Dressing,original ranch light dressing,2,brand_prefix_removed,medium,False,Removed brand prefix `hidden valley`
poussins,poussin,2,plural_singularized,high,False,
fillet steaks,fillet steak,2,plural_singularized,high,False,
cointreau liqueur,cointreau liqueur,2,lowercase_ascii_punct_strip,high,False,
full fat sour cream,full fat sour cream,2,lowercase_ascii_punct_strip,high,False,
natural low-fat yogurt,natural low-fat yogurt,2,lowercase_ascii_punct_strip,high,False,
cooked barley,barley,2,leading_descriptor_removed,medium,False,
Breakstone’s Sour Cream,breakstones sour cream,2,lowercase_ascii_punct_strip,high,False,
baby turnips,baby turnip,2,plural_singularized,high,False,
toast points,toast point,2,plural_singularized,high,False,
keema,keema,2,lowercase_ascii_punct_strip,high,False,
knoblauch,knoblauch,2,lowercase_ascii_punct_strip,high,False,
canola oil cooking spray,canola oil cooking spray,2,lowercase_ascii_punct_strip,high,False,
saltine crumbs,saltine crumb,2,plural_singularized,high,False,
candied pineapple,candied pineapple,2,lowercase_ascii_punct_strip,high,False,
boneless ham,ham,2,leading_descriptor_removed,medium,False,
breasts halves,breasts halve,2,plural_singularized,high,False,
veal loin chops,veal loin chop,2,plural_singularized,high,False,
finely ground coffee,finely ground coffee,2,lowercase_ascii_punct_strip,high,False,
brazil nuts,brazil nut,2,plural_singularized,high,False,
triscuits,triscuit,2,plural_singularized,high,False,
fresh lavender,lavender,2,leading_descriptor_removed,medium,False,
pineapple juice concentrate,pineapple juice concentrate,2,lowercase_ascii_punct_strip,high,False,
pork cheeks,pork cheek,2,plural_singularized,high,False,
Southern Comfort Liqueur,southern comfort liqueur,2,lowercase_ascii_punct_strip,high,False,
black trumpet mushrooms,black trumpet mushroom,2,plural_singularized,high,False,
truffle salt,truffle salt,2,lowercase_ascii_punct_strip,high,False,
tex-mex shredded cheese,tex-mex shredded cheese,2,lowercase_ascii_punct_strip,high,False,
e-fu noodl,e-fu noodl,2,lowercase_ascii_punct_strip,high,False,
fresh chorizo,chorizo,2,leading_descriptor_removed,medium,False,
Poire Williams,poire william,2,plural_singularized,high,False,
komatsuna,komatsuna,2,lowercase_ascii_punct_strip,high,False,
fresh tofu,tofu,2,leading_descriptor_removed,medium,False,
meat loaf mix,meat loaf mix,2,lowercase_ascii_punct_strip,high,False,
shoulder meat,shoulder meat,2,lowercase_ascii_punct_strip,high,False,
beef smoked sausage,beef smoked sausage,2,lowercase_ascii_punct_strip,high,False,
melon liqueur,melon liqueur,2,lowercase_ascii_punct_strip,high,False,
ground bison,bison,2,leading_descriptor_removed,medium,False,
breast,breast,2,lowercase_ascii_punct_strip,high,False,
celery flakes,celery flake,2,plural_singularized,high,False,
chilli bean sauce,chilli bean sauce,2,lowercase_ascii_punct_strip,high,False,
chicken flavor stuffing mix,chicken flavor stuffing mix,2,lowercase_ascii_punct_strip,high,False,
sauce tomato,sauce tomato,2,lowercase_ascii_punct_strip,high,False,
cummin,cummin,2,lowercase_ascii_punct_strip,high,False,
asian wheat noodles,asian wheat noodle,2,plural_singularized,high,False,
white baking bar,white baking bar,2,lowercase_ascii_punct_strip,high,False,
salmon sashimi,salmon sashimi,2,lowercase_ascii_punct_strip,high,False,
nori flakes,nori flake,2,plural_singularized,high,False,
coarse-grain salt,coarse-grain salt,2,lowercase_ascii_punct_strip,high,False,
prime rib,prime rib,2,lowercase_ascii_punct_strip,high,False,
Mexican vanilla extract,mexican vanilla extract,2,lowercase_ascii_punct_strip,high,False,
flat cut,flat cut,2,lowercase_ascii_punct_strip,high,False,
cuttlefish balls,cuttlefish ball,2,plural_singularized,high,False,
dillweed,dillweed,2,lowercase_ascii_punct_strip,high,False,
cannelloni shells,cannelloni shell,2,plural_singularized,high,False,
low-sodium low-fat chicken broth,low-sodium low-fat chicken broth,2,lowercase_ascii_punct_strip,high,False,
bottom round roast,bottom round roast,2,lowercase_ascii_punct_strip,high,False,
Jif Creamy Peanut Butter,jif creamy peanut butter,2,lowercase_ascii_punct_strip,high,False,
onion slices,onion slice,2,plural_singularized,high,False,
whole wheat spaghetti noodles,wheat spaghetti noodle,2,leading_descriptor_removed;plural_singularized,medium,False,
fructose,fructose,2,lowercase_ascii_punct_strip,high,False,
nonpareils,nonpareil,2,plural_singularized,high,False,
Sargento® Traditional Cut Shredded 4 Cheese Mexican,traditional cut shredded 4 cheese mexican,2,brand_prefix_removed,medium,False,Removed brand prefix `sargento`
dried mission figs,mission fig,2,leading_descriptor_removed;plural_singularized,medium,False,
solid white tuna in oil,solid white tuna in oil,2,lowercase_ascii_punct_strip,high,False,
peaches in light syrup,peaches in light syrup,2,lowercase_ascii_punct_strip,high,False,
grated cauliflower,cauliflower,2,leading_descriptor_removed,medium,False,
dried tomatoes,tomatoe,2,leading_descriptor_removed;plural_singularized,medium,False,
hot cocoa mix,cocoa mix,2,leading_descriptor_removed,medium,False,
artichoke bottoms,artichoke bottom,2,plural_singularized,high,False,
salsify,salsify,2,lowercase_ascii_punct_strip,high,False,
edamame beans,edamame bean,2,plural_singularized,high,False,
goya sazon,goya sazon,2,lowercase_ascii_punct_strip,high,False,
tikka paste,tikka paste,2,lowercase_ascii_punct_strip,high,False,
honey dijon mustard,honey dijon mustard,2,lowercase_ascii_punct_strip,high,False,
coconut milk yogurt,coconut milk yogurt,2,lowercase_ascii_punct_strip,high,False,
low sodium crushed tomatoes,crushed tomatoe,2,leading_descriptor_removed;plural_singularized,medium,False,
dried coconut flakes,coconut flake,2,leading_descriptor_removed;plural_singularized,medium,False,
thickeners,thickener,2,plural_singularized,high,False,
shoulder roast,shoulder roast,2,lowercase_ascii_punct_strip,high,False,
tomato chutney,tomato chutney,2,lowercase_ascii_punct_strip,high,False,
roasting hen,roasting hen,2,lowercase_ascii_punct_strip,high,False,
pancetta slices,pancetta slice,2,plural_singularized,high,False,
pork rib chops,pork rib chop,2,plural_singularized,high,False,
coconut butter,coconut butter,2,lowercase_ascii_punct_strip,high,False,
sour orange juice,sour orange juice,2,lowercase_ascii_punct_strip,high,False,
whole snapper,snapper,2,leading_descriptor_removed,medium,False,
citrus fruit,citrus fruit,2,lowercase_ascii_punct_strip,high,False,
tart cherries,tart cherry,2,plural_singularized,high,False,
salt free southwest chipotle seasoning,salt free southwest chipotle seasoning,2,lowercase_ascii_punct_strip,high,False,
country crock calcium plus vitamin d,calcium plus vitamin d,2,brand_prefix_removed,medium,False,Removed brand prefix `country crock`
fat free less sodium vegetable broth,fat free less sodium vegetable broth,2,lowercase_ascii_punct_strip,high,False,
boneless beef rib eye steaks,beef rib eye steak,2,leading_descriptor_removed;plural_singularized,medium,False,
chinese chili paste,chinese chili paste,2,lowercase_ascii_punct_strip,high,False,
brown gravy,brown gravy,2,lowercase_ascii_punct_strip,high,False,
Greek dressing,greek dressing,2,lowercase_ascii_punct_strip,high,False,
tikka masala curry paste,tikka masala curry paste,2,lowercase_ascii_punct_strip,high,False,
anise powder,anise powder,2,lowercase_ascii_punct_strip,high,False,
ducklings,duckling,2,plural_singularized,high,False,
condensed cream,condensed cream,2,lowercase_ascii_punct_strip,high,False,
wonton noodles,wonton noodle,2,plural_singularized,high,False,
filo,filo,2,lowercase_ascii_punct_strip,high,False,
cream of potato soup,cream of potato soup,2,lowercase_ascii_punct_strip,high,False,
mahimahi fillet,mahimahi fillet,2,lowercase_ascii_punct_strip,high,False,
low-fat smoked sausage,low-fat smoked sausage,2,lowercase_ascii_punct_strip,high,False,
toasted shredded coconut,toasted shredded coconut,2,lowercase_ascii_punct_strip,high,False,
"tortellini, cook and drain",tortellini cook and drain,2,lowercase_ascii_punct_strip,high,False,
Kitchen Bouquet,kitchen bouquet,2,lowercase_ascii_punct_strip,high,False,
cassava meal,cassava meal,2,lowercase_ascii_punct_strip,high,False,
tuna drained and flaked,tuna drained and flaked,2,lowercase_ascii_punct_strip,high,False,
southwest seasoning,southwest seasoning,2,lowercase_ascii_punct_strip,high,False,
sunchokes,sunchoke,2,plural_singularized,high,False,
condensed reduced fat reduced sodium tomato soup,condensed reduced fat reduced sodium tomato soup,2,lowercase_ascii_punct_strip,high,False,
lamb steaks,lamb steak,2,plural_singularized,high,False,
pickle wedges,pickle wedge,2,plural_singularized,high,False,
banh pho rice noodles,banh pho rice noodle,2,plural_singularized,high,False,
Spice Islands Oregano,spice islands oregano,2,lowercase_ascii_punct_strip,high,False,
horseradish mustard,horseradish mustard,2,lowercase_ascii_punct_strip,high,False,
radish slices,radish slice,2,plural_singularized,high,False,
instant pudding mix,instant pudding mix,2,lowercase_ascii_punct_strip,high,False,
bhaji,bhaji,2,lowercase_ascii_punct_strip,high,False,
chicken wingettes,chicken wingette,2,plural_singularized,high,False,
foie gras terrine,foie gras terrine,2,lowercase_ascii_punct_strip,high,False,
reduced sodium teriyaki sauce,teriyaki sauce,2,leading_descriptor_removed,medium,False,
traditional italian sauce,traditional italian sauce,2,lowercase_ascii_punct_strip,high,False,
moroccan seasoning,moroccan seasoning,2,lowercase_ascii_punct_strip,high,False,
chicken gravy mix,chicken gravy mix,2,lowercase_ascii_punct_strip,high,False,
shrimp meat,shrimp meat,2,lowercase_ascii_punct_strip,high,False,
peppermint,peppermint,2,lowercase_ascii_punct_strip,high,False,
full fat cream cheese,full fat cream cheese,2,lowercase_ascii_punct_strip,high,False,
pinot blanc,pinot blanc,2,lowercase_ascii_punct_strip,high,False,
TACO BELL® Thick & Chunky Mild Salsa,thick and chunky mild salsa,2,brand_prefix_removed,medium,False,Removed brand prefix `taco bell`
t-bone steak,t-bone steak,2,lowercase_ascii_punct_strip,high,False,
M&M's Candy,m and ms candy,2,lowercase_ascii_punct_strip,high,False,
other,other,2,lowercase_ascii_punct_strip,high,False,
flavored rice mix,flavored rice mix,2,lowercase_ascii_punct_strip,high,False,
cream cheese spread,cream cheese spread,2,lowercase_ascii_punct_strip,high,False,
low-fat goat cheese,low-fat goat cheese,2,lowercase_ascii_punct_strip,high,False,
citrus juice,citrus juice,2,lowercase_ascii_punct_strip,high,False,
flan,flan,2,lowercase_ascii_punct_strip,high,False,
ginkgo nut,ginkgo nut,2,lowercase_ascii_punct_strip,high,False,
all beef hot dogs,all beef hot dog,2,plural_singularized,high,False,
chitterlings,chitterling,2,plural_singularized,high,False,
extra wide egg noodles,wide egg noodle,2,leading_descriptor_removed;plural_singularized,medium,False,
silver dragees,silver dragee,2,plural_singularized,high,False,
turbot,turbot,2,lowercase_ascii_punct_strip,high,False,
hot tea,tea,2,leading_descriptor_removed,medium,False,
fermented bean paste,fermented bean paste,2,lowercase_ascii_punct_strip,high,False,
Reblochon,reblochon,2,lowercase_ascii_punct_strip,high,False,
dried chestnuts,chestnut,2,leading_descriptor_removed;plural_singularized,medium,False,
fat-free shredded cheddar cheese,fat-free shredded cheddar cheese,2,lowercase_ascii_punct_strip,high,False,
lipton tea bags,tea bag,2,brand_prefix_removed;plural_singularized,medium,False,Removed brand prefix `lipton`
rigatoni or large tube pasta,rigatoni or large tube pasta,2,lowercase_ascii_punct_strip,high,False,
ground pork sausage,pork sausage,2,leading_descriptor_removed,medium,False,
reduced fat whipped topping,reduced fat whipped topping,2,lowercase_ascii_punct_strip,high,False,
"2 1/2 to 3 lb. chicken, cut into serving pieces",2 1 2 to 3 lb chicken cut into serving piece,2,plural_singularized,high,False,
finger chili,finger chili,2,lowercase_ascii_punct_strip,high,False,
sour mix,sour mix,2,lowercase_ascii_punct_strip,high,False,
pandan extract,pandan extract,2,lowercase_ascii_punct_strip,high,False,
tarama,tarama,2,lowercase_ascii_punct_strip,high,False,
frangipane,frangipane,2,lowercase_ascii_punct_strip,high,False,
jambalaya rice mix,jambalaya rice mix,2,lowercase_ascii_punct_strip,high,False,
ground sumac,sumac,2,leading_descriptor_removed,medium,False,
sack,sack,2,lowercase_ascii_punct_strip,high,False,
buffalo mozarella,buffalo mozarella,2,lowercase_ascii_punct_strip,high,False,
tatsoi,tatsoi,2,lowercase_ascii_punct_strip,high,False,
reduced fat reduced sodium cream of mushroom soup,reduced fat reduced sodium cream of mushroom soup,2,lowercase_ascii_punct_strip,high,False,
frogs legs,frogs leg,2,plural_singularized,high,False,
Irish Red ale,irish red ale,2,lowercase_ascii_punct_strip,high,False,
frozen ravioli,ravioli,2,leading_descriptor_removed,medium,False,
flavored tortilla chips,flavored tortilla chip,2,plural_singularized,high,False,
gluten-free spaghetti,gluten-free spaghetti,2,lowercase_ascii_punct_strip,high,False,
vegetable bouillon cube,vegetable bouillon cube,2,lowercase_ascii_punct_strip,high,False,
diet dr. pepper,diet dr pepper,2,lowercase_ascii_punct_strip,high,False,
Stonefire Italian Thin Pizza Crust,stonefire italian thin pizza crust,2,lowercase_ascii_punct_strip,high,False,
bitter gourd,bitter gourd,2,lowercase_ascii_punct_strip,high,False,
gingersnap cookie crumbs,gingersnap cookie crumb,2,plural_singularized,high,False,
aspic,aspic,2,lowercase_ascii_punct_strip,high,False,
reduced fat italian dressing,reduced fat italian dressing,2,lowercase_ascii_punct_strip,high,False,
bacardi,bacardi,2,lowercase_ascii_punct_strip,high,False,
pudding powder,pudding powder,2,lowercase_ascii_punct_strip,high,False,
sago pearls,sago pearl,2,plural_singularized,high,False,
reduced sugar orange marmalade,reduced sugar orange marmalade,2,lowercase_ascii_punct_strip,high,False,
creamed horseradish,creamed horseradish,2,lowercase_ascii_punct_strip,high,False,
red serrano peppers,red serrano pepper,2,plural_singularized,high,False,
teleme,teleme,2,lowercase_ascii_punct_strip,high,False,
minced peperoncini,peperoncini,2,leading_descriptor_removed,medium,False,
ramen soup mix,ramen soup mix,2,lowercase_ascii_punct_strip,high,False,
spring greens,spring green,2,plural_singularized,high,False,
angel food cake mix,angel food cake mix,2,lowercase_ascii_punct_strip,high,False,
Knorr® Vegetable recipe mix,vegetable recipe mix,2,brand_prefix_removed,medium,False,Removed brand prefix `knorr`
frozen petit pois,petit poi,2,leading_descriptor_removed;plural_singularized,medium,False,
ibarra,ibarra,2,lowercase_ascii_punct_strip,high,False,
nori paper,nori paper,2,lowercase_ascii_punct_strip,high,False,
eating apple,eating apple,2,lowercase_ascii_punct_strip,high,False,
meat stock,meat stock,2,lowercase_ascii_punct_strip,high,False,
dried sardines,sardine,2,leading_descriptor_removed;plural_singularized,medium,False,
low sodium chicken,chicken,2,leading_descriptor_removed,medium,False,
turkey thigh,turkey thigh,2,lowercase_ascii_punct_strip,high,False,
potato rolls,potato roll,2,plural_singularized,high,False,
mentsuyu,mentsuyu,2,lowercase_ascii_punct_strip,high,False,
hot chocolate mix,chocolate mix,2,leading_descriptor_removed,medium,False,
bertolli four chees rosa sauc,four chees rosa sauc,2,brand_prefix_removed,medium,False,Removed brand prefix `bertolli`
buffalo,buffalo,2,lowercase_ascii_punct_strip,high,False,
snapper head,snapper head,2,lowercase_ascii_punct_strip,high,False,
pork blade steaks,pork blade steak,2,plural_singularized,high,False,
shortcakes,shortcake,2,plural_singularized,high,False,
bouillon powder,bouillon powder,2,lowercase_ascii_punct_strip,high,False,
Mizkan Rice Vinegar,mizkan rice vinegar,2,lowercase_ascii_punct_strip,high,False,
Italian turkey sausage links,italian turkey sausage link,2,plural_singularized,high,False,
rennet,rennet,2,lowercase_ascii_punct_strip,high,False,
soy chorizo,soy chorizo,2,lowercase_ascii_punct_strip,high,False,
Stonefire Italian Artisan Pizza Crust,stonefire italian artisan pizza crust,2,lowercase_ascii_punct_strip,high,False,
asafetida powder,asafetida powder,2,lowercase_ascii_punct_strip,high,False,
mole poblano,mole poblano,2,lowercase_ascii_punct_strip,high,False,
cajun seasoning mix,cajun seasoning mix,2,lowercase_ascii_punct_strip,high,False,
porcini powder,porcini powder,2,lowercase_ascii_punct_strip,high,False,
shredded romano cheese,romano cheese,2,leading_descriptor_removed,medium,False,
sparkling mineral water,sparkling mineral water,2,lowercase_ascii_punct_strip,high,False,
piquillo peppers,piquillo pepper,2,plural_singularized,high,False,
pickle spears,pickle spear,2,plural_singularized,high,False,
precooked meatballs,precooked meatball,2,plural_singularized,high,False,
satsuma orange,satsuma orange,2,lowercase_ascii_punct_strip,high,False,
dried cascabel chile,cascabel chile,2,leading_descriptor_removed,medium,False,
eel,eel,2,lowercase_ascii_punct_strip,high,False,
comino,comino,2,lowercase_ascii_punct_strip,high,False,
cooked pumpkin,pumpkin,2,leading_descriptor_removed,medium,False,
fresh ham,ham,2,leading_descriptor_removed,medium,False,
tobiko,tobiko,2,lowercase_ascii_punct_strip,high,False,
Yuzukosho,yuzukosho,2,lowercase_ascii_punct_strip,high,False,
capocollo,capocollo,2,lowercase_ascii_punct_strip,high,False,
stewing steak,stewing steak,2,lowercase_ascii_punct_strip,high,False,
herring fillets,herring fillet,2,plural_singularized,high,False,
carnation,carnation,2,lowercase_ascii_punct_strip,high,False,
cooked brisket,brisket,2,leading_descriptor_removed,medium,False,
tagliarini,tagliarini,2,lowercase_ascii_punct_strip,high,False,
Jiffy Corn Muffin Mix,jiffy corn muffin mix,2,lowercase_ascii_punct_strip,high,False,
fruit filling,fruit filling,2,lowercase_ascii_punct_strip,high,False,
pepperocini,pepperocini,2,lowercase_ascii_punct_strip,high,False,
hungarian hot paprika,hungarian hot paprika,2,lowercase_ascii_punct_strip,high,False,
chrysanthemum leaves,chrysanthemum leave,2,plural_singularized,high,False,
sashimi grade tuna,sashimi grade tuna,2,lowercase_ascii_punct_strip,high,False,
anise oil,anise oil,2,lowercase_ascii_punct_strip,high,False,
shrimp small uncook,shrimp small uncook,2,lowercase_ascii_punct_strip,high,False,
pilsner,pilsner,2,lowercase_ascii_punct_strip,high,False,
muscadine grapes,muscadine grape,2,plural_singularized,high,False,
rustic rub,rustic rub,2,lowercase_ascii_punct_strip,high,False,
low-fat shredded cheddar cheese,low-fat shredded cheddar cheese,2,lowercase_ascii_punct_strip,high,False,
Bartlett Pear,bartlett pear,2,lowercase_ascii_punct_strip,high,False,
pollock,pollock,2,lowercase_ascii_punct_strip,high,False,
yaki-nori,yaki-nori,2,lowercase_ascii_punct_strip,high,False,
amber,amber,2,lowercase_ascii_punct_strip,high,False,
Japanese Mayonnaise,japanese mayonnaise,2,lowercase_ascii_punct_strip,high,False,
hot italian turkey sausage,italian turkey sausage,2,leading_descriptor_removed,medium,False,
chuka soba noodles,chuka soba noodle,2,plural_singularized,high,False,
Manzanilla olives,manzanilla olive,2,plural_singularized,high,False,
"dri basil leaves, crush",dri basil leaves crush,2,lowercase_ascii_punct_strip,high,False,
boysenberries,boysenberry,2,plural_singularized,high,False,
turkey breast deli meat,turkey breast deli meat,2,lowercase_ascii_punct_strip,high,False,
small eggs,egg,2,leading_descriptor_removed;plural_singularized,medium,False,
ox tongue,ox tongue,2,lowercase_ascii_punct_strip,high,False,
beef boneless meat stew,beef boneless meat stew,2,lowercase_ascii_punct_strip,high,False,
veget soup mix,veget soup mix,2,lowercase_ascii_punct_strip,high,False,
veal scallopini,veal scallopini,2,lowercase_ascii_punct_strip,high,False,
teardrop tomatoes,teardrop tomatoe,2,plural_singularized,high,False,
shoulder lamb chops,shoulder lamb chop,2,plural_singularized,high,False,
Kikkoman Oyster Sauce,kikkoman oyster sauce,2,lowercase_ascii_punct_strip,high,False,
low-fat baked tortilla chips,low-fat baked tortilla chip,2,plural_singularized,high,False,
process cheese spread,process cheese spread,2,lowercase_ascii_punct_strip,high,False,
currant jelly,currant jelly,2,lowercase_ascii_punct_strip,high,False,
garlic flakes,garlic flake,2,plural_singularized,high,False,
soup mix,soup mix,2,lowercase_ascii_punct_strip,high,False,
beurre manié,beurre manie,2,lowercase_ascii_punct_strip,high,False,
vanilla frosting,vanilla frosting,2,lowercase_ascii_punct_strip,high,False,
cream cheese lowfat,cream cheese lowfat,2,lowercase_ascii_punct_strip,high,False,
brioche bread,brioche bread,2,lowercase_ascii_punct_strip,high,False,
skate wing,skate wing,2,lowercase_ascii_punct_strip,high,False,
chili habanero pepper,chili habanero pepper,2,lowercase_ascii_punct_strip,high,False,
beau monde seasoning,beau monde seasoning,2,lowercase_ascii_punct_strip,high,False,
mochi,mochi,2,lowercase_ascii_punct_strip,high,False,
any,any,2,lowercase_ascii_punct_strip,high,False,
whole wheat baguette,wheat baguette,2,leading_descriptor_removed,medium,False,
Morton Salt,morton salt,2,lowercase_ascii_punct_strip,high,False,
red sockeye,red sockeye,2,lowercase_ascii_punct_strip,high,False,
candy canes,candy cane,2,plural_singularized,high,False,
black moss,black moss,2,lowercase_ascii_punct_strip,high,False,
kokum,kokum,2,lowercase_ascii_punct_strip,high,False,
lean minced lamb,minced lamb,2,leading_descriptor_removed,medium,False,
pompano fillets,pompano fillet,2,plural_singularized,high,False,
chinese ginger,chinese ginger,2,lowercase_ascii_punct_strip,high,False,
fat free lemon curd,fat free lemon curd,2,lowercase_ascii_punct_strip,high,False,
shungiku,shungiku,2,lowercase_ascii_punct_strip,high,False,
lavender buds,lavender bud,2,plural_singularized,high,False,
vanilla cream,vanilla cream,2,lowercase_ascii_punct_strip,high,False,
meringue powder,meringue powder,2,lowercase_ascii_punct_strip,high,False,
fresh curry,curry,2,leading_descriptor_removed,medium,False,
pork sirloin,pork sirloin,2,lowercase_ascii_punct_strip,high,False,
au jus gravy mix,au jus gravy mix,2,lowercase_ascii_punct_strip,high,False,
sliced fresh fruit,fresh fruit,2,leading_descriptor_removed,medium,False,
jerk paste,jerk paste,2,lowercase_ascii_punct_strip,high,False,
kelp noodles,kelp noodle,2,plural_singularized,high,False,
frozen cod fillets,cod fillet,2,leading_descriptor_removed;plural_singularized,medium,False,
anasazi beans,anasazi bean,2,plural_singularized,high,False,
i can't believ it' not butter! made with olive oil spread,i cant believ it not butter made with olive oil spread,2,lowercase_ascii_punct_strip,high,False,
(14 oz.) sweetened condensed milk,14 oz sweetened condensed milk,2,lowercase_ascii_punct_strip,high,False,
piri-piri sauce,piri-piri sauce,2,lowercase_ascii_punct_strip,high,False,
shredded basil,basil,2,leading_descriptor_removed,medium,False,
bottled chili sauce,bottled chili sauce,2,lowercase_ascii_punct_strip,high,False,
condensed soup,condensed soup,2,lowercase_ascii_punct_strip,high,False,
sea cucumber,sea cucumber,2,lowercase_ascii_punct_strip,high,False,
pitted cherries,pitted cherry,2,plural_singularized,high,False,
frozen mango,mango,2,leading_descriptor_removed,medium,False,
french toast,french toast,2,lowercase_ascii_punct_strip,high,False,
ginger syrup,ginger syrup,2,lowercase_ascii_punct_strip,high,False,
teriyaki marinade,teriyaki marinade,2,lowercase_ascii_punct_strip,high,False,
wheatberries,wheatberry,2,plural_singularized,high,False,
butter pecan ice cream,butter pecan ice cream,2,lowercase_ascii_punct_strip,high,False,
salt free seasoning,salt free seasoning,2,lowercase_ascii_punct_strip,high,False,
breadfruit,breadfruit,2,lowercase_ascii_punct_strip,high,False,
top loin steaks,top loin steak,2,plural_singularized,high,False,
chocolate spread,chocolate spread,2,lowercase_ascii_punct_strip,high,False,
blanco tequila,blanco tequila,2,lowercase_ascii_punct_strip,high,False,
graham cracker pie crust,graham cracker pie crust,2,lowercase_ascii_punct_strip,high,False,
kasu,kasu,2,lowercase_ascii_punct_strip,high,False,
salted mixed nuts,mixed nut,2,leading_descriptor_removed;plural_singularized,medium,False,
low-fat coffee ice cream,low-fat coffee ice cream,2,lowercase_ascii_punct_strip,high,False,
less sodium chicken broth,less sodium chicken broth,2,lowercase_ascii_punct_strip,high,False,
cream style cottage cheese,cream style cottage cheese,2,lowercase_ascii_punct_strip,high,False,
coconut milk powder,coconut milk powder,2,lowercase_ascii_punct_strip,high,False,
steel-cut oatmeal,steel-cut oatmeal,2,lowercase_ascii_punct_strip,high,False,
Pale Ale,pale ale,2,lowercase_ascii_punct_strip,high,False,
popped popcorn,popped popcorn,2,lowercase_ascii_punct_strip,high,False,
vanilla low-fat ic cream,vanilla low-fat ic cream,2,lowercase_ascii_punct_strip,high,False,
karashi,karashi,2,lowercase_ascii_punct_strip,high,False,
smoked fully cooked ham,smoked fully cooked ham,2,lowercase_ascii_punct_strip,high,False,
small yellow onion,onion,2,leading_descriptor_removed,medium,False,
whole grain rice,grain rice,2,leading_descriptor_removed,medium,False,
cipollini onions,cipollini onion,2,plural_singularized,high,False,
arrowroot flour,arrowroot flour,2,lowercase_ascii_punct_strip,high,False,
dr pepper,dr pepper,2,lowercase_ascii_punct_strip,high,False,
pork tongue,pork tongue,2,lowercase_ascii_punct_strip,high,False,
strained yogurt,strained yogurt,2,lowercase_ascii_punct_strip,high,False,
gravy master,gravy master,2,lowercase_ascii_punct_strip,high,False,
nonfat cream cheese,nonfat cream cheese,2,lowercase_ascii_punct_strip,high,False,
dumpling skins,dumpling skin,2,plural_singularized,high,False,
Hidden Valley® Original Ranch Salad® Dressing & Seasoning Mix,original ranch salad dressing and seasoning mix,2,brand_prefix_removed,medium,False,Removed brand prefix `hidden valley`
szechuan sauce,szechuan sauce,2,lowercase_ascii_punct_strip,high,False,
valencia rice,valencia rice,2,lowercase_ascii_punct_strip,high,False,
baby broccoli,baby broccoli,2,lowercase_ascii_punct_strip,high,False,
snow pea pods,snow pea pod,2,plural_singularized,high,False,
limeade concentrate,limeade concentrate,2,lowercase_ascii_punct_strip,high,False,
sugarcane,sugarcane,2,lowercase_ascii_punct_strip,high,False,
roti,roti,2,lowercase_ascii_punct_strip,high,False,
baby radishes,baby radishe,2,plural_singularized,high,False,
lamb breast,lamb breast,2,lowercase_ascii_punct_strip,high,False,
cucumber salad,cucumber salad,2,lowercase_ascii_punct_strip,high,False,
broiler,broiler,2,lowercase_ascii_punct_strip,high,False,
katsuo bushi,katsuo bushi,2,lowercase_ascii_punct_strip,high,False,
soursop,soursop,2,lowercase_ascii_punct_strip,high,False,
beaujolais,beaujolai,2,plural_singularized,high,False,
guinea hens,guinea hen,2,plural_singularized,high,False,
old ginger,old ginger,2,lowercase_ascii_punct_strip,high,False,
amaranth,amaranth,2,lowercase_ascii_punct_strip,high,False,
raspberry puree,raspberry puree,2,lowercase_ascii_punct_strip,high,False,
Barilla Oven-Ready Lasagne,barilla oven-ready lasagne,2,lowercase_ascii_punct_strip,high,False,
chicken gravy,chicken gravy,2,lowercase_ascii_punct_strip,high,False,
McCormick Ground Ginger,ginger,2,brand_prefix_removed;leading_descriptor_removed,medium,False,Removed brand prefix `mccormick`
collard leaves,collard leave,2,plural_singularized,high,False,
bbq seasoning,bbq seasoning,2,lowercase_ascii_punct_strip,high,False,
cream cheese with chives and onion,cream cheese with chives and onion,2,lowercase_ascii_punct_strip,high,False,
bean soup mix,bean soup mix,2,lowercase_ascii_punct_strip,high,False,
Best Foods® Real Mayonnaise,real mayonnaise,2,brand_prefix_removed,medium,False,Removed brand prefix `best foods`
pork sirloin roast,pork sirloin roast,2,lowercase_ascii_punct_strip,high,False,
carpaccio,carpaccio,2,lowercase_ascii_punct_strip,high,False,
coulis,couli,2,plural_singularized,high,False,
barley miso,barley miso,2,lowercase_ascii_punct_strip,high,False,
buckwheat groats,buckwheat groat,2,plural_singularized,high,False,
Diamond Crystal® Kosher Salt,diamond crystal kosher salt,2,lowercase_ascii_punct_strip,high,False,
Rice Krispies Cereal,rice krispies cereal,2,lowercase_ascii_punct_strip,high,False,
soft buns,soft bun,2,plural_singularized,high,False,
Knorr Chicken Stock Pots,chicken stock pot,2,brand_prefix_removed;plural_singularized,medium,False,Removed brand prefix `knorr`
toasted unsweetened coconut,toasted unsweetened coconut,2,lowercase_ascii_punct_strip,high,False,
apricot brandy,apricot brandy,2,lowercase_ascii_punct_strip,high,False,
low sodium garbanzo beans,garbanzo bean,2,leading_descriptor_removed;plural_singularized,medium,False,
gram dal,gram dal,2,lowercase_ascii_punct_strip,high,False,
dry gin,dry gin,2,lowercase_ascii_punct_strip,high,False,
borage,borage,2,lowercase_ascii_punct_strip,high,False,
cooked italian meatballs,italian meatball,2,leading_descriptor_removed;plural_singularized,medium,False,
shell steak,shell steak,2,lowercase_ascii_punct_strip,high,False,
pisco,pisco,2,lowercase_ascii_punct_strip,high,False,
chinese black bean,chinese black bean,2,lowercase_ascii_punct_strip,high,False,
sliced chorizo,chorizo,2,leading_descriptor_removed,medium,False,
Old El Paso Taco Seasoning Mix,taco seasoning mix,2,brand_prefix_removed,medium,False,Removed brand prefix `old el paso`
toffee bits,toffee bit,2,plural_singularized,high,False,
chopped potatoes,potatoe,2,leading_descriptor_removed;plural_singularized,medium,False,
licorice root,licorice root,2,lowercase_ascii_punct_strip,high,False,
regular cucumber,regular cucumber,2,lowercase_ascii_punct_strip,high,False,
hot spanish paprika,spanish paprika,2,leading_descriptor_removed,medium,False,
bone marrow,bone marrow,2,lowercase_ascii_punct_strip,high,False,
swede,swede,2,lowercase_ascii_punct_strip,high,False,
raclette,raclette,2,lowercase_ascii_punct_strip,high,False,
pummelo,pummelo,2,lowercase_ascii_punct_strip,high,False,
za'atar,zaatar,2,lowercase_ascii_punct_strip,high,False,
dried peach,peach,2,leading_descriptor_removed,medium,False,
canned chipotles,canned chipotle,2,plural_singularized,high,False,
lamb for stew,lamb for stew,2,lowercase_ascii_punct_strip,high,False,
chilean sea bass fillets,chilean sea bass fillet,2,plural_singularized,high,False,
Best Food's Mayonnaise with Lime Juice,mayonnaise with lime juice,2,brand_prefix_removed,medium,False,Removed brand prefix `best foods`
Godiva Chocolate Liqueur,godiva chocolate liqueur,2,lowercase_ascii_punct_strip,high,False,
gluten-free breadcrumbs,gluten-free breadcrumb,2,plural_singularized,high,False,
beef marrow,beef marrow,2,lowercase_ascii_punct_strip,high,False,
Knorr® Pasta Sides™ - Alfredo,pasta sidestm - alfredo,2,brand_prefix_removed,medium,False,Removed brand prefix `knorr`
pickling liquid,pickling liquid,2,lowercase_ascii_punct_strip,high,False,
textured soy protein,textured soy protein,2,lowercase_ascii_punct_strip,high,False,
cream cheese with chives,cream cheese with chive,2,plural_singularized,high,False,
tropical fruits,tropical fruit,2,plural_singularized,high,False,
Praline Liqueur,praline liqueur,2,lowercase_ascii_punct_strip,high,False,
green chard,green chard,2,lowercase_ascii_punct_strip,high,False,
crumbled cheese,crumbled cheese,2,lowercase_ascii_punct_strip,high,False,
mini m&ms,mini m and m,2,plural_singularized,high,False,
organic unsalted butter,unsalted butter,2,leading_descriptor_removed,medium,False,
accent,accent,2,lowercase_ascii_punct_strip,high,False,
boneless chicken thigh fillets,chicken thigh fillet,2,leading_descriptor_removed;plural_singularized,medium,False,
mango nectar,mango nectar,2,lowercase_ascii_punct_strip,high,False,
unsalted almonds,almond,2,leading_descriptor_removed;plural_singularized,medium,False,
salt water,salt water,2,lowercase_ascii_punct_strip,high,False,
sangria,sangria,2,lowercase_ascii_punct_strip,high,False,
redfish,redfish,2,lowercase_ascii_punct_strip,high,False,
stevia powder,stevia powder,2,lowercase_ascii_punct_strip,high,False,
canned beans,canned bean,2,plural_singularized,high,False,
peach juice,peach juice,2,lowercase_ascii_punct_strip,high,False,
unsulphured molasses,unsulphured molasse,2,plural_singularized,high,False,
cream filled chocolate sandwich cookies,cream filled chocolate sandwich cooky,2,plural_singularized,high,False,
crème de menthe,creme de menthe,2,lowercase_ascii_punct_strip,high,False,
reduced fat ranch dressing,reduced fat ranch dressing,2,lowercase_ascii_punct_strip,high,False,
kirschwasser,kirschwasser,2,lowercase_ascii_punct_strip,high,False,
lemon dressing,lemon dressing,2,lowercase_ascii_punct_strip,high,False,
mexican cooking sauce,mexican cooking sauce,2,lowercase_ascii_punct_strip,high,False,
CURRY GUY Smoked Spicy Salt,curry guy smoked spicy salt,2,lowercase_ascii_punct_strip,high,False,
bologna,bologna,2,lowercase_ascii_punct_strip,high,False,
homemade vegetable stock,homemade vegetable stock,2,lowercase_ascii_punct_strip,high,False,
Alaskan king crab legs,alaskan king crab leg,2,plural_singularized,high,False,
Ciabatta rolls,ciabatta roll,2,plural_singularized,high,False,
nutritional yeast flakes,nutritional yeast flake,2,plural_singularized,high,False,
shredded reduced fat reduced sodium swiss cheese,reduced fat reduced sodium swiss cheese,2,leading_descriptor_removed,medium,False,
myzithra,myzithra,2,lowercase_ascii_punct_strip,high,False,
cream ic peach,cream ic peach,2,lowercase_ascii_punct_strip,high,False,
pearl tapioca,pearl tapioca,2,lowercase_ascii_punct_strip,high,False,
lotus seeds,lotus seed,2,plural_singularized,high,False,
dukkah,dukkah,2,lowercase_ascii_punct_strip,high,False,
center-cut salmon fillet,center-cut salmon fillet,2,lowercase_ascii_punct_strip,high,False,
cold meatloaf,cold meatloaf,2,lowercase_ascii_punct_strip,high,False,
White Lily Flour,white lily flour,2,lowercase_ascii_punct_strip,high,False,
mesquite seasoning,mesquite seasoning,2,lowercase_ascii_punct_strip,high,False,
andouille turkey sausages,andouille turkey sausage,2,plural_singularized,high,False,
rosemary needles,rosemary needle,2,plural_singularized,high,False,
shanghai bok choy,shanghai bok choy,2,lowercase_ascii_punct_strip,high,False,
red mullet,red mullet,2,lowercase_ascii_punct_strip,high,False,
crispy bacon,crispy bacon,2,lowercase_ascii_punct_strip,high,False,
jamaican curry powder,jamaican curry powder,2,lowercase_ascii_punct_strip,high,False,
veal breast,veal breast,2,lowercase_ascii_punct_strip,high,False,
boneless veal shoulder,veal shoulder,2,leading_descriptor_removed,medium,False,
tree ear mushrooms,tree ear mushroom,2,plural_singularized,high,False,
skin on bone in chicken legs,skin on bone in chicken leg,2,plural_singularized,high,False,
jamaica,jamaica,2,lowercase_ascii_punct_strip,high,False,
links,link,2,plural_singularized,high,False,
almond filling,almond filling,2,lowercase_ascii_punct_strip,high,False,
pastina,pastina,2,lowercase_ascii_punct_strip,high,False,
smooth natural peanut butter,smooth natural peanut butter,2,lowercase_ascii_punct_strip,high,False,
dry hard cider,dry hard cider,2,lowercase_ascii_punct_strip,high,False,
creamed coconut,creamed coconut,2,lowercase_ascii_punct_strip,high,False,
sugar cookie dough,sugar cookie dough,2,lowercase_ascii_punct_strip,high,False,
oil packed dried tomatoes,oil packed dried tomatoe,2,plural_singularized,high,False,
alcohol,alcohol,2,lowercase_ascii_punct_strip,high,False,
grated parmesan romano,parmesan romano,2,leading_descriptor_removed,medium,False,
chili con carne,chili con carne,2,lowercase_ascii_punct_strip,high,False,
capon,capon,2,lowercase_ascii_punct_strip,high,False,
chinese cinnamon,chinese cinnamon,2,lowercase_ascii_punct_strip,high,False,
cabrales,cabrale,2,plural_singularized,high,False,
herb seasoned stuffing,herb seasoned stuffing,2,lowercase_ascii_punct_strip,high,False,
yellow peas,yellow pea,2,plural_singularized,high,False,
herb seasoned stuffing mix,herb seasoned stuffing mix,2,lowercase_ascii_punct_strip,high,False,
canned tuna,canned tuna,2,lowercase_ascii_punct_strip,high,False,
mushroom powder,mushroom powder,2,lowercase_ascii_punct_strip,high,False,
pastis,pasti,2,plural_singularized,high,False,
Marcona almonds,marcona almond,2,plural_singularized,high,False,
Kung Pao sauce,kung pao sauce,2,lowercase_ascii_punct_strip,high,False,
whole wheat pita rounds,wheat pita round,2,leading_descriptor_removed;plural_singularized,medium,False,
chinese turnip,chinese turnip,2,lowercase_ascii_punct_strip,high,False,
hoop cheese,hoop cheese,2,lowercase_ascii_punct_strip,high,False,
pasta shapes,pasta shape,2,plural_singularized,high,False,
aged Manchego cheese,aged manchego cheese,2,lowercase_ascii_punct_strip,high,False,
Indian spice,indian spice,2,lowercase_ascii_punct_strip,high,False,
reduced fat provolone cheese,reduced fat provolone cheese,2,lowercase_ascii_punct_strip,high,False,
refrigerated four cheese ravioli,refrigerated four cheese ravioli,2,lowercase_ascii_punct_strip,high,False,
hot pork sausage,pork sausage,2,leading_descriptor_removed,medium,False,
whole wheat french bread,wheat french bread,2,leading_descriptor_removed,medium,False,
paccheri,paccheri,2,lowercase_ascii_punct_strip,high,False,
yogurt cheese,yogurt cheese,2,lowercase_ascii_punct_strip,high,False,
tvp,tvp,2,lowercase_ascii_punct_strip,high,False,
milk & cream,milk and cream,2,lowercase_ascii_punct_strip,high,False,
lamb racks,lamb rack,2,plural_singularized,high,False,
fat free ice cream,fat free ice cream,2,lowercase_ascii_punct_strip,high,False,
char fillets,char fillet,2,plural_singularized,high,False,
kabuli channa,kabuli channa,2,lowercase_ascii_punct_strip,high,False,
thin rice stick noodles,thin rice stick noodle,2,plural_singularized,high,False,
kashmiri chile,kashmiri chile,2,lowercase_ascii_punct_strip,high,False,
gravy granules,gravy granule,2,plural_singularized,high,False,
microgreens,microgreen,2,plural_singularized,high,False,
1% low-fat chocolate milk,1 low-fat chocolate milk,2,lowercase_ascii_punct_strip,high,False,
sugarcane sticks,sugarcane stick,2,plural_singularized,high,False,
fast-rising active dry yeast,fast-rising active dry yeast,2,lowercase_ascii_punct_strip,high,False,
sweet mustard,mustard,2,leading_descriptor_removed,medium,False,
muesli,muesli,2,lowercase_ascii_punct_strip,high,False,
tartlet shells,tartlet shell,2,plural_singularized,high,False,
muenster,muenster,2,lowercase_ascii_punct_strip,high,False,
giant white beans,giant white bean,2,plural_singularized,high,False,
meat cuts,meat cut,2,plural_singularized,high,False,
"pork chops, 1 inch thick",pork chops 1 inch thick,2,lowercase_ascii_punct_strip,high,False,
free range chicken breasts,free range chicken breast,2,plural_singularized,high,False,
dried bonito,bonito,2,leading_descriptor_removed,medium,False,
cubed meat,cubed meat,2,lowercase_ascii_punct_strip,high,False,
french sandwich rolls,french sandwich roll,2,plural_singularized,high,False,
heeng,heeng,2,lowercase_ascii_punct_strip,high,False,
raw tiger prawn,raw tiger prawn,2,lowercase_ascii_punct_strip,high,False,
Spanish smoked paprika,spanish smoked paprika,2,lowercase_ascii_punct_strip,high,False,
caramel ice cream,caramel ice cream,2,lowercase_ascii_punct_strip,high,False,
tostitos,tostito,2,plural_singularized,high,False,
scrod fillets,scrod fillet,2,plural_singularized,high,False,
meat marinade,meat marinade,2,lowercase_ascii_punct_strip,high,False,
greater galangal,greater galangal,2,lowercase_ascii_punct_strip,high,False,
regular sugar,regular sugar,2,lowercase_ascii_punct_strip,high,False,
crescent dinner rolls,crescent dinner roll,2,plural_singularized,high,False,
aonori,aonori,2,lowercase_ascii_punct_strip,high,False,
chuno sauce,chuno sauce,2,lowercase_ascii_punct_strip,high,False,
Campbell's Condensed Cream of Mushroom Soup,campbells condensed cream of mushroom soup,2,brand_term_present,medium,False,Brand term present `campbell`
pig's trotters,pigs trotter,2,plural_singularized,high,False,
ficelle,ficelle,2,lowercase_ascii_punct_strip,high,False,
citrus slices,citrus slice,2,plural_singularized,high,False,
black pudding,black pudding,2,lowercase_ascii_punct_strip,high,False,
razor clams,razor clam,2,plural_singularized,high,False,
young coconut meat,young coconut meat,2,lowercase_ascii_punct_strip,high,False,
organic milk,milk,2,leading_descriptor_removed,medium,False,
boneless duck breast,duck breast,2,leading_descriptor_removed,medium,False,
stem ginger in syrup,stem ginger in syrup,2,lowercase_ascii_punct_strip,high,False,
hard cider,hard cider,2,lowercase_ascii_punct_strip,high,False,
brown butter,brown butter,2,lowercase_ascii_punct_strip,high,False,
red pepper hot sauce,red pepper hot sauce,2,lowercase_ascii_punct_strip,high,False,
conch,conch,2,lowercase_ascii_punct_strip,high,False,
low sodium gluten free soy sauce,gluten free soy sauce,2,leading_descriptor_removed,medium,False,
long green beans,long green bean,2,plural_singularized,high,False,
vegetable gumbo,vegetable gumbo,2,lowercase_ascii_punct_strip,high,False,
pink lady apple,pink lady apple,2,lowercase_ascii_punct_strip,high,False,
small tomatoes,tomatoe,2,leading_descriptor_removed;plural_singularized,medium,False,
wheat beer,wheat beer,2,lowercase_ascii_punct_strip,high,False,
coke zero,coke zero,2,lowercase_ascii_punct_strip,high,False,
high-gluten flour,high-gluten flour,2,lowercase_ascii_punct_strip,high,False,
zucchini blossoms,zucchini blossom,2,plural_singularized,high,False,
gluten-free pasta,gluten-free pasta,2,lowercase_ascii_punct_strip,high,False,
fresh cod,cod,2,leading_descriptor_removed,medium,False,
gumbo,gumbo,2,lowercase_ascii_punct_strip,high,False,
paratha,paratha,2,lowercase_ascii_punct_strip,high,False,
dark miso,miso,2,leading_descriptor_removed,medium,False,
Spanish olives,spanish olive,2,plural_singularized,high,False,
parsley root,parsley root,2,lowercase_ascii_punct_strip,high,False,
gumbo file powder,gumbo file powder,2,lowercase_ascii_punct_strip,high,False,
montreal steak seasoning,montreal steak seasoning,2,lowercase_ascii_punct_strip,high,False,
balsamic vinaigrette salad dressing,balsamic vinaigrette salad dressing,2,lowercase_ascii_punct_strip,high,False,
unbaked pie shells,unbaked pie shell,2,plural_singularized,high,False,
cava,cava,2,lowercase_ascii_punct_strip,high,False,
light agave nectar,agave nectar,2,leading_descriptor_removed,medium,False,
sweet bean paste,bean paste,2,leading_descriptor_removed,medium,False,
mild pork sausage,mild pork sausage,2,lowercase_ascii_punct_strip,high,False,
knorr rice side   cheddar broccoli,rice side cheddar broccoli,2,brand_prefix_removed,medium,False,Removed brand prefix `knorr`
lavash,lavash,2,lowercase_ascii_punct_strip,high,False,
peppered bacon,peppered bacon,2,lowercase_ascii_punct_strip,high,False,
fresh masa,masa,2,leading_descriptor_removed,medium,False,
bacon salt,bacon salt,2,lowercase_ascii_punct_strip,high,False,
sweet italian pork sausage,italian pork sausage,2,leading_descriptor_removed,medium,False,
pasta rotel,pasta rotel,2,lowercase_ascii_punct_strip,high,False,
steak fillets,steak fillet,2,plural_singularized,high,False,
fresh mexican cheese,mexican cheese,2,leading_descriptor_removed,medium,False,
Hellmann''s Light Mayonnaise,hellmanns light mayonnaise,2,brand_term_present,medium,False,Brand term present `hellmann`
Crystal Farms Butter,crystal farms butter,2,lowercase_ascii_punct_strip,high,False,
semi pearled farro,semi pearled farro,2,lowercase_ascii_punct_strip,high,False,
nappa cabbage,nappa cabbage,2,lowercase_ascii_punct_strip,high,False,
queso fresca,queso fresca,2,lowercase_ascii_punct_strip,high,False,
ground espresso,espresso,2,leading_descriptor_removed,medium,False,
Nestle Table Cream,nestle table cream,2,lowercase_ascii_punct_strip,high,False,
Progresso™ Chicken Broth,progressotm chicken broth,2,lowercase_ascii_punct_strip,high,False,
blackstrap molasses,blackstrap molasse,2,plural_singularized,high,False,
crumb crust,crumb crust,2,lowercase_ascii_punct_strip,high,False,
cubed pumpkin,cubed pumpkin,2,lowercase_ascii_punct_strip,high,False,
wheat cereal,wheat cereal,2,lowercase_ascii_punct_strip,high,False,
Mizkan Oigatsuo Tsuyu Soup Base,mizkan oigatsuo tsuyu soup base,2,lowercase_ascii_punct_strip,high,False,
bihon,bihon,2,lowercase_ascii_punct_strip,high,False,
soft sandwich rolls,soft sandwich roll,2,plural_singularized,high,False,
toffee sauce,toffee sauce,2,lowercase_ascii_punct_strip,high,False,
bee pollen,bee pollen,2,lowercase_ascii_punct_strip,high,False,
Hidden Valley® Original Ranch® Dips Mix,original ranch dips mix,2,brand_prefix_removed,medium,False,Removed brand prefix `hidden valley`
food paste color,food paste color,2,lowercase_ascii_punct_strip,high,False,
meat glaze,meat glaze,2,lowercase_ascii_punct_strip,high,False,
frozen brussels sprouts,brussels sprout,2,leading_descriptor_removed;plural_singularized,medium,False,
frozen blackberries,blackberry,2,leading_descriptor_removed;plural_singularized,medium,False,
tamarind water,tamarind water,2,lowercase_ascii_punct_strip,high,False,
strip steaks,strip steak,2,plural_singularized,high,False,
iced tea,iced tea,2,lowercase_ascii_punct_strip,high,False,
abalone,abalone,2,lowercase_ascii_punct_strip,high,False,
roquefort,roquefort,2,lowercase_ascii_punct_strip,high,False,
bouillon granules,bouillon granule,2,plural_singularized,high,False,
2% lowfat greek yogurt,2 lowfat greek yogurt,2,lowercase_ascii_punct_strip,high,False,
grassfed beef,grassfed beef,2,lowercase_ascii_punct_strip,high,False,
green chile sauce,green chile sauce,2,lowercase_ascii_punct_strip,high,False,
ramen noodles seasoning,ramen noodles seasoning,2,lowercase_ascii_punct_strip,high,False,
cremini,cremini,2,lowercase_ascii_punct_strip,high,False,
pickled garlic,pickled garlic,2,lowercase_ascii_punct_strip,high,False,
alphabet pasta,alphabet pasta,2,lowercase_ascii_punct_strip,high,False,
Doubanjiang,doubanjiang,2,lowercase_ascii_punct_strip,high,False,
black onion seeds,black onion seed,2,plural_singularized,high,False,
baby tatsoi,baby tatsoi,2,lowercase_ascii_punct_strip,high,False,
quick-cooking hominy grits,quick-cooking hominy grit,2,plural_singularized,high,False,
olive oil mayonnaise,olive oil mayonnaise,2,lowercase_ascii_punct_strip,high,False,
cashew chop unsalt,cashew chop unsalt,2,lowercase_ascii_punct_strip,high,False,
whole wheat bread toasted,wheat bread toasted,2,leading_descriptor_removed,medium,False,
Jell-O Gelatin Dessert,jell-o gelatin dessert,2,lowercase_ascii_punct_strip,high,False,
whole wheat bread slices,wheat bread slice,2,leading_descriptor_removed;plural_singularized,medium,False,
sub rolls,sub roll,2,plural_singularized,high,False,
pasilla chile pepper,pasilla chile pepper,2,lowercase_ascii_punct_strip,high,False,
barolo,barolo,2,lowercase_ascii_punct_strip,high,False,
hoja santa leaves,hoja santa leave,2,plural_singularized,high,False,
hot pepper rings,pepper ring,2,leading_descriptor_removed;plural_singularized,medium,False,
pure vanilla,pure vanilla,2,lowercase_ascii_punct_strip,high,False,
Crispy Rice Cereal,crispy rice cereal,2,lowercase_ascii_punct_strip,high,False,
mostarda,mostarda,2,lowercase_ascii_punct_strip,high,False,
kalamansi juice,kalamansi juice,2,lowercase_ascii_punct_strip,high,False,
boned duck breast halves,boned duck breast halve,2,plural_singularized,high,False,
cajun-creole seasoning mix,cajun-creole seasoning mix,2,lowercase_ascii_punct_strip,high,False,
"linguine, cook and drain",linguine cook and drain,2,lowercase_ascii_punct_strip,high,False,
pie crust mix,pie crust mix,2,lowercase_ascii_punct_strip,high,False,
beef rump,beef rump,2,lowercase_ascii_punct_strip,high,False,
castellane,castellane,2,lowercase_ascii_punct_strip,high,False,
gluten free blend,gluten free blend,2,lowercase_ascii_punct_strip,high,False,
black walnut,black walnut,2,lowercase_ascii_punct_strip,high,False,
cherry gelatin,cherry gelatin,2,lowercase_ascii_punct_strip,high,False,
chicken broth low fat,chicken broth low fat,2,lowercase_ascii_punct_strip,high,False,
chile puree,chile puree,2,lowercase_ascii_punct_strip,high,False,
light lager,lager,2,leading_descriptor_removed,medium,False,
dr. pepper,dr pepper,2,lowercase_ascii_punct_strip,high,False,
coconut meat,coconut meat,2,lowercase_ascii_punct_strip,high,False,
char,char,2,lowercase_ascii_punct_strip,high,False,
italian-style meatballs,italian-style meatball,2,plural_singularized,high,False,
cooked steak,steak,2,leading_descriptor_removed,medium,False,
beef soup bones,beef soup bone,2,plural_singularized,high,False,
Bertolli Garlic Alfredo Sauce,garlic alfredo sauce,2,brand_prefix_removed,medium,False,Removed brand prefix `bertolli`
crab claws,crab claw,2,plural_singularized,high,False,
mustard sauce,mustard sauce,2,lowercase_ascii_punct_strip,high,False,
gobo root,gobo root,2,lowercase_ascii_punct_strip,high,False,
low fat tortilla chip,low fat tortilla chip,2,lowercase_ascii_punct_strip,high,False,
robiola,robiola,2,lowercase_ascii_punct_strip,high,False,
whole wheat dough,wheat dough,2,leading_descriptor_removed,medium,False,
chocolate sandwich cookies,chocolate sandwich cooky,2,plural_singularized,high,False,
karo syrup,karo syrup,2,lowercase_ascii_punct_strip,high,False,
Texas Pete Hot Sauce,texas pete hot sauce,2,lowercase_ascii_punct_strip,high,False,
Braeburn Apple,braeburn apple,2,lowercase_ascii_punct_strip,high,False,
white tequila,white tequila,2,lowercase_ascii_punct_strip,high,False,
asian rice noodles,asian rice noodle,2,plural_singularized,high,False,
au jus mix,au jus mix,2,lowercase_ascii_punct_strip,high,False,
alfredo sauce mix,alfredo sauce mix,2,lowercase_ascii_punct_strip,high,False,
fresh brussels sprouts,brussels sprout,2,leading_descriptor_removed;plural_singularized,medium,False,
lady fingers,lady finger,2,plural_singularized,high,False,
fresh poblano pepper,poblano pepper,2,leading_descriptor_removed,medium,False,
bresaola,bresaola,2,lowercase_ascii_punct_strip,high,False,
devil's food cake mix,devils food cake mix,2,lowercase_ascii_punct_strip,high,False,
ceylon cinnamon,ceylon cinnamon,2,lowercase_ascii_punct_strip,high,False,
veal knuckle,veal knuckle,2,lowercase_ascii_punct_strip,high,False,
Johnsonville® Mild Italian Ground Sausage,johnsonville mild italian ground sausage,2,lowercase_ascii_punct_strip,high,False,
cheddar cheese soup,cheddar cheese soup,2,lowercase_ascii_punct_strip,high,False,
chinese red rice vinegar,chinese red rice vinegar,2,lowercase_ascii_punct_strip,high,False,
fast rising yeast,fast rising yeast,2,lowercase_ascii_punct_strip,high,False,
katakuriko,katakuriko,2,lowercase_ascii_punct_strip,high,False,
sweetbreads,sweetbread,2,plural_singularized,high,False,
hong kong-style noodles,hong kong-style noodle,2,plural_singularized,high,False,
burgundy wine,burgundy wine,2,lowercase_ascii_punct_strip,high,False,
pancit canton,pancit canton,2,lowercase_ascii_punct_strip,high,False,
butterscotch sauce,butterscotch sauce,2,lowercase_ascii_punct_strip,high,False,
bottled italian dressing,bottled italian dressing,2,lowercase_ascii_punct_strip,high,False,
tricolor quinoa,tricolor quinoa,2,lowercase_ascii_punct_strip,high,False,
natural sugar,natural sugar,2,lowercase_ascii_punct_strip,high,False,
vanilla soy milk,vanilla soy milk,2,lowercase_ascii_punct_strip,high,False,
Jasmine brown rice,jasmine brown rice,2,lowercase_ascii_punct_strip,high,False,
dried fish flakes,fish flake,2,leading_descriptor_removed;plural_singularized,medium,False,
cereal flakes,cereal flake,2,plural_singularized,high,False,
whole wheat rotini pasta,wheat rotini pasta,2,leading_descriptor_removed,medium,False,
erythritol,erythritol,2,lowercase_ascii_punct_strip,high,False,
rooster,rooster,2,lowercase_ascii_punct_strip,high,False,
unsmoked bacon,unsmoked bacon,2,lowercase_ascii_punct_strip,high,False,
Breyers® Natural Vanilla Ice Cream,breyers natural vanilla ice cream,2,lowercase_ascii_punct_strip,high,False,
mini cucumbers,mini cucumber,2,plural_singularized,high,False,
low-fat cheddar,low-fat cheddar,2,lowercase_ascii_punct_strip,high,False,
whole wheat buns,wheat bun,2,leading_descriptor_removed;plural_singularized,medium,False,
hing (powder),hing powder,2,lowercase_ascii_punct_strip,high,False,
rustic bread,rustic bread,2,lowercase_ascii_punct_strip,high,False,
Wolf Brand Chili,wolf brand chili,2,lowercase_ascii_punct_strip,high,False,
"rotel pasta, cook and drain",rotel pasta cook and drain,2,lowercase_ascii_punct_strip,high,False,
preserv raspberri seedless,preserv raspberri seedless,2,lowercase_ascii_punct_strip,high,False,
chocolate truffle,chocolate truffle,2,lowercase_ascii_punct_strip,high,False,
organic coconut oil,coconut oil,2,leading_descriptor_removed,medium,False,
filling,filling,2,lowercase_ascii_punct_strip,high,False,
hibiscus,hibiscus,2,lowercase_ascii_punct_strip,high,False,
herbed goat cheese,herbed goat cheese,2,lowercase_ascii_punct_strip,high,False,
tomatoes on the vine,tomatoes on the vine,2,lowercase_ascii_punct_strip,high,False,
savoiardi,savoiardi,2,lowercase_ascii_punct_strip,high,False,
whipped butter,whipped butter,2,lowercase_ascii_punct_strip,high,False,
water packed artichoke hearts,water packed artichoke heart,2,plural_singularized,high,False,
citrus,citrus,2,lowercase_ascii_punct_strip,high,False,
cole slaw mix,cole slaw mix,2,lowercase_ascii_punct_strip,high,False,
baby artichokes,baby artichoke,2,plural_singularized,high,False,
glace de viande,glace de viande,2,lowercase_ascii_punct_strip,high,False,
cubed ham,cubed ham,2,lowercase_ascii_punct_strip,high,False,
luncheon meat,luncheon meat,2,lowercase_ascii_punct_strip,high,False,
turkey breast tenderloins,turkey breast tenderloin,2,plural_singularized,high,False,
canned jalapeno peppers,canned jalapeno pepper,2,plural_singularized,high,False,
papalo,papalo,2,lowercase_ascii_punct_strip,high,False,
wild garlic,wild garlic,2,lowercase_ascii_punct_strip,high,False,
boneless beef sirloin steak,beef sirloin steak,2,leading_descriptor_removed,medium,False,
hazelnut meal,hazelnut meal,2,lowercase_ascii_punct_strip,high,False,
pork tail,pork tail,2,lowercase_ascii_punct_strip,high,False,
mi,mi,2,lowercase_ascii_punct_strip,high,False,
nacho chips,nacho chip,2,plural_singularized,high,False,
chocolate chunks,chocolate chunk,2,plural_singularized,high,False,
regular sour cream,regular sour cream,2,lowercase_ascii_punct_strip,high,False,
Knorr® Fiesta Sides™ - Mexican Rice,fiesta sidestm - mexican rice,2,brand_prefix_removed,medium,False,Removed brand prefix `knorr`
Knox unflavored gelatin,knox unflavored gelatin,2,lowercase_ascii_punct_strip,high,False,
sucanat,sucanat,2,lowercase_ascii_punct_strip,high,False,
Texas toast bread,texas toast bread,2,lowercase_ascii_punct_strip,high,False,
vital wheat gluten,vital wheat gluten,2,lowercase_ascii_punct_strip,high,False,
veal tongue,veal tongue,2,lowercase_ascii_punct_strip,high,False,
non fat chicken stock,non fat chicken stock,2,lowercase_ascii_punct_strip,high,False,
reduced fat chunky peanut butter,reduced fat chunky peanut butter,2,lowercase_ascii_punct_strip,high,False,
cheese sticks,cheese stick,2,plural_singularized,high,False,
caciocavallo,caciocavallo,2,lowercase_ascii_punct_strip,high,False,
McCormick Parsley Flakes,parsley flake,2,brand_prefix_removed;plural_singularized,medium,False,Removed brand prefix `mccormick`
ground peppercorn,peppercorn,2,leading_descriptor_removed,medium,False,
alum,alum,2,lowercase_ascii_punct_strip,high,False,
flavored vinegar,flavored vinegar,2,lowercase_ascii_punct_strip,high,False,
low sodium broth,broth,2,leading_descriptor_removed,medium,False,
v8,v8,2,lowercase_ascii_punct_strip,high,False,
galanga,galanga,2,lowercase_ascii_punct_strip,high,False,
stir fry beef meat,stir fry beef meat,2,lowercase_ascii_punct_strip,high,False,
chocolate mousse,chocolate mousse,2,lowercase_ascii_punct_strip,high,False,
sweet baking chocolate,baking chocolate,2,leading_descriptor_removed,medium,False,
beef bouillon powder,beef bouillon powder,2,lowercase_ascii_punct_strip,high,False,
Land O Lakes® Butter,land o lakes butter,2,lowercase_ascii_punct_strip,high,False,
refined sugar,refined sugar,2,lowercase_ascii_punct_strip,high,False,
sorghum,sorghum,2,lowercase_ascii_punct_strip,high,False,
pea eggplants,pea eggplant,2,plural_singularized,high,False,
grated kefalotiri,kefalotiri,2,leading_descriptor_removed,medium,False,
white grapefruit,white grapefruit,2,lowercase_ascii_punct_strip,high,False,
bottom round,bottom round,2,lowercase_ascii_punct_strip,high,False,
reduced fat ricotta cheese,reduced fat ricotta cheese,2,lowercase_ascii_punct_strip,high,False,
asian barbecue sauce,asian barbecue sauce,2,lowercase_ascii_punct_strip,high,False,
breast of lamb,breast of lamb,2,lowercase_ascii_punct_strip,high,False,
Potatoes O'Brien,potatoes obrien,2,lowercase_ascii_punct_strip,high,False,
rockfish,rockfish,2,lowercase_ascii_punct_strip,high,False,
queso manchego,queso manchego,2,lowercase_ascii_punct_strip,high,False,
blade steak,blade steak,2,lowercase_ascii_punct_strip,high,False,
tofu puffs,tofu puff,2,plural_singularized,high,False,
asafetida (powder),asafetida powder,2,lowercase_ascii_punct_strip,high,False,
huitlacoche,huitlacoche,2,lowercase_ascii_punct_strip,high,False,
chile verde,chile verde,2,lowercase_ascii_punct_strip,high,False,
red bartlett pears,red bartlett pear,2,plural_singularized,high,False,
korma paste,korma paste,2,lowercase_ascii_punct_strip,high,False,
"whole peel tomatoes, undrain and chop",peel tomatoes undrain and chop,2,leading_descriptor_removed,medium,False,
semi firm tofu,semi firm tofu,2,lowercase_ascii_punct_strip,high,False,
gluten free cornmeal,gluten free cornmeal,2,lowercase_ascii_punct_strip,high,False,
turkey carcass,turkey carcass,2,lowercase_ascii_punct_strip,high,False,
sliced meat,meat,2,leading_descriptor_removed,medium,False,
bottled lime juice,bottled lime juice,2,lowercase_ascii_punct_strip,high,False,
bittersweet baking chocolate,bittersweet baking chocolate,2,lowercase_ascii_punct_strip,high,False,
poppy seed dressing,poppy seed dressing,2,lowercase_ascii_punct_strip,high,False,
chicory,chicory,2,lowercase_ascii_punct_strip,high,False,
disco empanada frozen,disco empanada frozen,2,lowercase_ascii_punct_strip,high,False,
white arborio rice,white arborio rice,2,lowercase_ascii_punct_strip,high,False,
miniature chocolate chips,miniature chocolate chip,2,plural_singularized,high,False,
sesame salt,sesame salt,2,lowercase_ascii_punct_strip,high,False,
crushed pretzels,pretzel,2,leading_descriptor_removed;plural_singularized,medium,False,
Barilla Plus Pasta,barilla plus pasta,1,lowercase_ascii_punct_strip,high,False,
dried lavender flowers,lavender flower,1,leading_descriptor_removed;plural_singularized,medium,False,
arctic char,arctic char,1,lowercase_ascii_punct_strip,high,False,
sandwich wraps,sandwich wrap,1,plural_singularized,high,False,
tonic water,tonic water,1,lowercase_ascii_punct_strip,high,False,
Chartreuse Liqueur,chartreuse liqueur,1,lowercase_ascii_punct_strip,high,False,
aloe juice,aloe juice,1,lowercase_ascii_punct_strip,high,False,
salt free chili powder,salt free chili powder,1,lowercase_ascii_punct_strip,high,False,
tofu sour cream,tofu sour cream,1,lowercase_ascii_punct_strip,high,False,
spicy salami,spicy salami,1,lowercase_ascii_punct_strip,high,False,
Honeysuckle White® Hot Italian Turkey Sausage Links,honeysuckle white hot italian turkey sausage link,1,plural_singularized,high,False,
chocolate extract,chocolate extract,1,lowercase_ascii_punct_strip,high,False,
chocolate graham crackers,chocolate graham cracker,1,plural_singularized,high,False,
cumberland sausage,cumberland sausage,1,lowercase_ascii_punct_strip,high,False,
cocktail pumpernickel bread,cocktail pumpernickel bread,1,lowercase_ascii_punct_strip,high,False,
chunky tomatoes,chunky tomatoe,1,plural_singularized,high,False,
Colman's Mustard Powder,colmans mustard powder,1,lowercase_ascii_punct_strip,high,False,
imitation seafood,imitation seafood,1,lowercase_ascii_punct_strip,high,False,
soft margarine,soft margarine,1,lowercase_ascii_punct_strip,high,False,
dark chocolate cocoa powder,chocolate cocoa powder,1,leading_descriptor_removed,medium,False,
granular sucrolose sweetener,granular sucrolose sweetener,1,lowercase_ascii_punct_strip,high,False,
Holland House White Wine Vinegar,holland house white wine vinegar,1,lowercase_ascii_punct_strip,high,False,
frankfurters,frankfurter,1,plural_singularized,high,False,
whipped dessert topping,whipped dessert topping,1,lowercase_ascii_punct_strip,high,False,
low-fat deli ham,low-fat deli ham,1,lowercase_ascii_punct_strip,high,False,
wild asparagus,wild asparagus,1,brand_term_present,medium,False,Brand term present `ragu`
young nettle,young nettle,1,lowercase_ascii_punct_strip,high,False,
no salt added canned tomatoes,no salt added canned tomatoe,1,plural_singularized,high,False,
green bellpepper,green bellpepper,1,lowercase_ascii_punct_strip,high,False,
cinnamon hot candy,cinnamon hot candy,1,lowercase_ascii_punct_strip,high,False,
Stonefire Tandoori Garlic Naan,stonefire tandoori garlic naan,1,lowercase_ascii_punct_strip,high,False,
cherry vinegar,cherry vinegar,1,lowercase_ascii_punct_strip,high,False,
whole wheat bread dough,wheat bread dough,1,leading_descriptor_removed,medium,False,
"tuna, drain and flake",tuna drain and flake,1,lowercase_ascii_punct_strip,high,False,
hakusai,hakusai,1,lowercase_ascii_punct_strip,high,False,
pumpkin seed mole,pumpkin seed mole,1,lowercase_ascii_punct_strip,high,False,
swanson chicken stock,swanson chicken stock,1,lowercase_ascii_punct_strip,high,False,
whole wheat sourdough bread,wheat sourdough bread,1,leading_descriptor_removed,medium,False,
linguisa,linguisa,1,lowercase_ascii_punct_strip,high,False,
cactus leaf,cactus leaf,1,lowercase_ascii_punct_strip,high,False,
hot pepperoni,pepperoni,1,leading_descriptor_removed,medium,False,
orgeat syrup,orgeat syrup,1,lowercase_ascii_punct_strip,high,False,
citric acid powder,citric acid powder,1,lowercase_ascii_punct_strip,high,False,
cooki vanilla wafer,cooki vanilla wafer,1,lowercase_ascii_punct_strip,high,False,
italian meatballs,italian meatball,1,plural_singularized,high,False,
honeycomb tripe,honeycomb tripe,1,lowercase_ascii_punct_strip,high,False,
nori furikake,nori furikake,1,lowercase_ascii_punct_strip,high,False,
Knorr Beef Stock Cubes,beef stock cube,1,brand_prefix_removed;plural_singularized,medium,False,Removed brand prefix `knorr`
shredded lowfat monterey jack cheese,lowfat monterey jack cheese,1,leading_descriptor_removed,medium,False,
huckleberries,huckleberry,1,plural_singularized,high,False,
chicken and rice soup,chicken and rice soup,1,lowercase_ascii_punct_strip,high,False,
cooked deli ham,deli ham,1,leading_descriptor_removed,medium,False,
vanilla low-fat frozen yogurt,vanilla low-fat frozen yogurt,1,lowercase_ascii_punct_strip,high,False,
pearl rice,pearl rice,1,lowercase_ascii_punct_strip,high,False,
Progresso Black Beans,progresso black bean,1,plural_singularized,high,False,
lotus leaves,lotus leave,1,plural_singularized,high,False,
sazon goya with coriander and annatto,sazon goya with coriander and annatto,1,lowercase_ascii_punct_strip,high,False,
crosswise,crosswise,1,lowercase_ascii_punct_strip,high,False,
skinless snapper fillets,snapper fillet,1,leading_descriptor_removed;plural_singularized,medium,False,
pike,pike,1,lowercase_ascii_punct_strip,high,False,
hot fudge topping,fudge topping,1,leading_descriptor_removed,medium,False,
matzos,matzo,1,plural_singularized,high,False,
Jagermeister Liqueur,jagermeister liqueur,1,lowercase_ascii_punct_strip,high,False,
kampyo,kampyo,1,lowercase_ascii_punct_strip,high,False,
katsuo dashi,katsuo dashi,1,lowercase_ascii_punct_strip,high,False,
meat fats,meat fat,1,plural_singularized,high,False,
pancit bihon,pancit bihon,1,lowercase_ascii_punct_strip,high,False,
fern,fern,1,lowercase_ascii_punct_strip,high,False,
eye of the round,eye of the round,1,lowercase_ascii_punct_strip,high,False,
shelled hemp seeds,shelled hemp seed,1,plural_singularized,high,False,
meat-filled tortellini,meat-filled tortellini,1,lowercase_ascii_punct_strip,high,False,
veal loin,veal loin,1,lowercase_ascii_punct_strip,high,False,
tree ears,tree ear,1,plural_singularized,high,False,
low sodium 96% fat free ham,96 fat free ham,1,leading_descriptor_removed,medium,False,
ammonium bicarbonate,ammonium bicarbonate,1,lowercase_ascii_punct_strip,high,False,
nonfat block cream cheese,nonfat block cream cheese,1,lowercase_ascii_punct_strip,high,False,
and cook drain pasta ziti,and cook drain pasta ziti,1,lowercase_ascii_punct_strip,high,False,
chilled seltzer,chilled seltzer,1,lowercase_ascii_punct_strip,high,False,
Heinz Tomato Ketchup,heinz tomato ketchup,1,lowercase_ascii_punct_strip,high,False,
apple puree,apple puree,1,lowercase_ascii_punct_strip,high,False,
veggie patties,veggie patty,1,plural_singularized,high,False,
pink lentil,pink lentil,1,lowercase_ascii_punct_strip,high,False,
low-fat sesame-ginger dressing,low-fat sesame-ginger dressing,1,lowercase_ascii_punct_strip,high,False,
coffee extract,coffee extract,1,lowercase_ascii_punct_strip,high,False,
sparkling rosé wine,sparkling rose wine,1,lowercase_ascii_punct_strip,high,False,
gelatin sheet,gelatin sheet,1,lowercase_ascii_punct_strip,high,False,
hierba santa,hierba santa,1,lowercase_ascii_punct_strip,high,False,
mineral water,mineral water,1,lowercase_ascii_punct_strip,high,False,
skinless chicken fillets,chicken fillet,1,leading_descriptor_removed;plural_singularized,medium,False,
awase miso,awase miso,1,lowercase_ascii_punct_strip,high,False,
crème de framboise,creme de framboise,1,lowercase_ascii_punct_strip,high,False,
hot italian pork sausage,italian pork sausage,1,leading_descriptor_removed,medium,False,
Pernod Liqueur,pernod liqueur,1,lowercase_ascii_punct_strip,high,False,
cabbage lettuce,cabbage lettuce,1,lowercase_ascii_punct_strip,high,False,
pork picnic roast,pork picnic roast,1,lowercase_ascii_punct_strip,high,False,
Flora pro.activ,flora pro activ,1,lowercase_ascii_punct_strip,high,False,
KRAFT Shredded Pepper Jack Cheese with a TOUCH OF PHILADELPHIA,pepper jack cheese with a touch of philadelphia,1,brand_prefix_removed;leading_descriptor_removed,medium,False,Removed brand prefix `kraft`
levain bread,levain bread,1,lowercase_ascii_punct_strip,high,False,
mint extract,mint extract,1,lowercase_ascii_punct_strip,high,False,
smoked rashers,smoked rasher,1,plural_singularized,high,False,
Jose Cuervo,jose cuervo,1,lowercase_ascii_punct_strip,high,False,
turkey breast steaks,turkey breast steak,1,plural_singularized,high,False,
bertolli organic tradit sauc,tradit sauc,1,brand_prefix_removed;leading_descriptor_removed,medium,False,Removed brand prefix `bertolli`
jambon de bayonne,jambon de bayonne,1,lowercase_ascii_punct_strip,high,False,
Toulouse sausage,toulouse sausage,1,lowercase_ascii_punct_strip,high,False,
popcorn chicken,popcorn chicken,1,lowercase_ascii_punct_strip,high,False,
taco seasoned cheese,taco seasoned cheese,1,lowercase_ascii_punct_strip,high,False,
agar agar flakes,agar agar flake,1,plural_singularized,high,False,
taro leaf,taro leaf,1,lowercase_ascii_punct_strip,high,False,
pepper leaves,pepper leave,1,plural_singularized,high,False,
pumpernickel,pumpernickel,1,lowercase_ascii_punct_strip,high,False,
homemade stock,homemade stock,1,lowercase_ascii_punct_strip,high,False,
root beer,root beer,1,lowercase_ascii_punct_strip,high,False,
melted fat,melted fat,1,lowercase_ascii_punct_strip,high,False,
Budweiser,budweiser,1,lowercase_ascii_punct_strip,high,False,
citrus peel,citrus peel,1,lowercase_ascii_punct_strip,high,False,
aleppo,aleppo,1,lowercase_ascii_punct_strip,high,False,
Pam No-Stick Cooking Spray,pam no-stick cooking spray,1,lowercase_ascii_punct_strip,high,False,
Jimmy Dean Pork Sausage,jimmy dean pork sausage,1,lowercase_ascii_punct_strip,high,False,
white almond bark,white almond bark,1,lowercase_ascii_punct_strip,high,False,
pastry tart shell,pastry tart shell,1,lowercase_ascii_punct_strip,high,False,
cashew milk,cashew milk,1,lowercase_ascii_punct_strip,high,False,
33% less sodium cooked ham,33 less sodium cooked ham,1,lowercase_ascii_punct_strip,high,False,
non dairy yogurt,non dairy yogurt,1,lowercase_ascii_punct_strip,high,False,
fillet of beef,fillet of beef,1,lowercase_ascii_punct_strip,high,False,
Quorn Chik''n Tenders,quorn chikn tender,1,plural_singularized,high,False,
ceci bean,ceci bean,1,lowercase_ascii_punct_strip,high,False,
Velveeta Queso Blanco,velveeta queso blanco,1,lowercase_ascii_punct_strip,high,False,
frozen mini ravioli,mini ravioli,1,leading_descriptor_removed,medium,False,
Johnsonville Andouille Dinner Sausage,johnsonville andouille dinner sausage,1,lowercase_ascii_punct_strip,high,False,
green pesto,green pesto,1,lowercase_ascii_punct_strip,high,False,
schnapps,schnapp,1,plural_singularized,high,False,
honey graham crackers,honey graham cracker,1,plural_singularized,high,False,
vanilla almondmilk,vanilla almondmilk,1,lowercase_ascii_punct_strip,high,False,
skinless chicken breast fillets,chicken breast fillet,1,leading_descriptor_removed;plural_singularized,medium,False,
knorr pasta side,pasta side,1,brand_prefix_removed,medium,False,Removed brand prefix `knorr`
nacho cheese tortilla chips,nacho cheese tortilla chip,1,plural_singularized,high,False,
panch phoran,panch phoran,1,lowercase_ascii_punct_strip,high,False,
organic soy sauce,soy sauce,1,leading_descriptor_removed,medium,False,
instant chicken bouillon granules,instant chicken bouillon granule,1,plural_singularized,high,False,
pork shanks,pork shank,1,plural_singularized,high,False,
goma,goma,1,lowercase_ascii_punct_strip,high,False,
salmon caviar,salmon caviar,1,lowercase_ascii_punct_strip,high,False,
sauerkraut juice,sauerkraut juice,1,lowercase_ascii_punct_strip,high,False,
frozen fruit,fruit,1,leading_descriptor_removed,medium,False,
cherry syrup,cherry syrup,1,lowercase_ascii_punct_strip,high,False,
Spice Islands Bay Leaves,spice islands bay leave,1,plural_singularized,high,False,
Mazola® Chicken Flavor Bouillon Powder,mazola chicken flavor bouillon powder,1,lowercase_ascii_punct_strip,high,False,
Elmlea single,elmlea single,1,lowercase_ascii_punct_strip,high,False,
nam prik,nam prik,1,lowercase_ascii_punct_strip,high,False,
ranch dip,ranch dip,1,lowercase_ascii_punct_strip,high,False,
knorr homestyl stock   beef,homestyl stock beef,1,brand_prefix_removed,medium,False,Removed brand prefix `knorr`
vanilla custard,vanilla custard,1,lowercase_ascii_punct_strip,high,False,
nigari tofu,nigari tofu,1,lowercase_ascii_punct_strip,high,False,
small potatoes,potatoe,1,leading_descriptor_removed;plural_singularized,medium,False,
rose hip tea bags,rose hip tea bag,1,plural_singularized,high,False,
whole garam masala,garam masala,1,leading_descriptor_removed,medium,False,
garbonzo bean,garbonzo bean,1,lowercase_ascii_punct_strip,high,False,
no-calorie sweetener,no-calorie sweetener,1,lowercase_ascii_punct_strip,high,False,
seafood glaze,seafood glaze,1,lowercase_ascii_punct_strip,high,False,
granita,granita,1,lowercase_ascii_punct_strip,high,False,
toasted sunflower seeds,toasted sunflower seed,1,plural_singularized,high,False,
energy drink,energy drink,1,lowercase_ascii_punct_strip,high,False,
cola-flavored carbonated beverage,cola-flavored carbonated beverage,1,lowercase_ascii_punct_strip,high,False,
skinless haddock,haddock,1,leading_descriptor_removed,medium,False,
whole wheat uncooked lasagna noodles,wheat uncooked lasagna noodle,1,leading_descriptor_removed;plural_singularized,medium,False,
reduced sodium cream of mushroom soup,cream of mushroom soup,1,leading_descriptor_removed,medium,False,
buttermilk self-rising white cornmeal mix,buttermilk self-rising white cornmeal mix,1,lowercase_ascii_punct_strip,high,False,
chapatti flour,chapatti flour,1,lowercase_ascii_punct_strip,high,False,
portuguese rolls,portuguese roll,1,plural_singularized,high,False,
red grapefruit juice,red grapefruit juice,1,lowercase_ascii_punct_strip,high,False,
oat groats,oat groat,1,plural_singularized,high,False,
cones,cone,1,plural_singularized,high,False,
smoked bratwurst,smoked bratwurst,1,lowercase_ascii_punct_strip,high,False,
cabernet,cabernet,1,lowercase_ascii_punct_strip,high,False,
Tamari Tamari,tamari tamari,1,lowercase_ascii_punct_strip,high,False,
basa fillets,basa fillet,1,plural_singularized,high,False,
canned salmon,canned salmon,1,lowercase_ascii_punct_strip,high,False,
ciabatta buns,ciabatta bun,1,plural_singularized,high,False,
thai black glutinous rice,thai black glutinous rice,1,lowercase_ascii_punct_strip,high,False,
chourico,chourico,1,lowercase_ascii_punct_strip,high,False,
chipped beef,chipped beef,1,lowercase_ascii_punct_strip,high,False,
imitation vanilla flavoring,imitation vanilla flavoring,1,lowercase_ascii_punct_strip,high,False,
Bob Evans Italian Sausage,bob evans italian sausage,1,lowercase_ascii_punct_strip,high,False,
english breakfast tea bags,english breakfast tea bag,1,plural_singularized,high,False,
italian pizza crust,italian pizza crust,1,lowercase_ascii_punct_strip,high,False,
extra firm silken tofu,firm silken tofu,1,leading_descriptor_removed,medium,False,
turbot fillets,turbot fillet,1,plural_singularized,high,False,
low-fat salad dressing,low-fat salad dressing,1,lowercase_ascii_punct_strip,high,False,
buckwheat honey,buckwheat honey,1,lowercase_ascii_punct_strip,high,False,
chocolate cookie crumbs,chocolate cookie crumb,1,plural_singularized,high,False,
San Marzano Crushed Tomatoes,san marzano crushed tomatoe,1,plural_singularized,high,False,
wine syrup,wine syrup,1,lowercase_ascii_punct_strip,high,False,
superfine white sugar,superfine white sugar,1,lowercase_ascii_punct_strip,high,False,
shrimp chips,shrimp chip,1,plural_singularized,high,False,
amberjack fillet,amberjack fillet,1,lowercase_ascii_punct_strip,high,False,
Green Giant™ sliced mushrooms,green gianttm sliced mushroom,1,plural_singularized,high,False,
soya flour,soya flour,1,lowercase_ascii_punct_strip,high,False,
garbanzo bean flour,garbanzo bean flour,1,lowercase_ascii_punct_strip,high,False,
Saffron Road Vegetable Broth,saffron road vegetable broth,1,lowercase_ascii_punct_strip,high,False,
accompaniment,accompaniment,1,lowercase_ascii_punct_strip,high,False,
country crock honey spread,honey spread,1,brand_prefix_removed,medium,False,Removed brand prefix `country crock`
kingfish,kingfish,1,lowercase_ascii_punct_strip,high,False,
bear,bear,1,lowercase_ascii_punct_strip,high,False,
falafel,falafel,1,lowercase_ascii_punct_strip,high,False,
pink salt,pink salt,1,lowercase_ascii_punct_strip,high,False,
refrigerated chocolate chip cookie dough,refrigerated chocolate chip cookie dough,1,lowercase_ascii_punct_strip,high,False,
ladys house seasoning,ladys house seasoning,1,lowercase_ascii_punct_strip,high,False,
mojo marinade,mojo marinade,1,lowercase_ascii_punct_strip,high,False,
vanilla vodka,vanilla vodka,1,lowercase_ascii_punct_strip,high,False,
white creme de cacao,white creme de cacao,1,lowercase_ascii_punct_strip,high,False,
goose liver,goose liver,1,lowercase_ascii_punct_strip,high,False,
graviera,graviera,1,lowercase_ascii_punct_strip,high,False,
Marshmallow Fluff,marshmallow fluff,1,lowercase_ascii_punct_strip,high,False,
vegan yogurt,vegan yogurt,1,lowercase_ascii_punct_strip,high,False,
acai juice,acai juice,1,lowercase_ascii_punct_strip,high,False,
low sodium fat free vegetable broth,fat free vegetable broth,1,leading_descriptor_removed,medium,False,
butternut,butternut,1,lowercase_ascii_punct_strip,high,False,
squid tube,squid tube,1,lowercase_ascii_punct_strip,high,False,
egg roll skins,egg roll skin,1,plural_singularized,high,False,
Boursin,boursin,1,lowercase_ascii_punct_strip,high,False,
skinless flounder fillets,flounder fillet,1,leading_descriptor_removed;plural_singularized,medium,False,
king oyster mushroom,king oyster mushroom,1,lowercase_ascii_punct_strip,high,False,
reduced sodium canned chicken broth,canned chicken broth,1,leading_descriptor_removed,medium,False,
mandarin juice,mandarin juice,1,lowercase_ascii_punct_strip,high,False,
low sodium stock,stock,1,leading_descriptor_removed,medium,False,
Meyer lemon peel,meyer lemon peel,1,lowercase_ascii_punct_strip,high,False,
savoy cabbage leaves,savoy cabbage leave,1,plural_singularized,high,False,
lowfat plain greekstyl yogurt,lowfat plain greekstyl yogurt,1,lowercase_ascii_punct_strip,high,False,
boneless skinless chicken tenderloins,chicken tenderloin,1,leading_descriptor_removed;leading_descriptor_removed;plural_singularized,medium,False,
rusk,rusk,1,lowercase_ascii_punct_strip,high,False,
"red vinegar white white, wine,",red vinegar white white wine,1,lowercase_ascii_punct_strip,high,False,
skinned boned duck breast halves,skinned boned duck breast halve,1,plural_singularized,high,False,
pound cake mix,pound cake mix,1,lowercase_ascii_punct_strip,high,False,
indian flat bread,indian flat bread,1,lowercase_ascii_punct_strip,high,False,
havarti,havarti,1,lowercase_ascii_punct_strip,high,False,
spiny lobsters,spiny lobster,1,plural_singularized,high,False,
Homemade Yogurt,homemade yogurt,1,lowercase_ascii_punct_strip,high,False,
BREAKSTONE'S Sour Cream,breakstones sour cream,1,lowercase_ascii_punct_strip,high,False,
pane di casa,pane di casa,1,lowercase_ascii_punct_strip,high,False,
burgundy snails,burgundy snail,1,plural_singularized,high,False,
whole wheat seasoned breadcrumbs,wheat seasoned breadcrumb,1,leading_descriptor_removed;plural_singularized,medium,False,
prune puree,prune puree,1,lowercase_ascii_punct_strip,high,False,
lemon olive oil,lemon olive oil,1,lowercase_ascii_punct_strip,high,False,
poppy seed filling,poppy seed filling,1,lowercase_ascii_punct_strip,high,False,
ground hazelnuts,hazelnut,1,leading_descriptor_removed;plural_singularized,medium,False,
yam noodles,yam noodle,1,plural_singularized,high,False,
teff,teff,1,lowercase_ascii_punct_strip,high,False,
psyllium husks,psyllium husk,1,plural_singularized,high,False,
gluten-free oat,gluten-free oat,1,lowercase_ascii_punct_strip,high,False,
yellowfin,yellowfin,1,lowercase_ascii_punct_strip,high,False,
masago,masago,1,lowercase_ascii_punct_strip,high,False,
multi-grain penne pasta,multi-grain penne pasta,1,lowercase_ascii_punct_strip,high,False,
leftover meat,leftover meat,1,lowercase_ascii_punct_strip,high,False,
Mae Ploy Sweet Chili Sauce,mae ploy sweet chili sauce,1,lowercase_ascii_punct_strip,high,False,
truffle butter,truffle butter,1,lowercase_ascii_punct_strip,high,False,
chocolate ice cream mix,chocolate ice cream mix,1,lowercase_ascii_punct_strip,high,False,
fat free whipped topping,fat free whipped topping,1,lowercase_ascii_punct_strip,high,False,
less sodium reduced fat ham,less sodium reduced fat ham,1,lowercase_ascii_punct_strip,high,False,
lotus seed paste,lotus seed paste,1,lowercase_ascii_punct_strip,high,False,
proscuitto di parma,proscuitto di parma,1,lowercase_ascii_punct_strip,high,False,
Tapatio Hot Sauce,tapatio hot sauce,1,lowercase_ascii_punct_strip,high,False,
crabapples,crabapple,1,plural_singularized,high,False,
angled loofah,angled loofah,1,lowercase_ascii_punct_strip,high,False,
regular chicken broth,regular chicken broth,1,lowercase_ascii_punct_strip,high,False,
arepa flour,arepa flour,1,lowercase_ascii_punct_strip,high,False,
butter salt,butter salt,1,lowercase_ascii_punct_strip,high,False,
red chard,red chard,1,lowercase_ascii_punct_strip,high,False,
whole grain spelt flour,grain spelt flour,1,leading_descriptor_removed,medium,False,
amontillado sherry,amontillado sherry,1,lowercase_ascii_punct_strip,high,False,
veal bones,veal bone,1,plural_singularized,high,False,
Knorr Chicken Stock Cubes,chicken stock cube,1,brand_prefix_removed;plural_singularized,medium,False,Removed brand prefix `knorr`
granulated tapioca,granulated tapioca,1,lowercase_ascii_punct_strip,high,False,
Ragu Golden Veggie Fettuccine Pasta,golden veggie fettuccine pasta,1,brand_prefix_removed,medium,False,Removed brand prefix `ragu`
Ragu Classic Alfredo Sauce,classic alfredo sauce,1,brand_prefix_removed,medium,False,Removed brand prefix `ragu`
Tyson Crispy Chicken Strips,tyson crispy chicken strip,1,plural_singularized,high,False,
semi-soft cheese,semi-soft cheese,1,lowercase_ascii_punct_strip,high,False,
"frozen orange juice concentrate, thawed and undiluted",orange juice concentrate thawed and undiluted,1,leading_descriptor_removed,medium,False,
low fat mild Italian turkey sausage,low fat mild italian turkey sausage,1,lowercase_ascii_punct_strip,high,False,
whole wheat orzo,wheat orzo,1,leading_descriptor_removed,medium,False,
Mission Yellow Corn Tortillas,mission yellow corn tortilla,1,plural_singularized,high,False,
petrale sole,petrale sole,1,lowercase_ascii_punct_strip,high,False,
margarine spread,margarine spread,1,lowercase_ascii_punct_strip,high,False,
pain au levain,pain au levain,1,lowercase_ascii_punct_strip,high,False,
clementine sections,clementine section,1,plural_singularized,high,False,
chuck tender,chuck tender,1,lowercase_ascii_punct_strip,high,False,
Flora Original,flora original,1,lowercase_ascii_punct_strip,high,False,
darjeeling tea leaves,darjeeling tea leave,1,plural_singularized,high,False,
wasabe,wasabe,1,lowercase_ascii_punct_strip,high,False,
reduced sodium garbanzos,garbanzo,1,leading_descriptor_removed;plural_singularized,medium,False,
brownie layer,brownie layer,1,lowercase_ascii_punct_strip,high,False,
back ribs,back rib,1,plural_singularized,high,False,
whole wheat sandwich bread,wheat sandwich bread,1,leading_descriptor_removed,medium,False,
chicken in water,chicken in water,1,lowercase_ascii_punct_strip,high,False,
low-fat white sauce,low-fat white sauce,1,lowercase_ascii_punct_strip,high,False,
poured fondant,poured fondant,1,lowercase_ascii_punct_strip,high,False,
food gel,food gel,1,lowercase_ascii_punct_strip,high,False,
dark turkey meat,turkey meat,1,leading_descriptor_removed,medium,False,
Vegeta Seasoning,vegeta seasoning,1,lowercase_ascii_punct_strip,high,False,
tuscan sausage,tuscan sausage,1,lowercase_ascii_punct_strip,high,False,
malted milk powder,malted milk powder,1,lowercase_ascii_punct_strip,high,False,
Martha White Cornbread Mix,martha white cornbread mix,1,lowercase_ascii_punct_strip,high,False,
icing mix,icing mix,1,lowercase_ascii_punct_strip,high,False,
lap cheong,lap cheong,1,lowercase_ascii_punct_strip,high,False,
avocado dressing,avocado dressing,1,lowercase_ascii_punct_strip,high,False,
light kidney beans,kidney bean,1,leading_descriptor_removed;plural_singularized,medium,False,
white bread slices,white bread slice,1,plural_singularized,high,False,
mora chiles,mora chile,1,plural_singularized,high,False,
double smoked bacon,double smoked bacon,1,lowercase_ascii_punct_strip,high,False,
Mazola Canola Oil,mazola canola oil,1,lowercase_ascii_punct_strip,high,False,
seasoned croutons,seasoned crouton,1,plural_singularized,high,False,
moose,moose,1,lowercase_ascii_punct_strip,high,False,
soya cheese,soya cheese,1,lowercase_ascii_punct_strip,high,False,
kumquats in syrup,kumquats in syrup,1,lowercase_ascii_punct_strip,high,False,
dried allspice berries,allspice berry,1,leading_descriptor_removed;plural_singularized,medium,False,
soup bones,soup bone,1,plural_singularized,high,False,
turkey meatballs,turkey meatball,1,plural_singularized,high,False,
Royal Baking Powder,royal baking powder,1,lowercase_ascii_punct_strip,high,False,
single malt Scotch,single malt scotch,1,lowercase_ascii_punct_strip,high,False,
beef cheek,beef cheek,1,lowercase_ascii_punct_strip,high,False,
honey mustard dressing,honey mustard dressing,1,lowercase_ascii_punct_strip,high,False,
whole wheat bread cubes,wheat bread cube,1,leading_descriptor_removed;plural_singularized,medium,False,
vanilla frozen yogurt,vanilla frozen yogurt,1,lowercase_ascii_punct_strip,high,False,
pangasius,pangasius,1,lowercase_ascii_punct_strip,high,False,
kippered herring fillets,kippered herring fillet,1,plural_singularized,high,False,
lesser galangal,lesser galangal,1,lowercase_ascii_punct_strip,high,False,
hard cheese,hard cheese,1,lowercase_ascii_punct_strip,high,False,
filipino eggplant,filipino eggplant,1,lowercase_ascii_punct_strip,high,False,
cured meats,cured meat,1,plural_singularized,high,False,
Ragu Sauce,sauce,1,brand_prefix_removed,medium,False,Removed brand prefix `ragu`
honey liqueur,honey liqueur,1,lowercase_ascii_punct_strip,high,False,
ricard,ricard,1,lowercase_ascii_punct_strip,high,False,
waffle fries,waffle fry,1,plural_singularized,high,False,
unsweetened iced tea,unsweetened iced tea,1,lowercase_ascii_punct_strip,high,False,
jamaican jerk rub,jamaican jerk rub,1,lowercase_ascii_punct_strip,high,False,
korean buckwheat noodles,korean buckwheat noodle,1,plural_singularized,high,False,
royal olives,royal olive,1,plural_singularized,high,False,
San Marzano Diced Tomatoes,san marzano diced tomatoe,1,plural_singularized,high,False,
Wish-Bone Light Italian Dressing,wish-bone light italian dressing,1,lowercase_ascii_punct_strip,high,False,
pot pie,pot pie,1,lowercase_ascii_punct_strip,high,False,
cassava root flour,cassava root flour,1,lowercase_ascii_punct_strip,high,False,
Taiwanese bok choy,taiwanese bok choy,1,lowercase_ascii_punct_strip,high,False,
membrillo,membrillo,1,lowercase_ascii_punct_strip,high,False,
shank half,shank half,1,lowercase_ascii_punct_strip,high,False,
atlantic cod fillets,atlantic cod fillet,1,plural_singularized,high,False,
dried tagliatelle,tagliatelle,1,leading_descriptor_removed,medium,False,
flowering garlic chives,flowering garlic chive,1,plural_singularized,high,False,
Yoplait® Greek 2% caramel yogurt,greek 2 caramel yogurt,1,brand_prefix_removed,medium,False,Removed brand prefix `yoplait`
lemon vodka,lemon vodka,1,lowercase_ascii_punct_strip,high,False,
Fisher Pecans,fisher pecan,1,plural_singularized,high,False,
whole wheat cereal,wheat cereal,1,leading_descriptor_removed,medium,False,
uni,uni,1,lowercase_ascii_punct_strip,high,False,
yogurt dressing,yogurt dressing,1,lowercase_ascii_punct_strip,high,False,
New York Style Panetini® toasts,new york style panetini toast,1,plural_singularized,high,False,
reduced sodium beef stock,beef stock,1,leading_descriptor_removed,medium,False,
wish-bone light asian sesame ginger vinaigrette dressing,wish-bone light asian sesame ginger vinaigrette dressing,1,lowercase_ascii_punct_strip,high,False,
hickory smoke,hickory smoke,1,lowercase_ascii_punct_strip,high,False,
tuaca,tuaca,1,lowercase_ascii_punct_strip,high,False,
mooli,mooli,1,lowercase_ascii_punct_strip,high,False,
instant chicken bouillon,instant chicken bouillon,1,lowercase_ascii_punct_strip,high,False,
banana flower,banana flower,1,lowercase_ascii_punct_strip,high,False,
crushed saltines,saltine,1,leading_descriptor_removed;plural_singularized,medium,False,
tomato jam,tomato jam,1,lowercase_ascii_punct_strip,high,False,
scones,scone,1,plural_singularized,high,False,
long green chilies,long green chily,1,plural_singularized,high,False,
candied bacon,candied bacon,1,lowercase_ascii_punct_strip,high,False,
bâtarde,batarde,1,lowercase_ascii_punct_strip,high,False,
red vinegar,red vinegar,1,lowercase_ascii_punct_strip,high,False,
dumpling dough,dumpling dough,1,lowercase_ascii_punct_strip,high,False,
tamarind purée,tamarind puree,1,lowercase_ascii_punct_strip,high,False,
shoulder steak,shoulder steak,1,lowercase_ascii_punct_strip,high,False,
shortbread,shortbread,1,lowercase_ascii_punct_strip,high,False,
orchid,orchid,1,lowercase_ascii_punct_strip,high,False,
extra lean minced beef,minced beef,1,leading_descriptor_removed;leading_descriptor_removed,medium,False,
barley grits,barley grit,1,plural_singularized,high,False,
dragon fruit,dragon fruit,1,lowercase_ascii_punct_strip,high,False,
ciabatta roll,ciabatta roll,1,lowercase_ascii_punct_strip,high,False,
sweet turkey sausage,turkey sausage,1,leading_descriptor_removed,medium,False,
whole grain roll,grain roll,1,leading_descriptor_removed,medium,False,
Cara Cara orange,cara cara orange,1,lowercase_ascii_punct_strip,high,False,
brandy extract,brandy extract,1,lowercase_ascii_punct_strip,high,False,
fresh dates,date,1,leading_descriptor_removed;plural_singularized,medium,False,
salted seaweed,seaweed,1,leading_descriptor_removed,medium,False,
chestnut flour,chestnut flour,1,lowercase_ascii_punct_strip,high,False,
cooking salt,cooking salt,1,lowercase_ascii_punct_strip,high,False,
lipton recip secret golden onion soup mix,recip secret golden onion soup mix,1,brand_prefix_removed,medium,False,Removed brand prefix `lipton`
green tomato relish,green tomato relish,1,lowercase_ascii_punct_strip,high,False,
pimenton de la vera,pimenton de la vera,1,lowercase_ascii_punct_strip,high,False,
low fat graham cracker crumbs,low fat graham cracker crumb,1,plural_singularized,high,False,
macarons,macaron,1,plural_singularized,high,False,
sauce mix,sauce mix,1,lowercase_ascii_punct_strip,high,False,
saki,saki,1,lowercase_ascii_punct_strip,high,False,
goat milk feta,goat milk feta,1,lowercase_ascii_punct_strip,high,False,
pork sausage links,pork sausage link,1,plural_singularized,high,False,
almond oil,almond oil,1,lowercase_ascii_punct_strip,high,False,
haloumi,haloumi,1,lowercase_ascii_punct_strip,high,False,
garlic naan,garlic naan,1,lowercase_ascii_punct_strip,high,False,
fine grain salt,grain salt,1,leading_descriptor_removed,medium,False,
Bertolli® Arrabbiata Sauce,arrabbiata sauce,1,brand_prefix_removed,medium,False,Removed brand prefix `bertolli`
cuttlefish,cuttlefish,1,lowercase_ascii_punct_strip,high,False,
mushroom broth,mushroom broth,1,lowercase_ascii_punct_strip,high,False,
red mustard,red mustard,1,lowercase_ascii_punct_strip,high,False,
low-fat bottled italian dressing,low-fat bottled italian dressing,1,lowercase_ascii_punct_strip,high,False,
lapsang,lapsang,1,lowercase_ascii_punct_strip,high,False,
hillshire farms low fat sausage,hillshire farms low fat sausage,1,lowercase_ascii_punct_strip,high,False,
barbecue seasoning,barbecue seasoning,1,lowercase_ascii_punct_strip,high,False,
wondra,wondra,1,lowercase_ascii_punct_strip,high,False,
Lipton Sparkling Diet Green Tea with Strawberry Kiwi,sparkling diet green tea with strawberry kiwi,1,brand_prefix_removed,medium,False,Removed brand prefix `lipton`
low-fat vegetable primavera spaghetti sauce,low-fat vegetable primavera spaghetti sauce,1,lowercase_ascii_punct_strip,high,False,
hamachi fillets,hamachi fillet,1,plural_singularized,high,False,
agave tequila,agave tequila,1,lowercase_ascii_punct_strip,high,False,
low fat chunky mushroom pasta sauce,low fat chunky mushroom pasta sauce,1,lowercase_ascii_punct_strip,high,False,
sesame seeds buns,sesame seeds bun,1,plural_singularized,high,False,
low sodium parmesan cheese,parmesan cheese,1,leading_descriptor_removed,medium,False,
whole wheat pasta shells,wheat pasta shell,1,leading_descriptor_removed;plural_singularized,medium,False,
asian black bean sauce,asian black bean sauce,1,lowercase_ascii_punct_strip,high,False,
low sodium low fat pasta sauce,low fat pasta sauce,1,leading_descriptor_removed,medium,False,
jumbo macaroni shells,jumbo macaroni shell,1,plural_singularized,high,False,
miso sesame grilling sauce,miso sesame grilling sauce,1,lowercase_ascii_punct_strip,high,False,
cross rib roast,cross rib roast,1,lowercase_ascii_punct_strip,high,False,
pink food coloring,pink food coloring,1,lowercase_ascii_punct_strip,high,False,
bai cai,bai cai,1,lowercase_ascii_punct_strip,high,False,
trout caviar,trout caviar,1,lowercase_ascii_punct_strip,high,False,
Ortega Tostada Shells,ortega tostada shell,1,plural_singularized,high,False,
high gluten bread flour,high gluten bread flour,1,lowercase_ascii_punct_strip,high,False,
Cavenders Greek Seasoning,cavenders greek seasoning,1,lowercase_ascii_punct_strip,high,False,
bone in,bone in,1,lowercase_ascii_punct_strip,high,False,
"8 ounc ziti pasta, cook and drain",8 ounc ziti pasta cook and drain,1,lowercase_ascii_punct_strip,high,False,
Elmlea Single Light,elmlea single light,1,lowercase_ascii_punct_strip,high,False,
Flora Buttery,flora buttery,1,lowercase_ascii_punct_strip,high,False,
smithfield ham,smithfield ham,1,lowercase_ascii_punct_strip,high,False,
soft rolls,soft roll,1,plural_singularized,high,False,
chimichurri,chimichurri,1,lowercase_ascii_punct_strip,high,False,
boneless moulard duck breast halves,moulard duck breast halve,1,leading_descriptor_removed;plural_singularized,medium,False,
kielbasa (not low fat),kielbasa not low fat,1,lowercase_ascii_punct_strip,high,False,
habanero powder,habanero powder,1,lowercase_ascii_punct_strip,high,False,
gravy mix mushroom,gravy mix mushroom,1,lowercase_ascii_punct_strip,high,False,
vegetable fats,vegetable fat,1,plural_singularized,high,False,
unsalted beef stock,beef stock,1,leading_descriptor_removed,medium,False,
chocolate leaves,chocolate leave,1,plural_singularized,high,False,
leftover steak,leftover steak,1,lowercase_ascii_punct_strip,high,False,
shiraz,shiraz,1,lowercase_ascii_punct_strip,high,False,
frozen cranberry juice concentrate,cranberry juice concentrate,1,leading_descriptor_removed,medium,False,
plain seltzer,plain seltzer,1,lowercase_ascii_punct_strip,high,False,
beef hot dogs,beef hot dog,1,plural_singularized,high,False,
oriental radish,oriental radish,1,lowercase_ascii_punct_strip,high,False,
wish bone red wine vinaigrett dress,red wine vinaigrett dress,1,brand_prefix_removed,medium,False,Removed brand prefix `wish bone`
canned peas and carrots,canned peas and carrot,1,plural_singularized,high,False,
foccacia,foccacia,1,lowercase_ascii_punct_strip,high,False,
Asian sweet chili sauce,asian sweet chili sauce,1,lowercase_ascii_punct_strip,high,False,
maifun,maifun,1,lowercase_ascii_punct_strip,high,False,
freeze-dried strawberries,freeze-dried strawberry,1,plural_singularized,high,False,
kalamata olive halves,kalamata olive halve,1,plural_singularized,high,False,
cinnamon graham crackers,cinnamon graham cracker,1,plural_singularized,high,False,
vegetable gumbo mixture,vegetable gumbo mixture,1,lowercase_ascii_punct_strip,high,False,
black mushrooms,black mushroom,1,plural_singularized,high,False,
sheepshead,sheepshead,1,lowercase_ascii_punct_strip,high,False,
lamb bouillon cube,lamb bouillon cube,1,lowercase_ascii_punct_strip,high,False,
Knorr® Fiesta Sides Spanish Rice,fiesta sides spanish rice,1,brand_prefix_removed,medium,False,Removed brand prefix `knorr`
pork rub,pork rub,1,lowercase_ascii_punct_strip,high,False,
whole wheat spaghettini,wheat spaghettini,1,leading_descriptor_removed,medium,False,
Robert Mondavi Fume Blanc,robert mondavi fume blanc,1,lowercase_ascii_punct_strip,high,False,
store bought low sodium vegetable stock,store bought low sodium vegetable stock,1,lowercase_ascii_punct_strip,high,False,
habas,haba,1,plural_singularized,high,False,
instant banana cream pudding,instant banana cream pudding,1,lowercase_ascii_punct_strip,high,False,
vegan coffee creamer,vegan coffee creamer,1,lowercase_ascii_punct_strip,high,False,
salted roasted almonds,roasted almond,1,leading_descriptor_removed;plural_singularized,medium,False,
lavender honey,lavender honey,1,lowercase_ascii_punct_strip,high,False,
light cream or half and half,cream or half and half,1,leading_descriptor_removed,medium,False,
lipton green tea bag,green tea bag,1,brand_prefix_removed,medium,False,Removed brand prefix `lipton`
chinese wolfberries,chinese wolfberry,1,plural_singularized,high,False,
bulb fennel,bulb fennel,1,lowercase_ascii_punct_strip,high,False,
low sodium canned chicken broth,canned chicken broth,1,leading_descriptor_removed,medium,False,
Ragu® Robusto!® Pasta Sauce,robusto pasta sauce,1,brand_prefix_removed,medium,False,Removed brand prefix `ragu`
white quinoa,white quinoa,1,lowercase_ascii_punct_strip,high,False,
smoked mozzarella,smoked mozzarella,1,lowercase_ascii_punct_strip,high,False,
tamari almonds,tamari almond,1,plural_singularized,high,False,
Jose Cuervo Gold Tequila,jose cuervo gold tequila,1,lowercase_ascii_punct_strip,high,False,
creamy gravy,creamy gravy,1,lowercase_ascii_punct_strip,high,False,
sorghum molasses,sorghum molasse,1,plural_singularized,high,False,
butter flavor vegetable shortening,butter flavor vegetable shortening,1,lowercase_ascii_punct_strip,high,False,
dried barberries,barberry,1,leading_descriptor_removed;plural_singularized,medium,False,
double-dark soi sauc,double-dark soi sauc,1,lowercase_ascii_punct_strip,high,False,
kim chee,kim chee,1,lowercase_ascii_punct_strip,high,False,
red anjou pears,red anjou pear,1,plural_singularized,high,False,
ikura,ikura,1,lowercase_ascii_punct_strip,high,False,
empanada wrappers,empanada wrapper,1,plural_singularized,high,False,
leek tops,leek top,1,plural_singularized,high,False,
Swanson Vegetable Broth,swanson vegetable broth,1,lowercase_ascii_punct_strip,high,False,
whole wheat bread flour,wheat bread flour,1,leading_descriptor_removed,medium,False,
lamb seasoning,lamb seasoning,1,lowercase_ascii_punct_strip,high,False,
dried mango,mango,1,leading_descriptor_removed,medium,False,
lobster stock,lobster stock,1,lowercase_ascii_punct_strip,high,False,
reduced sodium chicken stock,chicken stock,1,leading_descriptor_removed,medium,False,
apple schnapps,apple schnapp,1,plural_singularized,high,False,
Kroger Black Beans,kroger black bean,1,plural_singularized,high,False,
sodium reduced chicken broth,sodium reduced chicken broth,1,lowercase_ascii_punct_strip,high,False,
italian sauce,italian sauce,1,lowercase_ascii_punct_strip,high,False,
Crisco Pure Canola Oil,pure canola oil,1,brand_prefix_removed,medium,False,Removed brand prefix `crisco`
fat-free parmesan cheese,fat-free parmesan cheese,1,lowercase_ascii_punct_strip,high,False,
chile colorado,chile colorado,1,lowercase_ascii_punct_strip,high,False,
Imperial Sugar Light Brown Sugar,imperial sugar light brown sugar,1,lowercase_ascii_punct_strip,high,False,
sweet & sour stir fry sauce,and sour stir fry sauce,1,leading_descriptor_removed,medium,False,
red wine vinaigrette,red wine vinaigrette,1,lowercase_ascii_punct_strip,high,False,
frozen basil,basil,1,leading_descriptor_removed,medium,False,
fruit puree,fruit puree,1,lowercase_ascii_punct_strip,high,False,
cod cheeks,cod cheek,1,plural_singularized,high,False,
cream yogurt,cream yogurt,1,lowercase_ascii_punct_strip,high,False,
Italian seasoned panko bread crumbs,italian seasoned panko bread crumb,1,plural_singularized,high,False,
chocolate sticks,chocolate stick,1,plural_singularized,high,False,
sodium reduced beef broth,sodium reduced beef broth,1,lowercase_ascii_punct_strip,high,False,
adobo style seasoning,adobo style seasoning,1,lowercase_ascii_punct_strip,high,False,
seville oranges,seville orange,1,plural_singularized,high,False,
pepperidge farm puff pastry sheets,pepperidge farm puff pastry sheet,1,plural_singularized,high,False,
loose leaf black tea,loose leaf black tea,1,lowercase_ascii_punct_strip,high,False,
Earth Balance Natural Buttery Spread,earth balance natural buttery spread,1,lowercase_ascii_punct_strip,high,False,
bone-in short ribs,bone-in short rib,1,plural_singularized,high,False,
nashi,nashi,1,lowercase_ascii_punct_strip,high,False,
sucralose sweetener,sucralose sweetener,1,lowercase_ascii_punct_strip,high,False,
vegetable slaw,vegetable slaw,1,lowercase_ascii_punct_strip,high,False,
corn muffin,corn muffin,1,lowercase_ascii_punct_strip,high,False,
shaved chocolate,shaved chocolate,1,lowercase_ascii_punct_strip,high,False,
medium whole wheat tortillas,wheat tortilla,1,leading_descriptor_removed;leading_descriptor_removed;plural_singularized,medium,False,
blue curaçao,blue curacao,1,lowercase_ascii_punct_strip,high,False,
preshred low fat mozzarella chees,preshred low fat mozzarella chee,1,plural_singularized,high,False,
vanilla glaze,vanilla glaze,1,lowercase_ascii_punct_strip,high,False,
breakfast sausage links,breakfast sausage link,1,plural_singularized,high,False,
chinese jujubes,chinese jujube,1,plural_singularized,high,False,
sweetened red beans,sweetened red bean,1,plural_singularized,high,False,
whole wheat pita bread rounds,wheat pita bread round,1,leading_descriptor_removed;plural_singularized,medium,False,
clam sauce,clam sauce,1,lowercase_ascii_punct_strip,high,False,
turtle,turtle,1,lowercase_ascii_punct_strip,high,False,
dry fettuccine,dry fettuccine,1,lowercase_ascii_punct_strip,high,False,
english walnuts,english walnut,1,plural_singularized,high,False,
whole wheat penne rigate,wheat penne rigate,1,leading_descriptor_removed,medium,False,
jamaican jerk marinade,jamaican jerk marinade,1,lowercase_ascii_punct_strip,high,False,
morcilla,morcilla,1,lowercase_ascii_punct_strip,high,False,
buttercup squash,buttercup squash,1,lowercase_ascii_punct_strip,high,False,
lemon twists,lemon twist,1,plural_singularized,high,False,
boneless skinless turkey breasts,turkey breast,1,leading_descriptor_removed;leading_descriptor_removed;plural_singularized,medium,False,
petits pois,petits poi,1,plural_singularized,high,False,
goose,goose,1,lowercase_ascii_punct_strip,high,False,
cassis liqueur,cassis liqueur,1,lowercase_ascii_punct_strip,high,False,
mini pepperoni slices,mini pepperoni slice,1,plural_singularized,high,False,
marshmallow vodka,marshmallow vodka,1,lowercase_ascii_punct_strip,high,False,
gluten-free rolled oats,gluten-free rolled oat,1,plural_singularized,high,False,
Johnsonville Hot & Spicy Breakfast Links,johnsonville hot and spicy breakfast link,1,plural_singularized,high,False,
turkey mince,turkey mince,1,lowercase_ascii_punct_strip,high,False,
pork tenderloin medallions,pork tenderloin medallion,1,plural_singularized,high,False,
pancake batter,pancake batter,1,lowercase_ascii_punct_strip,high,False,
dried hibiscus blossoms,hibiscus blossom,1,leading_descriptor_removed;plural_singularized,medium,False,
blackcurrant syrup,blackcurrant syrup,1,lowercase_ascii_punct_strip,high,False,
high-fructose corn syrup,high-fructose corn syrup,1,lowercase_ascii_punct_strip,high,False,
Velveeta Cheese Spread,velveeta cheese spread,1,lowercase_ascii_punct_strip,high,False,
anise basil,anise basil,1,lowercase_ascii_punct_strip,high,False,
India Pale Ale,india pale ale,1,lowercase_ascii_punct_strip,high,False,
dried arbol chile,arbol chile,1,leading_descriptor_removed,medium,False,
boneless beef round steak,beef round steak,1,leading_descriptor_removed,medium,False,
chicken chorizo sausages,chicken chorizo sausage,1,plural_singularized,high,False,
Quorn crumbles,quorn crumble,1,plural_singularized,high,False,
DeLallo Extra Virgin Olive Oil,delallo extra virgin olive oil,1,lowercase_ascii_punct_strip,high,False,
chilcostle chile,chilcostle chile,1,lowercase_ascii_punct_strip,high,False,
america,america,1,lowercase_ascii_punct_strip,high,False,
chorizo spanish,chorizo spanish,1,lowercase_ascii_punct_strip,high,False,
Johnsonville Andouille Fully Cooked Sausage,johnsonville andouille fully cooked sausage,1,lowercase_ascii_punct_strip,high,False,
Klondike Rose red skin potato,klondike rose red skin potato,1,lowercase_ascii_punct_strip,high,False,
reposado,reposado,1,lowercase_ascii_punct_strip,high,False,
cream of tomato soup,cream of tomato soup,1,lowercase_ascii_punct_strip,high,False,
and carrot green pea,and carrot green pea,1,lowercase_ascii_punct_strip,high,False,
essence seasoning,essence seasoning,1,lowercase_ascii_punct_strip,high,False,
country style italian bread,country style italian bread,1,lowercase_ascii_punct_strip,high,False,
orange roughy fillet,orange roughy fillet,1,lowercase_ascii_punct_strip,high,False,
Rotel Diced Tomatoes & Green Chilies,rotel diced tomatoes and green chily,1,plural_singularized,high,False,
Earth Balance Buttery Spread,earth balance buttery spread,1,lowercase_ascii_punct_strip,high,False,
boneless chops,chop,1,leading_descriptor_removed;plural_singularized,medium,False,
boy choy,boy choy,1,lowercase_ascii_punct_strip,high,False,
kamut flour,kamut flour,1,lowercase_ascii_punct_strip,high,False,
chinese buns,chinese bun,1,plural_singularized,high,False,
hamachi,hamachi,1,lowercase_ascii_punct_strip,high,False,
Jimmy Dean All Natural Regular Pork Sausage,jimmy dean all natural regular pork sausage,1,lowercase_ascii_punct_strip,high,False,
smoked eel,smoked eel,1,lowercase_ascii_punct_strip,high,False,
less sodium mushroom flavored soy sauce,less sodium mushroom flavored soy sauce,1,lowercase_ascii_punct_strip,high,False,
plum wine,plum wine,1,lowercase_ascii_punct_strip,high,False,
Conimex Wok Olie,conimex wok olie,1,lowercase_ascii_punct_strip,high,False,
Conimex Woksaus Specials Vietnamese Gember Knoflook,conimex woksaus specials vietnamese gember knoflook,1,lowercase_ascii_punct_strip,high,False,
morsels,morsel,1,plural_singularized,high,False,
low sodium pinto beans,pinto bean,1,leading_descriptor_removed;plural_singularized,medium,False,
seafood base,seafood base,1,lowercase_ascii_punct_strip,high,False,
unsweetened vanilla almond milk,unsweetened vanilla almond milk,1,lowercase_ascii_punct_strip,high,False,
green soybeans,green soybean,1,plural_singularized,high,False,
roasted chili paste,roasted chili paste,1,lowercase_ascii_punct_strip,high,False,
blackpepper,blackpepper,1,lowercase_ascii_punct_strip,high,False,
store-bought pound cake,store-bought pound cake,1,lowercase_ascii_punct_strip,high,False,
JOHNSONVILLE Hot & Spicy Sausage Slices,johnsonville hot and spicy sausage slice,1,plural_singularized,high,False,
vegetable-filled ravioli,vegetable-filled ravioli,1,lowercase_ascii_punct_strip,high,False,
dasheen,dasheen,1,lowercase_ascii_punct_strip,high,False,
ragu cheesi doubl cheddar sauc,cheesi doubl cheddar sauc,1,brand_prefix_removed,medium,False,Removed brand prefix `ragu`
raw prawn,raw prawn,1,lowercase_ascii_punct_strip,high,False,
chocolate chip cookie dough ice cream,chocolate chip cookie dough ice cream,1,lowercase_ascii_punct_strip,high,False,
seville orange juice,seville orange juice,1,lowercase_ascii_punct_strip,high,False,
low-fat feta,low-fat feta,1,lowercase_ascii_punct_strip,high,False,
duck sauce,duck sauce,1,lowercase_ascii_punct_strip,high,False,
oat milk,oat milk,1,lowercase_ascii_punct_strip,high,False,
reduced fat reduced sodium tomato and herb pasta sauce,reduced fat reduced sodium tomato and herb pasta sauce,1,lowercase_ascii_punct_strip,high,False,
dairy free coconut ice cream,dairy free coconut ice cream,1,lowercase_ascii_punct_strip,high,False,
chicharron,chicharron,1,lowercase_ascii_punct_strip,high,False,
cooked fettuccini,fettuccini,1,leading_descriptor_removed,medium,False,
banana bread,banana bread,1,lowercase_ascii_punct_strip,high,False,
turkey salami,turkey salami,1,lowercase_ascii_punct_strip,high,False,
cereal,cereal,1,lowercase_ascii_punct_strip,high,False,
peach vodka,peach vodka,1,lowercase_ascii_punct_strip,high,False,
gluten flour,gluten flour,1,lowercase_ascii_punct_strip,high,False,
rich turkey stock,rich turkey stock,1,lowercase_ascii_punct_strip,high,False,
crumbled corn bread,crumbled corn bread,1,lowercase_ascii_punct_strip,high,False,
greek style seasoning,greek style seasoning,1,lowercase_ascii_punct_strip,high,False,
mild sausage,mild sausage,1,lowercase_ascii_punct_strip,high,False,
rape,rape,1,lowercase_ascii_punct_strip,high,False,
fresh flounder fillets,flounder fillet,1,leading_descriptor_removed;plural_singularized,medium,False,
kosher wine,kosher wine,1,lowercase_ascii_punct_strip,high,False,
chinese celery cabbage,chinese celery cabbage,1,lowercase_ascii_punct_strip,high,False,
matcha,matcha,1,lowercase_ascii_punct_strip,high,False,
buttermilk ranch dressing,buttermilk ranch dressing,1,lowercase_ascii_punct_strip,high,False,
opo squash,opo squash,1,lowercase_ascii_punct_strip,high,False,
butter-flavored spray,butter-flavored spray,1,lowercase_ascii_punct_strip,high,False,
hoagi or roll,hoagi or roll,1,lowercase_ascii_punct_strip,high,False,
candied jalapeno,candied jalapeno,1,lowercase_ascii_punct_strip,high,False,
coconut chips,coconut chip,1,plural_singularized,high,False,
organic butter,butter,1,leading_descriptor_removed,medium,False,
Soy Vay® Toasted Sesame Dressing & Marinade,soy vay toasted sesame dressing and marinade,1,lowercase_ascii_punct_strip,high,False,
knorr italian side   creami garlic shell,italian side creami garlic shell,1,brand_prefix_removed,medium,False,Removed brand prefix `knorr`
"fresh spinach leaves, rins and pat dry",spinach leaves rins and pat dry,1,leading_descriptor_removed,medium,False,
peppermint schnapps,peppermint schnapp,1,plural_singularized,high,False,
meat seasoning,meat seasoning,1,lowercase_ascii_punct_strip,high,False,
whole wheat thin italian pizza crust,wheat thin italian pizza crust,1,leading_descriptor_removed,medium,False,
Bordelaise sauce,bordelaise sauce,1,lowercase_ascii_punct_strip,high,False,
unsweetened dried coconut,unsweetened dried coconut,1,lowercase_ascii_punct_strip,high,False,
sports drink,sports drink,1,lowercase_ascii_punct_strip,high,False,
Mexican lager beer,mexican lager beer,1,lowercase_ascii_punct_strip,high,False,
asparagus bean,asparagus bean,1,brand_term_present,medium,False,Brand term present `ragu`
oil of orange,oil of orange,1,lowercase_ascii_punct_strip,high,False,
chicken pan drippings,chicken pan dripping,1,plural_singularized,high,False,
lemon pudding,lemon pudding,1,lowercase_ascii_punct_strip,high,False,
green figs,green fig,1,plural_singularized,high,False,
Tuttorosso Diced Tomatoes,tuttorosso diced tomatoe,1,plural_singularized,high,False,
hazelnut flour,hazelnut flour,1,lowercase_ascii_punct_strip,high,False,
Soy Vay® Veri Veri Teriyaki® Marinade & Sauce,soy vay veri veri teriyaki marinade and sauce,1,lowercase_ascii_punct_strip,high,False,
herb dressing,herb dressing,1,lowercase_ascii_punct_strip,high,False,
salted roasted pecans,roasted pecan,1,leading_descriptor_removed;plural_singularized,medium,False,
grana,grana,1,lowercase_ascii_punct_strip,high,False,
poundcake,poundcake,1,lowercase_ascii_punct_strip,high,False,
blueberry pie filling,blueberry pie filling,1,lowercase_ascii_punct_strip,high,False,
beer batter,beer batter,1,lowercase_ascii_punct_strip,high,False,
purple grapes,purple grape,1,plural_singularized,high,False,
low-fat vegetarian chili with beans,low-fat vegetarian chili with bean,1,plural_singularized,high,False,
pinhead oatmeal,pinhead oatmeal,1,lowercase_ascii_punct_strip,high,False,
semisweet chocolate chunks,semisweet chocolate chunk,1,plural_singularized,high,False,
fine egg noodles,egg noodle,1,leading_descriptor_removed;plural_singularized,medium,False,
Domino Confectioners Sugar,domino confectioners sugar,1,lowercase_ascii_punct_strip,high,False,
leg of veal,leg of veal,1,lowercase_ascii_punct_strip,high,False,
sodium free chicken broth,sodium free chicken broth,1,lowercase_ascii_punct_strip,high,False,
instant butterscotch pudding mix,instant butterscotch pudding mix,1,lowercase_ascii_punct_strip,high,False,
cabbage head,cabbage head,1,lowercase_ascii_punct_strip,high,False,
sugarcane juice,sugarcane juice,1,lowercase_ascii_punct_strip,high,False,
frozen potatoes,potatoe,1,leading_descriptor_removed;plural_singularized,medium,False,
bagel chips,bagel chip,1,plural_singularized,high,False,
jamaican jerk,jamaican jerk,1,lowercase_ascii_punct_strip,high,False,
beef shin,beef shin,1,lowercase_ascii_punct_strip,high,False,
cornstarch noodles,cornstarch noodle,1,plural_singularized,high,False,
non dairy sour cream,non dairy sour cream,1,lowercase_ascii_punct_strip,high,False,
peanut powder,peanut powder,1,lowercase_ascii_punct_strip,high,False,
vegetarian chicken,vegetarian chicken,1,lowercase_ascii_punct_strip,high,False,
wish-bone light country italian dressing,wish-bone light country italian dressing,1,lowercase_ascii_punct_strip,high,False,
Alexia Waffle Fries,alexia waffle fry,1,plural_singularized,high,False,
sesame seed paste,sesame seed paste,1,lowercase_ascii_punct_strip,high,False,
yucca root,yucca root,1,lowercase_ascii_punct_strip,high,False,
pansies,pansy,1,plural_singularized,high,False,
chocolate fudge ice cream,chocolate fudge ice cream,1,lowercase_ascii_punct_strip,high,False,
chocolatecovered espresso beans,chocolatecovered espresso bean,1,plural_singularized,high,False,
burger style crumbles,burger style crumble,1,plural_singularized,high,False,
strawberry yogurt,strawberry yogurt,1,lowercase_ascii_punct_strip,high,False,
corn niblets,corn niblet,1,plural_singularized,high,False,
tallow,tallow,1,lowercase_ascii_punct_strip,high,False,
Kahlua Liqueur,kahlua liqueur,1,lowercase_ascii_punct_strip,high,False,
Estancia Pinot Noir,estancia pinot noir,1,lowercase_ascii_punct_strip,high,False,
distilled malt vinegar,distilled malt vinegar,1,lowercase_ascii_punct_strip,high,False,
fermented bean curd,fermented bean curd,1,lowercase_ascii_punct_strip,high,False,
herb cheese,herb cheese,1,lowercase_ascii_punct_strip,high,False,
mrs. dash seasoning mix,mrs dash seasoning mix,1,lowercase_ascii_punct_strip,high,False,
Tipo 00 flour,tipo 00 flour,1,lowercase_ascii_punct_strip,high,False,
Heinz Ketchup,heinz ketchup,1,lowercase_ascii_punct_strip,high,False,
dark crème de cacao,creme de cacao,1,leading_descriptor_removed,medium,False,
organic granulated sugar,sugar,1,leading_descriptor_removed;universal_flag,medium,True,
satsuma juice,satsuma juice,1,lowercase_ascii_punct_strip,high,False,
braising beef,braising beef,1,lowercase_ascii_punct_strip,high,False,
piment despelette,piment despelette,1,lowercase_ascii_punct_strip,high,False,
lamb strips,lamb strip,1,plural_singularized,high,False,
au jus gravy,au jus gravy,1,lowercase_ascii_punct_strip,high,False,
maraschino,maraschino,1,lowercase_ascii_punct_strip,high,False,
whole wheat fusilli,wheat fusilli,1,leading_descriptor_removed,medium,False,
guacamole seasoning mix,guacamole seasoning mix,1,lowercase_ascii_punct_strip,high,False,
sazon goya,sazon goya,1,lowercase_ascii_punct_strip,high,False,
shishito chile,shishito chile,1,lowercase_ascii_punct_strip,high,False,
custard dessert mix,custard dessert mix,1,lowercase_ascii_punct_strip,high,False,
franks,frank,1,plural_singularized,high,False,
seafood breader,seafood breader,1,lowercase_ascii_punct_strip,high,False,
Vadouvan curry,vadouvan curry,1,lowercase_ascii_punct_strip,high,False,
crusty whole wheat toast,crusty whole wheat toast,1,lowercase_ascii_punct_strip,high,False,
longan,longan,1,lowercase_ascii_punct_strip,high,False,
table syrup,table syrup,1,lowercase_ascii_punct_strip,high,False,
water crackers,water cracker,1,plural_singularized,high,False,
lingcod,lingcod,1,lowercase_ascii_punct_strip,high,False,
osetra caviar,osetra caviar,1,lowercase_ascii_punct_strip,high,False,
A Taste of Thai Rice Noodles,a taste of thai rice noodle,1,plural_singularized,high,False,
asakusa nori,asakusa nori,1,lowercase_ascii_punct_strip,high,False,
veal kidneys,veal kidney,1,plural_singularized,high,False,
crusty loaf,crusty loaf,1,lowercase_ascii_punct_strip,high,False,
egg pasta,egg pasta,1,lowercase_ascii_punct_strip,high,False,
prepared coleslaw,prepared coleslaw,1,lowercase_ascii_punct_strip,high,False,
pasta wagon wheel,pasta wagon wheel,1,lowercase_ascii_punct_strip,high,False,
apricot jelly,apricot jelly,1,lowercase_ascii_punct_strip,high,False,
crushed peppermint candy,peppermint candy,1,leading_descriptor_removed,medium,False,
dinosaur kale,dinosaur kale,1,lowercase_ascii_punct_strip,high,False,
sparkling sangria tradicional,sparkling sangria tradicional,1,lowercase_ascii_punct_strip,high,False,
mandarin pancakes,mandarin pancake,1,plural_singularized,high,False,
champagne grapes,champagne grape,1,plural_singularized,high,False,
Knudsen Light Sour Cream,knudsen light sour cream,1,lowercase_ascii_punct_strip,high,False,
plain soy yogurt,plain soy yogurt,1,lowercase_ascii_punct_strip,high,False,
green cauliflower,green cauliflower,1,lowercase_ascii_punct_strip,high,False,
low-fat balsamic vinaigrette,low-fat balsamic vinaigrette,1,lowercase_ascii_punct_strip,high,False,
ornamental kale,ornamental kale,1,lowercase_ascii_punct_strip,high,False,
roasted bell peppers,roasted bell pepper,1,plural_singularized,high,False,
bertolli vodka sauc made with fresh cream,vodka sauc made with fresh cream,1,brand_prefix_removed,medium,False,Removed brand prefix `bertolli`
branston pickle,branston pickle,1,lowercase_ascii_punct_strip,high,False,
japanese style bread crumbs,japanese style bread crumb,1,plural_singularized,high,False,
fruit juice,fruit juice,1,lowercase_ascii_punct_strip,high,False,
McCormick Poppy Seed,poppy seed,1,brand_prefix_removed,medium,False,Removed brand prefix `mccormick`
Franks Hot Sauce,franks hot sauce,1,lowercase_ascii_punct_strip,high,False,
whole crab,crab,1,leading_descriptor_removed,medium,False,
Guinness Lager,guinness lager,1,lowercase_ascii_punct_strip,high,False,
longaniza,longaniza,1,lowercase_ascii_punct_strip,high,False,
glucose syrup,glucose syrup,1,lowercase_ascii_punct_strip,high,False,
chinese pea pods,chinese pea pod,1,plural_singularized,high,False,
bran flakes,bran flake,1,plural_singularized,high,False,
barramundi fillets,barramundi fillet,1,plural_singularized,high,False,
sweet chorizo,chorizo,1,leading_descriptor_removed,medium,False,
Adobo All Purpose Seasoning,adobo all purpose seasoning,1,lowercase_ascii_punct_strip,high,False,
McCormick Ground White Pepper,white pepper,1,brand_prefix_removed;leading_descriptor_removed,medium,False,Removed brand prefix `mccormick`
dhaniya powder,dhaniya powder,1,lowercase_ascii_punct_strip,high,False,
Hidden Valley® Original Ranch® Spicy Ranch Dressing,original ranch spicy ranch dressing,1,brand_prefix_removed,medium,False,Removed brand prefix `hidden valley`
cauliflowerets,caulifloweret,1,plural_singularized,high,False,
candied citron peel,candied citron peel,1,lowercase_ascii_punct_strip,high,False,
amber rum,amber rum,1,lowercase_ascii_punct_strip,high,False,
sliced beets,beet,1,leading_descriptor_removed;plural_singularized,medium,False,
orange roughy,orange roughy,1,lowercase_ascii_punct_strip,high,False,
33% less sodium smoked fully cooked ham,33 less sodium smoked fully cooked ham,1,lowercase_ascii_punct_strip,high,False,
evaporated low-fat 2% milk,evaporated low-fat 2 milk,1,lowercase_ascii_punct_strip,high,False,
wing sauce,wing sauce,1,lowercase_ascii_punct_strip,high,False,
boneless pork tenderloin,pork tenderloin,1,leading_descriptor_removed,medium,False,
lambrusco,lambrusco,1,lowercase_ascii_punct_strip,high,False,
granular no-calorie sucralose sweetener,granular no-calorie sucralose sweetener,1,lowercase_ascii_punct_strip,high,False,
korean vermicelli,korean vermicelli,1,lowercase_ascii_punct_strip,high,False,
ragu pizza quick sauc,pizza quick sauc,1,brand_prefix_removed,medium,False,Removed brand prefix `ragu`
bock beer,bock beer,1,lowercase_ascii_punct_strip,high,False,
pina colada mix,pina colada mix,1,lowercase_ascii_punct_strip,high,False,
king salmon,king salmon,1,lowercase_ascii_punct_strip,high,False,
chopmeat,chopmeat,1,lowercase_ascii_punct_strip,high,False,
biga,biga,1,lowercase_ascii_punct_strip,high,False,
chicken salad,chicken salad,1,lowercase_ascii_punct_strip,high,False,
sweet soy,soy,1,leading_descriptor_removed,medium,False,
rock cornish game hens,rock cornish game hen,1,plural_singularized,high,False,
peppadews,peppadew,1,plural_singularized,high,False,
deviled ham,deviled ham,1,lowercase_ascii_punct_strip,high,False,
cardoons,cardoon,1,plural_singularized,high,False,
fillet medallions,fillet medallion,1,plural_singularized,high,False,
ground poppy seed,poppy seed,1,leading_descriptor_removed,medium,False,
new mexico chile pods,new mexico chile pod,1,plural_singularized,high,False,
nonhydrogenated margarine,nonhydrogenated margarine,1,lowercase_ascii_punct_strip,high,False,
gluten free chicken broth,gluten free chicken broth,1,lowercase_ascii_punct_strip,high,False,
gluten-free baking powder,gluten-free baking powder,1,lowercase_ascii_punct_strip,high,False,
chinese baby corn,chinese baby corn,1,lowercase_ascii_punct_strip,high,False,
herbsaint,herbsaint,1,lowercase_ascii_punct_strip,high,False,
pullman loaf,pullman loaf,1,lowercase_ascii_punct_strip,high,False,
cherry coke,cherry coke,1,lowercase_ascii_punct_strip,high,False,
reduced fat cream of mushroom soup,reduced fat cream of mushroom soup,1,lowercase_ascii_punct_strip,high,False,
Uncle Ben's Ready Rice Whole Grain Brown Rice,uncle bens ready rice whole grain brown rice,1,lowercase_ascii_punct_strip,high,False,
granary bread,granary bread,1,lowercase_ascii_punct_strip,high,False,
arrow root,arrow root,1,lowercase_ascii_punct_strip,high,False,
seasoned ground turkey,seasoned ground turkey,1,lowercase_ascii_punct_strip,high,False,
TABASCO® Chipotle Pepper Sauce,tabasco chipotle pepper sauce,1,lowercase_ascii_punct_strip,high,False,
Greek black olives,greek black olive,1,plural_singularized,high,False,
plum jam,plum jam,1,lowercase_ascii_punct_strip,high,False,
grilled chicken strips,grilled chicken strip,1,plural_singularized,high,False,
japanese pumpkin,japanese pumpkin,1,lowercase_ascii_punct_strip,high,False,
vegan chicken flavored bouillon,vegan chicken flavored bouillon,1,lowercase_ascii_punct_strip,high,False,
watermelon radishes,watermelon radishe,1,plural_singularized,high,False,
long buns,long bun,1,plural_singularized,high,False,
baobab fruit powder,baobab fruit powder,1,lowercase_ascii_punct_strip,high,False,
low sodium tomato paste,tomato paste,1,leading_descriptor_removed,medium,False,
cinnamon candy canes,cinnamon candy cane,1,plural_singularized,high,False,
Yoplait® Greek 100 blackberry pie yogurt,greek 100 blackberry pie yogurt,1,brand_prefix_removed,medium,False,Removed brand prefix `yoplait`
comice pears,comice pear,1,plural_singularized,high,False,
tea cake,tea cake,1,lowercase_ascii_punct_strip,high,False,
reduced sodium kidney beans,kidney bean,1,leading_descriptor_removed;plural_singularized,medium,False,
dark soy,soy,1,leading_descriptor_removed,medium,False,
kappa,kappa,1,lowercase_ascii_punct_strip,high,False,
japanese peanuts,japanese peanut,1,plural_singularized,high,False,
strawberry extract,strawberry extract,1,lowercase_ascii_punct_strip,high,False,
maple flavored extract,maple flavored extract,1,lowercase_ascii_punct_strip,high,False,
whole grain English muffins,grain english muffin,1,leading_descriptor_removed;plural_singularized,medium,False,
vegetarian protein crumbles,vegetarian protein crumble,1,plural_singularized,high,False,
treviso,treviso,1,lowercase_ascii_punct_strip,high,False,
claws,claw,1,plural_singularized,high,False,
pumpkin seed oil,pumpkin seed oil,1,lowercase_ascii_punct_strip,high,False,
boneless skinless chicken thigh fillets,chicken thigh fillet,1,leading_descriptor_removed;leading_descriptor_removed;plural_singularized,medium,False,
Betty Crocker™ oatmeal cookie mix,betty crockertm oatmeal cookie mix,1,lowercase_ascii_punct_strip,high,False,
multigrain cereal,multigrain cereal,1,lowercase_ascii_punct_strip,high,False,
artisan bread,artisan bread,1,lowercase_ascii_punct_strip,high,False,
standing rib roast,standing rib roast,1,lowercase_ascii_punct_strip,high,False,
bénédictine,benedictine,1,lowercase_ascii_punct_strip,high,False,
dried strawberries,strawberry,1,leading_descriptor_removed;plural_singularized,medium,False,
demi baguette,demi baguette,1,lowercase_ascii_punct_strip,high,False,
pecan pie,pecan pie,1,lowercase_ascii_punct_strip,high,False,
shoga,shoga,1,lowercase_ascii_punct_strip,high,False,
torpedo rolls,torpedo roll,1,plural_singularized,high,False,
nonfat vanilla yogurt,nonfat vanilla yogurt,1,lowercase_ascii_punct_strip,high,False,
Minute White Rice,minute white rice,1,lowercase_ascii_punct_strip,high,False,
sweet cream butter,cream butter,1,leading_descriptor_removed,medium,False,
dark meat,meat,1,leading_descriptor_removed,medium,False,
whole wheat tortilla wraps,wheat tortilla wrap,1,leading_descriptor_removed;plural_singularized,medium,False,
fried wonton strips,fried wonton strip,1,plural_singularized,high,False,
Ibarra Chocolate,ibarra chocolate,1,lowercase_ascii_punct_strip,high,False,
whole wheat potato buns,wheat potato bun,1,leading_descriptor_removed;plural_singularized,medium,False,
boneless magret duck breast halves,magret duck breast halve,1,leading_descriptor_removed;plural_singularized,medium,False,
blacan,blacan,1,lowercase_ascii_punct_strip,high,False,
shredded low-fat jarlsberg cheese,low-fat jarlsberg cheese,1,leading_descriptor_removed,medium,False,
smoked hog jowl,smoked hog jowl,1,lowercase_ascii_punct_strip,high,False,
bean curd stick,bean curd stick,1,lowercase_ascii_punct_strip,high,False,
skinless mahi mahi fillets,mahi mahi fillet,1,leading_descriptor_removed;plural_singularized,medium,False,
house seasoning,house seasoning,1,lowercase_ascii_punct_strip,high,False,
white tuna,white tuna,1,lowercase_ascii_punct_strip,high,False,
Crystal Farms® Shredded Cheddar Cheese,crystal farms shredded cheddar cheese,1,lowercase_ascii_punct_strip,high,False,
old fashioned stone ground grits,old fashioned stone ground grit,1,plural_singularized,high,False,
whole grain thin spaghetti,grain thin spaghetti,1,leading_descriptor_removed,medium,False,
raw buckwheat groats,raw buckwheat groat,1,plural_singularized,high,False,
orange flavored brandy,orange flavored brandy,1,lowercase_ascii_punct_strip,high,False,
Hawaiian salt,hawaiian salt,1,lowercase_ascii_punct_strip,high,False,
sliced mango,mango,1,leading_descriptor_removed,medium,False,
extra,extra,1,lowercase_ascii_punct_strip,high,False,
padron peppers,padron pepper,1,plural_singularized,high,False,
farfalline,farfalline,1,lowercase_ascii_punct_strip,high,False,
stem ginger,stem ginger,1,lowercase_ascii_punct_strip,high,False,
topside steak,topside steak,1,lowercase_ascii_punct_strip,high,False,
marrons glacés,marrons glace,1,plural_singularized,high,False,
blueberri preserv,blueberri preserv,1,lowercase_ascii_punct_strip,high,False,
wish bone guacamol ranch dress,guacamol ranch dress,1,brand_prefix_removed,medium,False,Removed brand prefix `wish bone`
artificial sweetener,artificial sweetener,1,lowercase_ascii_punct_strip,high,False,
braggs liquid aminos,braggs liquid amino,1,plural_singularized,high,False,
Truvía® natural sweetener,truvia natural sweetener,1,lowercase_ascii_punct_strip,high,False,
ground turkey sausage,turkey sausage,1,leading_descriptor_removed,medium,False,
lamb rib roast,lamb rib roast,1,lowercase_ascii_punct_strip,high,False,
butter flavor shortening,butter flavor shortening,1,lowercase_ascii_punct_strip,high,False,
turkey ham,turkey ham,1,lowercase_ascii_punct_strip,high,False,
baby okra,baby okra,1,lowercase_ascii_punct_strip,high,False,
fuji apples,fuji apple,1,plural_singularized,high,False,
chocolate drink,chocolate drink,1,lowercase_ascii_punct_strip,high,False,
hickory-flavored liquid smoke,hickory-flavored liquid smoke,1,lowercase_ascii_punct_strip,high,False,
smoked turkey drumstick,smoked turkey drumstick,1,lowercase_ascii_punct_strip,high,False,
low-fat crème fraîche,low-fat creme fraiche,1,lowercase_ascii_punct_strip,high,False,
stellette,stellette,1,lowercase_ascii_punct_strip,high,False,
skinless and boneless chicken breast fillet,and boneless chicken breast fillet,1,leading_descriptor_removed,medium,False,
honey whiskey,honey whiskey,1,lowercase_ascii_punct_strip,high,False,
prune juice,prune juice,1,lowercase_ascii_punct_strip,high,False,
chuck short ribs,chuck short rib,1,plural_singularized,high,False,
dried pineapple,pineapple,1,leading_descriptor_removed,medium,False,
JOHNSONVILLE® Hot 'N Spicy Brats,johnsonville hot n spicy brat,1,plural_singularized,high,False,
Gourmet Garden Oregano,gourmet garden oregano,1,lowercase_ascii_punct_strip,high,False,
lamb neck fillets,lamb neck fillet,1,plural_singularized,high,False,
Old El Paso™ mild red enchilada sauce,old el pasotm mild red enchilada sauce,1,brand_term_present,medium,False,Brand term present `old el paso`
sandwich steak,sandwich steak,1,lowercase_ascii_punct_strip,high,False,
flower petals,flower petal,1,plural_singularized,high,False,
chiltepín,chiltepin,1,lowercase_ascii_punct_strip,high,False,
garlic olive oil,garlic olive oil,1,lowercase_ascii_punct_strip,high,False,
cake mix or white yellow,cake mix or white yellow,1,lowercase_ascii_punct_strip,high,False,
liquorice,liquorice,1,lowercase_ascii_punct_strip,high,False,
umeboshi plum vinegar,umeboshi plum vinegar,1,lowercase_ascii_punct_strip,high,False,
light brown muscavado sugar,brown muscavado sugar,1,leading_descriptor_removed,medium,False,
coffee low-fat frozen yogurt,coffee low-fat frozen yogurt,1,lowercase_ascii_punct_strip,high,False,
creamed spinach,creamed spinach,1,lowercase_ascii_punct_strip,high,False,
crumpet,crumpet,1,lowercase_ascii_punct_strip,high,False,
boned skinned duck breast halves,boned skinned duck breast halve,1,plural_singularized,high,False,
yoghurt natural low fat,yoghurt natural low fat,1,lowercase_ascii_punct_strip,high,False,
lapsang souchong,lapsang souchong,1,lowercase_ascii_punct_strip,high,False,
raspberry fruit spread,raspberry fruit spread,1,lowercase_ascii_punct_strip,high,False,
smoked chorizo,smoked chorizo,1,lowercase_ascii_punct_strip,high,False,
Karo Corn Syrup,karo corn syrup,1,lowercase_ascii_punct_strip,high,False,
garland chrysanthemum,garland chrysanthemum,1,lowercase_ascii_punct_strip,high,False,
caramel flavored syrup,caramel flavored syrup,1,lowercase_ascii_punct_strip,high,False,
Fisher Pecan Halves,fisher pecan halve,1,plural_singularized,high,False,
Azteca Flour Tortillas,azteca flour tortilla,1,plural_singularized,high,False,
KRAFT Original Barbecue Sauce,original barbecue sauce,1,brand_prefix_removed,medium,False,Removed brand prefix `kraft`
thick curds,thick curd,1,plural_singularized,high,False,
century eggs,century egg,1,plural_singularized,high,False,
limeade,limeade,1,lowercase_ascii_punct_strip,high,False,
kewra,kewra,1,lowercase_ascii_punct_strip,high,False,
chile con queso,chile con queso,1,lowercase_ascii_punct_strip,high,False,
saba,saba,1,lowercase_ascii_punct_strip,high,False,
peach purée,peach puree,1,lowercase_ascii_punct_strip,high,False,
low sodium chili sauce,chili sauce,1,leading_descriptor_removed,medium,False,
sugar cane juice,sugar cane juice,1,lowercase_ascii_punct_strip,high,False,
redcurrant jelly,redcurrant jelly,1,lowercase_ascii_punct_strip,high,False,
large sausage casing,sausage casing,1,leading_descriptor_removed,medium,False,
strawberry gelatin,strawberry gelatin,1,lowercase_ascii_punct_strip,high,False,
hellmannâ€™ or best food canola cholesterol free mayonnais,hellmannatm or best food canola cholesterol free mayonnai,1,brand_term_present;plural_singularized,medium,False,Brand term present `hellmann`
harusame,harusame,1,lowercase_ascii_punct_strip,high,False,
sparkling lemonade,sparkling lemonade,1,lowercase_ascii_punct_strip,high,False,
low sodium cajun seasoning,cajun seasoning,1,leading_descriptor_removed,medium,False,
white grapefruit juice,white grapefruit juice,1,lowercase_ascii_punct_strip,high,False,
lamb kidneys,lamb kidney,1,plural_singularized,high,False,
italian style rolls,italian style roll,1,plural_singularized,high,False,
Pillsbury™ Crescent Recipe Creations® refrigerated seamless dough sheet,pillsburytm crescent recipe creations refrigerated seamless dough sheet,1,lowercase_ascii_punct_strip,high,False,
sodium free chicken stock,sodium free chicken stock,1,lowercase_ascii_punct_strip,high,False,
mesquite flavored seasoning mix,mesquite flavored seasoning mix,1,lowercase_ascii_punct_strip,high,False,
Louisiana Cajun Seasoning,louisiana cajun seasoning,1,lowercase_ascii_punct_strip,high,False,
dark lager,lager,1,leading_descriptor_removed,medium,False,
asian,asian,1,lowercase_ascii_punct_strip,high,False,
powdered sugar icing,powdered sugar icing,1,lowercase_ascii_punct_strip,high,False,
skinless boneless turkey breast halves,boneless turkey breast halve,1,leading_descriptor_removed;plural_singularized,medium,False,
lemon cucumber,lemon cucumber,1,lowercase_ascii_punct_strip,high,False,
scrod,scrod,1,lowercase_ascii_punct_strip,high,False,
cubed mango,cubed mango,1,lowercase_ascii_punct_strip,high,False,
v 8 juice,v 8 juice,1,lowercase_ascii_punct_strip,high,False,
crushed pistachio,pistachio,1,leading_descriptor_removed,medium,False,
kippers,kipper,1,plural_singularized,high,False,
balm leaves,balm leave,1,plural_singularized,high,False,
banana extract,banana extract,1,lowercase_ascii_punct_strip,high,False,
yellowtail,yellowtail,1,lowercase_ascii_punct_strip,high,False,
belacan,belacan,1,lowercase_ascii_punct_strip,high,False,
branzino fillets,branzino fillet,1,plural_singularized,high,False,
ginger liqueur,ginger liqueur,1,lowercase_ascii_punct_strip,high,False,
masur dal,masur dal,1,lowercase_ascii_punct_strip,high,False,
fowl,fowl,1,lowercase_ascii_punct_strip,high,False,
basil olive oil,basil olive oil,1,lowercase_ascii_punct_strip,high,False,
arame,arame,1,lowercase_ascii_punct_strip,high,False,
venison steaks,venison steak,1,plural_singularized,high,False,
malt,malt,1,lowercase_ascii_punct_strip,high,False,
hops,hop,1,plural_singularized,high,False,
flaked oats,flaked oat,1,plural_singularized,high,False,
dried chipotle pepper,chipotle pepper,1,leading_descriptor_removed,medium,False,
vindaloo paste,vindaloo paste,1,lowercase_ascii_punct_strip,high,False,
carbonated beverages,carbonated beverage,1,plural_singularized,high,False,
Sargento® Traditional Cut Shredded Mozzarella Cheese,traditional cut shredded mozzarella cheese,1,brand_prefix_removed,medium,False,Removed brand prefix `sargento`
low fat cream of celery soup,low fat cream of celery soup,1,lowercase_ascii_punct_strip,high,False,
benne seed,benne seed,1,lowercase_ascii_punct_strip,high,False,
muscovy,muscovy,1,lowercase_ascii_punct_strip,high,False,
cinnamon ice cream,cinnamon ice cream,1,lowercase_ascii_punct_strip,high,False,
chai tea concentrate,chai tea concentrate,1,lowercase_ascii_punct_strip,high,False,
absinthe,absinthe,1,lowercase_ascii_punct_strip,high,False,
Mountain Dew Soda,mountain dew soda,1,lowercase_ascii_punct_strip,high,False,
sour salt,sour salt,1,lowercase_ascii_punct_strip,high,False,
2% low fat cheddar chees,2 low fat cheddar chee,1,plural_singularized,high,False,
truffle puree,truffle puree,1,lowercase_ascii_punct_strip,high,False,
hubbard squash,hubbard squash,1,lowercase_ascii_punct_strip,high,False,
low-fat sweetened condensed milk,low-fat sweetened condensed milk,1,lowercase_ascii_punct_strip,high,False,
tony chachere's seasoning,tony chacheres seasoning,1,lowercase_ascii_punct_strip,high,False,
forest mushroom,forest mushroom,1,lowercase_ascii_punct_strip,high,False,
chicken nugget,chicken nugget,1,lowercase_ascii_punct_strip,high,False,
mincemeat pie filling,mincemeat pie filling,1,lowercase_ascii_punct_strip,high,False,
shark steak,shark steak,1,lowercase_ascii_punct_strip,high,False,
aged gouda,aged gouda,1,lowercase_ascii_punct_strip,high,False,
sea bream,sea bream,1,lowercase_ascii_punct_strip,high,False,
haricot beans,haricot bean,1,plural_singularized,high,False,
raspberry juice,raspberry juice,1,lowercase_ascii_punct_strip,high,False,
genoise,genoise,1,lowercase_ascii_punct_strip,high,False,
sloe gin,sloe gin,1,lowercase_ascii_punct_strip,high,False,
Galliano,galliano,1,lowercase_ascii_punct_strip,high,False,
venison roast,venison roast,1,lowercase_ascii_punct_strip,high,False,
dri fruit tropic,dri fruit tropic,1,lowercase_ascii_punct_strip,high,False,
tart crust,tart crust,1,lowercase_ascii_punct_strip,high,False,
shredded bamboo,bamboo,1,leading_descriptor_removed,medium,False,
pointed peppers,pointed pepper,1,plural_singularized,high,False,
Wholesome Sweeteners Organic Sugar,wholesome sweeteners organic sugar,1,lowercase_ascii_punct_strip,high,False,
cooked vegetables,vegetable,1,leading_descriptor_removed;plural_singularized,medium,False,
turkey gravy,turkey gravy,1,lowercase_ascii_punct_strip,high,False,
Heinz Worcestershire Sauce,heinz worcestershire sauce,1,lowercase_ascii_punct_strip,high,False,
gluten-free pie crust,gluten-free pie crust,1,lowercase_ascii_punct_strip,high,False,
fine grind white cornmeal,grind white cornmeal,1,leading_descriptor_removed,medium,False,
broccoli romanesco,broccoli romanesco,1,lowercase_ascii_punct_strip,high,False,
garlic herb spreadable cheese,garlic herb spreadable cheese,1,lowercase_ascii_punct_strip,high,False,
Pillsbury Thin Pizza Crust,pillsbury thin pizza crust,1,lowercase_ascii_punct_strip,high,False,
semisweet vegan chocolate chips,semisweet vegan chocolate chip,1,plural_singularized,high,False,
butter cake,butter cake,1,lowercase_ascii_punct_strip,high,False,
sushi vinegar,sushi vinegar,1,lowercase_ascii_punct_strip,high,False,
gravlax,gravlax,1,lowercase_ascii_punct_strip,high,False,
chinese duck sauce,chinese duck sauce,1,lowercase_ascii_punct_strip,high,False,
Better Than Bouillon Chicken Base,better than bouillon chicken base,1,lowercase_ascii_punct_strip,high,False,
sweet pickle juice,pickle juice,1,leading_descriptor_removed,medium,False,
strip loin,strip loin,1,lowercase_ascii_punct_strip,high,False,
cod roe,cod roe,1,lowercase_ascii_punct_strip,high,False,
caraway,caraway,1,lowercase_ascii_punct_strip,high,False,
calabrese sausage,calabrese sausage,1,lowercase_ascii_punct_strip,high,False,
pâte brisée,pate brisee,1,lowercase_ascii_punct_strip,high,False,
cilantro pesto,cilantro pesto,1,lowercase_ascii_punct_strip,high,False,
reduced sodium refried beans,refried bean,1,leading_descriptor_removed;plural_singularized,medium,False,
Crystal Farms Shredded Gouda Cheese,crystal farms shredded gouda cheese,1,lowercase_ascii_punct_strip,high,False,
low fat reduced sodium pasta sauce,low fat reduced sodium pasta sauce,1,lowercase_ascii_punct_strip,high,False,
light margarine,margarine,1,leading_descriptor_removed,medium,False,
canned chicken breast,canned chicken breast,1,lowercase_ascii_punct_strip,high,False,
raw peeled prawns,raw peeled prawn,1,plural_singularized,high,False,
Barilla Linguine,barilla linguine,1,lowercase_ascii_punct_strip,high,False,
V8 Juice,v8 juice,1,lowercase_ascii_punct_strip,high,False,
burrito seasoning mix,burrito seasoning mix,1,lowercase_ascii_punct_strip,high,False,
CURRY GUY Smoked Garam Masala,curry guy smoked garam masala,1,lowercase_ascii_punct_strip,high,False,
lemon soda,lemon soda,1,lowercase_ascii_punct_strip,high,False,
annatto oil,annatto oil,1,lowercase_ascii_punct_strip,high,False,
macaroni and cheese dinner,macaroni and cheese dinner,1,lowercase_ascii_punct_strip,high,False,
vegan bouillon cubes,vegan bouillon cube,1,plural_singularized,high,False,
reduced sodium condensed cream of chicken soup,condensed cream of chicken soup,1,leading_descriptor_removed,medium,False,
pork sausage casing,pork sausage casing,1,lowercase_ascii_punct_strip,high,False,
anise liqueur,anise liqueur,1,lowercase_ascii_punct_strip,high,False,
refrigerated dinner rolls,refrigerated dinner roll,1,plural_singularized,high,False,
nut meal,nut meal,1,lowercase_ascii_punct_strip,high,False,
dried cloud ears,cloud ear,1,leading_descriptor_removed;plural_singularized,medium,False,
potato nuggets,potato nugget,1,plural_singularized,high,False,
soy marinade,soy marinade,1,lowercase_ascii_punct_strip,high,False,
light tuna,tuna,1,leading_descriptor_removed,medium,False,
McCormick® Pure Vanilla Extract,pure vanilla extract,1,brand_prefix_removed,medium,False,Removed brand prefix `mccormick`
fully cooked luncheon meat,fully cooked luncheon meat,1,lowercase_ascii_punct_strip,high,False,
DeLallo Penne Ziti,delallo penne ziti,1,lowercase_ascii_punct_strip,high,False,
low sodium jarred chicken soup base,jarred chicken soup base,1,leading_descriptor_removed,medium,False,
black bean stir fry sauce,black bean stir fry sauce,1,lowercase_ascii_punct_strip,high,False,
refrigerated seamless crescent dough,refrigerated seamless crescent dough,1,lowercase_ascii_punct_strip,high,False,
chinese hot mustard,chinese hot mustard,1,lowercase_ascii_punct_strip,high,False,
perch fillets,perch fillet,1,plural_singularized,high,False,
side pork,side pork,1,lowercase_ascii_punct_strip,high,False,
caponata,caponata,1,lowercase_ascii_punct_strip,high,False,
whole wheat submarine loaves,wheat submarine loave,1,leading_descriptor_removed;plural_singularized,medium,False,
ginseng tea,ginseng tea,1,lowercase_ascii_punct_strip,high,False,
beef stew,beef stew,1,lowercase_ascii_punct_strip,high,False,
Mo Qua,mo qua,1,lowercase_ascii_punct_strip,high,False,
Kraft Big Slice Pepper Jack Cheese Slices,big slice pepper jack cheese slice,1,brand_prefix_removed;plural_singularized,medium,False,Removed brand prefix `kraft`
yam bean,yam bean,1,lowercase_ascii_punct_strip,high,False,
celery tops,celery top,1,plural_singularized,high,False,
cappuccino,cappuccino,1,lowercase_ascii_punct_strip,high,False,
gravenstein apple,gravenstein apple,1,lowercase_ascii_punct_strip,high,False,
laksa paste,laksa paste,1,lowercase_ascii_punct_strip,high,False,
smoked whitefish,smoked whitefish,1,lowercase_ascii_punct_strip,high,False,
Kraft Sun Dried Tomato Vinaigrette,sun dried tomato vinaigrette,1,brand_prefix_removed,medium,False,Removed brand prefix `kraft`
long green,long green,1,lowercase_ascii_punct_strip,high,False,
gluten free marinara sauce,gluten free marinara sauce,1,lowercase_ascii_punct_strip,high,False,
gluten free lasagna noodle,gluten free lasagna noodle,1,lowercase_ascii_punct_strip,high,False,
Spice Islands® Minced Garlic,spice islands minced garlic,1,lowercase_ascii_punct_strip,high,False,
white grape juice,white grape juice,1,lowercase_ascii_punct_strip,high,False,
tomato cream sauce,tomato cream sauce,1,lowercase_ascii_punct_strip,high,False,
knorr tomato bouillon with chicken flavor,tomato bouillon with chicken flavor,1,brand_prefix_removed,medium,False,Removed brand prefix `knorr`
chocolate candy,chocolate candy,1,lowercase_ascii_punct_strip,high,False,
pineapple chunks in natural juice,pineapple chunks in natural juice,1,lowercase_ascii_punct_strip,high,False,
reduced sodium vegetable stock,vegetable stock,1,leading_descriptor_removed,medium,False,
hen,hen,1,lowercase_ascii_punct_strip,high,False,
long green pepper,long green pepper,1,lowercase_ascii_punct_strip,high,False,
purple potatoes,purple potatoe,1,plural_singularized,high,False,
KRAFT Shredded Mozzarella Cheese,mozzarella cheese,1,brand_prefix_removed;leading_descriptor_removed,medium,False,Removed brand prefix `kraft`
beef stew seasoning mix,beef stew seasoning mix,1,lowercase_ascii_punct_strip,high,False,
fat free ground turkey breast,fat free ground turkey breast,1,lowercase_ascii_punct_strip,high,False,
low sodium diced tomatoes,diced tomatoe,1,leading_descriptor_removed;plural_singularized,medium,False,
nian gao,nian gao,1,lowercase_ascii_punct_strip,high,False,
wagon wheels,wagon wheel,1,plural_singularized,high,False,
turkey burger,turkey burger,1,lowercase_ascii_punct_strip,high,False,
ocean perch,ocean perch,1,lowercase_ascii_punct_strip,high,False,
burro banana,burro banana,1,lowercase_ascii_punct_strip,high,False,
roasted ground cumin,roasted ground cumin,1,lowercase_ascii_punct_strip,high,False,
sweet white miso paste,white miso paste,1,leading_descriptor_removed,medium,False,
genmai miso,genmai miso,1,lowercase_ascii_punct_strip,high,False,
chicken heart,chicken heart,1,lowercase_ascii_punct_strip,high,False,
Camellia Red Kidney Beans,camellia red kidney bean,1,plural_singularized,high,False,
low-fat tartar sauce,low-fat tartar sauce,1,lowercase_ascii_punct_strip,high,False,
dulong,dulong,1,lowercase_ascii_punct_strip,high,False,
skinless cod fillets,cod fillet,1,leading_descriptor_removed;plural_singularized,medium,False,
fideos pasta,fideos pasta,1,lowercase_ascii_punct_strip,high,False,
gomashio,gomashio,1,lowercase_ascii_punct_strip,high,False,
peach salsa,peach salsa,1,lowercase_ascii_punct_strip,high,False,
Cox's Orange Pippin,coxs orange pippin,1,lowercase_ascii_punct_strip,high,False,
daikon sprouts,daikon sprout,1,plural_singularized,high,False,
fruitcake,fruitcake,1,lowercase_ascii_punct_strip,high,False,
sweet biscuit crumbs,biscuit crumb,1,leading_descriptor_removed;plural_singularized,medium,False,
hen of the woods,hen of the wood,1,plural_singularized,high,False,
quahog clams,quahog clam,1,plural_singularized,high,False,
peanut brittle,peanut brittle,1,lowercase_ascii_punct_strip,high,False,
dried apple rings,apple ring,1,leading_descriptor_removed;plural_singularized,medium,False,
winter savory,winter savory,1,lowercase_ascii_punct_strip,high,False,
cipollini,cipollini,1,lowercase_ascii_punct_strip,high,False,
milk chocolate pieces,milk chocolate piece,1,plural_singularized,high,False,
mousse,mousse,1,lowercase_ascii_punct_strip,high,False,
KRAFT Shredded Low-Moisture Part-Skim Mozzarella Cheese,low-moisture part-skim mozzarella cheese,1,brand_prefix_removed;leading_descriptor_removed,medium,False,Removed brand prefix `kraft`
pocket bread,pocket bread,1,lowercase_ascii_punct_strip,high,False,
licor 43,licor 43,1,lowercase_ascii_punct_strip,high,False,
KRAFT Reduced Fat Shredded Mozzarella Cheese,reduced fat shredded mozzarella cheese,1,brand_prefix_removed,medium,False,Removed brand prefix `kraft`
soy nuts,soy nut,1,plural_singularized,high,False,
marrons,marron,1,plural_singularized,high,False,
dark ale,ale,1,leading_descriptor_removed,medium,False,
amba,amba,1,lowercase_ascii_punct_strip,high,False,
Chambord Liqueur,chambord liqueur,1,lowercase_ascii_punct_strip,high,False,
whole wheat berries,wheat berry,1,leading_descriptor_removed;plural_singularized,medium,False,
lox,lox,1,lowercase_ascii_punct_strip,high,False,
queso crema,queso crema,1,lowercase_ascii_punct_strip,high,False,
chocolate chip cookie mix,chocolate chip cookie mix,1,lowercase_ascii_punct_strip,high,False,
whole baby okra,baby okra,1,leading_descriptor_removed,medium,False,
Pam Cooking Spray,pam cooking spray,1,lowercase_ascii_punct_strip,high,False,
low-fat soy milk,low-fat soy milk,1,lowercase_ascii_punct_strip,high,False,
spring mix,spring mix,1,lowercase_ascii_punct_strip,high,False,
whole wheat english muffins,wheat english muffin,1,leading_descriptor_removed;plural_singularized,medium,False,
KNUDSEN 2% Milkfat Low Fat Cottage Cheese,knudsen 2 milkfat low fat cottage cheese,1,lowercase_ascii_punct_strip,high,False,
snaps,snap,1,plural_singularized,high,False,
crabmeat frozen,crabmeat frozen,1,lowercase_ascii_punct_strip,high,False,
cake pound prepar,cake pound prepar,1,lowercase_ascii_punct_strip,high,False,
flavored wine,flavored wine,1,lowercase_ascii_punct_strip,high,False,
meat extract,meat extract,1,lowercase_ascii_punct_strip,high,False,
hyssop,hyssop,1,lowercase_ascii_punct_strip,high,False,
lamb cubes,lamb cube,1,plural_singularized,high,False,
tangelos,tangelo,1,plural_singularized,high,False,
chocolate frosting,chocolate frosting,1,lowercase_ascii_punct_strip,high,False,
guava paste,guava paste,1,lowercase_ascii_punct_strip,high,False,
asti spumante,asti spumante,1,lowercase_ascii_punct_strip,high,False,
english breakfast tea leaves,english breakfast tea leave,1,plural_singularized,high,False,
nama shoyu,nama shoyu,1,lowercase_ascii_punct_strip,high,False,
melissa,melissa,1,lowercase_ascii_punct_strip,high,False,
fresh white truffles,white truffle,1,leading_descriptor_removed;plural_singularized,medium,False,
chocolate milk,chocolate milk,1,lowercase_ascii_punct_strip,high,False,
orange soda,orange soda,1,lowercase_ascii_punct_strip,high,False,
large snails,snail,1,leading_descriptor_removed;plural_singularized,medium,False,
Hurst Family Harvest Chipotle Lime Black Bean Soup mix,hurst family harvest chipotle lime black bean soup mix,1,lowercase_ascii_punct_strip,high,False,
gluten free cooking spray,gluten free cooking spray,1,lowercase_ascii_punct_strip,high,False,
Margherita Pepperoni,margherita pepperoni,1,lowercase_ascii_punct_strip,high,False,
soft-shell clams,soft-shell clam,1,plural_singularized,high,False,
Crystal Farms Reduced Fat Shredded Marble Jack Cheese,crystal farms reduced fat shredded marble jack cheese,1,lowercase_ascii_punct_strip,high,False,
Smart Balance Cooking Spray,smart balance cooking spray,1,lowercase_ascii_punct_strip,high,False,
unsweetened baking chocolate,unsweetened baking chocolate,1,lowercase_ascii_punct_strip,high,False,
ngo gai,ngo gai,1,lowercase_ascii_punct_strip,high,False,
organic vegetable stock,vegetable stock,1,leading_descriptor_removed,medium,False,
ready-made pie crusts,ready-made pie crust,1,plural_singularized,high,False,
romana,romana,1,lowercase_ascii_punct_strip,high,False,
shredded low-fat sharp cheddar,low-fat sharp cheddar,1,leading_descriptor_removed,medium,False,
egg beaters,egg beater,1,plural_singularized,high,False,
raw milk,raw milk,1,lowercase_ascii_punct_strip,high,False,
warm buns,warm bun,1,plural_singularized,high,False,
calabash,calabash,1,lowercase_ascii_punct_strip,high,False,
low-fat cheddar cheese,low-fat cheddar cheese,1,lowercase_ascii_punct_strip,high,False,
almond syrup,almond syrup,1,lowercase_ascii_punct_strip,high,False,
jamon serrano,jamon serrano,1,lowercase_ascii_punct_strip,high,False,
watermelon seeds,watermelon seed,1,plural_singularized,high,False,
double crust,double crust,1,lowercase_ascii_punct_strip,high,False,
gluten-free bread,gluten-free bread,1,lowercase_ascii_punct_strip,high,False,
suckling pig,suckling pig,1,lowercase_ascii_punct_strip,high,False,
passover wine,passover wine,1,lowercase_ascii_punct_strip,high,False,
33% less sodium cooked deli ham,33 less sodium cooked deli ham,1,lowercase_ascii_punct_strip,high,False,
Mission Corn Tortillas,mission corn tortilla,1,plural_singularized,high,False,
whole wheat crackers,wheat cracker,1,leading_descriptor_removed;plural_singularized,medium,False,
lady apples,lady apple,1,plural_singularized,high,False,
instant oats,instant oat,1,plural_singularized,high,False,
smoked almonds,smoked almond,1,plural_singularized,high,False,
swiss steak,swiss steak,1,lowercase_ascii_punct_strip,high,False,
stick butter,stick butter,1,lowercase_ascii_punct_strip,high,False,
baby beets,baby beet,1,plural_singularized,high,False,
BACARDI® Mixers Margarita Mix,bacardi mixers margarita mix,1,lowercase_ascii_punct_strip,high,False,
BACARDI® Superior,bacardi superior,1,lowercase_ascii_punct_strip,high,False,
blood sausage,blood sausage,1,lowercase_ascii_punct_strip,high,False,
chunky style pasta sauce,chunky style pasta sauce,1,lowercase_ascii_punct_strip,high,False,
blackberry brandy,blackberry brandy,1,lowercase_ascii_punct_strip,high,False,
low-fat monterey jack,low-fat monterey jack,1,lowercase_ascii_punct_strip,high,False,
clementine juice,clementine juice,1,lowercase_ascii_punct_strip,high,False,
raspberry lambic,raspberry lambic,1,lowercase_ascii_punct_strip,high,False,
moonshine,moonshine,1,lowercase_ascii_punct_strip,high,False,
low fat part skim ricotta chees,low fat part skim ricotta chee,1,plural_singularized,high,False,
kochu chang,kochu chang,1,lowercase_ascii_punct_strip,high,False,
blanco chees queso,blanco chees queso,1,lowercase_ascii_punct_strip,high,False,
bacon rind,bacon rind,1,lowercase_ascii_punct_strip,high,False,
KRAFT Mexican Style Shredded Four Cheese with a TOUCH OF PHILADELPHIA,mexican style shredded four cheese with a touch of philadelphia,1,brand_prefix_removed,medium,False,Removed brand prefix `kraft`
culinary lavender,culinary lavender,1,lowercase_ascii_punct_strip,high,False,
low-fat turkey kielbasa,low-fat turkey kielbasa,1,lowercase_ascii_punct_strip,high,False,
Pure Wesson Canola Oil,pure wesson canola oil,1,lowercase_ascii_punct_strip,high,False,
legumes,legume,1,plural_singularized,high,False,
Mezzetta Sliced Greek Kalamata Olives,mezzetta sliced greek kalamata olive,1,plural_singularized,high,False,
frozen garden peas,garden pea,1,leading_descriptor_removed;plural_singularized,medium,False,
burger rolls,burger roll,1,plural_singularized,high,False,
condensed cream of broccoli soup,condensed cream of broccoli soup,1,lowercase_ascii_punct_strip,high,False,
sumac powder,sumac powder,1,lowercase_ascii_punct_strip,high,False,
peapods,peapod,1,plural_singularized,high,False,
reduced sodium italian style stewed tomatoes,italian style stewed tomatoe,1,leading_descriptor_removed;plural_singularized,medium,False,
hots,hot,1,plural_singularized,high,False,
La Victoria Red Chile Sauce,la victoria red chile sauce,1,lowercase_ascii_punct_strip,high,False,
creme de cacao,creme de cacao,1,lowercase_ascii_punct_strip,high,False,
filé,file,1,lowercase_ascii_punct_strip,high,False,
matsutake mushrooms,matsutake mushroom,1,plural_singularized,high,False,
Soy Vay® Hoisin Garlic Marinade & Sauce,soy vay hoisin garlic marinade and sauce,1,lowercase_ascii_punct_strip,high,False,
lean chuck roast,chuck roast,1,leading_descriptor_removed,medium,False,
cold-smoked salmon,cold-smoked salmon,1,lowercase_ascii_punct_strip,high,False,
scape pesto,scape pesto,1,lowercase_ascii_punct_strip,high,False,
riso,riso,1,lowercase_ascii_punct_strip,high,False,
shredded low-fat cheddar,low-fat cheddar,1,leading_descriptor_removed,medium,False,
low sodium beef bouillon granules,beef bouillon granule,1,leading_descriptor_removed;plural_singularized,medium,False,
Gourmet Garden Parsley,gourmet garden parsley,1,lowercase_ascii_punct_strip,high,False,
Knorr® Pasta Sides™ - Chicken flavor,pasta sidestm - chicken flavor,1,brand_prefix_removed,medium,False,Removed brand prefix `knorr`
low-fat canned coconut milk,low-fat canned coconut milk,1,lowercase_ascii_punct_strip,high,False,
mixed frozen seafood,mixed frozen seafood,1,lowercase_ascii_punct_strip,high,False,
dangmyun,dangmyun,1,lowercase_ascii_punct_strip,high,False,
organic low sodium chicken broth,low sodium chicken broth,1,leading_descriptor_removed,medium,False,
cajun remoulade,cajun remoulade,1,lowercase_ascii_punct_strip,high,False,
"jumbo shell pasta , cook and drain",jumbo shell pasta cook and drain,1,lowercase_ascii_punct_strip,high,False,
low sodium tomato,tomato,1,leading_descriptor_removed,medium,False,
creole seafood seasoning,creole seafood seasoning,1,lowercase_ascii_punct_strip,high,False,
vegetable soup,vegetable soup,1,lowercase_ascii_punct_strip,high,False,
hake fillets,hake fillet,1,plural_singularized,high,False,
chicken flavored rice,chicken flavored rice,1,lowercase_ascii_punct_strip,high,False,
azuki bean,azuki bean,1,lowercase_ascii_punct_strip,high,False,
nonfat italian dressing,nonfat italian dressing,1,lowercase_ascii_punct_strip,high,False,
angus,angus,1,lowercase_ascii_punct_strip,high,False,
milk chocolate kisses,milk chocolate kisse,1,plural_singularized,high,False,
italian vinaigrette,italian vinaigrette,1,lowercase_ascii_punct_strip,high,False,
branca menta,branca menta,1,lowercase_ascii_punct_strip,high,False,
lavender flowers,lavender flower,1,plural_singularized,high,False,
duck bones,duck bone,1,plural_singularized,high,False,
young leeks,young leek,1,plural_singularized,high,False,
bird pepper,bird pepper,1,lowercase_ascii_punct_strip,high,False,
soup pasta,soup pasta,1,lowercase_ascii_punct_strip,high,False,
tamarind pod,tamarind pod,1,lowercase_ascii_punct_strip,high,False,
Skippy Creamy Peanut Butter,skippy creamy peanut butter,1,lowercase_ascii_punct_strip,high,False,
banh hoi,banh hoi,1,lowercase_ascii_punct_strip,high,False,
liquid egg substitute,liquid egg substitute,1,lowercase_ascii_punct_strip,high,False,
poi,poi,1,lowercase_ascii_punct_strip,high,False,
fat free cream of mushroom soup,fat free cream of mushroom soup,1,lowercase_ascii_punct_strip,high,False,
Kraft Mayonnaise,mayonnaise,1,brand_prefix_removed,medium,False,Removed brand prefix `kraft`
whole wheat pita pockets,wheat pita pocket,1,leading_descriptor_removed;plural_singularized,medium,False,
dipping chocolate,dipping chocolate,1,lowercase_ascii_punct_strip,high,False,
ground nuts,nut,1,leading_descriptor_removed;plural_singularized,medium,False,
fiddlehead ferns,fiddlehead fern,1,plural_singularized,high,False,
oil packed anchovies,oil packed anchovy,1,plural_singularized,high,False,
fat-trimmed beef flank steak,fat-trimmed beef flank steak,1,lowercase_ascii_punct_strip,high,False,
leftover gravy,leftover gravy,1,lowercase_ascii_punct_strip,high,False,
abbamele,abbamele,1,lowercase_ascii_punct_strip,high,False,
protein powder,protein powder,1,lowercase_ascii_punct_strip,high,False,
Heath Candy Bars,heath candy bar,1,plural_singularized,high,False,
chocolate graham cracker crumbs,chocolate graham cracker crumb,1,plural_singularized,high,False,
cubed pancetta,cubed pancetta,1,lowercase_ascii_punct_strip,high,False,
Pure Wesson Vegetable Oil,pure wesson vegetable oil,1,lowercase_ascii_punct_strip,high,False,
Gebhardt Chili Powder,gebhardt chili powder,1,lowercase_ascii_punct_strip,high,False,
Kraft Extra Sharp Cheddar Cheese,sharp cheddar cheese,1,brand_prefix_removed;leading_descriptor_removed,medium,False,Removed brand prefix `kraft`
Jonshonville® Cajun Style Chicken Sausage,jonshonville cajun style chicken sausage,1,lowercase_ascii_punct_strip,high,False,
frozen cherries,cherry,1,leading_descriptor_removed;plural_singularized,medium,False,
quick yeast,quick yeast,1,lowercase_ascii_punct_strip,high,False,
frozen mashed potatoes,mashed potatoe,1,leading_descriptor_removed;plural_singularized,medium,False,
yellow heirloom tomatoes,yellow heirloom tomatoe,1,plural_singularized,high,False,
val,val,1,lowercase_ascii_punct_strip,high,False,
calamari steak,calamari steak,1,lowercase_ascii_punct_strip,high,False,
meat loaf mixture,meat loaf mixture,1,lowercase_ascii_punct_strip,high,False,
vodka sauce,vodka sauce,1,lowercase_ascii_punct_strip,high,False,
mint syrup,mint syrup,1,lowercase_ascii_punct_strip,high,False,
roast pork seasoning mix,roast pork seasoning mix,1,lowercase_ascii_punct_strip,high,False,
bread yeast,bread yeast,1,lowercase_ascii_punct_strip,high,False,
minute steaks,minute steak,1,plural_singularized,high,False,
low-fat vanilla ice cream,low-fat vanilla ice cream,1,lowercase_ascii_punct_strip,high,False,
sablefish,sablefish,1,lowercase_ascii_punct_strip,high,False,
dandelion,dandelion,1,lowercase_ascii_punct_strip,high,False,
pareve margarine,pareve margarine,1,lowercase_ascii_punct_strip,high,False,
sherbet,sherbet,1,lowercase_ascii_punct_strip,high,False,
dried rigatoni,rigatoni,1,leading_descriptor_removed,medium,False,
canned chicken,canned chicken,1,lowercase_ascii_punct_strip,high,False,
pekin duck breast halves,pekin duck breast halve,1,plural_singularized,high,False,
stolichnaya,stolichnaya,1,lowercase_ascii_punct_strip,high,False,
garlic mayonnaise,garlic mayonnaise,1,lowercase_ascii_punct_strip,high,False,
sunflower seed butter,sunflower seed butter,1,lowercase_ascii_punct_strip,high,False,
shiromiso,shiromiso,1,lowercase_ascii_punct_strip,high,False,
pork roll,pork roll,1,lowercase_ascii_punct_strip,high,False,
salted pistachios,pistachio,1,leading_descriptor_removed;plural_singularized,medium,False,
low-fat sharp cheddar cheese,low-fat sharp cheddar cheese,1,lowercase_ascii_punct_strip,high,False,
pancit,pancit,1,lowercase_ascii_punct_strip,high,False,
lecithin,lecithin,1,lowercase_ascii_punct_strip,high,False,
mahlab,mahlab,1,lowercase_ascii_punct_strip,high,False,
assam,assam,1,lowercase_ascii_punct_strip,high,False,
fryers,fryer,1,plural_singularized,high,False,
candied chestnuts,candied chestnut,1,plural_singularized,high,False,
salted anchovies,anchovy,1,leading_descriptor_removed;plural_singularized,medium,False,
white bread crumbs,white bread crumb,1,plural_singularized,high,False,
delicata squash,delicata squash,1,lowercase_ascii_punct_strip,high,False,
Sangiovese,sangiovese,1,lowercase_ascii_punct_strip,high,False,
nondairy whipped topping,nondairy whipped topping,1,lowercase_ascii_punct_strip,high,False,
Old El Paso Green Chiles,green chile,1,brand_prefix_removed;exact_alias,medium,False,Removed brand prefix `old el paso`
porter,porter,1,lowercase_ascii_punct_strip,high,False,
red currants,red currant,1,plural_singularized,high,False,
worcestershire sauce low sodium,worcestershire sauce low sodium,1,lowercase_ascii_punct_strip,high,False,
dark chicken stock,chicken stock,1,leading_descriptor_removed,medium,False,
red drum,red drum,1,lowercase_ascii_punct_strip,high,False,
mantou,mantou,1,lowercase_ascii_punct_strip,high,False,
lillet,lillet,1,lowercase_ascii_punct_strip,high,False,
peaches in syrup,peaches in syrup,1,lowercase_ascii_punct_strip,high,False,
date sugar,date sugar,1,lowercase_ascii_punct_strip,high,False,
chrysanthemum,chrysanthemum,1,lowercase_ascii_punct_strip,high,False,
fresh chicken stock,chicken stock,1,leading_descriptor_removed,medium,False,
fudge cake mix,fudge cake mix,1,lowercase_ascii_punct_strip,high,False,
fat-free croutons,fat-free crouton,1,plural_singularized,high,False,
broiler chicken,broiler chicken,1,lowercase_ascii_punct_strip,high,False,
turkey hot dogs,turkey hot dog,1,plural_singularized,high,False,
karo,karo,1,lowercase_ascii_punct_strip,high,False,
Argo Corn Starch,argo corn starch,1,lowercase_ascii_punct_strip,high,False,
fiber one,fiber one,1,lowercase_ascii_punct_strip,high,False,
medium potatoes,potatoe,1,leading_descriptor_removed;plural_singularized,medium,False,
praline syrup,praline syrup,1,lowercase_ascii_punct_strip,high,False,
salt free herb seasoning,salt free herb seasoning,1,lowercase_ascii_punct_strip,high,False,
coleslaw dressing,coleslaw dressing,1,lowercase_ascii_punct_strip,high,False,
Jack Daniels Whiskey,jack daniels whiskey,1,lowercase_ascii_punct_strip,high,False,
Everglades Seasoning,everglades seasoning,1,lowercase_ascii_punct_strip,high,False,
Pepperidge Farm Puff Pastry Sheets,pepperidge farm puff pastry sheet,1,plural_singularized,high,False,
sichuan peppercorn oil,sichuan peppercorn oil,1,lowercase_ascii_punct_strip,high,False,
fresno pepper,fresno pepper,1,lowercase_ascii_punct_strip,high,False,
dried raspberry,raspberry,1,leading_descriptor_removed,medium,False,
cooked beetroot,beetroot,1,leading_descriptor_removed,medium,False,
roasted garlic oil,roasted garlic oil,1,lowercase_ascii_punct_strip,high,False,
baby goat,baby goat,1,lowercase_ascii_punct_strip,high,False,
yellowtail snapper fillets,yellowtail snapper fillet,1,plural_singularized,high,False,
McCormick Ground Cumin,cumin,1,brand_prefix_removed;leading_descriptor_removed,medium,False,Removed brand prefix `mccormick`
chile piquin,chile piquin,1,lowercase_ascii_punct_strip,high,False,
splenda granular,splenda granular,1,lowercase_ascii_punct_strip,high,False,
knorr parslei minicub,parslei minicub,1,brand_prefix_removed,medium,False,Removed brand prefix `knorr`
knorr cilantro minicub,cilantro minicub,1,brand_prefix_removed,medium,False,Removed brand prefix `knorr`
soy glaze,soy glaze,1,lowercase_ascii_punct_strip,high,False,
non-dairy margarine,non-dairy margarine,1,lowercase_ascii_punct_strip,high,False,
pecan meal,pecan meal,1,lowercase_ascii_punct_strip,high,False,
ti leaves,ti leave,1,plural_singularized,high,False,
cornbread crumbs,cornbread crumb,1,plural_singularized,high,False,
Castelvetrano olives,castelvetrano olive,1,plural_singularized,high,False,
breadcrumb mix,breadcrumb mix,1,lowercase_ascii_punct_strip,high,False,
Nielsen-Massey Vanilla Extract,nielsen-massey vanilla extract,1,lowercase_ascii_punct_strip,high,False,
Hellmann's Dijonnaise Creamy Dijon Mustard,hellmanns dijonnaise creamy dijon mustard,1,brand_term_present,medium,False,Brand term present `hellmann`
cactus,cactus,1,lowercase_ascii_punct_strip,high,False,
violets,violet,1,plural_singularized,high,False,
xuxu,xuxu,1,lowercase_ascii_punct_strip,high,False,
toasted nuts,toasted nut,1,plural_singularized,high,False,
Progresso Artichoke Hearts,progresso artichoke heart,1,plural_singularized,high,False,
Truvía® Baking Blend,truvia baking blend,1,lowercase_ascii_punct_strip,high,False,
Goya Ground Cumin,goya ground cumin,1,lowercase_ascii_punct_strip,high,False,
Goya Hot Sauce,goya hot sauce,1,lowercase_ascii_punct_strip,high,False,
Goya Extra Virgin Olive Oil,goya extra virgin olive oil,1,lowercase_ascii_punct_strip,high,False,
organic buttermilk,buttermilk,1,leading_descriptor_removed,medium,False,
boneless steak,steak,1,leading_descriptor_removed,medium,False,
cheese curds,cheese curd,1,plural_singularized,high,False,
sugar pearls,sugar pearl,1,plural_singularized,high,False,
pepper cheese,pepper cheese,1,lowercase_ascii_punct_strip,high,False,
sunflower kernels,sunflower kernel,1,plural_singularized,high,False,
brown rice spaghetti,brown rice spaghetti,1,lowercase_ascii_punct_strip,high,False,
verjuice,verjuice,1,lowercase_ascii_punct_strip,high,False,
sun dried tomato dressing,sun dried tomato dressing,1,lowercase_ascii_punct_strip,high,False,
bigoli,bigoli,1,lowercase_ascii_punct_strip,high,False,
apple slice,apple slice,1,lowercase_ascii_punct_strip,high,False,
cured chorizo,cured chorizo,1,lowercase_ascii_punct_strip,high,False,
hibiscus tea,hibiscus tea,1,lowercase_ascii_punct_strip,high,False,
sobrasada,sobrasada,1,lowercase_ascii_punct_strip,high,False,
orange blossom extract,orange blossom extract,1,lowercase_ascii_punct_strip,high,False,
carrot greens,carrot green,1,plural_singularized,high,False,
gluten free vanilla extract,gluten free vanilla extract,1,lowercase_ascii_punct_strip,high,False,
Italian seasoned diced tomatoes,italian seasoned diced tomatoe,1,plural_singularized,high,False,
frozen onion rings,onion ring,1,leading_descriptor_removed;plural_singularized,medium,False,
nonfat mozzarella cheese,nonfat mozzarella cheese,1,lowercase_ascii_punct_strip,high,False,
unhulled sesame seeds,unhulled sesame seed,1,plural_singularized,high,False,
lamb leg steaks,lamb leg steak,1,plural_singularized,high,False,
ice cream salt,ice cream salt,1,lowercase_ascii_punct_strip,high,False,
peeled canned low sodium tomatoes,canned low sodium tomatoe,1,leading_descriptor_removed;plural_singularized,medium,False,
sirloin tip steak,sirloin tip steak,1,lowercase_ascii_punct_strip,high,False,
black radish,black radish,1,lowercase_ascii_punct_strip,high,False,
dried prawns,prawn,1,leading_descriptor_removed;plural_singularized,medium,False,
mini bananas,mini banana,1,plural_singularized,high,False,
fedelini,fedelini,1,lowercase_ascii_punct_strip,high,False,
pisco brandy,pisco brandy,1,lowercase_ascii_punct_strip,high,False,
white zinfandel,white zinfandel,1,lowercase_ascii_punct_strip,high,False,
sturgeon,sturgeon,1,lowercase_ascii_punct_strip,high,False,
nonfat dried milk,nonfat dried milk,1,lowercase_ascii_punct_strip,high,False,
red velvet cake mix,red velvet cake mix,1,lowercase_ascii_punct_strip,high,False,
Dole Seven Lettuces,dole seven lettuce,1,plural_singularized,high,False,
liver sausage,liver sausage,1,lowercase_ascii_punct_strip,high,False,
beet juice,beet juice,1,lowercase_ascii_punct_strip,high,False,
Pillsbury™ classic pizza crust,pillsburytm classic pizza crust,1,lowercase_ascii_punct_strip,high,False,
black sea bass,black sea bass,1,lowercase_ascii_punct_strip,high,False,
bottled low sodium salsa,bottled low sodium salsa,1,lowercase_ascii_punct_strip,high,False,
Nakano Seasoned Rice Vinegar,nakano seasoned rice vinegar,1,lowercase_ascii_punct_strip,high,False,
wieners,wiener,1,plural_singularized,high,False,
butterscotch filling,butterscotch filling,1,lowercase_ascii_punct_strip,high,False,
bass,bass,1,lowercase_ascii_punct_strip,high,False,
creole seasoning mix,creole seasoning mix,1,lowercase_ascii_punct_strip,high,False,
citrus vinaigrette,citrus vinaigrette,1,lowercase_ascii_punct_strip,high,False,
curly leaf spinach,curly leaf spinach,1,lowercase_ascii_punct_strip,high,False,
puy lentils,puy lentil,1,plural_singularized,high,False,
gluten-free chicken stock,gluten-free chicken stock,1,lowercase_ascii_punct_strip,high,False,
kha,kha,1,lowercase_ascii_punct_strip,high,False,
low sodium low fat vegetable broth,low fat vegetable broth,1,leading_descriptor_removed,medium,False,
muscadet,muscadet,1,lowercase_ascii_punct_strip,high,False,
asian dressing,asian dressing,1,lowercase_ascii_punct_strip,high,False,
strawberry compote,strawberry compote,1,lowercase_ascii_punct_strip,high,False,
tart filling,tart filling,1,lowercase_ascii_punct_strip,high,False,
chocolate milk mix,chocolate milk mix,1,lowercase_ascii_punct_strip,high,False,
tuong,tuong,1,lowercase_ascii_punct_strip,high,False,
sturgeon fillets,sturgeon fillet,1,plural_singularized,high,False,
umeboshi vinegar,umeboshi vinegar,1,lowercase_ascii_punct_strip,high,False,
red quinoa,red quinoa,1,lowercase_ascii_punct_strip,high,False,
cucuzza,cucuzza,1,lowercase_ascii_punct_strip,high,False,
reduced sodium chicken flavor stuffing mix,chicken flavor stuffing mix,1,leading_descriptor_removed,medium,False,
rub seasoning,rub seasoning,1,lowercase_ascii_punct_strip,high,False,
gluten free barbecue sauce,gluten free barbecue sauce,1,lowercase_ascii_punct_strip,high,False,
tangzhong roux,tangzhong roux,1,lowercase_ascii_punct_strip,high,False,
malt powder,malt powder,1,lowercase_ascii_punct_strip,high,False,
pork loin rib chops,pork loin rib chop,1,plural_singularized,high,False,
curry sauce mix,curry sauce mix,1,lowercase_ascii_punct_strip,high,False,
baking sugar,baking sugar,1,lowercase_ascii_punct_strip,high,False,
Kraft Shredded Pepper Jack Cheese,pepper jack cheese,1,brand_prefix_removed;leading_descriptor_removed,medium,False,Removed brand prefix `kraft`
roast duck meat,roast duck meat,1,lowercase_ascii_punct_strip,high,False,
creamer potatoes,creamer potatoe,1,plural_singularized,high,False,
low-fat firm silken tofu,low-fat firm silken tofu,1,lowercase_ascii_punct_strip,high,False,
tiger lily buds,tiger lily bud,1,plural_singularized,high,False,
lo bok,lo bok,1,lowercase_ascii_punct_strip,high,False,
strip loin steak,strip loin steak,1,lowercase_ascii_punct_strip,high,False,
fish bones,fish bone,1,plural_singularized,high,False,
orange pekoe tea,orange pekoe tea,1,lowercase_ascii_punct_strip,high,False,
St Germain Liqueur,st germain liqueur,1,lowercase_ascii_punct_strip,high,False,
Zatarain’s Jambalaya Mix,zatarains jambalaya mix,1,lowercase_ascii_punct_strip,high,False,
ground roasted sichuan peppers,roasted sichuan pepper,1,leading_descriptor_removed;plural_singularized,medium,False,
whole grain buns,grain bun,1,leading_descriptor_removed;plural_singularized,medium,False,
diced mushrooms,mushroom,1,leading_descriptor_removed;plural_singularized,medium,False,
tubettini,tubettini,1,lowercase_ascii_punct_strip,high,False,
salt free cajun creole seasoning,salt free cajun creole seasoning,1,lowercase_ascii_punct_strip,high,False,
black cherries,black cherry,1,plural_singularized,high,False,
soy crumbles,soy crumble,1,plural_singularized,high,False,
Kim Crawford Sauvignon Blanc,kim crawford sauvignon blanc,1,lowercase_ascii_punct_strip,high,False,
bourbon liqueur,bourbon liqueur,1,lowercase_ascii_punct_strip,high,False,
Old Bay Blackened Seasoning,old bay blackened seasoning,1,lowercase_ascii_punct_strip,high,False,
usukuchi soy sauce,usukuchi soy sauce,1,lowercase_ascii_punct_strip,high,False,
mint chocolate chip ice cream,mint chocolate chip ice cream,1,lowercase_ascii_punct_strip,high,False,
jimmies,jimmy,1,plural_singularized,high,False,
tupelo honey,tupelo honey,1,lowercase_ascii_punct_strip,high,False,
soybean oil,soybean oil,1,lowercase_ascii_punct_strip,high,False,
gluten-free penne,gluten-free penne,1,lowercase_ascii_punct_strip,high,False,
nonfat frozen yogurt,nonfat frozen yogurt,1,lowercase_ascii_punct_strip,high,False,
sourdough rolls,sourdough roll,1,plural_singularized,high,False,
arak,arak,1,lowercase_ascii_punct_strip,high,False,
irish oats,irish oat,1,plural_singularized,high,False,
one third less sodium chicken broth,one third less sodium chicken broth,1,lowercase_ascii_punct_strip,high,False,
Amarena cherries,amarena cherry,1,plural_singularized,high,False,
dry jack,dry jack,1,lowercase_ascii_punct_strip,high,False,
slider rolls,slider roll,1,plural_singularized,high,False,
gluten-free broth,gluten-free broth,1,lowercase_ascii_punct_strip,high,False,
ic pop,ic pop,1,lowercase_ascii_punct_strip,high,False,
sesame butter,sesame butter,1,lowercase_ascii_punct_strip,high,False,
wheat crackers,wheat cracker,1,plural_singularized,high,False,
redfish fillet,redfish fillet,1,lowercase_ascii_punct_strip,high,False,
less sodium fat free chicken broth,less sodium fat free chicken broth,1,lowercase_ascii_punct_strip,high,False,
jerk seasoning mix,jerk seasoning mix,1,lowercase_ascii_punct_strip,high,False,
Sugar in the Raw,sugar in the raw,1,lowercase_ascii_punct_strip,high,False,
crouton italian season,crouton italian season,1,lowercase_ascii_punct_strip,high,False,
low-fat parmesan cheese,low-fat parmesan cheese,1,lowercase_ascii_punct_strip,high,False,
lipton pure leaf unsweeten iced tea,pure leaf unsweeten iced tea,1,brand_prefix_removed,medium,False,Removed brand prefix `lipton`
cream powder,cream powder,1,lowercase_ascii_punct_strip,high,False,
pineapple syrup,pineapple syrup,1,lowercase_ascii_punct_strip,high,False,
Tuaca Liqueur,tuaca liqueur,1,lowercase_ascii_punct_strip,high,False,
american cheese food,american cheese food,1,lowercase_ascii_punct_strip,high,False,
vanilla cake mix,vanilla cake mix,1,lowercase_ascii_punct_strip,high,False,
black bean sauce with garlic,black bean sauce with garlic,1,lowercase_ascii_punct_strip,high,False,
chinese red vinegar,chinese red vinegar,1,lowercase_ascii_punct_strip,high,False,
black chicken,black chicken,1,lowercase_ascii_punct_strip,high,False,
Kikkoman Less Sodium Soy Sauce,kikkoman less sodium soy sauce,1,lowercase_ascii_punct_strip,high,False,
refrigerated bread dough,refrigerated bread dough,1,lowercase_ascii_punct_strip,high,False,
italian rolls,italian roll,1,plural_singularized,high,False,
true cinnamon,true cinnamon,1,lowercase_ascii_punct_strip,high,False,
McCormick Taco Seasoning,taco seasoning,1,brand_prefix_removed,medium,False,Removed brand prefix `mccormick`
tomato sauce low sodium,tomato sauce low sodium,1,lowercase_ascii_punct_strip,high,False,
Zatarains Creole Seasoning,zatarains creole seasoning,1,lowercase_ascii_punct_strip,high,False,
Knudsen Sour Cream,knudsen sour cream,1,lowercase_ascii_punct_strip,high,False,
new mexico red chile powder,new mexico red chile powder,1,lowercase_ascii_punct_strip,high,False,
boquerones,boquerone,1,plural_singularized,high,False,
treviso radicchio,treviso radicchio,1,lowercase_ascii_punct_strip,high,False,
japanese radish,japanese radish,1,lowercase_ascii_punct_strip,high,False,
black grapes,black grape,1,plural_singularized,high,False,
smoked mackerel,smoked mackerel,1,lowercase_ascii_punct_strip,high,False,
water chestnut powder,water chestnut powder,1,lowercase_ascii_punct_strip,high,False,
chioggia,chioggia,1,lowercase_ascii_punct_strip,high,False,
creole spice mix,creole spice mix,1,lowercase_ascii_punct_strip,high,False,
bottled balsamic vinaigrette,bottled balsamic vinaigrette,1,lowercase_ascii_punct_strip,high,False,
lemon lime beverage,lemon lime beverage,1,lowercase_ascii_punct_strip,high,False,
duck drippings,duck dripping,1,plural_singularized,high,False,
cloud ear fungus,cloud ear fungus,1,lowercase_ascii_punct_strip,high,False,
plain chocolate,plain chocolate,1,lowercase_ascii_punct_strip,high,False,
poppyseeds,poppyseed,1,plural_singularized,high,False,
veal medallions,veal medallion,1,plural_singularized,high,False,
elderflower cordial,elderflower cordial,1,lowercase_ascii_punct_strip,high,False,
sweet white wine,white wine,1,leading_descriptor_removed,medium,False,
oyster liquor,oyster liquor,1,lowercase_ascii_punct_strip,high,False,
tater tots,tater tot,1,plural_singularized,high,False,
matzo cake meal,matzo cake meal,1,lowercase_ascii_punct_strip,high,False,
lemon cake mix,lemon cake mix,1,lowercase_ascii_punct_strip,high,False,
pizza seasoning,pizza seasoning,1,lowercase_ascii_punct_strip,high,False,
ragu old world style tradit pasta sauc,old world style tradit pasta sauc,1,brand_prefix_removed,medium,False,Removed brand prefix `ragu`
rum raisin ice cream,rum raisin ice cream,1,lowercase_ascii_punct_strip,high,False,
pippin apples,pippin apple,1,plural_singularized,high,False,
pandan essence,pandan essence,1,lowercase_ascii_punct_strip,high,False,
seasoning rub,seasoning rub,1,lowercase_ascii_punct_strip,high,False,
liquid sweetener,liquid sweetener,1,lowercase_ascii_punct_strip,high,False,
Foster Farms boneless skinless chicken breasts,foster farms boneless skinless chicken breast,1,plural_singularized,high,False,
country gravy,country gravy,1,lowercase_ascii_punct_strip,high,False,
nonfat half-and-half,nonfat half-and-half,1,lowercase_ascii_punct_strip,high,False,
low-fat soft goat cheese,low-fat soft goat cheese,1,lowercase_ascii_punct_strip,high,False,
flax egg,flax egg,1,lowercase_ascii_punct_strip,high,False,
conger eel,conger eel,1,lowercase_ascii_punct_strip,high,False,
chocolate liqueur,chocolate liqueur,1,lowercase_ascii_punct_strip,high,False,
cured pork,cured pork,1,lowercase_ascii_punct_strip,high,False,
straight bourbon whiskey,straight bourbon whiskey,1,lowercase_ascii_punct_strip,high,False,
guanabana,guanabana,1,lowercase_ascii_punct_strip,high,False,
instant tea powder,instant tea powder,1,lowercase_ascii_punct_strip,high,False,
barley flakes,barley flake,1,plural_singularized,high,False,
low-fat plain greek yogurt,low-fat plain greek yogurt,1,lowercase_ascii_punct_strip,high,False,
swiss,swiss,1,lowercase_ascii_punct_strip,high,False,
snow crab,snow crab,1,lowercase_ascii_punct_strip,high,False,
spot prawns,spot prawn,1,plural_singularized,high,False,
barilla piccolini mini,barilla piccolini mini,1,lowercase_ascii_punct_strip,high,False,
hachiya,hachiya,1,lowercase_ascii_punct_strip,high,False,
edible gold leaf,edible gold leaf,1,lowercase_ascii_punct_strip,high,False,
praline,praline,1,lowercase_ascii_punct_strip,high,False,
pita wraps,pita wrap,1,plural_singularized,high,False,
semi sweet mini chocolate chips,semi sweet mini chocolate chip,1,plural_singularized,high,False,
grape vine leaves,grape vine leave,1,plural_singularized,high,False,
low-fat chicken broth,low-fat chicken broth,1,lowercase_ascii_punct_strip,high,False,
peanut butter chips,peanut butter chip,1,plural_singularized,high,False,
yoplait,yoplait,1,brand_term_present,medium,False,Brand term present `yoplait`
Knorr® Beef Bouillon,beef bouillon,1,brand_prefix_removed,medium,False,Removed brand prefix `knorr`
KRAFT Shredded Colby & Monterey Jack Cheese,colby and monterey jack cheese,1,brand_prefix_removed;leading_descriptor_removed,medium,False,Removed brand prefix `kraft`
KRAFT Zesty Lime Vinaigrette Dressing,zesty lime vinaigrette dressing,1,brand_prefix_removed,medium,False,Removed brand prefix `kraft`
jambalaya,jambalaya,1,lowercase_ascii_punct_strip,high,False,
table wine,table wine,1,lowercase_ascii_punct_strip,high,False,
reduced sodium smoked ham,smoked ham,1,leading_descriptor_removed,medium,False,
squash seeds,squash seed,1,plural_singularized,high,False,
paste tomato,paste tomato,1,lowercase_ascii_punct_strip,high,False,
grain alcohol,grain alcohol,1,lowercase_ascii_punct_strip,high,False,
small shells,shell,1,leading_descriptor_removed;plural_singularized,medium,False,
speck,speck,1,lowercase_ascii_punct_strip,high,False,
blood,blood,1,lowercase_ascii_punct_strip,high,False,
pork heart,pork heart,1,lowercase_ascii_punct_strip,high,False,
miswa,miswa,1,lowercase_ascii_punct_strip,high,False,
brown beech mushrooms,brown beech mushroom,1,plural_singularized,high,False,
tri-tip steak,tri-tip steak,1,lowercase_ascii_punct_strip,high,False,
Sargento® Artisan Blends® Shredded Parmesan Cheese,artisan blends shredded parmesan cheese,1,brand_prefix_removed,medium,False,Removed brand prefix `sargento`
eggnog,eggnog,1,lowercase_ascii_punct_strip,high,False,
low-fat caesar dressing,low-fat caesar dressing,1,lowercase_ascii_punct_strip,high,False,
peeled diced tomatoes,diced tomatoe,1,leading_descriptor_removed;plural_singularized,medium,False,
Nido Milk Powder,nido milk powder,1,lowercase_ascii_punct_strip,high,False,
french style sandwich rolls,french style sandwich roll,1,plural_singularized,high,False,
liverwurst,liverwurst,1,lowercase_ascii_punct_strip,high,False,
do chua,do chua,1,lowercase_ascii_punct_strip,high,False,
Bertolli Tomato & Basil Sauce,tomato and basil sauce,1,brand_prefix_removed,medium,False,Removed brand prefix `bertolli`
dark rye flour,rye flour,1,leading_descriptor_removed,medium,False,
samphire,samphire,1,lowercase_ascii_punct_strip,high,False,
brown sauce,brown sauce,1,lowercase_ascii_punct_strip,high,False,
black garlic,black garlic,1,lowercase_ascii_punct_strip,high,False,
Knorr Fish Stock Cubes,fish stock cube,1,brand_prefix_removed;plural_singularized,medium,False,Removed brand prefix `knorr`
Crisco Pure Vegetable Oil,pure vegetable oil,1,brand_prefix_removed,medium,False,Removed brand prefix `crisco`
mian,mian,1,lowercase_ascii_punct_strip,high,False,
mandarin orange juice,mandarin orange juice,1,lowercase_ascii_punct_strip,high,False,
crab sticks,crab stick,1,plural_singularized,high,False,
celery powder,celery powder,1,lowercase_ascii_punct_strip,high,False,
mellow white miso,mellow white miso,1,lowercase_ascii_punct_strip,high,False,
low fat coleslaw dressing,low fat coleslaw dressing,1,lowercase_ascii_punct_strip,high,False,
Pillsbury Pie Crusts,pillsbury pie crust,1,plural_singularized,high,False,
brown rice penne,brown rice penne,1,lowercase_ascii_punct_strip,high,False,
eye steaks,eye steak,1,plural_singularized,high,False,
brill,brill,1,lowercase_ascii_punct_strip,high,False,
dip mix,dip mix,1,lowercase_ascii_punct_strip,high,False,
reduced sugar ketchup,reduced sugar ketchup,1,lowercase_ascii_punct_strip,high,False,
nonfat milk powder,nonfat milk powder,1,lowercase_ascii_punct_strip,high,False,
seasoned panko bread crumbs,seasoned panko bread crumb,1,plural_singularized,high,False,
tomate verde,tomate verde,1,lowercase_ascii_punct_strip,high,False,
gluten-free tamari sauce,gluten-free tamari sauce,1,lowercase_ascii_punct_strip,high,False,
frozen seafood,seafood,1,leading_descriptor_removed,medium,False,
soft-shelled crabs,soft-shelled crab,1,plural_singularized,high,False,
ogura-an,ogura-an,1,lowercase_ascii_punct_strip,high,False,
chowchow,chowchow,1,lowercase_ascii_punct_strip,high,False,
Hogue Cabernet Sauvignon,hogue cabernet sauvignon,1,lowercase_ascii_punct_strip,high,False,
steak tips,steak tip,1,plural_singularized,high,False,
Jameson Whiskey,jameson whiskey,1,lowercase_ascii_punct_strip,high,False,
Lipton Lemon Iced Tea Mix,lemon iced tea mix,1,brand_prefix_removed,medium,False,Removed brand prefix `lipton`
cracked wheat,cracked wheat,1,lowercase_ascii_punct_strip,high,False,
spinach tortilla,spinach tortilla,1,lowercase_ascii_punct_strip,high,False,
beef carpaccio,beef carpaccio,1,lowercase_ascii_punct_strip,high,False,
paprika paste,paprika paste,1,lowercase_ascii_punct_strip,high,False,
gnocchetti sardi,gnocchetti sardi,1,lowercase_ascii_punct_strip,high,False,
Progresso Balsamic Vinegar,progresso balsamic vinegar,1,lowercase_ascii_punct_strip,high,False,
chestnut spread,chestnut spread,1,lowercase_ascii_punct_strip,high,False,
hijiki,hijiki,1,lowercase_ascii_punct_strip,high,False,
baked corn tortilla chips,baked corn tortilla chip,1,plural_singularized,high,False,
cannelloni,cannelloni,1,lowercase_ascii_punct_strip,high,False,
jerk rub seasoning,jerk rub seasoning,1,lowercase_ascii_punct_strip,high,False,
tandoori masala mix,tandoori masala mix,1,lowercase_ascii_punct_strip,high,False,
rice mix,rice mix,1,lowercase_ascii_punct_strip,high,False,
chinese pepper,chinese pepper,1,lowercase_ascii_punct_strip,high,False,
heirloom squash,heirloom squash,1,lowercase_ascii_punct_strip,high,False,
banana puree,banana puree,1,lowercase_ascii_punct_strip,high,False,
won ton skins,won ton skin,1,plural_singularized,high,False,
chinese winter melon,chinese winter melon,1,lowercase_ascii_punct_strip,high,False,
TACO BELL® HOME ORIGINALS® Taco Seasoning Mix,home originals taco seasoning mix,1,brand_prefix_removed,medium,False,Removed brand prefix `taco bell`
KRAFT Mexican Style 2% Milk Finely Shredded Four Cheese,mexican style 2 milk finely shredded four cheese,1,brand_prefix_removed,medium,False,Removed brand prefix `kraft`
savoy spinach,savoy spinach,1,lowercase_ascii_punct_strip,high,False,
roasted pepitas,roasted pepita,1,plural_singularized,high,False,
proscuitto,proscuitto,1,lowercase_ascii_punct_strip,high,False,
low-fat vanilla wafers,low-fat vanilla wafer,1,plural_singularized,high,False,
whole turkey,turkey,1,leading_descriptor_removed,medium,False,
low fat shred cheddar chees sharp varieti,low fat shred cheddar chees sharp varieti,1,lowercase_ascii_punct_strip,high,False,
goat s milk cheese,goat s milk cheese,1,lowercase_ascii_punct_strip,high,False,
Herdez Salsa,herdez salsa,1,lowercase_ascii_punct_strip,high,False,
Spice Islands Ground Cumin Seed,spice islands ground cumin seed,1,lowercase_ascii_punct_strip,high,False,
cortland apples,cortland apple,1,plural_singularized,high,False,
homemade meatballs,homemade meatball,1,plural_singularized,high,False,
Success White Rice,success white rice,1,lowercase_ascii_punct_strip,high,False,
king crab,king crab,1,lowercase_ascii_punct_strip,high,False,
madeleine,madeleine,1,lowercase_ascii_punct_strip,high,False,
meat drippings,meat dripping,1,plural_singularized,high,False,
mozzarella string cheese,mozzarella string cheese,1,lowercase_ascii_punct_strip,high,False,
gluten-free oyster sauce,gluten-free oyster sauce,1,lowercase_ascii_punct_strip,high,False,
minced lean steak,steak,1,leading_descriptor_removed;leading_descriptor_removed,medium,False,
framboise liqueur,framboise liqueur,1,lowercase_ascii_punct_strip,high,False,
lipton onion soup mix,onion soup mix,1,brand_prefix_removed,medium,False,Removed brand prefix `lipton`
frozen sweetened raspberries,sweetened raspberry,1,leading_descriptor_removed;plural_singularized,medium,False,
beluga lentil,beluga lentil,1,lowercase_ascii_punct_strip,high,False,
langoustines,langoustine,1,plural_singularized,high,False,
prosciutto fat,prosciutto fat,1,lowercase_ascii_punct_strip,high,False,
vanilla bean seeds,vanilla bean seed,1,plural_singularized,high,False,
center cut pork roast,center cut pork roast,1,lowercase_ascii_punct_strip,high,False,
mashed cauliflower,mashed cauliflower,1,lowercase_ascii_punct_strip,high,False,
light whipping cream,whipping cream,1,leading_descriptor_removed,medium,False,
poolish,poolish,1,lowercase_ascii_punct_strip,high,False,
Wish-Bone® Robusto Italian Dressing,wish-bone robusto italian dressing,1,lowercase_ascii_punct_strip,high,False,
hoja santa,hoja santa,1,lowercase_ascii_punct_strip,high,False,
chicken egg,chicken egg,1,lowercase_ascii_punct_strip,high,False,
panela,panela,1,lowercase_ascii_punct_strip,high,False,
coconut syrup,coconut syrup,1,lowercase_ascii_punct_strip,high,False,
Green Giant Whole Kernel Sweet Corn,green giant whole kernel sweet corn,1,lowercase_ascii_punct_strip,high,False,
graham flour,graham flour,1,lowercase_ascii_punct_strip,high,False,
corn bread crumbs,corn bread crumb,1,plural_singularized,high,False,
drum,drum,1,lowercase_ascii_punct_strip,high,False,
mentaiko,mentaiko,1,lowercase_ascii_punct_strip,high,False,
garlic pepper blend,garlic pepper blend,1,lowercase_ascii_punct_strip,high,False,
raki,raki,1,lowercase_ascii_punct_strip,high,False,
fingerling,fingerling,1,lowercase_ascii_punct_strip,high,False,
greek seasoning mix,greek seasoning mix,1,lowercase_ascii_punct_strip,high,False,
powdered egg whites,powdered egg white,1,plural_singularized,high,False,
bermuda onion,bermuda onion,1,lowercase_ascii_punct_strip,high,False,
snip fresh dill,snip fresh dill,1,lowercase_ascii_punct_strip,high,False,
borlotti,borlotti,1,lowercase_ascii_punct_strip,high,False,
ground dried shrimp,dried shrimp,1,leading_descriptor_removed,medium,False,
dried neem leaves,neem leave,1,leading_descriptor_removed;plural_singularized,medium,False,
glucose,glucose,1,lowercase_ascii_punct_strip,high,False,
dried shallots,shallot,1,leading_descriptor_removed;plural_singularized,medium,False,
chateaubriand,chateaubriand,1,lowercase_ascii_punct_strip,high,False,
english breakfast tea,english breakfast tea,1,lowercase_ascii_punct_strip,high,False,
german mustard,german mustard,1,lowercase_ascii_punct_strip,high,False,
chinese radish,chinese radish,1,lowercase_ascii_punct_strip,high,False,
Spice Islands Garlic Salt,spice islands garlic salt,1,lowercase_ascii_punct_strip,high,False,
Knorr® Pasta Sides™ - Butter & Herb,pasta sidestm - butter and herb,1,brand_prefix_removed,medium,False,Removed brand prefix `knorr`
diced bacon,bacon,1,leading_descriptor_removed,medium,False,
crushed peppercorn,peppercorn,1,leading_descriptor_removed,medium,False,
honey-flavored greek style yogurt,honey-flavored greek style yogurt,1,lowercase_ascii_punct_strip,high,False,
toasted buns,toasted bun,1,plural_singularized,high,False,
arhar,arhar,1,lowercase_ascii_punct_strip,high,False,
veal escalopes,veal escalope,1,plural_singularized,high,False,
puff pastry cups,puff pastry cup,1,plural_singularized,high,False,
wensleydale,wensleydale,1,lowercase_ascii_punct_strip,high,False,
reduced sodium reduced fat cream of mushroom soup,reduced fat cream of mushroom soup,1,leading_descriptor_removed,medium,False,
caramel syrup,caramel syrup,1,lowercase_ascii_punct_strip,high,False,
lambs liver,lambs liver,1,lowercase_ascii_punct_strip,high,False,
unsalted pecans,pecan,1,leading_descriptor_removed;plural_singularized,medium,False,
potato starch flour,potato starch flour,1,lowercase_ascii_punct_strip,high,False,
Cinnamon Toast Crunch Cereal,cinnamon toast crunch cereal,1,lowercase_ascii_punct_strip,high,False,
carrot juice,carrot juice,1,lowercase_ascii_punct_strip,high,False,
Progresso Diced Tomatoes,progresso diced tomatoe,1,plural_singularized,high,False,
winesap,winesap,1,lowercase_ascii_punct_strip,high,False,
friselle,friselle,1,lowercase_ascii_punct_strip,high,False,
aquavit,aquavit,1,lowercase_ascii_punct_strip,high,False,
sato imo,sato imo,1,lowercase_ascii_punct_strip,high,False,
knorr reduc sodium chicken flavor bouillon cube,reduc sodium chicken flavor bouillon cube,1,brand_prefix_removed,medium,False,Removed brand prefix `knorr`
shark,shark,1,lowercase_ascii_punct_strip,high,False,
roasted almond oil,roasted almond oil,1,lowercase_ascii_punct_strip,high,False,
shredded American cheese,american cheese,1,leading_descriptor_removed,medium,False,
raspberry sherbet,raspberry sherbet,1,lowercase_ascii_punct_strip,high,False,
peach sorbet,peach sorbet,1,lowercase_ascii_punct_strip,high,False,
whole grain rotini,grain rotini,1,leading_descriptor_removed,medium,False,
george dickel,george dickel,1,lowercase_ascii_punct_strip,high,False,
Doritos Tortilla Chips,doritos tortilla chip,1,plural_singularized,high,False,
madagascar bourbon vanilla extract,madagascar bourbon vanilla extract,1,lowercase_ascii_punct_strip,high,False,
date molasses,date molasse,1,plural_singularized,high,False,
baked pita chips,baked pita chip,1,plural_singularized,high,False,
Hidden Valley® Farmhouse Originals Italian with Herbs Dressing,farmhouse originals italian with herbs dressing,1,brand_prefix_removed,medium,False,Removed brand prefix `hidden valley`
spicy mayonnaise,spicy mayonnaise,1,lowercase_ascii_punct_strip,high,False,
cold coffee,cold coffee,1,lowercase_ascii_punct_strip,high,False,
carnation condensed milk,carnation condensed milk,1,lowercase_ascii_punct_strip,high,False,
ratatouille,ratatouille,1,lowercase_ascii_punct_strip,high,False,
cherry vanilla ice cream,cherry vanilla ice cream,1,lowercase_ascii_punct_strip,high,False,
bone-in ribeye steak,bone-in ribeye steak,1,lowercase_ascii_punct_strip,high,False,
"frozen lemonade concentrate, thawed and undiluted",lemonade concentrate thawed and undiluted,1,leading_descriptor_removed,medium,False,
flowering chinese chives,flowering chinese chive,1,plural_singularized,high,False,
praline topping,praline topping,1,lowercase_ascii_punct_strip,high,False,
riblets,riblet,1,plural_singularized,high,False,
puff paste,puff paste,1,lowercase_ascii_punct_strip,high,False,
ramen noodle soup,ramen noodle soup,1,lowercase_ascii_punct_strip,high,False,
turkey giblet stock,turkey giblet stock,1,lowercase_ascii_punct_strip,high,False,
light chicken stock,chicken stock,1,leading_descriptor_removed,medium,False,
Manischewitz Matzo Meal,manischewitz matzo meal,1,lowercase_ascii_punct_strip,high,False,
Manischewitz Potato Starch,manischewitz potato starch,1,lowercase_ascii_punct_strip,high,False,
rice milk,rice milk,1,lowercase_ascii_punct_strip,high,False,
tortelloni,tortelloni,1,lowercase_ascii_punct_strip,high,False,
Classico Pasta Sauce,classico pasta sauce,1,lowercase_ascii_punct_strip,high,False,
crushed cheese crackers,cheese cracker,1,leading_descriptor_removed;plural_singularized,medium,False,
"rotini pasta, cook and drain",rotini pasta cook and drain,1,lowercase_ascii_punct_strip,high,False,
game,game,1,lowercase_ascii_punct_strip,high,False,
tongue,tongue,1,lowercase_ascii_punct_strip,high,False,
Daiya,daiya,1,lowercase_ascii_punct_strip,high,False,
curry mix,curry mix,1,lowercase_ascii_punct_strip,high,False,
Kraft Slim Cut Mozzarella Cheese Slices,slim cut mozzarella cheese slice,1,brand_prefix_removed;plural_singularized,medium,False,Removed brand prefix `kraft`
Oscar Mayer Cotto Salami,oscar mayer cotto salami,1,lowercase_ascii_punct_strip,high,False,
Challenge Butter,challenge butter,1,lowercase_ascii_punct_strip,high,False,
orange glaze,orange glaze,1,lowercase_ascii_punct_strip,high,False,
cholesterol free egg substitute,cholesterol free egg substitute,1,lowercase_ascii_punct_strip,high,False,
ciabatta loaf,ciabatta loaf,1,lowercase_ascii_punct_strip,high,False,
Lipton® Iced Tea Brew Family Size Tea Bags,iced tea brew family size tea bag,1,brand_prefix_removed;plural_singularized,medium,False,Removed brand prefix `lipton`
Hidden Valley® Greek Yogurt Original Ranch® Dip Mix,greek yogurt original ranch dip mix,1,brand_prefix_removed,medium,False,Removed brand prefix `hidden valley`
lop chong,lop chong,1,lowercase_ascii_punct_strip,high,False,
tomato garlic pasta sauce,tomato garlic pasta sauce,1,lowercase_ascii_punct_strip,high,False,
manouri,manouri,1,lowercase_ascii_punct_strip,high,False,
chive blossoms,chive blossom,1,plural_singularized,high,False,
ascorbic acid,ascorbic acid,1,lowercase_ascii_punct_strip,high,False,
wood mushrooms,wood mushroom,1,plural_singularized,high,False,
dried oysters,oyster,1,leading_descriptor_removed;plural_singularized,medium,False,
chicken consomme,chicken consomme,1,lowercase_ascii_punct_strip,high,False,
lemon verbena,lemon verbena,1,lowercase_ascii_punct_strip,high,False,
saltpeter,saltpeter,1,lowercase_ascii_punct_strip,high,False,
wish-bone,wish-bone,1,lowercase_ascii_punct_strip,high,False,
long pasta,long pasta,1,lowercase_ascii_punct_strip,high,False,
garden cress,garden cress,1,lowercase_ascii_punct_strip,high,False,
Neapolitan ice cream,neapolitan ice cream,1,lowercase_ascii_punct_strip,high,False,
alaskan king salmon,alaskan king salmon,1,lowercase_ascii_punct_strip,high,False,
medium cheddar cheese,cheddar cheese,1,leading_descriptor_removed,medium,False,
evapor low-fat milk,evapor low-fat milk,1,lowercase_ascii_punct_strip,high,False,
Kraft Sharp Cheddar Cheese,sharp cheddar cheese,1,brand_prefix_removed,medium,False,Removed brand prefix `kraft`
maca powder,maca powder,1,lowercase_ascii_punct_strip,high,False,
Ragu Traditional Sauce,traditional sauce,1,brand_prefix_removed,medium,False,Removed brand prefix `ragu`
soy-based liquid seasoning,soy-based liquid seasoning,1,lowercase_ascii_punct_strip,high,False,
reduced sodium chicken bouillon granules,chicken bouillon granule,1,leading_descriptor_removed;plural_singularized,medium,False,
mung bean vermicelli,mung bean vermicelli,1,lowercase_ascii_punct_strip,high,False,
yogurt low fat,yogurt low fat,1,lowercase_ascii_punct_strip,high,False,
boneless duck breast halves,duck breast halve,1,leading_descriptor_removed;plural_singularized,medium,False,
conchiglie,conchiglie,1,lowercase_ascii_punct_strip,high,False,
2% milk shredded mozzarella cheese,2 milk shredded mozzarella cheese,1,lowercase_ascii_punct_strip,high,False,
Makers Mark Whisky,makers mark whisky,1,lowercase_ascii_punct_strip,high,False,
knorr pasta side   cheesi cheddar,pasta side cheesi cheddar,1,brand_prefix_removed,medium,False,Removed brand prefix `knorr`
whole grain baguette,grain baguette,1,leading_descriptor_removed,medium,False,
reduced sodium ham,ham,1,leading_descriptor_removed,medium,False,
whole wheat peasant bread,wheat peasant bread,1,leading_descriptor_removed,medium,False,
ranch-style seasoning,ranch-style seasoning,1,lowercase_ascii_punct_strip,high,False,
ketjap,ketjap,1,lowercase_ascii_punct_strip,high,False,
chocolate flavored liqueur,chocolate flavored liqueur,1,lowercase_ascii_punct_strip,high,False,
