normalized_ingredient,recipe_occurrences,cuisine_prevalence_n,action,weight_multiplier,rule_reason,confidence
garlic,16607,20,downweight,0.35,high-prevalence or generic staple; keep signal but reduce influence,medium
onion,11834,20,downweight,0.35,high-prevalence or generic staple; keep signal but reduce influence,medium
olive oil,7982,20,downweight,0.35,high-prevalence or generic staple; keep signal but reduce influence,medium
butter,7640,20,downweight,0.35,high-prevalence or generic staple; keep signal but reduce influence,medium
egg,6332,20,downweight,0.35,high-prevalence or generic staple; keep signal but reduce influence,medium
green onion,5811,20,downweight,0.35,high-prevalence or generic staple; keep signal but reduce influence,medium
all-purpose flour,4786,20,downweight,0.35,high-prevalence or generic staple; keep signal but reduce influence,medium
soy sauce,4350,20,downweight,0.35,high-prevalence or generic staple; keep signal but reduce influence,medium
cilantro,4120,20,downweight,0.35,high-prevalence or generic staple; keep signal but reduce influence,medium
ginger,4078,20,downweight,0.35,high-prevalence or generic staple; keep signal but reduce influence,medium
cumin,3675,20,downweight,0.35,high-prevalence or generic staple; keep signal but reduce influence,medium
parsley,3567,20,downweight,0.35,high-prevalence or generic staple; keep signal but reduce influence,medium
tomato,3215,20,downweight,0.35,high-prevalence or generic staple; keep signal but reduce influence,medium
carrot,3110,20,downweight,0.35,high-prevalence or generic staple; keep signal but reduce influence,medium
lemon juice,3066,20,downweight,0.35,high-prevalence or generic staple; keep signal but reduce influence,medium
chicken breast,3039,20,downweight,0.35,high-prevalence or generic staple; keep signal but reduce influence,medium
milk,3023,20,downweight,0.35,high-prevalence or generic staple; keep signal but reduce influence,medium
parmesan cheese,2789,19,downweight,0.35,high-prevalence or generic staple; keep signal but reduce influence,medium
extra-virgin olive oil,2747,20,downweight,0.35,high-prevalence or generic staple; keep signal but reduce influence,medium
oregano,2518,17,downweight,0.35,high-prevalence or generic staple; keep signal but reduce influence,medium
tomatoe,2452,19,downweight,0.35,high-prevalence or generic staple; keep signal but reduce influence,medium
lime juice,2427,19,downweight,0.35,high-prevalence or generic staple; keep signal but reduce influence,medium
chile powder,2174,19,downweight,0.35,high-prevalence or generic staple; keep signal but reduce influence,medium
chicken broth,2084,20,downweight,0.35,high-prevalence or generic staple; keep signal but reduce influence,medium
shrimp,1974,19,downweight,0.35,high-prevalence or generic staple; keep signal but reduce influence,medium
basil,1963,19,downweight,0.35,high-prevalence or generic staple; keep signal but reduce influence,medium
red onion,1942,20,downweight,0.35,high-prevalence or generic staple; keep signal but reduce influence,medium
red bell pepper,1939,20,downweight,0.35,high-prevalence or generic staple; keep signal but reduce influence,medium
cinnamon,1911,20,downweight,0.35,high-prevalence or generic staple; keep signal but reduce influence,medium
red pepper,1812,20,downweight,0.35,high-prevalence or generic staple; keep signal but reduce influence,medium
corn starch,1757,19,downweight,0.35,high-prevalence or generic staple; keep signal but reduce influence,medium
baking powder,1738,20,downweight,0.35,high-prevalence or generic staple; keep signal but reduce influence,medium
jalapeno chile,1730,20,downweight,0.35,high-prevalence or generic staple; keep signal but reduce influence,medium
cilantro fresh,1698,17,downweight,0.35,high-prevalence or generic staple; keep signal but reduce influence,medium
cayenne pepper,1660,20,downweight,0.35,high-prevalence or generic staple; keep signal but reduce influence,medium
thyme,1605,18,downweight,0.35,high-prevalence or generic staple; keep signal but reduce influence,medium
sour cream,1593,18,downweight,0.35,high-prevalence or generic staple; keep signal but reduce influence,medium
chicken,1505,19,downweight,0.35,high-prevalence or generic staple; keep signal but reduce influence,medium
shallot,1496,20,downweight,0.35,high-prevalence or generic staple; keep signal but reduce influence,medium
lime,1467,19,downweight,0.35,high-prevalence or generic staple; keep signal but reduce influence,medium
potatoe,1466,20,downweight,0.35,high-prevalence or generic staple; keep signal but reduce influence,medium
green bell pepper,1446,20,downweight,0.35,high-prevalence or generic staple; keep signal but reduce influence,medium
garlic powder,1442,20,downweight,0.35,high-prevalence or generic staple; keep signal but reduce influence,medium
paprika,1435,20,downweight,0.35,high-prevalence or generic staple; keep signal but reduce influence,medium
flour,1348,20,downweight,0.35,high-prevalence or generic staple; keep signal but reduce influence,medium
celery,1346,20,downweight,0.35,high-prevalence or generic staple; keep signal but reduce influence,medium
red pepper flake,1342,19,downweight,0.35,high-prevalence or generic staple; keep signal but reduce influence,medium
honey,1299,20,downweight,0.35,high-prevalence or generic staple; keep signal but reduce influence,medium
vanilla extract,1298,20,downweight,0.35,high-prevalence or generic staple; keep signal but reduce influence,medium
ground beef,1295,20,downweight,0.35,high-prevalence or generic staple; keep signal but reduce influence,medium
lemon,1244,20,downweight,0.35,high-prevalence or generic staple; keep signal but reduce influence,medium
avocado,1228,19,downweight,0.35,high-prevalence or generic staple; keep signal but reduce influence,medium
dry white wine,1218,20,downweight,0.35,high-prevalence or generic staple; keep signal but reduce influence,medium
coriander,1205,20,downweight,0.35,high-prevalence or generic staple; keep signal but reduce influence,medium
cheddar cheese,1192,16,downweight,0.35,high-prevalence or generic staple; keep signal but reduce influence,medium
tomato paste,1159,20,downweight,0.35,high-prevalence or generic staple; keep signal but reduce influence,medium
heavy cream,1146,20,downweight,0.35,high-prevalence or generic staple; keep signal but reduce influence,medium
sauce,1128,20,downweight,0.35,high-prevalence or generic staple; keep signal but reduce influence,medium
egg yolk,1114,20,downweight,0.35,high-prevalence or generic staple; keep signal but reduce influence,medium
mushroom,1108,19,downweight,0.35,high-prevalence or generic staple; keep signal but reduce influence,medium
chicken stock,1097,20,downweight,0.35,high-prevalence or generic staple; keep signal but reduce influence,medium
nutmeg,1086,19,downweight,0.35,high-prevalence or generic staple; keep signal but reduce influence,medium
green chile,1079,16,downweight,0.35,high-prevalence or generic staple; keep signal but reduce influence,medium
bay leave,1057,20,downweight,0.35,high-prevalence or generic staple; keep signal but reduce influence,medium
clove,1047,20,downweight,0.35,high-prevalence or generic staple; keep signal but reduce influence,medium
coconut milk,1012,17,downweight,0.35,high-prevalence or generic staple; keep signal but reduce influence,medium
turmeric,958,17,downweight,0.35,high-prevalence or generic staple; keep signal but reduce influence,medium
baking soda,942,19,downweight,0.35,high-prevalence or generic staple; keep signal but reduce influence,medium
mozzarella cheese,939,16,downweight,0.35,high-prevalence or generic staple; keep signal but reduce influence,medium
egg white,938,20,downweight,0.35,high-prevalence or generic staple; keep signal but reduce influence,medium
cumin seed,935,16,downweight,0.35,high-prevalence or generic staple; keep signal but reduce influence,medium
rice,916,20,downweight,0.35,high-prevalence or generic staple; keep signal but reduce influence,medium
zucchini,910,20,downweight,0.35,high-prevalence or generic staple; keep signal but reduce influence,medium
tomato sauce,868,18,downweight,0.35,high-prevalence or generic staple; keep signal but reduce influence,medium
buttermilk,864,16,downweight,0.35,high-prevalence or generic staple; keep signal but reduce influence,medium
plum tomato,858,20,downweight,0.35,high-prevalence or generic staple; keep signal but reduce influence,medium
mayonnaise,842,20,downweight,0.35,high-prevalence or generic staple; keep signal but reduce influence,medium
bay leaf,839,20,downweight,0.35,high-prevalence or generic staple; keep signal but reduce influence,medium
pork,804,20,downweight,0.35,high-prevalence or generic staple; keep signal but reduce influence,medium
cucumber,792,19,downweight,0.35,high-prevalence or generic staple; keep signal but reduce influence,medium
basil leave,766,16,downweight,0.35,high-prevalence or generic staple; keep signal but reduce influence,medium
tumeric,763,17,downweight,0.35,high-prevalence or generic staple; keep signal but reduce influence,medium
red wine vinegar,752,20,downweight,0.35,high-prevalence or generic staple; keep signal but reduce influence,medium
curry powder,709,18,downweight,0.35,high-prevalence or generic staple; keep signal but reduce influence,medium
worcestershire sauce,701,19,downweight,0.35,high-prevalence or generic staple; keep signal but reduce influence,medium
chile,699,19,downweight,0.35,high-prevalence or generic staple; keep signal but reduce influence,medium
sesame seed,676,16,downweight,0.35,high-prevalence or generic staple; keep signal but reduce influence,medium
bacon,665,18,downweight,0.35,high-prevalence or generic staple; keep signal but reduce influence,medium
cinnamon stick,646,20,downweight,0.35,high-prevalence or generic staple; keep signal but reduce influence,medium
red chili pepper,644,18,downweight,0.35,high-prevalence or generic staple; keep signal but reduce influence,medium
spinach,641,20,downweight,0.35,high-prevalence or generic staple; keep signal but reduce influence,medium
pea,626,20,downweight,0.35,high-prevalence or generic staple; keep signal but reduce influence,medium
whipping cream,620,16,downweight,0.35,high-prevalence or generic staple; keep signal but reduce influence,medium
corn,613,16,downweight,0.35,high-prevalence or generic staple; keep signal but reduce influence,medium
cheese,613,18,downweight,0.35,high-prevalence or generic staple; keep signal but reduce influence,medium
peanut oil,610,17,downweight,0.35,high-prevalence or generic staple; keep signal but reduce influence,medium
cream cheese,592,17,downweight,0.35,high-prevalence or generic staple; keep signal but reduce influence,medium
lemon zest,585,19,downweight,0.35,high-prevalence or generic staple; keep signal but reduce influence,medium
fresh ginger,582,18,downweight,0.35,high-prevalence or generic staple; keep signal but reduce influence,medium
warm water,577,20,downweight,0.35,high-prevalence or generic staple; keep signal but reduce influence,medium
balsamic vinegar,574,19,downweight,0.35,high-prevalence or generic staple; keep signal but reduce influence,medium
mint,570,19,downweight,0.35,high-prevalence or generic staple; keep signal but reduce influence,medium
celery rib,567,20,downweight,0.35,high-prevalence or generic staple; keep signal but reduce influence,medium
white vinegar,554,20,downweight,0.35,high-prevalence or generic staple; keep signal but reduce influence,medium
orange juice,547,20,downweight,0.35,high-prevalence or generic staple; keep signal but reduce influence,medium
onion powder,528,18,downweight,0.35,high-prevalence or generic staple; keep signal but reduce influence,medium
cabbage,526,18,downweight,0.35,high-prevalence or generic staple; keep signal but reduce influence,medium
allspice,519,17,downweight,0.35,high-prevalence or generic staple; keep signal but reduce influence,medium
dijon mustard,513,20,downweight,0.35,high-prevalence or generic staple; keep signal but reduce influence,medium
cold water,506,20,downweight,0.35,high-prevalence or generic staple; keep signal but reduce influence,medium
eggplant,501,17,downweight,0.35,high-prevalence or generic staple; keep signal but reduce influence,medium
powdered sugar,501,18,downweight,0.35,high-prevalence or generic staple; keep signal but reduce influence,medium
orange,499,20,downweight,0.35,high-prevalence or generic staple; keep signal but reduce influence,medium
vegetable broth,487,20,downweight,0.35,high-prevalence or generic staple; keep signal but reduce influence,medium
almond,482,16,downweight,0.35,high-prevalence or generic staple; keep signal but reduce influence,medium
fat free less sodium chicken broth,473,17,downweight,0.35,high-prevalence or generic staple; keep signal but reduce influence,medium
cayenne,470,20,downweight,0.35,high-prevalence or generic staple; keep signal but reduce influence,medium
raisin,460,19,downweight,0.35,high-prevalence or generic staple; keep signal but reduce influence,medium
ginger root,459,16,downweight,0.35,high-prevalence or generic staple; keep signal but reduce influence,medium
finely chopped onion,457,20,downweight,0.35,high-prevalence or generic staple; keep signal but reduce influence,medium
black peppercorn,453,19,downweight,0.35,high-prevalence or generic staple; keep signal but reduce influence,medium
peanut,447,17,downweight,0.35,high-prevalence or generic staple; keep signal but reduce influence,medium
green bean,439,19,downweight,0.35,high-prevalence or generic staple; keep signal but reduce influence,medium
leek,439,20,downweight,0.35,high-prevalence or generic staple; keep signal but reduce influence,medium
cherry tomatoe,436,16,downweight,0.35,high-prevalence or generic staple; keep signal but reduce influence,medium
ketchup,432,20,downweight,0.35,high-prevalence or generic staple; keep signal but reduce influence,medium
beef broth,421,20,downweight,0.35,high-prevalence or generic staple; keep signal but reduce influence,medium
bell pepper,419,19,downweight,0.35,high-prevalence or generic staple; keep signal but reduce influence,medium
corn kernel,412,16,downweight,0.35,high-prevalence or generic staple; keep signal but reduce influence,medium
cracked black pepper,408,20,downweight,0.35,high-prevalence or generic staple; keep signal but reduce influence,medium
chicken thigh,398,18,downweight,0.35,high-prevalence or generic staple; keep signal but reduce influence,medium
confectioners sugar,395,18,downweight,0.35,high-prevalence or generic staple; keep signal but reduce influence,medium
coriander seed,395,17,downweight,0.35,high-prevalence or generic staple; keep signal but reduce influence,medium
white rice,393,17,downweight,0.35,high-prevalence or generic staple; keep signal but reduce influence,medium
low salt chicken broth,385,19,downweight,0.35,high-prevalence or generic staple; keep signal but reduce influence,medium
active dry yeast,377,19,downweight,0.35,high-prevalence or generic staple; keep signal but reduce influence,medium
green pepper,373,18,downweight,0.35,high-prevalence or generic staple; keep signal but reduce influence,medium
white wine,368,19,downweight,0.35,high-prevalence or generic staple; keep signal but reduce influence,medium
ham,367,17,downweight,0.35,high-prevalence or generic staple; keep signal but reduce influence,medium
lettuce,358,17,downweight,0.35,high-prevalence or generic staple; keep signal but reduce influence,medium
smoked paprika,357,17,downweight,0.35,high-prevalence or generic staple; keep signal but reduce influence,medium
long-grain rice,353,20,downweight,0.35,high-prevalence or generic staple; keep signal but reduce influence,medium
white wine vinegar,352,20,downweight,0.35,high-prevalence or generic staple; keep signal but reduce influence,medium
fennel seed,352,18,downweight,0.35,high-prevalence or generic staple; keep signal but reduce influence,medium
dill,350,16,downweight,0.35,high-prevalence or generic staple; keep signal but reduce influence,medium
boiling water,350,20,downweight,0.35,high-prevalence or generic staple; keep signal but reduce influence,medium
cider vinegar,348,20,downweight,0.35,high-prevalence or generic staple; keep signal but reduce influence,medium
chile pepper,345,17,downweight,0.35,high-prevalence or generic staple; keep signal but reduce influence,medium
chicken skinless thigh,343,17,downweight,0.35,high-prevalence or generic staple; keep signal but reduce influence,medium
cardamom,341,18,downweight,0.35,high-prevalence or generic staple; keep signal but reduce influence,medium
pepper sauce,339,18,downweight,0.35,high-prevalence or generic staple; keep signal but reduce influence,medium
half and half,337,17,downweight,0.35,high-prevalence or generic staple; keep signal but reduce influence,medium
basmati rice,326,17,downweight,0.35,high-prevalence or generic staple; keep signal but reduce influence,medium
chive,325,20,downweight,0.35,high-prevalence or generic staple; keep signal but reduce influence,medium
beef,323,20,downweight,0.35,high-prevalence or generic staple; keep signal but reduce influence,medium
fresh mint,317,17,downweight,0.35,high-prevalence or generic staple; keep signal but reduce influence,medium
vinegar,316,19,downweight,0.35,high-prevalence or generic staple; keep signal but reduce influence,medium
vanilla,311,19,downweight,0.35,high-prevalence or generic staple; keep signal but reduce influence,medium
dry red wine,309,18,downweight,0.35,high-prevalence or generic staple; keep signal but reduce influence,medium
bread crumb,306,19,downweight,0.35,high-prevalence or generic staple; keep signal but reduce influence,medium
cream,304,17,downweight,0.35,high-prevalence or generic staple; keep signal but reduce influence,medium
chili sauce,293,16,downweight,0.35,high-prevalence or generic staple; keep signal but reduce influence,medium
yellow bell pepper,291,16,downweight,0.35,high-prevalence or generic staple; keep signal but reduce influence,medium
dry bread crumb,287,18,downweight,0.35,high-prevalence or generic staple; keep signal but reduce influence,medium
red potato,284,17,downweight,0.35,high-prevalence or generic staple; keep signal but reduce influence,medium
dry sherry,284,16,downweight,0.35,high-prevalence or generic staple; keep signal but reduce influence,medium
turkey,283,20,downweight,0.35,high-prevalence or generic staple; keep signal but reduce influence,medium
radishe,282,17,downweight,0.35,high-prevalence or generic staple; keep signal but reduce influence,medium
juice,280,19,downweight,0.35,high-prevalence or generic staple; keep signal but reduce influence,medium
long grain white rice,277,18,downweight,0.35,high-prevalence or generic staple; keep signal but reduce influence,medium
melted butter,276,17,downweight,0.35,high-prevalence or generic staple; keep signal but reduce influence,medium
sweetened condensed milk,271,17,downweight,0.35,high-prevalence or generic staple; keep signal but reduce influence,medium
mango,270,17,downweight,0.35,high-prevalence or generic staple; keep signal but reduce influence,medium
apple cider vinegar,268,19,downweight,0.35,high-prevalence or generic staple; keep signal but reduce influence,medium
russet potatoe,266,19,downweight,0.35,high-prevalence or generic staple; keep signal but reduce influence,medium
mint leave,263,16,downweight,0.35,high-prevalence or generic staple; keep signal but reduce influence,medium
star anise,259,16,downweight,0.35,high-prevalence or generic staple; keep signal but reduce influence,medium
flank steak,258,18,downweight,0.35,high-prevalence or generic staple; keep signal but reduce influence,medium
baby spinach,257,17,downweight,0.35,high-prevalence or generic staple; keep signal but reduce influence,medium
corn syrup,257,16,downweight,0.35,high-prevalence or generic staple; keep signal but reduce influence,medium
walnut,251,16,downweight,0.35,high-prevalence or generic staple; keep signal but reduce influence,medium
garlic salt,240,17,downweight,0.35,high-prevalence or generic staple; keep signal but reduce influence,medium
broccoli,235,16,downweight,0.35,high-prevalence or generic staple; keep signal but reduce influence,medium
strawberry,231,16,downweight,0.35,high-prevalence or generic staple; keep signal but reduce influence,medium
banana,231,17,downweight,0.35,high-prevalence or generic staple; keep signal but reduce influence,medium
coconut oil,231,19,downweight,0.35,high-prevalence or generic staple; keep signal but reduce influence,medium
thyme leave,230,17,downweight,0.35,high-prevalence or generic staple; keep signal but reduce influence,medium
pork tenderloin,229,17,downweight,0.35,high-prevalence or generic staple; keep signal but reduce influence,medium
red wine,229,16,downweight,0.35,high-prevalence or generic staple; keep signal but reduce influence,medium
shortening,229,17,downweight,0.35,high-prevalence or generic staple; keep signal but reduce influence,medium
beer,228,18,downweight,0.35,high-prevalence or generic staple; keep signal but reduce influence,medium
roma tomatoe,227,16,downweight,0.35,high-prevalence or generic staple; keep signal but reduce influence,medium
fresh chive,227,16,downweight,0.35,high-prevalence or generic staple; keep signal but reduce influence,medium
lemon wedge,225,18,downweight,0.35,high-prevalence or generic staple; keep signal but reduce influence,medium
margarine,224,16,downweight,0.35,high-prevalence or generic staple; keep signal but reduce influence,medium
cauliflower,223,18,downweight,0.35,high-prevalence or generic staple; keep signal but reduce influence,medium
green pea,222,18,downweight,0.35,high-prevalence or generic staple; keep signal but reduce influence,medium
yukon gold potatoe,218,18,downweight,0.35,high-prevalence or generic staple; keep signal but reduce influence,medium
tomato puree,217,17,downweight,0.35,high-prevalence or generic staple; keep signal but reduce influence,medium
lemon peel,216,17,downweight,0.35,high-prevalence or generic staple; keep signal but reduce influence,medium
wheat flour,215,16,downweight,0.35,high-prevalence or generic staple; keep signal but reduce influence,medium
salt and ground black pepper,215,18,downweight,0.35,high-prevalence or generic staple; keep signal but reduce influence,medium
pork shoulder,214,19,downweight,0.35,high-prevalence or generic staple; keep signal but reduce influence,medium
pineapple,211,17,downweight,0.35,high-prevalence or generic staple; keep signal but reduce influence,medium
green cabbage,208,19,downweight,0.35,high-prevalence or generic staple; keep signal but reduce influence,medium
vegetable,205,19,downweight,0.35,high-prevalence or generic staple; keep signal but reduce influence,medium
vegetable stock,202,20,downweight,0.35,high-prevalence or generic staple; keep signal but reduce influence,medium
bread flour,193,16,downweight,0.35,high-prevalence or generic staple; keep signal but reduce influence,medium
lettuce leave,189,19,downweight,0.35,high-prevalence or generic staple; keep signal but reduce influence,medium
tabasco pepper sauce,184,17,downweight,0.35,high-prevalence or generic staple; keep signal but reduce influence,medium
all purpose unbleached flour,179,18,downweight,0.35,high-prevalence or generic staple; keep signal but reduce influence,medium
apple,179,18,downweight,0.35,high-prevalence or generic staple; keep signal but reduce influence,medium
bread,175,20,downweight,0.35,high-prevalence or generic staple; keep signal but reduce influence,medium
almond extract,173,16,downweight,0.35,high-prevalence or generic staple; keep signal but reduce influence,medium
salmon fillet,171,19,downweight,0.35,high-prevalence or generic staple; keep signal but reduce influence,medium
spice,171,19,downweight,0.35,high-prevalence or generic staple; keep signal but reduce influence,medium
meat,171,19,downweight,0.35,high-prevalence or generic staple; keep signal but reduce influence,medium
bread crumb fresh,170,16,downweight,0.35,high-prevalence or generic staple; keep signal but reduce influence,medium
beef stock,169,20,downweight,0.35,high-prevalence or generic staple; keep signal but reduce influence,medium
peppercorn,168,19,downweight,0.35,high-prevalence or generic staple; keep signal but reduce influence,medium
ice water,164,17,downweight,0.35,high-prevalence or generic staple; keep signal but reduce influence,medium
button mushroom,163,20,downweight,0.35,high-prevalence or generic staple; keep signal but reduce influence,medium
ice,160,18,downweight,0.35,high-prevalence or generic staple; keep signal but reduce influence,medium
chili flake,158,18,downweight,0.35,high-prevalence or generic staple; keep signal but reduce influence,medium
kale,157,19,downweight,0.35,high-prevalence or generic staple; keep signal but reduce influence,medium
orange zest,152,18,downweight,0.35,high-prevalence or generic staple; keep signal but reduce influence,medium
mustard,149,18,downweight,0.35,high-prevalence or generic staple; keep signal but reduce influence,medium
quinoa,144,16,downweight,0.35,high-prevalence or generic staple; keep signal but reduce influence,medium
panko breadcrumb,144,18,downweight,0.35,high-prevalence or generic staple; keep signal but reduce influence,medium
molasse,139,16,downweight,0.35,high-prevalence or generic staple; keep signal but reduce influence,medium
herb,138,16,downweight,0.35,high-prevalence or generic staple; keep signal but reduce influence,medium
seasoning,137,20,downweight,0.35,high-prevalence or generic staple; keep signal but reduce influence,medium
pork loin,133,19,downweight,0.35,high-prevalence or generic staple; keep signal but reduce influence,medium
orange peel,133,17,downweight,0.35,high-prevalence or generic staple; keep signal but reduce influence,medium
ice cube,130,16,downweight,0.35,high-prevalence or generic staple; keep signal but reduce influence,medium
chili pepper,126,17,downweight,0.35,high-prevalence or generic staple; keep signal but reduce influence,medium
granny smith apple,119,16,downweight,0.35,high-prevalence or generic staple; keep signal but reduce influence,medium
chicken leg,117,16,downweight,0.35,high-prevalence or generic staple; keep signal but reduce influence,medium
yellow squash,116,16,downweight,0.35,high-prevalence or generic staple; keep signal but reduce influence,medium
chuck,114,20,downweight,0.35,high-prevalence or generic staple; keep signal but reduce influence,medium
turnip,113,16,downweight,0.35,high-prevalence or generic staple; keep signal but reduce influence,medium
yeast,112,18,downweight,0.35,high-prevalence or generic staple; keep signal but reduce influence,medium
maple syrup,110,17,downweight,0.35,high-prevalence or generic staple; keep signal but reduce influence,medium
bean,109,18,downweight,0.35,high-prevalence or generic staple; keep signal but reduce influence,medium
dough,105,17,downweight,0.35,high-prevalence or generic staple; keep signal but reduce influence,medium
watercress,104,17,downweight,0.35,high-prevalence or generic staple; keep signal but reduce influence,medium
hard-boiled egg,104,17,downweight,0.35,high-prevalence or generic staple; keep signal but reduce influence,medium
chicken piece,100,18,downweight,0.35,high-prevalence or generic staple; keep signal but reduce influence,medium
boiling potatoe,99,18,downweight,0.35,high-prevalence or generic staple; keep signal but reduce influence,medium
broth,99,19,downweight,0.35,high-prevalence or generic staple; keep signal but reduce influence,medium
green,96,17,downweight,0.35,high-prevalence or generic staple; keep signal but reduce influence,medium
fish,96,17,downweight,0.35,high-prevalence or generic staple; keep signal but reduce influence,medium
fennel,96,16,downweight,0.35,high-prevalence or generic staple; keep signal but reduce influence,medium
chicken drumstick,94,17,downweight,0.35,high-prevalence or generic staple; keep signal but reduce influence,medium
sirloin,92,16,downweight,0.35,high-prevalence or generic staple; keep signal but reduce influence,medium
fat,92,18,downweight,0.35,high-prevalence or generic staple; keep signal but reduce influence,medium
stock,91,17,downweight,0.35,high-prevalence or generic staple; keep signal but reduce influence,medium
cherry,89,18,downweight,0.35,high-prevalence or generic staple; keep signal but reduce influence,medium
roll,88,17,downweight,0.35,high-prevalence or generic staple; keep signal but reduce influence,medium
chocolate,87,16,downweight,0.35,high-prevalence or generic staple; keep signal but reduce influence,medium
vegetable oil spray,84,16,downweight,0.35,high-prevalence or generic staple; keep signal but reduce influence,medium
panko,83,16,downweight,0.35,high-prevalence or generic staple; keep signal but reduce influence,medium
sirloin steak,82,17,downweight,0.35,high-prevalence or generic staple; keep signal but reduce influence,medium
skim milk,81,16,downweight,0.35,high-prevalence or generic staple; keep signal but reduce influence,medium
fillet,78,17,downweight,0.35,high-prevalence or generic staple; keep signal but reduce influence,medium
fish fillet,77,18,downweight,0.35,high-prevalence or generic staple; keep signal but reduce influence,medium
instant yeast,74,16,downweight,0.35,high-prevalence or generic staple; keep signal but reduce influence,medium
steak,72,17,downweight,0.35,high-prevalence or generic staple; keep signal but reduce influence,medium
lemon slice,70,18,downweight,0.35,high-prevalence or generic staple; keep signal but reduce influence,medium
halibut fillet,65,17,downweight,0.35,high-prevalence or generic staple; keep signal but reduce influence,medium
dressing,63,16,downweight,0.35,high-prevalence or generic staple; keep signal but reduce influence,medium
pumpkin,63,16,downweight,0.35,high-prevalence or generic staple; keep signal but reduce influence,medium
fruit,62,18,downweight,0.35,high-prevalence or generic staple; keep signal but reduce influence,medium
salad,61,16,downweight,0.35,high-prevalence or generic staple; keep signal but reduce influence,medium
liquid,60,16,downweight,0.35,high-prevalence or generic staple; keep signal but reduce influence,medium
pork loin chop,53,19,downweight,0.35,high-prevalence or generic staple; keep signal but reduce influence,medium
yellow pepper,51,16,downweight,0.35,high-prevalence or generic staple; keep signal but reduce influence,medium
turbinado,50,16,downweight,0.35,high-prevalence or generic staple; keep signal but reduce influence,medium
nut,49,17,downweight,0.35,high-prevalence or generic staple; keep signal but reduce influence,medium
filet,34,16,downweight,0.35,high-prevalence or generic staple; keep signal but reduce influence,medium
sesame oil,1971,15,flag,1.0,broad or potentially generic category; retained but flagged for Pia/manual review,medium-low
fish sauce,1247,10,flag,1.0,broad or potentially generic category; retained but flagged for Pia/manual review,medium-low
rice vinegar,1204,14,flag,1.0,broad or potentially generic category; retained but flagged for Pia/manual review,medium-low
flour tortilla,889,14,flag,1.0,broad or potentially generic category; retained but flagged for Pia/manual review,medium-low
oyster sauce,455,9,flag,1.0,broad or potentially generic category; retained but flagged for Pia/manual review,medium-low
hoisin sauce,429,9,flag,1.0,broad or potentially generic category; retained but flagged for Pia/manual review,medium-low
italian seasoning,395,13,flag,1.0,broad or potentially generic category; retained but flagged for Pia/manual review,medium-low
sharp cheddar cheese,393,13,flag,1.0,broad or potentially generic category; retained but flagged for Pia/manual review,medium-low
cajun seasoning,377,5,flag,1.0,broad or potentially generic category; retained but flagged for Pia/manual review,medium-low
feta cheese crumble,358,10,flag,1.0,broad or potentially generic category; retained but flagged for Pia/manual review,medium-low
toasted sesame oil,355,9,flag,1.0,broad or potentially generic category; retained but flagged for Pia/manual review,medium-low
parmigiano reggiano cheese,353,10,flag,1.0,broad or potentially generic category; retained but flagged for Pia/manual review,medium-low
ricotta cheese,352,8,flag,1.0,broad or potentially generic category; retained but flagged for Pia/manual review,medium-low
pasta,349,14,flag,1.0,broad or potentially generic category; retained but flagged for Pia/manual review,medium-low
monterey jack cheese,325,6,flag,1.0,broad or potentially generic category; retained but flagged for Pia/manual review,medium-low
rice noodle,305,8,flag,1.0,broad or potentially generic category; retained but flagged for Pia/manual review,medium-low
enchilada sauce,304,2,flag,1.0,broad or potentially generic category; retained but flagged for Pia/manual review,medium-low
arborio rice,292,8,flag,1.0,broad or potentially generic category; retained but flagged for Pia/manual review,medium-low
taco seasoning,280,3,flag,1.0,broad or potentially generic category; retained but flagged for Pia/manual review,medium-low
creole seasoning,276,7,flag,1.0,broad or potentially generic category; retained but flagged for Pia/manual review,medium-low
feta cheese,268,10,flag,1.0,broad or potentially generic category; retained but flagged for Pia/manual review,medium-low
pasta sauce,266,8,flag,1.0,broad or potentially generic category; retained but flagged for Pia/manual review,medium-low
unsweetened cocoa powder,266,15,flag,1.0,broad or potentially generic category; retained but flagged for Pia/manual review,medium-low
vegetable oil cooking spray,260,15,flag,1.0,broad or potentially generic category; retained but flagged for Pia/manual review,medium-low
chinese five-spice powder,253,9,flag,1.0,broad or potentially generic category; retained but flagged for Pia/manual review,medium-low
coriander powder,246,9,flag,1.0,broad or potentially generic category; retained but flagged for Pia/manual review,medium-low
brown rice,243,15,flag,1.0,broad or potentially generic category; retained but flagged for Pia/manual review,medium-low
red chile powder,239,10,flag,1.0,broad or potentially generic category; retained but flagged for Pia/manual review,medium-low
marinara sauce,229,7,flag,1.0,broad or potentially generic category; retained but flagged for Pia/manual review,medium-low
part-skim mozzarella cheese,227,8,flag,1.0,broad or potentially generic category; retained but flagged for Pia/manual review,medium-low
rice wine,225,6,flag,1.0,broad or potentially generic category; retained but flagged for Pia/manual review,medium-low
noodle,225,15,flag,1.0,broad or potentially generic category; retained but flagged for Pia/manual review,medium-low
lasagna noodle,209,4,flag,1.0,broad or potentially generic category; retained but flagged for Pia/manual review,medium-low
self rising flour,193,14,flag,1.0,broad or potentially generic category; retained but flagged for Pia/manual review,medium-low
french bread,192,13,flag,1.0,broad or potentially generic category; retained but flagged for Pia/manual review,medium-low
taco seasoning mix,187,1,flag,1.0,broad or potentially generic category; retained but flagged for Pia/manual review,medium-low
cake flour,179,15,flag,1.0,broad or potentially generic category; retained but flagged for Pia/manual review,medium-low
penne pasta,178,9,flag,1.0,broad or potentially generic category; retained but flagged for Pia/manual review,medium-low
jack cheese,178,6,flag,1.0,broad or potentially generic category; retained but flagged for Pia/manual review,medium-low
mexican cheese blend,173,4,flag,1.0,broad or potentially generic category; retained but flagged for Pia/manual review,medium-low
goat cheese,169,9,flag,1.0,broad or potentially generic category; retained but flagged for Pia/manual review,medium-low
provolone cheese,164,6,flag,1.0,broad or potentially generic category; retained but flagged for Pia/manual review,medium-low
gruyere cheese,160,8,flag,1.0,broad or potentially generic category; retained but flagged for Pia/manual review,medium-low
sherry vinegar,160,14,flag,1.0,broad or potentially generic category; retained but flagged for Pia/manual review,medium-low
rice flour,160,14,flag,1.0,broad or potentially generic category; retained but flagged for Pia/manual review,medium-low
asian fish sauce,158,8,flag,1.0,broad or potentially generic category; retained but flagged for Pia/manual review,medium-low
pecorino romano cheese,157,6,flag,1.0,broad or potentially generic category; retained but flagged for Pia/manual review,medium-low
jasmine rice,152,13,flag,1.0,broad or potentially generic category; retained but flagged for Pia/manual review,medium-low
cream cheese soften,143,14,flag,1.0,broad or potentially generic category; retained but flagged for Pia/manual review,medium-low
chicken wing,133,15,flag,1.0,broad or potentially generic category; retained but flagged for Pia/manual review,medium-low
chinese rice wine,131,4,flag,1.0,broad or potentially generic category; retained but flagged for Pia/manual review,medium-low
seasoning salt,131,15,flag,1.0,broad or potentially generic category; retained but flagged for Pia/manual review,medium-low
white bread,130,15,flag,1.0,broad or potentially generic category; retained but flagged for Pia/manual review,medium-low
garlic chili sauce,130,10,flag,1.0,broad or potentially generic category; retained but flagged for Pia/manual review,medium-low
chili paste,129,12,flag,1.0,broad or potentially generic category; retained but flagged for Pia/manual review,medium-low
romano cheese,128,7,flag,1.0,broad or potentially generic category; retained but flagged for Pia/manual review,medium-low
thai red curry paste,127,3,flag,1.0,broad or potentially generic category; retained but flagged for Pia/manual review,medium-low
barbecue sauce,126,10,flag,1.0,broad or potentially generic category; retained but flagged for Pia/manual review,medium-low
part-skim ricotta cheese,125,7,flag,1.0,broad or potentially generic category; retained but flagged for Pia/manual review,medium-low
pork belly,124,11,flag,1.0,broad or potentially generic category; retained but flagged for Pia/manual review,medium-low
chili oil,123,8,flag,1.0,broad or potentially generic category; retained but flagged for Pia/manual review,medium-low
red curry paste,122,3,flag,1.0,broad or potentially generic category; retained but flagged for Pia/manual review,medium-low
ginger paste,119,5,flag,1.0,broad or potentially generic category; retained but flagged for Pia/manual review,medium-low
pork sausage,119,14,flag,1.0,broad or potentially generic category; retained but flagged for Pia/manual review,medium-low
italian bread,118,9,flag,1.0,broad or potentially generic category; retained but flagged for Pia/manual review,medium-low
lump crab meat,117,12,flag,1.0,broad or potentially generic category; retained but flagged for Pia/manual review,medium-low
thai fish sauce,108,7,flag,1.0,broad or potentially generic category; retained but flagged for Pia/manual review,medium-low
fontina cheese,107,6,flag,1.0,broad or potentially generic category; retained but flagged for Pia/manual review,medium-low
curry paste,106,7,flag,1.0,broad or potentially generic category; retained but flagged for Pia/manual review,medium-low
egg noodle,105,15,flag,1.0,broad or potentially generic category; retained but flagged for Pia/manual review,medium-low
bow-tie pasta,103,9,flag,1.0,broad or potentially generic category; retained but flagged for Pia/manual review,medium-low
cornflour,103,11,flag,1.0,broad or potentially generic category; retained but flagged for Pia/manual review,medium-low
swiss cheese,101,9,flag,1.0,broad or potentially generic category; retained but flagged for Pia/manual review,medium-low
cottage cheese,100,8,flag,1.0,broad or potentially generic category; retained but flagged for Pia/manual review,medium-low
salt,22843,20,remove,0.0,universal or generic pantry item; remove for sensitivity model,high
black pepper,12952,20,remove,0.0,universal or generic pantry item; remove for sensitivity model,high
sugar,8516,20,remove,0.0,universal or generic pantry item; remove for sensitivity model,high
oil,8066,20,remove,0.0,universal or generic pantry item; remove for sensitivity model,high
water,7776,20,remove,0.0,universal or generic pantry item; remove for sensitivity model,high
brown sugar,2228,20,remove,0.0,universal or generic pantry item; remove for sensitivity model,high
cooking spray,1490,20,remove,0.0,universal or generic pantry item; remove for sensitivity model,high
white pepper,786,20,remove,0.0,universal or generic pantry item; remove for sensitivity model,high
canola,35,11,remove,0.0,universal or generic pantry item; remove for sensitivity model,high
salsa,973,13,retain,1.0,not identified as universal/generic by v2 policy,medium
corn tortilla,965,12,retain,1.0,not identified as universal/generic by v2 policy,medium
black bean,945,14,retain,1.0,not identified as universal/generic by v2 policy,medium
garam masala,926,10,retain,1.0,not identified as universal/generic by v2 policy,medium
rosemary,714,15,retain,1.0,not identified as universal/generic by v2 policy,medium
caper,541,13,retain,1.0,not identified as universal/generic by v2 policy,medium
mirin,503,7,retain,1.0,not identified as universal/generic by v2 policy,medium
lime wedge,482,15,retain,1.0,not identified as universal/generic by v2 policy,medium
beansprout,454,8,retain,1.0,not identified as universal/generic by v2 policy,medium
pecan,427,12,retain,1.0,not identified as universal/generic by v2 policy,medium
chickpea,423,15,retain,1.0,not identified as universal/generic by v2 policy,medium
black olive,390,10,retain,1.0,not identified as universal/generic by v2 policy,medium
fresh thyme,375,12,retain,1.0,not identified as universal/generic by v2 policy,medium
cornmeal,368,13,retain,1.0,not identified as universal/generic by v2 policy,medium
lemongrass,364,11,retain,1.0,not identified as universal/generic by v2 policy,medium
plain yogurt,364,14,retain,1.0,not identified as universal/generic by v2 policy,medium
firm tofu,357,11,retain,1.0,not identified as universal/generic by v2 policy,medium
pinenut,348,13,retain,1.0,not identified as universal/generic by v2 policy,medium
sake,345,8,retain,1.0,not identified as universal/generic by v2 policy,medium
spaghetti,342,10,retain,1.0,not identified as universal/generic by v2 policy,medium
yellow corn meal,341,11,retain,1.0,not identified as universal/generic by v2 policy,medium
shiitake,331,14,retain,1.0,not identified as universal/generic by v2 policy,medium
tomatillo,322,5,retain,1.0,not identified as universal/generic by v2 policy,medium
mustard seed,313,12,retain,1.0,not identified as universal/generic by v2 policy,medium
ghee,307,10,retain,1.0,not identified as universal/generic by v2 policy,medium
tortilla chip,302,6,retain,1.0,not identified as universal/generic by v2 policy,medium
serrano chile,299,14,retain,1.0,not identified as universal/generic by v2 policy,medium
sriracha,298,13,retain,1.0,not identified as universal/generic by v2 policy,medium
toasted sesame seed,294,10,retain,1.0,not identified as universal/generic by v2 policy,medium
okra,292,11,retain,1.0,not identified as universal/generic by v2 policy,medium
coconut,291,15,retain,1.0,not identified as universal/generic by v2 policy,medium
curry leave,287,5,retain,1.0,not identified as universal/generic by v2 policy,medium
prosciutto,284,8,retain,1.0,not identified as universal/generic by v2 policy,medium
saffron thread,277,10,retain,1.0,not identified as universal/generic by v2 policy,medium
peache,272,13,retain,1.0,not identified as universal/generic by v2 policy,medium
asparagus,272,15,retain,1.0,not identified as universal/generic by v2 policy,medium
baguette,270,14,retain,1.0,not identified as universal/generic by v2 policy,medium
romaine lettuce,270,13,retain,1.0,not identified as universal/generic by v2 policy,medium
andouille sausage,267,6,retain,1.0,not identified as universal/generic by v2 policy,medium
italian sausage,265,8,retain,1.0,not identified as universal/generic by v2 policy,medium
shaoxing wine,264,5,retain,1.0,not identified as universal/generic by v2 policy,medium
olive,258,14,retain,1.0,not identified as universal/generic by v2 policy,medium
refried bean,251,1,retain,1.0,not identified as universal/generic by v2 policy,medium
linguine,248,11,retain,1.0,not identified as universal/generic by v2 policy,medium
yoghurt,247,12,retain,1.0,not identified as universal/generic by v2 policy,medium
golden raisin,240,15,retain,1.0,not identified as universal/generic by v2 policy,medium
roasted red pepper,238,11,retain,1.0,not identified as universal/generic by v2 policy,medium
monterey jack,234,10,retain,1.0,not identified as universal/generic by v2 policy,medium
greek yogurt,233,13,retain,1.0,not identified as universal/generic by v2 policy,medium
grape tomatoe,228,12,retain,1.0,not identified as universal/generic by v2 policy,medium
napa cabbage,226,11,retain,1.0,not identified as universal/generic by v2 policy,medium
thai chile,223,8,retain,1.0,not identified as universal/generic by v2 policy,medium
tortilla,222,9,retain,1.0,not identified as universal/generic by v2 policy,medium
shiitake mushroom,218,13,retain,1.0,not identified as universal/generic by v2 policy,medium
cashew nut,218,12,retain,1.0,not identified as universal/generic by v2 policy,medium
heavy whipping cream,216,13,retain,1.0,not identified as universal/generic by v2 policy,medium
cilantro sprig,215,14,retain,1.0,not identified as universal/generic by v2 policy,medium
bacon slice,212,13,retain,1.0,not identified as universal/generic by v2 policy,medium
thyme sprig,212,13,retain,1.0,not identified as universal/generic by v2 policy,medium
evaporated milk,208,14,retain,1.0,not identified as universal/generic by v2 policy,medium
lamb,207,13,retain,1.0,not identified as universal/generic by v2 policy,medium
saffron,206,14,retain,1.0,not identified as universal/generic by v2 policy,medium
chopped spinach,206,11,retain,1.0,not identified as universal/generic by v2 policy,medium
baking potatoe,206,13,retain,1.0,not identified as universal/generic by v2 policy,medium
fennel bulb,205,12,retain,1.0,not identified as universal/generic by v2 policy,medium
broccoli floret,205,14,retain,1.0,not identified as universal/generic by v2 policy,medium
pitted kalamata olive,204,7,retain,1.0,not identified as universal/generic by v2 policy,medium
cannellini bean,203,9,retain,1.0,not identified as universal/generic by v2 policy,medium
pinto bean,203,8,retain,1.0,not identified as universal/generic by v2 policy,medium
bourbon whiskey,199,9,retain,1.0,not identified as universal/generic by v2 policy,medium
sausage,198,15,retain,1.0,not identified as universal/generic by v2 policy,medium
rum,198,14,retain,1.0,not identified as universal/generic by v2 policy,medium
kalamata,196,9,retain,1.0,not identified as universal/generic by v2 policy,medium
black-eyed pea,196,10,retain,1.0,not identified as universal/generic by v2 policy,medium
water chestnut,195,11,retain,1.0,not identified as universal/generic by v2 policy,medium
1 low-fat milk,193,13,retain,1.0,not identified as universal/generic by v2 policy,medium
chipotles in adobo,193,11,retain,1.0,not identified as universal/generic by v2 policy,medium
unsweetened coconut milk,191,12,retain,1.0,not identified as universal/generic by v2 policy,medium
couscous,189,9,retain,1.0,not identified as universal/generic by v2 policy,medium
anchovy fillet,189,10,retain,1.0,not identified as universal/generic by v2 policy,medium
english cucumber,189,15,retain,1.0,not identified as universal/generic by v2 policy,medium
guacamole,185,4,retain,1.0,not identified as universal/generic by v2 policy,medium
grit,184,4,retain,1.0,not identified as universal/generic by v2 policy,medium
snow pea,183,8,retain,1.0,not identified as universal/generic by v2 policy,medium
green olive,182,11,retain,1.0,not identified as universal/generic by v2 policy,medium
sage,181,12,retain,1.0,not identified as universal/generic by v2 policy,medium
thai basil,178,6,retain,1.0,not identified as universal/generic by v2 policy,medium
arugula,177,14,retain,1.0,not identified as universal/generic by v2 policy,medium
pancetta,177,11,retain,1.0,not identified as universal/generic by v2 policy,medium
kidney bean,176,11,retain,1.0,not identified as universal/generic by v2 policy,medium
stewed tomatoe,175,13,retain,1.0,not identified as universal/generic by v2 policy,medium
mussel,175,15,retain,1.0,not identified as universal/generic by v2 policy,medium
roasted peanut,175,8,retain,1.0,not identified as universal/generic by v2 policy,medium
tarragon,174,11,retain,1.0,not identified as universal/generic by v2 policy,medium
butternut squash,174,15,retain,1.0,not identified as universal/generic by v2 policy,medium
raspberry,171,11,retain,1.0,not identified as universal/generic by v2 policy,medium
pure vanilla extract,170,15,retain,1.0,not identified as universal/generic by v2 policy,medium
brandy,169,14,retain,1.0,not identified as universal/generic by v2 policy,medium
vanilla bean,167,13,retain,1.0,not identified as universal/generic by v2 policy,medium
slivered almond,167,13,retain,1.0,not identified as universal/generic by v2 policy,medium
collard green,167,7,retain,1.0,not identified as universal/generic by v2 policy,medium
apricot,166,15,retain,1.0,not identified as universal/generic by v2 policy,medium
iceberg lettuce,164,12,retain,1.0,not identified as universal/generic by v2 policy,medium
semisweet chocolate,164,11,retain,1.0,not identified as universal/generic by v2 policy,medium
green chily,164,6,retain,1.0,not identified as universal/generic by v2 policy,medium
marjoram,163,13,retain,1.0,not identified as universal/generic by v2 policy,medium
sun-dried tomatoe,161,10,retain,1.0,not identified as universal/generic by v2 policy,medium
fettucine,159,7,retain,1.0,not identified as universal/generic by v2 policy,medium
cream of tartar,159,12,retain,1.0,not identified as universal/generic by v2 policy,medium
wonton wrapper,158,12,retain,1.0,not identified as universal/generic by v2 policy,medium
lard,157,13,retain,1.0,not identified as universal/generic by v2 policy,medium
poblano chile,155,9,retain,1.0,not identified as universal/generic by v2 policy,medium
cardamom pod,154,9,retain,1.0,not identified as universal/generic by v2 policy,medium
dry mustard,152,14,retain,1.0,not identified as universal/generic by v2 policy,medium
daikon,150,7,retain,1.0,not identified as universal/generic by v2 policy,medium
chipotle chile,150,9,retain,1.0,not identified as universal/generic by v2 policy,medium
garbanzo bean,150,12,retain,1.0,not identified as universal/generic by v2 policy,medium
mascarpone,149,9,retain,1.0,not identified as universal/generic by v2 policy,medium
polenta,148,9,retain,1.0,not identified as universal/generic by v2 policy,medium
artichoke heart,148,7,retain,1.0,not identified as universal/generic by v2 policy,medium
creme fraiche,145,12,retain,1.0,not identified as universal/generic by v2 policy,medium
cotija,143,2,retain,1.0,not identified as universal/generic by v2 policy,medium
ancho chile pepper,143,4,retain,1.0,not identified as universal/generic by v2 policy,medium
szechwan peppercorn,142,7,retain,1.0,not identified as universal/generic by v2 policy,medium
gochujang base,142,5,retain,1.0,not identified as universal/generic by v2 policy,medium
currant,142,11,retain,1.0,not identified as universal/generic by v2 policy,medium
queso fresco,141,3,retain,1.0,not identified as universal/generic by v2 policy,medium
pimento,141,12,retain,1.0,not identified as universal/generic by v2 policy,medium
parsley sprig,140,13,retain,1.0,not identified as universal/generic by v2 policy,medium
bittersweet chocolate,140,11,retain,1.0,not identified as universal/generic by v2 policy,medium
smoked sausage,139,9,retain,1.0,not identified as universal/generic by v2 policy,medium
cremini mushroom,138,15,retain,1.0,not identified as universal/generic by v2 policy,medium
vegetable shortening,138,12,retain,1.0,not identified as universal/generic by v2 policy,medium
tofu,138,11,retain,1.0,not identified as universal/generic by v2 policy,medium
lime zest,137,14,retain,1.0,not identified as universal/generic by v2 policy,medium
bamboo shoot,137,12,retain,1.0,not identified as universal/generic by v2 policy,medium
salsa verde,135,3,retain,1.0,not identified as universal/generic by v2 policy,medium
red cabbage,134,15,retain,1.0,not identified as universal/generic by v2 policy,medium
fat free milk,134,13,retain,1.0,not identified as universal/generic by v2 policy,medium
tequila,133,6,retain,1.0,not identified as universal/generic by v2 policy,medium
non-fat sour cream,133,12,retain,1.0,not identified as universal/generic by v2 policy,medium
kaffir lime leave,133,4,retain,1.0,not identified as universal/generic by v2 policy,medium
parsley leave,132,13,retain,1.0,not identified as universal/generic by v2 policy,medium
lentil,131,13,retain,1.0,not identified as universal/generic by v2 policy,medium
mint sprig,131,13,retain,1.0,not identified as universal/generic by v2 policy,medium
seed,130,15,retain,1.0,not identified as universal/generic by v2 policy,medium
dashi,128,5,retain,1.0,not identified as universal/generic by v2 policy,medium
peeled tomatoe,127,11,retain,1.0,not identified as universal/generic by v2 policy,medium
dry yeast,126,15,retain,1.0,not identified as universal/generic by v2 policy,medium
peanut butter,126,10,retain,1.0,not identified as universal/generic by v2 policy,medium
italian parsley leave,125,15,retain,1.0,not identified as universal/generic by v2 policy,medium
fresh sage,123,8,retain,1.0,not identified as universal/generic by v2 policy,medium
palm sugar,122,7,retain,1.0,not identified as universal/generic by v2 policy,medium
pizza dough,122,7,retain,1.0,not identified as universal/generic by v2 policy,medium
marsala wine,121,9,retain,1.0,not identified as universal/generic by v2 policy,medium
poblano pepper,121,5,retain,1.0,not identified as universal/generic by v2 policy,medium
bok choy,119,8,retain,1.0,not identified as universal/generic by v2 policy,medium
gingerroot,119,15,retain,1.0,not identified as universal/generic by v2 policy,medium
pesto,118,5,retain,1.0,not identified as universal/generic by v2 policy,medium
crawfish,118,5,retain,1.0,not identified as universal/generic by v2 policy,medium
greek style plain yogurt,117,11,retain,1.0,not identified as universal/generic by v2 policy,medium
vidalia onion,115,12,retain,1.0,not identified as universal/generic by v2 policy,medium
sea scallop,114,15,retain,1.0,not identified as universal/generic by v2 policy,medium
sage leave,114,9,retain,1.0,not identified as universal/generic by v2 policy,medium
penne,113,7,retain,1.0,not identified as universal/generic by v2 policy,medium
black mustard seed,112,5,retain,1.0,not identified as universal/generic by v2 policy,medium
kimchi,112,5,retain,1.0,not identified as universal/generic by v2 policy,medium
creamy peanut butter,111,10,retain,1.0,not identified as universal/generic by v2 policy,medium
paneer,110,2,retain,1.0,not identified as universal/generic by v2 policy,medium
red lentil,110,9,retain,1.0,not identified as universal/generic by v2 policy,medium
catfish fillet,109,8,retain,1.0,not identified as universal/generic by v2 policy,medium
sausage casing,109,9,retain,1.0,not identified as universal/generic by v2 policy,medium
rosemary sprig,108,11,retain,1.0,not identified as universal/generic by v2 policy,medium
unflavored gelatin,108,12,retain,1.0,not identified as universal/generic by v2 policy,medium
green tomatoe,108,9,retain,1.0,not identified as universal/generic by v2 policy,medium
beet,107,15,retain,1.0,not identified as universal/generic by v2 policy,medium
pastry puff sheet,106,12,retain,1.0,not identified as universal/generic by v2 policy,medium
kernel corn drain,106,5,retain,1.0,not identified as universal/generic by v2 policy,medium
freshly grated parmesan,105,7,retain,1.0,not identified as universal/generic by v2 policy,medium
hazelnut,105,10,retain,1.0,not identified as universal/generic by v2 policy,medium
reduced-fat sour cream,105,13,retain,1.0,not identified as universal/generic by v2 policy,medium
pear,105,13,retain,1.0,not identified as universal/generic by v2 policy,medium
ricotta,105,6,retain,1.0,not identified as universal/generic by v2 policy,medium
sugar pea,104,12,retain,1.0,not identified as universal/generic by v2 policy,medium
serrano pepper,104,10,retain,1.0,not identified as universal/generic by v2 policy,medium
whipped cream,103,15,retain,1.0,not identified as universal/generic by v2 policy,medium
red chile pepper,103,13,retain,1.0,not identified as universal/generic by v2 policy,medium
swiss chard,103,13,retain,1.0,not identified as universal/generic by v2 policy,medium
prawn,103,15,retain,1.0,not identified as universal/generic by v2 policy,medium
baby spinach leave,103,13,retain,1.0,not identified as universal/generic by v2 policy,medium
chorizo sausage,103,6,retain,1.0,not identified as universal/generic by v2 policy,medium
pecan halve,102,9,retain,1.0,not identified as universal/generic by v2 policy,medium
nori,101,3,retain,1.0,not identified as universal/generic by v2 policy,medium
porcini mushroom,100,8,retain,1.0,not identified as universal/generic by v2 policy,medium
leave,100,15,retain,1.0,not identified as universal/generic by v2 policy,medium
mexican oregano,100,3,retain,1.0,not identified as universal/generic by v2 policy,medium
masa harina,100,2,retain,1.0,not identified as universal/generic by v2 policy,medium
red kidney bean,100,7,retain,1.0,not identified as universal/generic by v2 policy,medium
lemon grass,100,6,retain,1.0,not identified as universal/generic by v2 policy,medium
old bay seasoning,98,8,retain,1.0,not identified as universal/generic by v2 policy,medium
seasoned bread crumb,98,11,retain,1.0,not identified as universal/generic by v2 policy,medium
mozzarella,97,3,retain,1.0,not identified as universal/generic by v2 policy,medium
sunflower oil,97,15,retain,1.0,not identified as universal/generic by v2 policy,medium
blanched almond,97,13,retain,1.0,not identified as universal/generic by v2 policy,medium
canned low sodium chicken broth,96,13,retain,1.0,not identified as universal/generic by v2 policy,medium
angel hair,96,12,retain,1.0,not identified as universal/generic by v2 policy,medium
white bean,95,9,retain,1.0,not identified as universal/generic by v2 policy,medium
wheat tortilla,94,7,retain,1.0,not identified as universal/generic by v2 policy,medium
clam,94,13,retain,1.0,not identified as universal/generic by v2 policy,medium
adobo sauce,94,7,retain,1.0,not identified as universal/generic by v2 policy,medium
cognac,94,13,retain,1.0,not identified as universal/generic by v2 policy,medium
vanilla ice cream,93,12,retain,1.0,not identified as universal/generic by v2 policy,medium
orange bell pepper,93,14,retain,1.0,not identified as universal/generic by v2 policy,medium
blackberry,93,11,retain,1.0,not identified as universal/generic by v2 policy,medium
rice vermicelli,93,6,retain,1.0,not identified as universal/generic by v2 policy,medium
corn husk,93,6,retain,1.0,not identified as universal/generic by v2 policy,medium
firmly packed brown sugar,92,15,retain,1.0,not identified as universal/generic by v2 policy,medium
clam juice,92,10,retain,1.0,not identified as universal/generic by v2 policy,medium
orzo,91,9,retain,1.0,not identified as universal/generic by v2 policy,medium
elbow macaroni,90,9,retain,1.0,not identified as universal/generic by v2 policy,medium
chuck roast,90,13,retain,1.0,not identified as universal/generic by v2 policy,medium
tamari soy sauce,90,10,retain,1.0,not identified as universal/generic by v2 policy,medium
cranberry,89,13,retain,1.0,not identified as universal/generic by v2 policy,medium
leg of lamb,89,12,retain,1.0,not identified as universal/generic by v2 policy,medium
tomato juice,88,11,retain,1.0,not identified as universal/generic by v2 policy,medium
jicama,88,10,retain,1.0,not identified as universal/generic by v2 policy,medium
amchur,87,3,retain,1.0,not identified as universal/generic by v2 policy,medium
baby bok choy,86,8,retain,1.0,not identified as universal/generic by v2 policy,medium
tomatoes with juice,86,13,retain,1.0,not identified as universal/generic by v2 policy,medium
quickcooking grit,86,4,retain,1.0,not identified as universal/generic by v2 policy,medium
green cardamom,86,4,retain,1.0,not identified as universal/generic by v2 policy,medium
blueberry,86,10,retain,1.0,not identified as universal/generic by v2 policy,medium
galangal,85,4,retain,1.0,not identified as universal/generic by v2 policy,medium
pearl onion,85,12,retain,1.0,not identified as universal/generic by v2 policy,medium
squid,85,12,retain,1.0,not identified as universal/generic by v2 policy,medium
white cornmeal,85,5,retain,1.0,not identified as universal/generic by v2 policy,medium
sherry,85,14,retain,1.0,not identified as universal/generic by v2 policy,medium
asiago,85,6,retain,1.0,not identified as universal/generic by v2 policy,medium
mung bean sprout,85,7,retain,1.0,not identified as universal/generic by v2 policy,medium
tamarind paste,84,6,retain,1.0,not identified as universal/generic by v2 policy,medium
kernel corn,84,6,retain,1.0,not identified as universal/generic by v2 policy,medium
lamb shoulder,84,8,retain,1.0,not identified as universal/generic by v2 policy,medium
finely chopped fresh parsley,84,12,retain,1.0,not identified as universal/generic by v2 policy,medium
cream style corn,83,6,retain,1.0,not identified as universal/generic by v2 policy,medium
cream of chicken soup,83,5,retain,1.0,not identified as universal/generic by v2 policy,medium
golden brown sugar,83,14,retain,1.0,not identified as universal/generic by v2 policy,medium
agave nectar,83,14,retain,1.0,not identified as universal/generic by v2 policy,medium
caraway seed,82,11,retain,1.0,not identified as universal/generic by v2 policy,medium
pepper jack,82,4,retain,1.0,not identified as universal/generic by v2 policy,medium
pineapple juice,82,15,retain,1.0,not identified as universal/generic by v2 policy,medium
mace,81,12,retain,1.0,not identified as universal/generic by v2 policy,medium
sushi rice,81,4,retain,1.0,not identified as universal/generic by v2 policy,medium
rigatoni,81,5,retain,1.0,not identified as universal/generic by v2 policy,medium
marinade,81,14,retain,1.0,not identified as universal/generic by v2 policy,medium
serrano chily,81,11,retain,1.0,not identified as universal/generic by v2 policy,medium
green cardamom pod,80,7,retain,1.0,not identified as universal/generic by v2 policy,medium
pizza sauce,80,4,retain,1.0,not identified as universal/generic by v2 policy,medium
bonito flake,80,3,retain,1.0,not identified as universal/generic by v2 policy,medium
pistachio,79,12,retain,1.0,not identified as universal/generic by v2 policy,medium
grapeseed oil,79,14,retain,1.0,not identified as universal/generic by v2 policy,medium
canned black bean,79,6,retain,1.0,not identified as universal/generic by v2 policy,medium
pico de gallo,79,4,retain,1.0,not identified as universal/generic by v2 policy,medium
crabmeat,79,15,retain,1.0,not identified as universal/generic by v2 policy,medium
fat skimmed chicken broth,78,11,retain,1.0,not identified as universal/generic by v2 policy,medium
red bean,78,7,retain,1.0,not identified as universal/generic by v2 policy,medium
ancho powder,78,8,retain,1.0,not identified as universal/generic by v2 policy,medium
lime rind,78,11,retain,1.0,not identified as universal/generic by v2 policy,medium
low-fat buttermilk,78,10,retain,1.0,not identified as universal/generic by v2 policy,medium
chicken bouillon,77,15,retain,1.0,not identified as universal/generic by v2 policy,medium
hominy,77,2,retain,1.0,not identified as universal/generic by v2 policy,medium
coconut cream,77,9,retain,1.0,not identified as universal/generic by v2 policy,medium
semi-sweet chocolate morsel,77,12,retain,1.0,not identified as universal/generic by v2 policy,medium
reduced fat milk,76,10,retain,1.0,not identified as universal/generic by v2 policy,medium
chees fresh mozzarella,76,4,retain,1.0,not identified as universal/generic by v2 policy,medium
white sesame seed,76,7,retain,1.0,not identified as universal/generic by v2 policy,medium
cauliflower floret,75,12,retain,1.0,not identified as universal/generic by v2 policy,medium
canned tomatoe,75,13,retain,1.0,not identified as universal/generic by v2 policy,medium
guajillo chile,75,3,retain,1.0,not identified as universal/generic by v2 policy,medium
artichoke,75,7,retain,1.0,not identified as universal/generic by v2 policy,medium
white miso,74,7,retain,1.0,not identified as universal/generic by v2 policy,medium
vodka,74,14,retain,1.0,not identified as universal/generic by v2 policy,medium
condensed milk,74,14,retain,1.0,not identified as universal/generic by v2 policy,medium
sweetened coconut flake,74,12,retain,1.0,not identified as universal/generic by v2 policy,medium
veal,74,7,retain,1.0,not identified as universal/generic by v2 policy,medium
plum,74,15,retain,1.0,not identified as universal/generic by v2 policy,medium
skirt steak,73,12,retain,1.0,not identified as universal/generic by v2 policy,medium
tilapia fillet,73,14,retain,1.0,not identified as universal/generic by v2 policy,medium
ranch dressing,73,7,retain,1.0,not identified as universal/generic by v2 policy,medium
miso paste,73,6,retain,1.0,not identified as universal/generic by v2 policy,medium
fenugreek seed,73,6,retain,1.0,not identified as universal/generic by v2 policy,medium
asafoetida,73,2,retain,1.0,not identified as universal/generic by v2 policy,medium
chorizo,73,8,retain,1.0,not identified as universal/generic by v2 policy,medium
coffee,72,15,retain,1.0,not identified as universal/generic by v2 policy,medium
lemon rind,72,14,retain,1.0,not identified as universal/generic by v2 policy,medium
baby carrot,72,14,retain,1.0,not identified as universal/generic by v2 policy,medium
prepared horseradish,72,10,retain,1.0,not identified as universal/generic by v2 policy,medium
spinach leave,72,14,retain,1.0,not identified as universal/generic by v2 policy,medium
dry roasted peanut,72,8,retain,1.0,not identified as universal/generic by v2 policy,medium
egg substitute,72,10,retain,1.0,not identified as universal/generic by v2 policy,medium
cilantro stem,71,10,retain,1.0,not identified as universal/generic by v2 policy,medium
beef rib short,71,13,retain,1.0,not identified as universal/generic by v2 policy,medium
lower sodium chicken broth,71,13,retain,1.0,not identified as universal/generic by v2 policy,medium
refrigerated piecrust,71,8,retain,1.0,not identified as universal/generic by v2 policy,medium
poppy seed,71,10,retain,1.0,not identified as universal/generic by v2 policy,medium
red food coloring,71,11,retain,1.0,not identified as universal/generic by v2 policy,medium
2 reduced-fat milk,71,12,retain,1.0,not identified as universal/generic by v2 policy,medium
fat free yogurt,70,12,retain,1.0,not identified as universal/generic by v2 policy,medium
corn flour,70,11,retain,1.0,not identified as universal/generic by v2 policy,medium
mexican cheese,70,2,retain,1.0,not identified as universal/generic by v2 policy,medium
chunky salsa,70,3,retain,1.0,not identified as universal/generic by v2 policy,medium
cachaca,70,1,retain,1.0,not identified as universal/generic by v2 policy,medium
curry,70,8,retain,1.0,not identified as universal/generic by v2 policy,medium
rice paper,69,4,retain,1.0,not identified as universal/generic by v2 policy,medium
white hominy,69,6,retain,1.0,not identified as universal/generic by v2 policy,medium
tomato ketchup,69,12,retain,1.0,not identified as universal/generic by v2 policy,medium
masala,69,3,retain,1.0,not identified as universal/generic by v2 policy,medium
salad dressing,69,11,retain,1.0,not identified as universal/generic by v2 policy,medium
chipotle pepper,68,4,retain,1.0,not identified as universal/generic by v2 policy,medium
urad dal,68,2,retain,1.0,not identified as universal/generic by v2 policy,medium
portabello mushroom,68,12,retain,1.0,not identified as universal/generic by v2 policy,medium
parsnip,68,13,retain,1.0,not identified as universal/generic by v2 policy,medium
soba noodle,68,5,retain,1.0,not identified as universal/generic by v2 policy,medium
turkey breast,68,13,retain,1.0,not identified as universal/generic by v2 policy,medium
grating cheese,67,11,retain,1.0,not identified as universal/generic by v2 policy,medium
anchovy paste,67,6,retain,1.0,not identified as universal/generic by v2 policy,medium
pork butt,67,14,retain,1.0,not identified as universal/generic by v2 policy,medium
phyllo dough,67,7,retain,1.0,not identified as universal/generic by v2 policy,medium
curd,67,5,retain,1.0,not identified as universal/generic by v2 policy,medium
reduced fat cheddar cheese,66,4,retain,1.0,not identified as universal/generic by v2 policy,medium
konbu,66,3,retain,1.0,not identified as universal/generic by v2 policy,medium
bacon dripping,66,8,retain,1.0,not identified as universal/generic by v2 policy,medium
rotisserie chicken,66,12,retain,1.0,not identified as universal/generic by v2 policy,medium
celery seed,66,11,retain,1.0,not identified as universal/generic by v2 policy,medium
italian salad dressing,66,6,retain,1.0,not identified as universal/generic by v2 policy,medium
alfredo sauce,65,4,retain,1.0,not identified as universal/generic by v2 policy,medium
beef tenderloin,65,15,retain,1.0,not identified as universal/generic by v2 policy,medium
date,65,10,retain,1.0,not identified as universal/generic by v2 policy,medium
herbes de provence,65,7,retain,1.0,not identified as universal/generic by v2 policy,medium
creole mustard,65,3,retain,1.0,not identified as universal/generic by v2 policy,medium
chicken liver,65,7,retain,1.0,not identified as universal/generic by v2 policy,medium
udon,64,5,retain,1.0,not identified as universal/generic by v2 policy,medium
red enchilada sauce,64,1,retain,1.0,not identified as universal/generic by v2 policy,medium
crimini mushroom,64,12,retain,1.0,not identified as universal/generic by v2 policy,medium
shiitake mushroom cap,63,9,retain,1.0,not identified as universal/generic by v2 policy,medium
condensed cream of chicken soup,63,7,retain,1.0,not identified as universal/generic by v2 policy,medium
mashed potatoe,63,12,retain,1.0,not identified as universal/generic by v2 policy,medium
mixed green,63,14,retain,1.0,not identified as universal/generic by v2 policy,medium
teriyaki sauce,63,9,retain,1.0,not identified as universal/generic by v2 policy,medium
jumbo shrimp,63,13,retain,1.0,not identified as universal/generic by v2 policy,medium
taco shell,63,3,retain,1.0,not identified as universal/generic by v2 policy,medium
preserved lemon,63,4,retain,1.0,not identified as universal/generic by v2 policy,medium
pie crust,63,9,retain,1.0,not identified as universal/generic by v2 policy,medium
oregano leave,63,9,retain,1.0,not identified as universal/generic by v2 policy,medium
semolina,63,9,retain,1.0,not identified as universal/generic by v2 policy,medium
taco sauce,63,1,retain,1.0,not identified as universal/generic by v2 policy,medium
anise,62,14,retain,1.0,not identified as universal/generic by v2 policy,medium
poultry seasoning,62,9,retain,1.0,not identified as universal/generic by v2 policy,medium
potato starch,62,9,retain,1.0,not identified as universal/generic by v2 policy,medium
littleneck clam,62,10,retain,1.0,not identified as universal/generic by v2 policy,medium
low-fat sour cream,62,10,retain,1.0,not identified as universal/generic by v2 policy,medium
asparagus spear,62,11,retain,1.0,not identified as universal/generic by v2 policy,medium
smoked ham hock,62,7,retain,1.0,not identified as universal/generic by v2 policy,medium
cooking wine,62,9,retain,1.0,not identified as universal/generic by v2 policy,medium
tahini,62,10,retain,1.0,not identified as universal/generic by v2 policy,medium
short-grain rice,62,12,retain,1.0,not identified as universal/generic by v2 policy,medium
oyster,61,11,retain,1.0,not identified as universal/generic by v2 policy,medium
prune,61,10,retain,1.0,not identified as universal/generic by v2 policy,medium
roasting chicken,61,12,retain,1.0,not identified as universal/generic by v2 policy,medium
orange liqueur,61,9,retain,1.0,not identified as universal/generic by v2 policy,medium
scallion green,61,15,retain,1.0,not identified as universal/generic by v2 policy,medium
parmigiano-reggiano cheese,61,3,retain,1.0,not identified as universal/generic by v2 policy,medium
spring roll wrapper,61,7,retain,1.0,not identified as universal/generic by v2 policy,medium
instant espresso powder,61,8,retain,1.0,not identified as universal/generic by v2 policy,medium
beef brisket,61,12,retain,1.0,not identified as universal/generic by v2 policy,medium
rotini,60,4,retain,1.0,not identified as universal/generic by v2 policy,medium
seasoned rice wine vinegar,60,9,retain,1.0,not identified as universal/generic by v2 policy,medium
manchego cheese,60,7,retain,1.0,not identified as universal/generic by v2 policy,medium
bird chile,60,9,retain,1.0,not identified as universal/generic by v2 policy,medium
escarole,60,7,retain,1.0,not identified as universal/generic by v2 policy,medium
ramen noodle,60,7,retain,1.0,not identified as universal/generic by v2 policy,medium
salmon,60,15,retain,1.0,not identified as universal/generic by v2 policy,medium
cocoa powder,60,13,retain,1.0,not identified as universal/generic by v2 policy,medium
deveined shrimp,60,14,retain,1.0,not identified as universal/generic by v2 policy,medium
white mushroom,60,14,retain,1.0,not identified as universal/generic by v2 policy,medium
fenugreek leave,59,2,retain,1.0,not identified as universal/generic by v2 policy,medium
dipping sauce,59,10,retain,1.0,not identified as universal/generic by v2 policy,medium
fig,59,11,retain,1.0,not identified as universal/generic by v2 policy,medium
fish stock,59,12,retain,1.0,not identified as universal/generic by v2 policy,medium
rib,59,13,retain,1.0,not identified as universal/generic by v2 policy,medium
sausage link,59,12,retain,1.0,not identified as universal/generic by v2 policy,medium
semolina flour,59,8,retain,1.0,not identified as universal/generic by v2 policy,medium
chinese cabbage,59,7,retain,1.0,not identified as universal/generic by v2 policy,medium
dry roast peanut,58,7,retain,1.0,not identified as universal/generic by v2 policy,medium
navel orange,58,12,retain,1.0,not identified as universal/generic by v2 policy,medium
salami,58,8,retain,1.0,not identified as universal/generic by v2 policy,medium
radicchio,58,9,retain,1.0,not identified as universal/generic by v2 policy,medium
seaweed,58,3,retain,1.0,not identified as universal/generic by v2 policy,medium
tomato salsa,58,4,retain,1.0,not identified as universal/generic by v2 policy,medium
rib eye steak,58,14,retain,1.0,not identified as universal/generic by v2 policy,medium
beaten egg,58,15,retain,1.0,not identified as universal/generic by v2 policy,medium
mango chutney,58,11,retain,1.0,not identified as universal/generic by v2 policy,medium
egg roll wrapper,57,9,retain,1.0,not identified as universal/generic by v2 policy,medium
tarragon leave,57,8,retain,1.0,not identified as universal/generic by v2 policy,medium
pepper flake,57,13,retain,1.0,not identified as universal/generic by v2 policy,medium
brown mustard seed,57,5,retain,1.0,not identified as universal/generic by v2 policy,medium
wine,57,13,retain,1.0,not identified as universal/generic by v2 policy,medium
new potatoe,57,15,retain,1.0,not identified as universal/generic by v2 policy,medium
lower sodium soy sauce,57,9,retain,1.0,not identified as universal/generic by v2 policy,medium
leav spinach,57,13,retain,1.0,not identified as universal/generic by v2 policy,medium
roasted tomatoe,57,10,retain,1.0,not identified as universal/generic by v2 policy,medium
shrimp paste,56,5,retain,1.0,not identified as universal/generic by v2 policy,medium
salad oil,56,13,retain,1.0,not identified as universal/generic by v2 policy,medium
picante sauce,56,5,retain,1.0,not identified as universal/generic by v2 policy,medium
italian turkey sausage,56,5,retain,1.0,not identified as universal/generic by v2 policy,medium
thick-cut bacon,56,11,retain,1.0,not identified as universal/generic by v2 policy,medium
tea bag,56,10,retain,1.0,not identified as universal/generic by v2 policy,medium
cheese tortellini,55,3,retain,1.0,not identified as universal/generic by v2 policy,medium
condensed cream of mushroom soup,55,7,retain,1.0,not identified as universal/generic by v2 policy,medium
chicken meat,55,12,retain,1.0,not identified as universal/generic by v2 policy,medium
smoked salmon,55,9,retain,1.0,not identified as universal/generic by v2 policy,medium
firmly packed light brown sugar,55,10,retain,1.0,not identified as universal/generic by v2 policy,medium
savoy cabbage,55,11,retain,1.0,not identified as universal/generic by v2 policy,medium
biscuit,55,6,retain,1.0,not identified as universal/generic by v2 policy,medium
pecorino cheese,55,4,retain,1.0,not identified as universal/generic by v2 policy,medium
round,54,11,retain,1.0,not identified as universal/generic by v2 policy,medium
anise seed,54,13,retain,1.0,not identified as universal/generic by v2 policy,medium
haricots vert,54,10,retain,1.0,not identified as universal/generic by v2 policy,medium
hamburger bun,54,12,retain,1.0,not identified as universal/generic by v2 policy,medium
fusilli,53,6,retain,1.0,not identified as universal/generic by v2 policy,medium
milk ricotta cheese,53,4,retain,1.0,not identified as universal/generic by v2 policy,medium
chutney,53,9,retain,1.0,not identified as universal/generic by v2 policy,medium
reduced fat sharp cheddar cheese,53,6,retain,1.0,not identified as universal/generic by v2 policy,medium
whipped topping,53,6,retain,1.0,not identified as universal/generic by v2 policy,medium
chip,53,11,retain,1.0,not identified as universal/generic by v2 policy,medium
anchovy,53,6,retain,1.0,not identified as universal/generic by v2 policy,medium
japanese eggplant,53,10,retain,1.0,not identified as universal/generic by v2 policy,medium
pepperoni,53,4,retain,1.0,not identified as universal/generic by v2 policy,medium
cod fillet,52,14,retain,1.0,not identified as universal/generic by v2 policy,medium
celery salt,52,10,retain,1.0,not identified as universal/generic by v2 policy,medium
mustard powder,52,14,retain,1.0,not identified as universal/generic by v2 policy,medium
sambal ulek,52,9,retain,1.0,not identified as universal/generic by v2 policy,medium
pork chop,52,15,retain,1.0,not identified as universal/generic by v2 policy,medium
anaheim chile,51,7,retain,1.0,not identified as universal/generic by v2 policy,medium
apple juice,51,13,retain,1.0,not identified as universal/generic by v2 policy,medium
vermicelli,51,11,retain,1.0,not identified as universal/generic by v2 policy,medium
puff pastry,51,13,retain,1.0,not identified as universal/generic by v2 policy,medium
rubbed sage,51,7,retain,1.0,not identified as universal/generic by v2 policy,medium
clarified butter,51,9,retain,1.0,not identified as universal/generic by v2 policy,medium
lime slice,51,13,retain,1.0,not identified as universal/generic by v2 policy,medium
malt vinegar,51,10,retain,1.0,not identified as universal/generic by v2 policy,medium
mustard green,51,12,retain,1.0,not identified as universal/generic by v2 policy,medium
artichok heart marin,51,7,retain,1.0,not identified as universal/generic by v2 policy,medium
chickpea flour,51,5,retain,1.0,not identified as universal/generic by v2 policy,medium
kasuri methi,51,2,retain,1.0,not identified as universal/generic by v2 policy,medium
nonfat yogurt,51,11,retain,1.0,not identified as universal/generic by v2 policy,medium
bottled clam juice,51,12,retain,1.0,not identified as universal/generic by v2 policy,medium
chicken bouillon granule,51,14,retain,1.0,not identified as universal/generic by v2 policy,medium
spanish chorizo,51,6,retain,1.0,not identified as universal/generic by v2 policy,medium
edamame,51,10,retain,1.0,not identified as universal/generic by v2 policy,medium
plain low-fat yogurt,50,7,retain,1.0,not identified as universal/generic by v2 policy,medium
gari,50,5,retain,1.0,not identified as universal/generic by v2 policy,medium
nonstick spray,50,14,retain,1.0,not identified as universal/generic by v2 policy,medium
bread slice,50,9,retain,1.0,not identified as universal/generic by v2 policy,medium
wild mushroom,50,11,retain,1.0,not identified as universal/generic by v2 policy,medium
sourdough bread,50,10,retain,1.0,not identified as universal/generic by v2 policy,medium
granulated garlic,50,8,retain,1.0,not identified as universal/generic by v2 policy,medium
california bay leave,50,9,retain,1.0,not identified as universal/generic by v2 policy,medium
steamed rice,50,13,retain,1.0,not identified as universal/generic by v2 policy,medium
great northern bean,50,7,retain,1.0,not identified as universal/generic by v2 policy,medium
thai green curry paste,50,2,retain,1.0,not identified as universal/generic by v2 policy,medium
lobster,50,11,retain,1.0,not identified as universal/generic by v2 policy,medium
capsicum,50,8,retain,1.0,not identified as universal/generic by v2 policy,medium
seedless cucumber,50,12,retain,1.0,not identified as universal/generic by v2 policy,medium
duck,49,8,retain,1.0,not identified as universal/generic by v2 policy,medium
horseradish,49,9,retain,1.0,not identified as universal/generic by v2 policy,medium
salad green,49,11,retain,1.0,not identified as universal/generic by v2 policy,medium
green bell pepper slice,49,14,retain,1.0,not identified as universal/generic by v2 policy,medium
plain whole-milk yogurt,49,7,retain,1.0,not identified as universal/generic by v2 policy,medium
pitted date,49,11,retain,1.0,not identified as universal/generic by v2 policy,medium
rocket leave,49,7,retain,1.0,not identified as universal/generic by v2 policy,medium
miso,49,7,retain,1.0,not identified as universal/generic by v2 policy,medium
softened butter,49,11,retain,1.0,not identified as universal/generic by v2 policy,medium
tapioca flour,49,14,retain,1.0,not identified as universal/generic by v2 policy,medium
colby jack cheese,49,3,retain,1.0,not identified as universal/generic by v2 policy,medium
file powder,49,2,retain,1.0,not identified as universal/generic by v2 policy,medium
broccoli rabe,48,2,retain,1.0,not identified as universal/generic by v2 policy,medium
low-fat plain yogurt,48,11,retain,1.0,not identified as universal/generic by v2 policy,medium
bean paste,48,3,retain,1.0,not identified as universal/generic by v2 policy,medium
brewed coffee,48,10,retain,1.0,not identified as universal/generic by v2 policy,medium
lamb shank,48,12,retain,1.0,not identified as universal/generic by v2 policy,medium
country ham,48,3,retain,1.0,not identified as universal/generic by v2 policy,medium
baby arugula,47,10,retain,1.0,not identified as universal/generic by v2 policy,medium
ladyfinger,47,3,retain,1.0,not identified as universal/generic by v2 policy,medium
spanish onion,47,12,retain,1.0,not identified as universal/generic by v2 policy,medium
pita,47,8,retain,1.0,not identified as universal/generic by v2 policy,medium
olive oil flavored cooking spray,47,9,retain,1.0,not identified as universal/generic by v2 policy,medium
pitted black olive,47,8,retain,1.0,not identified as universal/generic by v2 policy,medium
pumpkin seed,47,8,retain,1.0,not identified as universal/generic by v2 policy,medium
soft tofu,47,7,retain,1.0,not identified as universal/generic by v2 policy,medium
yellow mustard,47,11,retain,1.0,not identified as universal/generic by v2 policy,medium
chicken stock cube,47,11,retain,1.0,not identified as universal/generic by v2 policy,medium
tuna steak,47,10,retain,1.0,not identified as universal/generic by v2 policy,medium
pickle,47,13,retain,1.0,not identified as universal/generic by v2 policy,medium
asafetida,47,3,retain,1.0,not identified as universal/generic by v2 policy,medium
enokitake,47,6,retain,1.0,not identified as universal/generic by v2 policy,medium
rice stick noodle,47,7,retain,1.0,not identified as universal/generic by v2 policy,medium
green curry paste,46,3,retain,1.0,not identified as universal/generic by v2 policy,medium
scotch bonnet chile,46,5,retain,1.0,not identified as universal/generic by v2 policy,medium
parsley flake,46,10,retain,1.0,not identified as universal/generic by v2 policy,medium
country bread,46,6,retain,1.0,not identified as universal/generic by v2 policy,medium
white sandwich bread,46,9,retain,1.0,not identified as universal/generic by v2 policy,medium
roast red peppers drain,46,10,retain,1.0,not identified as universal/generic by v2 policy,medium
black sesame seed,46,7,retain,1.0,not identified as universal/generic by v2 policy,medium
lime leave,46,4,retain,1.0,not identified as universal/generic by v2 policy,medium
pastry,46,12,retain,1.0,not identified as universal/generic by v2 policy,medium
flour for dusting,45,12,retain,1.0,not identified as universal/generic by v2 policy,medium
beef stew meat,45,15,retain,1.0,not identified as universal/generic by v2 policy,medium
oven-ready lasagna noodle,45,3,retain,1.0,not identified as universal/generic by v2 policy,medium
chile paste,45,8,retain,1.0,not identified as universal/generic by v2 policy,medium
flaked coconut,45,10,retain,1.0,not identified as universal/generic by v2 policy,medium
club soda,45,14,retain,1.0,not identified as universal/generic by v2 policy,medium
chaat masala,45,4,retain,1.0,not identified as universal/generic by v2 policy,medium
tuna,45,11,retain,1.0,not identified as universal/generic by v2 policy,medium
tea,45,13,retain,1.0,not identified as universal/generic by v2 policy,medium
butter lettuce,44,11,retain,1.0,not identified as universal/generic by v2 policy,medium
scallop,44,11,retain,1.0,not identified as universal/generic by v2 policy,medium
floret,44,9,retain,1.0,not identified as universal/generic by v2 policy,medium
chinese egg noodle,44,4,retain,1.0,not identified as universal/generic by v2 policy,medium
french baguette,44,9,retain,1.0,not identified as universal/generic by v2 policy,medium
low-fat milk,44,12,retain,1.0,not identified as universal/generic by v2 policy,medium
pineapple chunk,44,10,retain,1.0,not identified as universal/generic by v2 policy,medium
asian pear,44,4,retain,1.0,not identified as universal/generic by v2 policy,medium
ham hock,44,9,retain,1.0,not identified as universal/generic by v2 policy,medium
cake,44,14,retain,1.0,not identified as universal/generic by v2 policy,medium
silken tofu,44,9,retain,1.0,not identified as universal/generic by v2 policy,medium
pizza crust,44,6,retain,1.0,not identified as universal/generic by v2 policy,medium
jumbo pasta shell,44,2,retain,1.0,not identified as universal/generic by v2 policy,medium
ras el hanout,44,2,retain,1.0,not identified as universal/generic by v2 policy,medium
hothouse cucumber,43,11,retain,1.0,not identified as universal/generic by v2 policy,medium
vinaigrette,43,12,retain,1.0,not identified as universal/generic by v2 policy,medium
epazote,43,2,retain,1.0,not identified as universal/generic by v2 policy,medium
chinese black vinegar,43,3,retain,1.0,not identified as universal/generic by v2 policy,medium
shell,43,13,retain,1.0,not identified as universal/generic by v2 policy,medium
cocoa,43,8,retain,1.0,not identified as universal/generic by v2 policy,medium
orecchiette,43,3,retain,1.0,not identified as universal/generic by v2 policy,medium
slaw mix,43,7,retain,1.0,not identified as universal/generic by v2 policy,medium
processed cheese,43,7,retain,1.0,not identified as universal/generic by v2 policy,medium
hass avocado,43,6,retain,1.0,not identified as universal/generic by v2 policy,medium
greek seasoning,43,3,retain,1.0,not identified as universal/generic by v2 policy,medium
ground pork,43,11,retain,1.0,not identified as universal/generic by v2 policy,medium
fava bean,42,9,retain,1.0,not identified as universal/generic by v2 policy,medium
chipotle chile pepper,42,5,retain,1.0,not identified as universal/generic by v2 policy,medium
chipotle chile powder,42,5,retain,1.0,not identified as universal/generic by v2 policy,medium
crusty bread,42,11,retain,1.0,not identified as universal/generic by v2 policy,medium
chicken finger,42,9,retain,1.0,not identified as universal/generic by v2 policy,medium
pickle relish,42,9,retain,1.0,not identified as universal/generic by v2 policy,medium
apple cider,42,10,retain,1.0,not identified as universal/generic by v2 policy,medium
won ton wrapper,42,7,retain,1.0,not identified as universal/generic by v2 policy,medium
orange rind,42,10,retain,1.0,not identified as universal/generic by v2 policy,medium
simple syrup,42,12,retain,1.0,not identified as universal/generic by v2 policy,medium
dill pickle,42,8,retain,1.0,not identified as universal/generic by v2 policy,medium
grain mustard,42,11,retain,1.0,not identified as universal/generic by v2 policy,medium
orange marmalade,42,13,retain,1.0,not identified as universal/generic by v2 policy,medium
harissa,42,6,retain,1.0,not identified as universal/generic by v2 policy,medium
romaine lettuce leave,41,10,retain,1.0,not identified as universal/generic by v2 policy,medium
mixed vegetable,41,13,retain,1.0,not identified as universal/generic by v2 policy,medium
shell-on shrimp,41,14,retain,1.0,not identified as universal/generic by v2 policy,medium
liqueur,41,15,retain,1.0,not identified as universal/generic by v2 policy,medium
orange juice concentrate,41,12,retain,1.0,not identified as universal/generic by v2 policy,medium
chicken cutlet,41,11,retain,1.0,not identified as universal/generic by v2 policy,medium
sherry wine vinegar,41,8,retain,1.0,not identified as universal/generic by v2 policy,medium
yam,41,11,retain,1.0,not identified as universal/generic by v2 policy,medium
crouton,41,7,retain,1.0,not identified as universal/generic by v2 policy,medium
pitted green olive,41,8,retain,1.0,not identified as universal/generic by v2 policy,medium
gnocchi,41,1,retain,1.0,not identified as universal/generic by v2 policy,medium
pita bread,40,7,retain,1.0,not identified as universal/generic by v2 policy,medium
homemade chicken stock,40,13,retain,1.0,not identified as universal/generic by v2 policy,medium
white cheddar cheese,40,10,retain,1.0,not identified as universal/generic by v2 policy,medium
almond flour,40,12,retain,1.0,not identified as universal/generic by v2 policy,medium
brown cardamom,40,5,retain,1.0,not identified as universal/generic by v2 policy,medium
lima bean,40,8,retain,1.0,not identified as universal/generic by v2 policy,medium
sprinkle,40,12,retain,1.0,not identified as universal/generic by v2 policy,medium
black vinegar,40,4,retain,1.0,not identified as universal/generic by v2 policy,medium
double cream,40,8,retain,1.0,not identified as universal/generic by v2 policy,medium
ear of corn,40,7,retain,1.0,not identified as universal/generic by v2 policy,medium
jaggery,40,3,retain,1.0,not identified as universal/generic by v2 policy,medium
mushroom cap,39,10,retain,1.0,not identified as universal/generic by v2 policy,medium
glass noodle,39,6,retain,1.0,not identified as universal/generic by v2 policy,medium
brussels sprout,39,12,retain,1.0,not identified as universal/generic by v2 policy,medium
chile de arbol,39,9,retain,1.0,not identified as universal/generic by v2 policy,medium
chile sauce,39,8,retain,1.0,not identified as universal/generic by v2 policy,medium
cream sweeten whip,39,8,retain,1.0,not identified as universal/generic by v2 policy,medium
cream of mushroom soup,39,6,retain,1.0,not identified as universal/generic by v2 policy,medium
wasabi paste,39,2,retain,1.0,not identified as universal/generic by v2 policy,medium
dry vermouth,39,9,retain,1.0,not identified as universal/generic by v2 policy,medium
saltine,39,5,retain,1.0,not identified as universal/generic by v2 policy,medium
tamarind,39,4,retain,1.0,not identified as universal/generic by v2 policy,medium
toasted pine nut,39,7,retain,1.0,not identified as universal/generic by v2 policy,medium
toasted almond,39,13,retain,1.0,not identified as universal/generic by v2 policy,medium
cashew,39,8,retain,1.0,not identified as universal/generic by v2 policy,medium
pork shoulder roast,38,8,retain,1.0,not identified as universal/generic by v2 policy,medium
self-rising cornmeal,38,3,retain,1.0,not identified as universal/generic by v2 policy,medium
cod,38,15,retain,1.0,not identified as universal/generic by v2 policy,medium
neutral oil,38,9,retain,1.0,not identified as universal/generic by v2 policy,medium
pork roast,38,8,retain,1.0,not identified as universal/generic by v2 policy,medium
corn tortilla chip,38,2,retain,1.0,not identified as universal/generic by v2 policy,medium
belgian endive,38,8,retain,1.0,not identified as universal/generic by v2 policy,medium
plantain,38,8,retain,1.0,not identified as universal/generic by v2 policy,medium
gai lan,38,4,retain,1.0,not identified as universal/generic by v2 policy,medium
instant rice,38,8,retain,1.0,not identified as universal/generic by v2 policy,medium
crab,38,12,retain,1.0,not identified as universal/generic by v2 policy,medium
cracker,38,11,retain,1.0,not identified as universal/generic by v2 policy,medium
crystallized ginger,38,9,retain,1.0,not identified as universal/generic by v2 policy,medium
fillet red snapper,38,12,retain,1.0,not identified as universal/generic by v2 policy,medium
tapioca starch,38,8,retain,1.0,not identified as universal/generic by v2 policy,medium
watermelon,38,8,retain,1.0,not identified as universal/generic by v2 policy,medium
white chocolate,38,8,retain,1.0,not identified as universal/generic by v2 policy,medium
vietnamese fish sauce,38,4,retain,1.0,not identified as universal/generic by v2 policy,medium
crumbled blue cheese,37,8,retain,1.0,not identified as universal/generic by v2 policy,medium
chinese chive,37,5,retain,1.0,not identified as universal/generic by v2 policy,medium
free range egg,37,13,retain,1.0,not identified as universal/generic by v2 policy,medium
mini marshmallow,37,6,retain,1.0,not identified as universal/generic by v2 policy,medium
basil pesto sauce,37,5,retain,1.0,not identified as universal/generic by v2 policy,medium
or best food real mayonnai,37,8,retain,1.0,not identified as universal/generic by v2 policy,medium
bread dough,37,7,retain,1.0,not identified as universal/generic by v2 policy,medium
brie cheese,37,4,retain,1.0,not identified as universal/generic by v2 policy,medium
crumbled gorgonzola,37,6,retain,1.0,not identified as universal/generic by v2 policy,medium
coconut sugar,37,8,retain,1.0,not identified as universal/generic by v2 policy,medium
beef sirloin,37,13,retain,1.0,not identified as universal/generic by v2 policy,medium
berry,37,12,retain,1.0,not identified as universal/generic by v2 policy,medium
roasted cashew,37,8,retain,1.0,not identified as universal/generic by v2 policy,medium
chicken breast halve,37,11,retain,1.0,not identified as universal/generic by v2 policy,medium
orange flower water,37,10,retain,1.0,not identified as universal/generic by v2 policy,medium
salt pork,37,10,retain,1.0,not identified as universal/generic by v2 policy,medium
pimento stuffed green olive,37,8,retain,1.0,not identified as universal/generic by v2 policy,medium
baby corn,37,7,retain,1.0,not identified as universal/generic by v2 policy,medium
naan,37,4,retain,1.0,not identified as universal/generic by v2 policy,medium
soft fresh goat cheese,37,6,retain,1.0,not identified as universal/generic by v2 policy,medium
bone in chicken thigh,37,14,retain,1.0,not identified as universal/generic by v2 policy,medium
hungarian sweet paprika,37,9,retain,1.0,not identified as universal/generic by v2 policy,medium
corn kernel whole,37,8,retain,1.0,not identified as universal/generic by v2 policy,medium
graham cracker crumb,37,6,retain,1.0,not identified as universal/generic by v2 policy,medium
lemon pepper,37,10,retain,1.0,not identified as universal/generic by v2 policy,medium
base,37,12,retain,1.0,not identified as universal/generic by v2 policy,medium
crema,36,3,retain,1.0,not identified as universal/generic by v2 policy,medium
unsweetened chocolate,36,7,retain,1.0,not identified as universal/generic by v2 policy,medium
fermented black bean,36,1,retain,1.0,not identified as universal/generic by v2 policy,medium
fenugreek,36,1,retain,1.0,not identified as universal/generic by v2 policy,medium
chop fine pecan,36,6,retain,1.0,not identified as universal/generic by v2 policy,medium
grate lime peel,36,10,retain,1.0,not identified as universal/generic by v2 policy,medium
dillweed,36,7,retain,1.0,not identified as universal/generic by v2 policy,medium
oxtail,36,11,retain,1.0,not identified as universal/generic by v2 policy,medium
madras curry powder,36,10,retain,1.0,not identified as universal/generic by v2 policy,medium
bean thread,36,7,retain,1.0,not identified as universal/generic by v2 policy,medium
macaroni,36,5,retain,1.0,not identified as universal/generic by v2 policy,medium
safflower oil,36,11,retain,1.0,not identified as universal/generic by v2 policy,medium
phyllo pastry,36,9,retain,1.0,not identified as universal/generic by v2 policy,medium
pepperoni slice,36,4,retain,1.0,not identified as universal/generic by v2 policy,medium
spaghetti squash,36,9,retain,1.0,not identified as universal/generic by v2 policy,medium
onion top,36,13,retain,1.0,not identified as universal/generic by v2 policy,medium
sun-dried tomatoes in oil,36,5,retain,1.0,not identified as universal/generic by v2 policy,medium
chop pork,35,12,retain,1.0,not identified as universal/generic by v2 policy,medium
vanilla wafer,35,4,retain,1.0,not identified as universal/generic by v2 policy,medium
triple sec,35,4,retain,1.0,not identified as universal/generic by v2 policy,medium
wood ear mushroom,35,3,retain,1.0,not identified as universal/generic by v2 policy,medium
meat bone,35,13,retain,1.0,not identified as universal/generic by v2 policy,medium
nonfat ricotta cheese,35,4,retain,1.0,not identified as universal/generic by v2 policy,medium
dri leav thyme,35,8,retain,1.0,not identified as universal/generic by v2 policy,medium
ziti,35,2,retain,1.0,not identified as universal/generic by v2 policy,medium
american cheese,35,5,retain,1.0,not identified as universal/generic by v2 policy,medium
heirloom tomatoe,35,6,retain,1.0,not identified as universal/generic by v2 policy,medium
spanish paprika,35,6,retain,1.0,not identified as universal/generic by v2 policy,medium
yellow mustard seed,35,7,retain,1.0,not identified as universal/generic by v2 policy,medium
refrigerated pizza dough,35,4,retain,1.0,not identified as universal/generic by v2 policy,medium
coffee granule,34,10,retain,1.0,not identified as universal/generic by v2 policy,medium
cardamom seed,34,9,retain,1.0,not identified as universal/generic by v2 policy,medium
vine ripened tomatoe,34,8,retain,1.0,not identified as universal/generic by v2 policy,medium
italian plum tomatoe,34,6,retain,1.0,not identified as universal/generic by v2 policy,medium
mung bean,34,7,retain,1.0,not identified as universal/generic by v2 policy,medium
tamarind concentrate,34,4,retain,1.0,not identified as universal/generic by v2 policy,medium
soba,34,6,retain,1.0,not identified as universal/generic by v2 policy,medium
soup,34,9,retain,1.0,not identified as universal/generic by v2 policy,medium
chees fresco queso,34,4,retain,1.0,not identified as universal/generic by v2 policy,medium
celery root,34,8,retain,1.0,not identified as universal/generic by v2 policy,medium
liquid smoke,34,8,retain,1.0,not identified as universal/generic by v2 policy,medium
beef shank,34,10,retain,1.0,not identified as universal/generic by v2 policy,medium
sea bass fillet,34,10,retain,1.0,not identified as universal/generic by v2 policy,medium
papaya,34,12,retain,1.0,not identified as universal/generic by v2 policy,medium
rice cake,33,3,retain,1.0,not identified as universal/generic by v2 policy,medium
beef bouillon,33,12,retain,1.0,not identified as universal/generic by v2 policy,medium
mixed spice,33,9,retain,1.0,not identified as universal/generic by v2 policy,medium
steamed white rice,33,8,retain,1.0,not identified as universal/generic by v2 policy,medium
crab meat,33,10,retain,1.0,not identified as universal/generic by v2 policy,medium
madeira,33,6,retain,1.0,not identified as universal/generic by v2 policy,medium
gram flour,33,2,retain,1.0,not identified as universal/generic by v2 policy,medium
orzo pasta,33,7,retain,1.0,not identified as universal/generic by v2 policy,medium
oyster mushroom,33,10,retain,1.0,not identified as universal/generic by v2 policy,medium
smoked bacon,33,9,retain,1.0,not identified as universal/generic by v2 policy,medium
poblano chily,33,1,retain,1.0,not identified as universal/generic by v2 policy,medium
chestnut,33,9,retain,1.0,not identified as universal/generic by v2 policy,medium
mexican chorizo,33,2,retain,1.0,not identified as universal/generic by v2 policy,medium
rolled oat,33,9,retain,1.0,not identified as universal/generic by v2 policy,medium
asafoetida powder,33,1,retain,1.0,not identified as universal/generic by v2 policy,medium
baby lima bean,33,8,retain,1.0,not identified as universal/generic by v2 policy,medium
roast peanut,33,5,retain,1.0,not identified as universal/generic by v2 policy,medium
whitefish,33,12,retain,1.0,not identified as universal/generic by v2 policy,medium
cornichon,33,7,retain,1.0,not identified as universal/generic by v2 policy,medium
red chili,33,8,retain,1.0,not identified as universal/generic by v2 policy,medium
raw cashew,32,7,retain,1.0,not identified as universal/generic by v2 policy,medium
golden delicious apple,32,8,retain,1.0,not identified as universal/generic by v2 policy,medium
sticky rice,32,6,retain,1.0,not identified as universal/generic by v2 policy,medium
corned beef,32,6,retain,1.0,not identified as universal/generic by v2 policy,medium
mustard oil,32,2,retain,1.0,not identified as universal/generic by v2 policy,medium
wasabi,32,3,retain,1.0,not identified as universal/generic by v2 policy,medium
chervil,32,7,retain,1.0,not identified as universal/generic by v2 policy,medium
chow mein noodle,32,4,retain,1.0,not identified as universal/generic by v2 policy,medium
pie shell,32,5,retain,1.0,not identified as universal/generic by v2 policy,medium
squash,32,12,retain,1.0,not identified as universal/generic by v2 policy,medium
pepper jack cheese,32,4,retain,1.0,not identified as universal/generic by v2 policy,medium
chayote,32,5,retain,1.0,not identified as universal/generic by v2 policy,medium
food colouring,32,12,retain,1.0,not identified as universal/generic by v2 policy,medium
prepared mustard,32,7,retain,1.0,not identified as universal/generic by v2 policy,medium
serrano,32,9,retain,1.0,not identified as universal/generic by v2 policy,medium
allspice berry,32,10,retain,1.0,not identified as universal/generic by v2 policy,medium
mexican chocolate,32,1,retain,1.0,not identified as universal/generic by v2 policy,medium
large egg,32,12,retain,1.0,not identified as universal/generic by v2 policy,medium
store bought low sodium chicken stock,31,11,retain,1.0,not identified as universal/generic by v2 policy,medium
green leaf lettuce,31,13,retain,1.0,not identified as universal/generic by v2 policy,medium
straw mushroom,31,3,retain,1.0,not identified as universal/generic by v2 policy,medium
waxy potatoe,31,12,retain,1.0,not identified as universal/generic by v2 policy,medium
irish whiskey,31,2,retain,1.0,not identified as universal/generic by v2 policy,medium
rotelle,31,5,retain,1.0,not identified as universal/generic by v2 policy,medium
powdered milk,31,8,retain,1.0,not identified as universal/generic by v2 policy,medium
beef stock cube,31,10,retain,1.0,not identified as universal/generic by v2 policy,medium
green enchilada sauce,31,1,retain,1.0,not identified as universal/generic by v2 policy,medium
basil dried leave,31,4,retain,1.0,not identified as universal/generic by v2 policy,medium
corn chip,31,2,retain,1.0,not identified as universal/generic by v2 policy,medium
syrup,31,11,retain,1.0,not identified as universal/generic by v2 policy,medium
bay scallop,31,8,retain,1.0,not identified as universal/generic by v2 policy,medium
pearl barley,31,10,retain,1.0,not identified as universal/generic by v2 policy,medium
meatball,31,6,retain,1.0,not identified as universal/generic by v2 policy,medium
key lime juice,31,2,retain,1.0,not identified as universal/generic by v2 policy,medium
habanero pepper,31,7,retain,1.0,not identified as universal/generic by v2 policy,medium
mandarin orange,31,7,retain,1.0,not identified as universal/generic by v2 policy,medium
frond,31,8,retain,1.0,not identified as universal/generic by v2 policy,medium
cocktail cherry,31,10,retain,1.0,not identified as universal/generic by v2 policy,medium
gorgonzola,31,5,retain,1.0,not identified as universal/generic by v2 policy,medium
black bean sauce,31,4,retain,1.0,not identified as universal/generic by v2 policy,medium
mint flake,31,6,retain,1.0,not identified as universal/generic by v2 policy,medium
baked tortilla chip,31,1,retain,1.0,not identified as universal/generic by v2 policy,medium
whiskey,30,8,retain,1.0,not identified as universal/generic by v2 policy,medium
coffee liqueur,30,7,retain,1.0,not identified as universal/generic by v2 policy,medium
white flour,30,14,retain,1.0,not identified as universal/generic by v2 policy,medium
pasta shell,30,3,retain,1.0,not identified as universal/generic by v2 policy,medium
gochugaru,30,1,retain,1.0,not identified as universal/generic by v2 policy,medium
fat-free chicken broth,30,9,retain,1.0,not identified as universal/generic by v2 policy,medium
dumpling,30,9,retain,1.0,not identified as universal/generic by v2 policy,medium
dumpling wrapper,30,5,retain,1.0,not identified as universal/generic by v2 policy,medium
prepar salsa,30,2,retain,1.0,not identified as universal/generic by v2 policy,medium
italian seasoned breadcrumb,30,7,retain,1.0,not identified as universal/generic by v2 policy,medium
glutinous rice,30,6,retain,1.0,not identified as universal/generic by v2 policy,medium
golden syrup,30,6,retain,1.0,not identified as universal/generic by v2 policy,medium
chunky peanut butter,30,6,retain,1.0,not identified as universal/generic by v2 policy,medium
mexican beer,30,1,retain,1.0,not identified as universal/generic by v2 policy,medium
grand marnier,30,7,retain,1.0,not identified as universal/generic by v2 policy,medium
vanilla instant pudding,30,7,retain,1.0,not identified as universal/generic by v2 policy,medium
fettuccine pasta,30,4,retain,1.0,not identified as universal/generic by v2 policy,medium
milk chocolate,30,11,retain,1.0,not identified as universal/generic by v2 policy,medium
velveeta,30,6,retain,1.0,not identified as universal/generic by v2 policy,medium
wheat pastry flour,30,11,retain,1.0,not identified as universal/generic by v2 policy,medium
regular soy sauce,30,4,retain,1.0,not identified as universal/generic by v2 policy,medium
loosely packed fresh basil leave,30,6,retain,1.0,not identified as universal/generic by v2 policy,medium
breakfast sausage,30,7,retain,1.0,not identified as universal/generic by v2 policy,medium
pitted olive,30,6,retain,1.0,not identified as universal/generic by v2 policy,medium
pork rib,30,7,retain,1.0,not identified as universal/generic by v2 policy,medium
raw sugar,29,12,retain,1.0,not identified as universal/generic by v2 policy,medium
tuna packed in olive oil,29,4,retain,1.0,not identified as universal/generic by v2 policy,medium
red miso,29,5,retain,1.0,not identified as universal/generic by v2 policy,medium
msg,29,7,retain,1.0,not identified as universal/generic by v2 policy,medium
japanese soy sauce,29,4,retain,1.0,not identified as universal/generic by v2 policy,medium
genoa salami,29,3,retain,1.0,not identified as universal/generic by v2 policy,medium
pomegranate seed,29,9,retain,1.0,not identified as universal/generic by v2 policy,medium
apricot preserve,29,9,retain,1.0,not identified as universal/generic by v2 policy,medium
navy bean,29,7,retain,1.0,not identified as universal/generic by v2 policy,medium
crema mexican,29,2,retain,1.0,not identified as universal/generic by v2 policy,medium
bone-in chicken breast halve,29,9,retain,1.0,not identified as universal/generic by v2 policy,medium
chicken breast tender,29,10,retain,1.0,not identified as universal/generic by v2 policy,medium
pasilla chile,29,2,retain,1.0,not identified as universal/generic by v2 policy,medium
champagne vinegar,29,9,retain,1.0,not identified as universal/generic by v2 policy,medium
starch,29,7,retain,1.0,not identified as universal/generic by v2 policy,medium
canned chicken broth,29,11,retain,1.0,not identified as universal/generic by v2 policy,medium
wheat spaghetti,29,6,retain,1.0,not identified as universal/generic by v2 policy,medium
beef tenderloin steak,29,8,retain,1.0,not identified as universal/generic by v2 policy,medium
fontina,29,3,retain,1.0,not identified as universal/generic by v2 policy,medium
tilapia,29,11,retain,1.0,not identified as universal/generic by v2 policy,medium
brown lentil,29,5,retain,1.0,not identified as universal/generic by v2 policy,medium
round steak,28,10,retain,1.0,not identified as universal/generic by v2 policy,medium
chili bean paste,28,3,retain,1.0,not identified as universal/generic by v2 policy,medium
kielbasa,28,6,retain,1.0,not identified as universal/generic by v2 policy,medium
shrimp uncook,28,12,retain,1.0,not identified as universal/generic by v2 policy,medium
lo mein noodle,28,2,retain,1.0,not identified as universal/generic by v2 policy,medium
serrano ham,28,4,retain,1.0,not identified as universal/generic by v2 policy,medium
amaretto,28,6,retain,1.0,not identified as universal/generic by v2 policy,medium
crust,28,8,retain,1.0,not identified as universal/generic by v2 policy,medium
turnip green,28,3,retain,1.0,not identified as universal/generic by v2 policy,medium
champagne,28,10,retain,1.0,not identified as universal/generic by v2 policy,medium
sauerkraut,28,4,retain,1.0,not identified as universal/generic by v2 policy,medium
short rib,28,10,retain,1.0,not identified as universal/generic by v2 policy,medium
milk yoghurt,28,7,retain,1.0,not identified as universal/generic by v2 policy,medium
nicoise olive,27,3,retain,1.0,not identified as universal/generic by v2 policy,medium
chile paste with garlic,27,7,retain,1.0,not identified as universal/generic by v2 policy,medium
okra pod,27,6,retain,1.0,not identified as universal/generic by v2 policy,medium
cooky,27,9,retain,1.0,not identified as universal/generic by v2 policy,medium
chevre,27,9,retain,1.0,not identified as universal/generic by v2 policy,medium
flatbread,27,8,retain,1.0,not identified as universal/generic by v2 policy,medium
top sirloin steak,27,12,retain,1.0,not identified as universal/generic by v2 policy,medium
pesto sauce,27,2,retain,1.0,not identified as universal/generic by v2 policy,medium
white button mushroom,27,9,retain,1.0,not identified as universal/generic by v2 policy,medium
nutritional yeast,27,9,retain,1.0,not identified as universal/generic by v2 policy,medium
chinese sausage,27,3,retain,1.0,not identified as universal/generic by v2 policy,medium
white peppercorn,27,10,retain,1.0,not identified as universal/generic by v2 policy,medium
jam,27,10,retain,1.0,not identified as universal/generic by v2 policy,medium
dijon style mustard,27,8,retain,1.0,not identified as universal/generic by v2 policy,medium
apricot halve,27,5,retain,1.0,not identified as universal/generic by v2 policy,medium
boston lettuce,27,9,retain,1.0,not identified as universal/generic by v2 policy,medium
tomatoes in juice,27,10,retain,1.0,not identified as universal/generic by v2 policy,medium
pickled jalapeno,27,5,retain,1.0,not identified as universal/generic by v2 policy,medium
shucked oyster,27,7,retain,1.0,not identified as universal/generic by v2 policy,medium
veggy,27,10,retain,1.0,not identified as universal/generic by v2 policy,medium
masa,27,1,retain,1.0,not identified as universal/generic by v2 policy,medium
candied orange peel,27,7,retain,1.0,not identified as universal/generic by v2 policy,medium
top round steak,27,10,retain,1.0,not identified as universal/generic by v2 policy,medium
bbq sauce,27,7,retain,1.0,not identified as universal/generic by v2 policy,medium
roasted sesame seed,27,5,retain,1.0,not identified as universal/generic by v2 policy,medium
pastry dough,27,9,retain,1.0,not identified as universal/generic by v2 policy,medium
soy milk,27,8,retain,1.0,not identified as universal/generic by v2 policy,medium
jeera,27,5,retain,1.0,not identified as universal/generic by v2 policy,medium
kiwi,26,9,retain,1.0,not identified as universal/generic by v2 policy,medium
kirby cucumber,26,11,retain,1.0,not identified as universal/generic by v2 policy,medium
rotel tomatoe,26,2,retain,1.0,not identified as universal/generic by v2 policy,medium
yellow split pea,26,5,retain,1.0,not identified as universal/generic by v2 policy,medium
glutinous rice flour,26,4,retain,1.0,not identified as universal/generic by v2 policy,medium
yellow corn,26,4,retain,1.0,not identified as universal/generic by v2 policy,medium
pork shoulder boston butt,26,9,retain,1.0,not identified as universal/generic by v2 policy,medium
smoked gouda,26,5,retain,1.0,not identified as universal/generic by v2 policy,medium
wheat,26,11,retain,1.0,not identified as universal/generic by v2 policy,medium
lasagna noodles cooked and drained,26,1,retain,1.0,not identified as universal/generic by v2 policy,medium
reduced fat monterey jack cheese,26,3,retain,1.0,not identified as universal/generic by v2 policy,medium
pork baby back rib,26,10,retain,1.0,not identified as universal/generic by v2 policy,medium
stout,26,7,retain,1.0,not identified as universal/generic by v2 policy,medium
mild cheddar cheese,26,5,retain,1.0,not identified as universal/generic by v2 policy,medium
olive oil cooking spray,26,7,retain,1.0,not identified as universal/generic by v2 policy,medium
sesame,26,7,retain,1.0,not identified as universal/generic by v2 policy,medium
ground turkey,26,7,retain,1.0,not identified as universal/generic by v2 policy,medium
veal shank,26,5,retain,1.0,not identified as universal/generic by v2 policy,medium
pie dough,26,7,retain,1.0,not identified as universal/generic by v2 policy,medium
guinness beer,26,3,retain,1.0,not identified as universal/generic by v2 policy,medium
ricotta salata,26,4,retain,1.0,not identified as universal/generic by v2 policy,medium
corn mix muffin,26,4,retain,1.0,not identified as universal/generic by v2 policy,medium
candy,26,11,retain,1.0,not identified as universal/generic by v2 policy,medium
flavoring,26,9,retain,1.0,not identified as universal/generic by v2 policy,medium
halibut,26,11,retain,1.0,not identified as universal/generic by v2 policy,medium
green papaya,26,4,retain,1.0,not identified as universal/generic by v2 policy,medium
and fat free half half,26,7,retain,1.0,not identified as universal/generic by v2 policy,medium
fat-free mayonnaise,25,9,retain,1.0,not identified as universal/generic by v2 policy,medium
chicken leg quarter,25,11,retain,1.0,not identified as universal/generic by v2 policy,medium
chili bean,25,3,retain,1.0,not identified as universal/generic by v2 policy,medium
chipotle,25,1,retain,1.0,not identified as universal/generic by v2 policy,medium
garlic chive,25,9,retain,1.0,not identified as universal/generic by v2 policy,medium
wheat bread,25,7,retain,1.0,not identified as universal/generic by v2 policy,medium
toasted walnut,25,8,retain,1.0,not identified as universal/generic by v2 policy,medium
nectarine,25,9,retain,1.0,not identified as universal/generic by v2 policy,medium
kahlua,25,5,retain,1.0,not identified as universal/generic by v2 policy,medium
canned beef broth,25,8,retain,1.0,not identified as universal/generic by v2 policy,medium
refrigerated crescent roll,25,7,retain,1.0,not identified as universal/generic by v2 policy,medium
jack,25,3,retain,1.0,not identified as universal/generic by v2 policy,medium
pure maple syrup,25,7,retain,1.0,not identified as universal/generic by v2 policy,medium
pork sparerib,25,5,retain,1.0,not identified as universal/generic by v2 policy,medium
toasted pecan,25,6,retain,1.0,not identified as universal/generic by v2 policy,medium
bibb lettuce,25,11,retain,1.0,not identified as universal/generic by v2 policy,medium
tiger prawn,25,11,retain,1.0,not identified as universal/generic by v2 policy,medium
peach slice,25,3,retain,1.0,not identified as universal/generic by v2 policy,medium
part-skim mozzarella,25,3,retain,1.0,not identified as universal/generic by v2 policy,medium
muscovado sugar,25,10,retain,1.0,not identified as universal/generic by v2 policy,medium
butter bean,25,7,retain,1.0,not identified as universal/generic by v2 policy,medium
walnut halve,25,12,retain,1.0,not identified as universal/generic by v2 policy,medium
fleur de sel,25,7,retain,1.0,not identified as universal/generic by v2 policy,medium
lemon extract,25,6,retain,1.0,not identified as universal/generic by v2 policy,medium
clear honey,25,4,retain,1.0,not identified as universal/generic by v2 policy,medium
cilantro root,25,3,retain,1.0,not identified as universal/generic by v2 policy,medium
cheese ravioli,24,1,retain,1.0,not identified as universal/generic by v2 policy,medium
gravy,24,6,retain,1.0,not identified as universal/generic by v2 policy,medium
rabbit,24,8,retain,1.0,not identified as universal/generic by v2 policy,medium
almond paste,24,5,retain,1.0,not identified as universal/generic by v2 policy,medium
colby cheese,24,4,retain,1.0,not identified as universal/generic by v2 policy,medium
center cut pork chop,24,8,retain,1.0,not identified as universal/generic by v2 policy,medium
beefsteak tomatoe,24,8,retain,1.0,not identified as universal/generic by v2 policy,medium
passata,24,6,retain,1.0,not identified as universal/generic by v2 policy,medium
tostada shell,24,1,retain,1.0,not identified as universal/generic by v2 policy,medium
stir fry vegetable blend,24,6,retain,1.0,not identified as universal/generic by v2 policy,medium
grain dijon mustard,24,7,retain,1.0,not identified as universal/generic by v2 policy,medium
loin pork roast,24,10,retain,1.0,not identified as universal/generic by v2 policy,medium
cantaloupe,24,6,retain,1.0,not identified as universal/generic by v2 policy,medium
shrimp stock,24,6,retain,1.0,not identified as universal/generic by v2 policy,medium
rice stick,24,4,retain,1.0,not identified as universal/generic by v2 policy,medium
persian cucumber,24,10,retain,1.0,not identified as universal/generic by v2 policy,medium
seedless red grape,24,8,retain,1.0,not identified as universal/generic by v2 policy,medium
spaghettini,24,2,retain,1.0,not identified as universal/generic by v2 policy,medium
bulgur,24,6,retain,1.0,not identified as universal/generic by v2 policy,medium
hungarian paprika,24,10,retain,1.0,not identified as universal/generic by v2 policy,medium
chilli paste,24,7,retain,1.0,not identified as universal/generic by v2 policy,medium
nigella seed,24,3,retain,1.0,not identified as universal/generic by v2 policy,medium
mutton,24,5,retain,1.0,not identified as universal/generic by v2 policy,medium
duck breast,23,7,retain,1.0,not identified as universal/generic by v2 policy,medium
tasso,23,2,retain,1.0,not identified as universal/generic by v2 policy,medium
bosc pear,23,5,retain,1.0,not identified as universal/generic by v2 policy,medium
nonfat greek yogurt,23,5,retain,1.0,not identified as universal/generic by v2 policy,medium
gluten,23,10,retain,1.0,not identified as universal/generic by v2 policy,medium
wasabi powder,23,3,retain,1.0,not identified as universal/generic by v2 policy,medium
tomato basil sauce,23,2,retain,1.0,not identified as universal/generic by v2 policy,medium
soft goats cheese,23,6,retain,1.0,not identified as universal/generic by v2 policy,medium
lamb stock,23,6,retain,1.0,not identified as universal/generic by v2 policy,medium
ciabatta,23,3,retain,1.0,not identified as universal/generic by v2 policy,medium
rhubarb,23,8,retain,1.0,not identified as universal/generic by v2 policy,medium
cane sugar,23,12,retain,1.0,not identified as universal/generic by v2 policy,medium
pastry shell,23,4,retain,1.0,not identified as universal/generic by v2 policy,medium
red leaf lettuce,23,8,retain,1.0,not identified as universal/generic by v2 policy,medium
codfish,23,4,retain,1.0,not identified as universal/generic by v2 policy,medium
moong dal,23,2,retain,1.0,not identified as universal/generic by v2 policy,medium
medjool date,23,9,retain,1.0,not identified as universal/generic by v2 policy,medium
dill weed,23,7,retain,1.0,not identified as universal/generic by v2 policy,medium
coconut flake,23,8,retain,1.0,not identified as universal/generic by v2 policy,medium
roasted garlic,23,9,retain,1.0,not identified as universal/generic by v2 policy,medium
white corn tortilla,23,1,retain,1.0,not identified as universal/generic by v2 policy,medium
stewing beef,23,12,retain,1.0,not identified as universal/generic by v2 policy,medium
chicken thigh fillet,23,11,retain,1.0,not identified as universal/generic by v2 policy,medium
bacon grease,23,4,retain,1.0,not identified as universal/generic by v2 policy,medium
wine vinegar,23,7,retain,1.0,not identified as universal/generic by v2 policy,medium
dog,23,7,retain,1.0,not identified as universal/generic by v2 policy,medium
curd cottage cheese,23,6,retain,1.0,not identified as universal/generic by v2 policy,medium
pimento stuffed olive,23,7,retain,1.0,not identified as universal/generic by v2 policy,medium
butter-margarine blend,23,8,retain,1.0,not identified as universal/generic by v2 policy,medium
chana dal,23,1,retain,1.0,not identified as universal/generic by v2 policy,medium
banana leave,23,7,retain,1.0,not identified as universal/generic by v2 policy,medium
bacon fat,23,8,retain,1.0,not identified as universal/generic by v2 policy,medium
spicy brown mustard,22,7,retain,1.0,not identified as universal/generic by v2 policy,medium
nonfat yogurt plain,22,7,retain,1.0,not identified as universal/generic by v2 policy,medium
yardlong bean,22,5,retain,1.0,not identified as universal/generic by v2 policy,medium
dry coconut,22,6,retain,1.0,not identified as universal/generic by v2 policy,medium
chocolate chip,22,9,retain,1.0,not identified as universal/generic by v2 policy,medium
zesty italian dressing,22,5,retain,1.0,not identified as universal/generic by v2 policy,medium
nonfat evaporated milk,22,6,retain,1.0,not identified as universal/generic by v2 policy,medium
kelp,22,2,retain,1.0,not identified as universal/generic by v2 policy,medium
korean chile flake,22,2,retain,1.0,not identified as universal/generic by v2 policy,medium
yellow food coloring,22,6,retain,1.0,not identified as universal/generic by v2 policy,medium
reduced fat mayonnaise,22,8,retain,1.0,not identified as universal/generic by v2 policy,medium
lamb stew meat,22,8,retain,1.0,not identified as universal/generic by v2 policy,medium
lamb loin chop,22,6,retain,1.0,not identified as universal/generic by v2 policy,medium
chinkiang vinegar,22,2,retain,1.0,not identified as universal/generic by v2 policy,medium
chicken tenderloin,22,9,retain,1.0,not identified as universal/generic by v2 policy,medium
piloncillo,22,1,retain,1.0,not identified as universal/generic by v2 policy,medium
canadian bacon,22,8,retain,1.0,not identified as universal/generic by v2 policy,medium
sea bass,22,9,retain,1.0,not identified as universal/generic by v2 policy,medium
roasted hazelnut,22,9,retain,1.0,not identified as universal/generic by v2 policy,medium
graham cracker,22,6,retain,1.0,not identified as universal/generic by v2 policy,medium
pistachio nut,22,6,retain,1.0,not identified as universal/generic by v2 policy,medium
crema mexicana,22,1,retain,1.0,not identified as universal/generic by v2 policy,medium
broccolini,22,8,retain,1.0,not identified as universal/generic by v2 policy,medium
blue cheese,22,6,retain,1.0,not identified as universal/generic by v2 policy,medium
cold milk,22,11,retain,1.0,not identified as universal/generic by v2 policy,medium
roast,22,14,retain,1.0,not identified as universal/generic by v2 policy,medium
swordfish steak,22,6,retain,1.0,not identified as universal/generic by v2 policy,medium
pepperoncini,22,5,retain,1.0,not identified as universal/generic by v2 policy,medium
green tea,22,5,retain,1.0,not identified as universal/generic by v2 policy,medium
low-sodium fat-free chicken broth,22,8,retain,1.0,not identified as universal/generic by v2 policy,medium
coleslaw,22,9,retain,1.0,not identified as universal/generic by v2 policy,medium
chinese noodle,22,3,retain,1.0,not identified as universal/generic by v2 policy,medium
irish cream liqueur,22,3,retain,1.0,not identified as universal/generic by v2 policy,medium
red snapper,22,9,retain,1.0,not identified as universal/generic by v2 policy,medium
glaze,22,10,retain,1.0,not identified as universal/generic by v2 policy,medium
pumpkin pie spice,22,4,retain,1.0,not identified as universal/generic by v2 policy,medium
almond milk,22,6,retain,1.0,not identified as universal/generic by v2 policy,medium
hummus,22,3,retain,1.0,not identified as universal/generic by v2 policy,medium
jamaican jerk season,22,2,retain,1.0,not identified as universal/generic by v2 policy,medium
ponzu,22,8,retain,1.0,not identified as universal/generic by v2 policy,medium
tagliatelle,22,4,retain,1.0,not identified as universal/generic by v2 policy,medium
tamarind pulp,22,4,retain,1.0,not identified as universal/generic by v2 policy,medium
tawny port,21,9,retain,1.0,not identified as universal/generic by v2 policy,medium
fajita seasoning mix,21,3,retain,1.0,not identified as universal/generic by v2 policy,medium
apricot jam,21,7,retain,1.0,not identified as universal/generic by v2 policy,medium
double-acting baking powder,21,8,retain,1.0,not identified as universal/generic by v2 policy,medium
chocolate morsel,21,4,retain,1.0,not identified as universal/generic by v2 policy,medium
tangerine,21,10,retain,1.0,not identified as universal/generic by v2 policy,medium
farro,21,7,retain,1.0,not identified as universal/generic by v2 policy,medium
bean sauce,21,3,retain,1.0,not identified as universal/generic by v2 policy,medium
italian cheese,21,4,retain,1.0,not identified as universal/generic by v2 policy,medium
italian tomatoe,21,6,retain,1.0,not identified as universal/generic by v2 policy,medium
pound cake,21,5,retain,1.0,not identified as universal/generic by v2 policy,medium
applesauce,21,10,retain,1.0,not identified as universal/generic by v2 policy,medium
tabasco green pepper sauce,21,5,retain,1.0,not identified as universal/generic by v2 policy,medium
bawang goreng,21,4,retain,1.0,not identified as universal/generic by v2 policy,medium
pepita,21,4,retain,1.0,not identified as universal/generic by v2 policy,medium
veal cutlet,21,3,retain,1.0,not identified as universal/generic by v2 policy,medium
pita bread round,21,4,retain,1.0,not identified as universal/generic by v2 policy,medium
banana pepper,21,9,retain,1.0,not identified as universal/generic by v2 policy,medium
rose water,21,6,retain,1.0,not identified as universal/generic by v2 policy,medium
slaw,21,7,retain,1.0,not identified as universal/generic by v2 policy,medium
oil-cured black olive,21,5,retain,1.0,not identified as universal/generic by v2 policy,medium
bulk italian sausag,21,1,retain,1.0,not identified as universal/generic by v2 policy,medium
vietnamese coriander,21,2,retain,1.0,not identified as universal/generic by v2 policy,medium
buckwheat flour,21,4,retain,1.0,not identified as universal/generic by v2 policy,medium
burgundy wine,21,4,retain,1.0,not identified as universal/generic by v2 policy,medium
whitefish fillet,21,9,retain,1.0,not identified as universal/generic by v2 policy,medium
jelly,21,8,retain,1.0,not identified as universal/generic by v2 policy,medium
juniper berry,21,7,retain,1.0,not identified as universal/generic by v2 policy,medium
shoyu,21,3,retain,1.0,not identified as universal/generic by v2 policy,medium
harissa paste,21,3,retain,1.0,not identified as universal/generic by v2 policy,medium
bread ciabatta,21,4,retain,1.0,not identified as universal/generic by v2 policy,medium
dutch-processed cocoa powder,21,5,retain,1.0,not identified as universal/generic by v2 policy,medium
soda,21,6,retain,1.0,not identified as universal/generic by v2 policy,medium
rosemary leave,21,8,retain,1.0,not identified as universal/generic by v2 policy,medium
chopped spinach thawed and squeezed dry,21,5,retain,1.0,not identified as universal/generic by v2 policy,medium
granulated white sugar,21,8,retain,1.0,not identified as universal/generic by v2 policy,medium
pernod,21,5,retain,1.0,not identified as universal/generic by v2 policy,medium
philadelphia cream cheese,21,5,retain,1.0,not identified as universal/generic by v2 policy,medium
pickling spice,21,12,retain,1.0,not identified as universal/generic by v2 policy,medium
truffle oil,21,4,retain,1.0,not identified as universal/generic by v2 policy,medium
maggi,21,5,retain,1.0,not identified as universal/generic by v2 policy,medium
medium-grain rice,21,10,retain,1.0,not identified as universal/generic by v2 policy,medium
mild olive oil,21,13,retain,1.0,not identified as universal/generic by v2 policy,medium
calvado,21,2,retain,1.0,not identified as universal/generic by v2 policy,medium
nopale,21,1,retain,1.0,not identified as universal/generic by v2 policy,medium
olive oil spray,21,7,retain,1.0,not identified as universal/generic by v2 policy,medium
guanciale,21,2,retain,1.0,not identified as universal/generic by v2 policy,medium
spread,21,5,retain,1.0,not identified as universal/generic by v2 policy,medium
long grain brown rice,21,9,retain,1.0,not identified as universal/generic by v2 policy,medium
port,20,6,retain,1.0,not identified as universal/generic by v2 policy,medium
cornbread,20,3,retain,1.0,not identified as universal/generic by v2 policy,medium
edamame bean,20,6,retain,1.0,not identified as universal/generic by v2 policy,medium
prepar pesto,20,3,retain,1.0,not identified as universal/generic by v2 policy,medium
potato gnocchi,20,1,retain,1.0,not identified as universal/generic by v2 policy,medium
fingerling potatoe,20,9,retain,1.0,not identified as universal/generic by v2 policy,medium
wide rice noodle,20,3,retain,1.0,not identified as universal/generic by v2 policy,medium
five spice,20,3,retain,1.0,not identified as universal/generic by v2 policy,medium
five-spice powder,20,6,retain,1.0,not identified as universal/generic by v2 policy,medium
cheese slice,20,5,retain,1.0,not identified as universal/generic by v2 policy,medium
clove garlic fine chop,20,10,retain,1.0,not identified as universal/generic by v2 policy,medium
brine-cured black olive,20,3,retain,1.0,not identified as universal/generic by v2 policy,medium
yellow miso,20,3,retain,1.0,not identified as universal/generic by v2 policy,medium
xanthan gum,20,8,retain,1.0,not identified as universal/generic by v2 policy,medium
gelatin,20,8,retain,1.0,not identified as universal/generic by v2 policy,medium
raspberry jam,20,6,retain,1.0,not identified as universal/generic by v2 policy,medium
tartar sauce,20,5,retain,1.0,not identified as universal/generic by v2 policy,medium
habanero chile,20,5,retain,1.0,not identified as universal/generic by v2 policy,medium
soybean sprout,20,5,retain,1.0,not identified as universal/generic by v2 policy,medium
browning,20,9,retain,1.0,not identified as universal/generic by v2 policy,medium
onion flake,20,7,retain,1.0,not identified as universal/generic by v2 policy,medium
tortellini,20,2,retain,1.0,not identified as universal/generic by v2 policy,medium
mexicorn,20,1,retain,1.0,not identified as universal/generic by v2 policy,medium
butter oil,20,13,retain,1.0,not identified as universal/generic by v2 policy,medium
manicotti shell,20,2,retain,1.0,not identified as universal/generic by v2 policy,medium
peanut sauce,20,4,retain,1.0,not identified as universal/generic by v2 policy,medium
full fat coconut milk,20,6,retain,1.0,not identified as universal/generic by v2 policy,medium
liver,20,6,retain,1.0,not identified as universal/generic by v2 policy,medium
coconut extract,20,9,retain,1.0,not identified as universal/generic by v2 policy,medium
sharp white cheddar cheese,20,7,retain,1.0,not identified as universal/generic by v2 policy,medium
wild rice,20,8,retain,1.0,not identified as universal/generic by v2 policy,medium
beef roast,20,7,retain,1.0,not identified as universal/generic by v2 policy,medium
peas and carrot,20,5,retain,1.0,not identified as universal/generic by v2 policy,medium
low-fat mayonnaise,20,7,retain,1.0,not identified as universal/generic by v2 policy,medium
shahi jeera,20,1,retain,1.0,not identified as universal/generic by v2 policy,medium
pitted prune,20,9,retain,1.0,not identified as universal/generic by v2 policy,medium
louisiana hot sauce,20,3,retain,1.0,not identified as universal/generic by v2 policy,medium
less sodium beef broth,20,9,retain,1.0,not identified as universal/generic by v2 policy,medium
chicken sausage,20,8,retain,1.0,not identified as universal/generic by v2 policy,medium
crumb,20,8,retain,1.0,not identified as universal/generic by v2 policy,medium
new york strip steak,19,9,retain,1.0,not identified as universal/generic by v2 policy,medium
uncook medium shrimp peel and devein,19,8,retain,1.0,not identified as universal/generic by v2 policy,medium
large shrimp,19,9,retain,1.0,not identified as universal/generic by v2 policy,medium
wakame,19,4,retain,1.0,not identified as universal/generic by v2 policy,medium
bouquet garni,19,3,retain,1.0,not identified as universal/generic by v2 policy,medium
tart cherry,19,5,retain,1.0,not identified as universal/generic by v2 policy,medium
baby green,19,11,retain,1.0,not identified as universal/generic by v2 policy,medium
hearts of palm,19,6,retain,1.0,not identified as universal/generic by v2 policy,medium
japanese rice,19,2,retain,1.0,not identified as universal/generic by v2 policy,medium
bone-in chicken breast,19,8,retain,1.0,not identified as universal/generic by v2 policy,medium
pandanus leaf,19,5,retain,1.0,not identified as universal/generic by v2 policy,medium
instant coffee,19,9,retain,1.0,not identified as universal/generic by v2 policy,medium
tandoori spice,19,1,retain,1.0,not identified as universal/generic by v2 policy,medium
fat free less sodium beef broth,19,8,retain,1.0,not identified as universal/generic by v2 policy,medium
beef steak,19,8,retain,1.0,not identified as universal/generic by v2 policy,medium
caramel sauce,19,6,retain,1.0,not identified as universal/generic by v2 policy,medium
beef chuck roast,19,5,retain,1.0,not identified as universal/generic by v2 policy,medium
celery stick,19,11,retain,1.0,not identified as universal/generic by v2 policy,medium
pumpkin puree,19,9,retain,1.0,not identified as universal/generic by v2 policy,medium
quick-cooking oat,19,6,retain,1.0,not identified as universal/generic by v2 policy,medium
vermicelli noodle,19,6,retain,1.0,not identified as universal/generic by v2 policy,medium
baby potatoe,19,7,retain,1.0,not identified as universal/generic by v2 policy,medium
kale leave,19,6,retain,1.0,not identified as universal/generic by v2 policy,medium
grapefruit,19,10,retain,1.0,not identified as universal/generic by v2 policy,medium
nori sheet,19,2,retain,1.0,not identified as universal/generic by v2 policy,medium
frosting,19,4,retain,1.0,not identified as universal/generic by v2 policy,medium
shiso,19,3,retain,1.0,not identified as universal/generic by v2 policy,medium
frisee,19,4,retain,1.0,not identified as universal/generic by v2 policy,medium
ham steak,19,5,retain,1.0,not identified as universal/generic by v2 policy,medium
catfish,19,7,retain,1.0,not identified as universal/generic by v2 policy,medium
phyllo,19,5,retain,1.0,not identified as universal/generic by v2 policy,medium
sherry wine,19,9,retain,1.0,not identified as universal/generic by v2 policy,medium
low-fat cottage cheese,19,5,retain,1.0,not identified as universal/generic by v2 policy,medium
chocolate shaving,18,5,retain,1.0,not identified as universal/generic by v2 policy,medium
italian style stewed tomatoe,18,3,retain,1.0,not identified as universal/generic by v2 policy,medium
asadero,18,1,retain,1.0,not identified as universal/generic by v2 policy,medium
essence,18,7,retain,1.0,not identified as universal/generic by v2 policy,medium
espresso,18,6,retain,1.0,not identified as universal/generic by v2 policy,medium
fat-free cottage cheese,18,3,retain,1.0,not identified as universal/generic by v2 policy,medium
fat free cream cheese,18,4,retain,1.0,not identified as universal/generic by v2 policy,medium
turkey kielbasa,18,6,retain,1.0,not identified as universal/generic by v2 policy,medium
imitation crab meat,18,8,retain,1.0,not identified as universal/generic by v2 policy,medium
acorn squash,18,9,retain,1.0,not identified as universal/generic by v2 policy,medium
roast beef,18,7,retain,1.0,not identified as universal/generic by v2 policy,medium
toast,18,8,retain,1.0,not identified as universal/generic by v2 policy,medium
penne rigate,18,2,retain,1.0,not identified as universal/generic by v2 policy,medium
red kidnei beans rins and drain,18,5,retain,1.0,not identified as universal/generic by v2 policy,medium
turkish bay leave,18,9,retain,1.0,not identified as universal/generic by v2 policy,medium
chocolate sprinkle,18,3,retain,1.0,not identified as universal/generic by v2 policy,medium
fresh herb,18,6,retain,1.0,not identified as universal/generic by v2 policy,medium
pappardelle,18,1,retain,1.0,not identified as universal/generic by v2 policy,medium
shelled pistachio,18,6,retain,1.0,not identified as universal/generic by v2 policy,medium
hamburger,18,5,retain,1.0,not identified as universal/generic by v2 policy,medium
shichimi togarashi,18,3,retain,1.0,not identified as universal/generic by v2 policy,medium
sardine,18,7,retain,1.0,not identified as universal/generic by v2 policy,medium
long bean,18,5,retain,1.0,not identified as universal/generic by v2 policy,medium
green lentil,18,9,retain,1.0,not identified as universal/generic by v2 policy,medium
sesame paste,18,3,retain,1.0,not identified as universal/generic by v2 policy,medium
lite coconut milk,18,3,retain,1.0,not identified as universal/generic by v2 policy,medium
summer squash,18,7,retain,1.0,not identified as universal/generic by v2 policy,medium
old world style pasta sauc,18,3,retain,1.0,not identified as universal/generic by v2 policy,medium
crepe,18,3,retain,1.0,not identified as universal/generic by v2 policy,medium
fryer chicken,18,8,retain,1.0,not identified as universal/generic by v2 policy,medium
grape leave,18,2,retain,1.0,not identified as universal/generic by v2 policy,medium
wheat pasta,18,4,retain,1.0,not identified as universal/generic by v2 policy,medium
onion soup mix,18,8,retain,1.0,not identified as universal/generic by v2 policy,medium
cooking sherry,18,7,retain,1.0,not identified as universal/generic by v2 policy,medium
top sirloin,18,8,retain,1.0,not identified as universal/generic by v2 policy,medium
stilton cheese,18,2,retain,1.0,not identified as universal/generic by v2 policy,medium
mild italian sausage,18,2,retain,1.0,not identified as universal/generic by v2 policy,medium
green peppercorn,18,6,retain,1.0,not identified as universal/generic by v2 policy,medium
rock sugar,18,2,retain,1.0,not identified as universal/generic by v2 policy,medium
baking mix,18,3,retain,1.0,not identified as universal/generic by v2 policy,medium
baby back rib,18,7,retain,1.0,not identified as universal/generic by v2 policy,medium
cutlet,18,7,retain,1.0,not identified as universal/generic by v2 policy,medium
chili pepper flake,18,6,retain,1.0,not identified as universal/generic by v2 policy,medium
ice cream,18,8,retain,1.0,not identified as universal/generic by v2 policy,medium
gyoza wrapper,18,4,retain,1.0,not identified as universal/generic by v2 policy,medium
natural yogurt,18,3,retain,1.0,not identified as universal/generic by v2 policy,medium
bone in skin on chicken thigh,18,11,retain,1.0,not identified as universal/generic by v2 policy,medium
garden pea,18,9,retain,1.0,not identified as universal/generic by v2 policy,medium
unsweetened shredded dried coconut,18,8,retain,1.0,not identified as universal/generic by v2 policy,medium
chicken-flavored soup powder,18,10,retain,1.0,not identified as universal/generic by v2 policy,medium
i cant believe its not butter spread,18,7,retain,1.0,not identified as universal/generic by v2 policy,medium
natural peanut butter,18,6,retain,1.0,not identified as universal/generic by v2 policy,medium
nonfat milk,18,7,retain,1.0,not identified as universal/generic by v2 policy,medium
no-salt-added black bean,18,2,retain,1.0,not identified as universal/generic by v2 policy,medium
suet,18,2,retain,1.0,not identified as universal/generic by v2 policy,medium
no-salt-added diced tomatoe,18,8,retain,1.0,not identified as universal/generic by v2 policy,medium
ravioli,18,1,retain,1.0,not identified as universal/generic by v2 policy,medium
raw honey,18,10,retain,1.0,not identified as universal/generic by v2 policy,medium
soppressata,17,2,retain,1.0,not identified as universal/generic by v2 policy,medium
chili bean sauce,17,3,retain,1.0,not identified as universal/generic by v2 policy,medium
kirsch,17,4,retain,1.0,not identified as universal/generic by v2 policy,medium
reduced fat coconut milk,17,2,retain,1.0,not identified as universal/generic by v2 policy,medium
kecap mani,17,6,retain,1.0,not identified as universal/generic by v2 policy,medium
nonfat plain greek yogurt,17,3,retain,1.0,not identified as universal/generic by v2 policy,medium
stuffing,17,5,retain,1.0,not identified as universal/generic by v2 policy,medium
crab boil,17,2,retain,1.0,not identified as universal/generic by v2 policy,medium
bun,17,8,retain,1.0,not identified as universal/generic by v2 policy,medium
methi,17,2,retain,1.0,not identified as universal/generic by v2 policy,medium
rutabaga,17,5,retain,1.0,not identified as universal/generic by v2 policy,medium
bocconcini,17,1,retain,1.0,not identified as universal/generic by v2 policy,medium
vermouth,17,7,retain,1.0,not identified as universal/generic by v2 policy,medium
napa cabbage leave,17,3,retain,1.0,not identified as universal/generic by v2 policy,medium
brine-cured olive,17,4,retain,1.0,not identified as universal/generic by v2 policy,medium
white rice flour,17,11,retain,1.0,not identified as universal/generic by v2 policy,medium
tempeh,17,10,retain,1.0,not identified as universal/generic by v2 policy,medium
pork fat,17,11,retain,1.0,not identified as universal/generic by v2 policy,medium
ditalini pasta,17,3,retain,1.0,not identified as universal/generic by v2 policy,medium
applewood smoked bacon,17,5,retain,1.0,not identified as universal/generic by v2 policy,medium
unbaked pie crust,17,4,retain,1.0,not identified as universal/generic by v2 policy,medium
seafood seasoning,17,6,retain,1.0,not identified as universal/generic by v2 policy,medium
rub,17,8,retain,1.0,not identified as universal/generic by v2 policy,medium
port wine,17,7,retain,1.0,not identified as universal/generic by v2 policy,medium
turkey sausage,17,6,retain,1.0,not identified as universal/generic by v2 policy,medium
brine,17,9,retain,1.0,not identified as universal/generic by v2 policy,medium
tzatziki,17,4,retain,1.0,not identified as universal/generic by v2 policy,medium
wheat breadcrumb,17,7,retain,1.0,not identified as universal/generic by v2 policy,medium
calamansi juice,17,1,retain,1.0,not identified as universal/generic by v2 policy,medium
grape,17,8,retain,1.0,not identified as universal/generic by v2 policy,medium
condensed tomato soup,17,5,retain,1.0,not identified as universal/generic by v2 policy,medium
corn bread,17,3,retain,1.0,not identified as universal/generic by v2 policy,medium
sultana,17,5,retain,1.0,not identified as universal/generic by v2 policy,medium
sichuan pepper,17,1,retain,1.0,not identified as universal/generic by v2 policy,medium
white cake mix,17,6,retain,1.0,not identified as universal/generic by v2 policy,medium
lager,17,6,retain,1.0,not identified as universal/generic by v2 policy,medium
dashi kombu,17,2,retain,1.0,not identified as universal/generic by v2 policy,medium
coffee bean,17,8,retain,1.0,not identified as universal/generic by v2 policy,medium
pickled carrot,17,3,retain,1.0,not identified as universal/generic by v2 policy,medium
deli ham,17,8,retain,1.0,not identified as universal/generic by v2 policy,medium
maida flour,17,3,retain,1.0,not identified as universal/generic by v2 policy,medium
beef bouillon granule,17,6,retain,1.0,not identified as universal/generic by v2 policy,medium
french fried onion,17,8,retain,1.0,not identified as universal/generic by v2 policy,medium
peach nectar,17,3,retain,1.0,not identified as universal/generic by v2 policy,medium
sea salt flake,17,7,retain,1.0,not identified as universal/generic by v2 policy,medium
bicarbonate of soda,17,6,retain,1.0,not identified as universal/generic by v2 policy,medium
coconut amino,17,7,retain,1.0,not identified as universal/generic by v2 policy,medium
color food green,17,6,retain,1.0,not identified as universal/generic by v2 policy,medium
soft-boiled egg,16,3,retain,1.0,not identified as universal/generic by v2 policy,medium
turkey meat,16,6,retain,1.0,not identified as universal/generic by v2 policy,medium
jackfruit,16,6,retain,1.0,not identified as universal/generic by v2 policy,medium
asian eggplant,16,9,retain,1.0,not identified as universal/generic by v2 policy,medium
white truffle oil,16,5,retain,1.0,not identified as universal/generic by v2 policy,medium
hand,16,7,retain,1.0,not identified as universal/generic by v2 policy,medium
kumquat,16,10,retain,1.0,not identified as universal/generic by v2 policy,medium
smoked turkey,16,5,retain,1.0,not identified as universal/generic by v2 policy,medium
tart apple,16,7,retain,1.0,not identified as universal/generic by v2 policy,medium
yellow cake mix,16,4,retain,1.0,not identified as universal/generic by v2 policy,medium
hoagie roll,16,3,retain,1.0,not identified as universal/generic by v2 policy,medium
relish,16,8,retain,1.0,not identified as universal/generic by v2 policy,medium
seedless green grape,16,5,retain,1.0,not identified as universal/generic by v2 policy,medium
toor dal,16,2,retain,1.0,not identified as universal/generic by v2 policy,medium
bartlett pear,16,6,retain,1.0,not identified as universal/generic by v2 policy,medium
barbecued pork,16,5,retain,1.0,not identified as universal/generic by v2 policy,medium
classico olive oil,16,1,retain,1.0,not identified as universal/generic by v2 policy,medium
dashi powder,16,1,retain,1.0,not identified as universal/generic by v2 policy,medium
white corn,16,3,retain,1.0,not identified as universal/generic by v2 policy,medium
butter cooking spray,16,7,retain,1.0,not identified as universal/generic by v2 policy,medium
garlic puree,16,9,retain,1.0,not identified as universal/generic by v2 policy,medium
corn grit,16,2,retain,1.0,not identified as universal/generic by v2 policy,medium
leaf lettuce,16,7,retain,1.0,not identified as universal/generic by v2 policy,medium
chicken part,16,9,retain,1.0,not identified as universal/generic by v2 policy,medium
bouillon,16,6,retain,1.0,not identified as universal/generic by v2 policy,medium
boiled egg,16,7,retain,1.0,not identified as universal/generic by v2 policy,medium
strong white bread flour,16,6,retain,1.0,not identified as universal/generic by v2 policy,medium
bucatini,16,1,retain,1.0,not identified as universal/generic by v2 policy,medium
plain dry bread crumb,16,4,retain,1.0,not identified as universal/generic by v2 policy,medium
habanero,16,6,retain,1.0,not identified as universal/generic by v2 policy,medium
fire roasted diced tomatoe,16,5,retain,1.0,not identified as universal/generic by v2 policy,medium
brewed espresso,16,4,retain,1.0,not identified as universal/generic by v2 policy,medium
calamari,16,7,retain,1.0,not identified as universal/generic by v2 policy,medium
cardamon,16,3,retain,1.0,not identified as universal/generic by v2 policy,medium
grouper,16,8,retain,1.0,not identified as universal/generic by v2 policy,medium
lumpia wrapper,16,1,retain,1.0,not identified as universal/generic by v2 policy,medium
duck drumstick,16,5,retain,1.0,not identified as universal/generic by v2 policy,medium
rapid rise yeast,16,8,retain,1.0,not identified as universal/generic by v2 policy,medium
tamarind juice,16,6,retain,1.0,not identified as universal/generic by v2 policy,medium
canela,16,1,retain,1.0,not identified as universal/generic by v2 policy,medium
center cut loin pork chop,16,8,retain,1.0,not identified as universal/generic by v2 policy,medium
seafood stock,16,7,retain,1.0,not identified as universal/generic by v2 policy,medium
dri oregano leaves crush,16,3,retain,1.0,not identified as universal/generic by v2 policy,medium
coconut flour,16,9,retain,1.0,not identified as universal/generic by v2 policy,medium
evaporated skim milk,16,9,retain,1.0,not identified as universal/generic by v2 policy,medium
savory,16,7,retain,1.0,not identified as universal/generic by v2 policy,medium
lemonade concentrate,16,5,retain,1.0,not identified as universal/generic by v2 policy,medium
ajwain,15,2,retain,1.0,not identified as universal/generic by v2 policy,medium
plain breadcrumb,15,7,retain,1.0,not identified as universal/generic by v2 policy,medium
plum sauce,15,3,retain,1.0,not identified as universal/generic by v2 policy,medium
adobo,15,5,retain,1.0,not identified as universal/generic by v2 policy,medium
brown basmati rice,15,6,retain,1.0,not identified as universal/generic by v2 policy,medium
breadstick,15,2,retain,1.0,not identified as universal/generic by v2 policy,medium
baby portobello mushroom,15,6,retain,1.0,not identified as universal/generic by v2 policy,medium
pomegranate juice,15,7,retain,1.0,not identified as universal/generic by v2 policy,medium
hearts of romaine,15,7,retain,1.0,not identified as universal/generic by v2 policy,medium
boiling onion,15,4,retain,1.0,not identified as universal/generic by v2 policy,medium
oat,15,7,retain,1.0,not identified as universal/generic by v2 policy,medium
baked ham,15,5,retain,1.0,not identified as universal/generic by v2 policy,medium
poblano,15,1,retain,1.0,not identified as universal/generic by v2 policy,medium
white rum,15,7,retain,1.0,not identified as universal/generic by v2 policy,medium
string bean,15,8,retain,1.0,not identified as universal/generic by v2 policy,medium
grapefruit juice,15,5,retain,1.0,not identified as universal/generic by v2 policy,medium
country white bread,15,4,retain,1.0,not identified as universal/generic by v2 policy,medium
sprout,15,7,retain,1.0,not identified as universal/generic by v2 policy,medium
splenda,15,6,retain,1.0,not identified as universal/generic by v2 policy,medium
pickled vegetable,15,7,retain,1.0,not identified as universal/generic by v2 policy,medium
pig,15,9,retain,1.0,not identified as universal/generic by v2 policy,medium
chicken base,15,9,retain,1.0,not identified as universal/generic by v2 policy,medium
black tea leave,15,5,retain,1.0,not identified as universal/generic by v2 policy,medium
onion salt,15,6,retain,1.0,not identified as universal/generic by v2 policy,medium
stone-ground cornmeal,15,4,retain,1.0,not identified as universal/generic by v2 policy,medium
mexican seasoning mix,15,2,retain,1.0,not identified as universal/generic by v2 policy,medium
calamansi,15,2,retain,1.0,not identified as universal/generic by v2 policy,medium
bone-in pork chop,15,6,retain,1.0,not identified as universal/generic by v2 policy,medium
black tea,15,6,retain,1.0,not identified as universal/generic by v2 policy,medium
orange slice,15,6,retain,1.0,not identified as universal/generic by v2 policy,medium
marshmallow creme,15,5,retain,1.0,not identified as universal/generic by v2 policy,medium
tostada,15,1,retain,1.0,not identified as universal/generic by v2 policy,medium
calimyrna fig,15,5,retain,1.0,not identified as universal/generic by v2 policy,medium
sweetener,15,9,retain,1.0,not identified as universal/generic by v2 policy,medium
vanilla bean paste,15,9,retain,1.0,not identified as universal/generic by v2 policy,medium
chanterelle,15,4,retain,1.0,not identified as universal/generic by v2 policy,medium
chat masala,15,3,retain,1.0,not identified as universal/generic by v2 policy,medium
beef consomme,15,8,retain,1.0,not identified as universal/generic by v2 policy,medium
pork shoulder butt,15,6,retain,1.0,not identified as universal/generic by v2 policy,medium
rack of lamb,15,8,retain,1.0,not identified as universal/generic by v2 policy,medium
duck fat,15,5,retain,1.0,not identified as universal/generic by v2 policy,medium
dill tip,15,6,retain,1.0,not identified as universal/generic by v2 policy,medium
chocolate syrup,15,8,retain,1.0,not identified as universal/generic by v2 policy,medium
farmer cheese,15,5,retain,1.0,not identified as universal/generic by v2 policy,medium
idaho potatoe,15,10,retain,1.0,not identified as universal/generic by v2 policy,medium
prebaked pizza crust,15,3,retain,1.0,not identified as universal/generic by v2 policy,medium
extract,15,9,retain,1.0,not identified as universal/generic by v2 policy,medium
red capsicum,15,7,retain,1.0,not identified as universal/generic by v2 policy,medium
mushroom soy sauce,15,5,retain,1.0,not identified as universal/generic by v2 policy,medium
yellow rock sugar,14,2,retain,1.0,not identified as universal/generic by v2 policy,medium
japanese cucumber,14,4,retain,1.0,not identified as universal/generic by v2 policy,medium
anise extract,14,3,retain,1.0,not identified as universal/generic by v2 policy,medium
arrowroot,14,8,retain,1.0,not identified as universal/generic by v2 policy,medium
armagnac,14,2,retain,1.0,not identified as universal/generic by v2 policy,medium
rump roast,14,7,retain,1.0,not identified as universal/generic by v2 policy,medium
almond butter,14,7,retain,1.0,not identified as universal/generic by v2 policy,medium
cornbread mix,14,3,retain,1.0,not identified as universal/generic by v2 policy,medium
cracker crumb,14,4,retain,1.0,not identified as universal/generic by v2 policy,medium
gluten free soy sauce,14,5,retain,1.0,not identified as universal/generic by v2 policy,medium
solid pack pumpkin,14,5,retain,1.0,not identified as universal/generic by v2 policy,medium
sour cherry,14,9,retain,1.0,not identified as universal/generic by v2 policy,medium
steak sauce,14,5,retain,1.0,not identified as universal/generic by v2 policy,medium
stevia,14,9,retain,1.0,not identified as universal/generic by v2 policy,medium
candied fruit,14,5,retain,1.0,not identified as universal/generic by v2 policy,medium
tonkatsu sauce,14,1,retain,1.0,not identified as universal/generic by v2 policy,medium
toasted slivered almond,14,9,retain,1.0,not identified as universal/generic by v2 policy,medium
carbonated water,14,6,retain,1.0,not identified as universal/generic by v2 policy,medium
toasted nori,14,2,retain,1.0,not identified as universal/generic by v2 policy,medium
quick cooking brown rice,14,7,retain,1.0,not identified as universal/generic by v2 policy,medium
rapeseed oil,14,7,retain,1.0,not identified as universal/generic by v2 policy,medium
arrowroot powder,14,7,retain,1.0,not identified as universal/generic by v2 policy,medium
soybean paste,14,2,retain,1.0,not identified as universal/generic by v2 policy,medium
soy,14,7,retain,1.0,not identified as universal/generic by v2 policy,medium
honeydew melon,14,6,retain,1.0,not identified as universal/generic by v2 policy,medium
vegetable juice,14,5,retain,1.0,not identified as universal/generic by v2 policy,medium
canned corn,14,5,retain,1.0,not identified as universal/generic by v2 policy,medium
carnaroli rice,14,2,retain,1.0,not identified as universal/generic by v2 policy,medium
picholine olive,14,5,retain,1.0,not identified as universal/generic by v2 policy,medium
low-fat cream cheese,14,3,retain,1.0,not identified as universal/generic by v2 policy,medium
gherkin,14,7,retain,1.0,not identified as universal/generic by v2 policy,medium
rock salt,14,7,retain,1.0,not identified as universal/generic by v2 policy,medium
walnut oil,14,6,retain,1.0,not identified as universal/generic by v2 policy,medium
runny honey,14,8,retain,1.0,not identified as universal/generic by v2 policy,medium
min,14,9,retain,1.0,not identified as universal/generic by v2 policy,medium
yolk,14,8,retain,1.0,not identified as universal/generic by v2 policy,medium
ale,14,6,retain,1.0,not identified as universal/generic by v2 policy,medium
acai,14,1,retain,1.0,not identified as universal/generic by v2 policy,medium
fettuccine,14,1,retain,1.0,not identified as universal/generic by v2 policy,medium
dal,14,2,retain,1.0,not identified as universal/generic by v2 policy,medium
morel,14,6,retain,1.0,not identified as universal/generic by v2 policy,medium
sparerib,14,6,retain,1.0,not identified as universal/generic by v2 policy,medium
chili garlic paste,14,4,retain,1.0,not identified as universal/generic by v2 policy,medium
split black lentil,14,1,retain,1.0,not identified as universal/generic by v2 policy,medium
curry sauce,14,4,retain,1.0,not identified as universal/generic by v2 policy,medium
sunflower seed,14,10,retain,1.0,not identified as universal/generic by v2 policy,medium
cream sherry,14,8,retain,1.0,not identified as universal/generic by v2 policy,medium
garlic bulb,14,7,retain,1.0,not identified as universal/generic by v2 policy,medium
mixed dried fruit,14,8,retain,1.0,not identified as universal/generic by v2 policy,medium
old-fashioned oat,14,5,retain,1.0,not identified as universal/generic by v2 policy,medium
wheat pita,14,5,retain,1.0,not identified as universal/generic by v2 policy,medium
thin pizza crust,14,4,retain,1.0,not identified as universal/generic by v2 policy,medium
white kidney bean,14,5,retain,1.0,not identified as universal/generic by v2 policy,medium
collard,14,1,retain,1.0,not identified as universal/generic by v2 policy,medium
varnish clam,14,4,retain,1.0,not identified as universal/generic by v2 policy,medium
pace picante sauce,14,1,retain,1.0,not identified as universal/generic by v2 policy,medium
fried egg,14,8,retain,1.0,not identified as universal/generic by v2 policy,medium
gin,14,7,retain,1.0,not identified as universal/generic by v2 policy,medium
gemelli,14,1,retain,1.0,not identified as universal/generic by v2 policy,medium
stir fry sauce,14,5,retain,1.0,not identified as universal/generic by v2 policy,medium
nonfat buttermilk,14,5,retain,1.0,not identified as universal/generic by v2 policy,medium
mild curry powder,14,2,retain,1.0,not identified as universal/generic by v2 policy,medium
gran marnier,13,5,retain,1.0,not identified as universal/generic by v2 policy,medium
seafood,13,7,retain,1.0,not identified as universal/generic by v2 policy,medium
vegetable bouillon,13,7,retain,1.0,not identified as universal/generic by v2 policy,medium
low-fat mozzarella cheese,13,1,retain,1.0,not identified as universal/generic by v2 policy,medium
low-fat greek yogurt,13,5,retain,1.0,not identified as universal/generic by v2 policy,medium
equal sweetener,13,8,retain,1.0,not identified as universal/generic by v2 policy,medium
beef bone,13,7,retain,1.0,not identified as universal/generic by v2 policy,medium
ground meat,13,5,retain,1.0,not identified as universal/generic by v2 policy,medium
refrigerated buttermilk biscuit,13,5,retain,1.0,not identified as universal/generic by v2 policy,medium
guajillo,13,2,retain,1.0,not identified as universal/generic by v2 policy,medium
caviar,13,5,retain,1.0,not identified as universal/generic by v2 policy,medium
almond meal,13,6,retain,1.0,not identified as universal/generic by v2 policy,medium
red grape,13,9,retain,1.0,not identified as universal/generic by v2 policy,medium
angostura bitter,13,8,retain,1.0,not identified as universal/generic by v2 policy,medium
instant espresso,13,4,retain,1.0,not identified as universal/generic by v2 policy,medium
pork spare rib,13,5,retain,1.0,not identified as universal/generic by v2 policy,medium
chipotle salsa,13,2,retain,1.0,not identified as universal/generic by v2 policy,medium
italian style seasoning,13,2,retain,1.0,not identified as universal/generic by v2 policy,medium
ancho chili ground pepper,13,3,retain,1.0,not identified as universal/generic by v2 policy,medium
golden caster sugar,13,8,retain,1.0,not identified as universal/generic by v2 policy,medium
cornish hen,13,9,retain,1.0,not identified as universal/generic by v2 policy,medium
and sour sauce,13,4,retain,1.0,not identified as universal/generic by v2 policy,medium
tentacle,13,4,retain,1.0,not identified as universal/generic by v2 policy,medium
yellow lentil,13,5,retain,1.0,not identified as universal/generic by v2 policy,medium
thin spaghetti,13,6,retain,1.0,not identified as universal/generic by v2 policy,medium
cornish game hen,13,8,retain,1.0,not identified as universal/generic by v2 policy,medium
sorrel,13,6,retain,1.0,not identified as universal/generic by v2 policy,medium
caesar salad dressing,13,5,retain,1.0,not identified as universal/generic by v2 policy,medium
swanson chicken broth,13,3,retain,1.0,not identified as universal/generic by v2 policy,medium
leaves oregano,13,4,retain,1.0,not identified as universal/generic by v2 policy,medium
hash brown,13,6,retain,1.0,not identified as universal/generic by v2 policy,medium
flounder fillet,13,7,retain,1.0,not identified as universal/generic by v2 policy,medium
sprite,13,5,retain,1.0,not identified as universal/generic by v2 policy,medium
fresno chile,13,8,retain,1.0,not identified as universal/generic by v2 policy,medium
gala apple,13,6,retain,1.0,not identified as universal/generic by v2 policy,medium
peach preserve,13,3,retain,1.0,not identified as universal/generic by v2 policy,medium
bitter,13,6,retain,1.0,not identified as universal/generic by v2 policy,medium
lower sodium beef broth,13,8,retain,1.0,not identified as universal/generic by v2 policy,medium
coleslaw mix,13,6,retain,1.0,not identified as universal/generic by v2 policy,medium
vanilla essence,13,7,retain,1.0,not identified as universal/generic by v2 policy,medium
limeade concentrate,13,4,retain,1.0,not identified as universal/generic by v2 policy,medium
shelled edamame,13,7,retain,1.0,not identified as universal/generic by v2 policy,medium
trout fillet,13,9,retain,1.0,not identified as universal/generic by v2 policy,medium
pan dripping,13,5,retain,1.0,not identified as universal/generic by v2 policy,medium
parmagiano reggiano,13,1,retain,1.0,not identified as universal/generic by v2 policy,medium
mole sauce,13,1,retain,1.0,not identified as universal/generic by v2 policy,medium
mini bell,13,5,retain,1.0,not identified as universal/generic by v2 policy,medium
meyer lemon,13,5,retain,1.0,not identified as universal/generic by v2 policy,medium
salmon steak,13,9,retain,1.0,not identified as universal/generic by v2 policy,medium
walnut piece,13,5,retain,1.0,not identified as universal/generic by v2 policy,medium
togarashi,13,2,retain,1.0,not identified as universal/generic by v2 policy,medium
single crust pie,13,5,retain,1.0,not identified as universal/generic by v2 policy,medium
smoked turkey sausage,13,3,retain,1.0,not identified as universal/generic by v2 policy,medium
poha,13,2,retain,1.0,not identified as universal/generic by v2 policy,medium
fat-free refried bean,13,2,retain,1.0,not identified as universal/generic by v2 policy,medium
gyoza,13,3,retain,1.0,not identified as universal/generic by v2 policy,medium
chilegarlic sauce,13,7,retain,1.0,not identified as universal/generic by v2 policy,medium
raw almond,13,6,retain,1.0,not identified as universal/generic by v2 policy,medium
tapenade,13,4,retain,1.0,not identified as universal/generic by v2 policy,medium
1 low-fat cottage cheese,12,3,retain,1.0,not identified as universal/generic by v2 policy,medium
turkey bacon,12,5,retain,1.0,not identified as universal/generic by v2 policy,medium
aleppo pepper,12,7,retain,1.0,not identified as universal/generic by v2 policy,medium
aged balsamic vinegar,12,3,retain,1.0,not identified as universal/generic by v2 policy,medium
jalape,12,6,retain,1.0,not identified as universal/generic by v2 policy,medium
smoked ham,12,5,retain,1.0,not identified as universal/generic by v2 policy,medium
lamb rib chop,12,6,retain,1.0,not identified as universal/generic by v2 policy,medium
soya bean,12,6,retain,1.0,not identified as universal/generic by v2 policy,medium
pork liver,12,5,retain,1.0,not identified as universal/generic by v2 policy,medium
cointreau,12,4,retain,1.0,not identified as universal/generic by v2 policy,medium
chinese wheat noodle,12,2,retain,1.0,not identified as universal/generic by v2 policy,medium
taro,12,7,retain,1.0,not identified as universal/generic by v2 policy,medium
chinese black mushroom,12,3,retain,1.0,not identified as universal/generic by v2 policy,medium
japanese turnip,12,6,retain,1.0,not identified as universal/generic by v2 policy,medium
chicken flavor bouillon,12,2,retain,1.0,not identified as universal/generic by v2 policy,medium
minced beef,12,7,retain,1.0,not identified as universal/generic by v2 policy,medium
pickling salt,12,6,retain,1.0,not identified as universal/generic by v2 policy,medium
manioc flour,12,1,retain,1.0,not identified as universal/generic by v2 policy,medium
buttermilk biscuit,12,1,retain,1.0,not identified as universal/generic by v2 policy,medium
pink peppercorn,12,7,retain,1.0,not identified as universal/generic by v2 policy,medium
low-fat yogurt,12,3,retain,1.0,not identified as universal/generic by v2 policy,medium
lemon-lime soda,12,3,retain,1.0,not identified as universal/generic by v2 policy,medium
store bought low sodium chicken broth,12,6,retain,1.0,not identified as universal/generic by v2 policy,medium
cream of celery soup,12,5,retain,1.0,not identified as universal/generic by v2 policy,medium
gold potatoe,12,8,retain,1.0,not identified as universal/generic by v2 policy,medium
veal stock,12,2,retain,1.0,not identified as universal/generic by v2 policy,medium
capellini,12,4,retain,1.0,not identified as universal/generic by v2 policy,medium
cool whip,12,3,retain,1.0,not identified as universal/generic by v2 policy,medium
avocado oil,12,5,retain,1.0,not identified as universal/generic by v2 policy,medium
baked pizza crust,12,3,retain,1.0,not identified as universal/generic by v2 policy,medium
porcini,12,4,retain,1.0,not identified as universal/generic by v2 policy,medium
reduced fat cream cheese,12,5,retain,1.0,not identified as universal/generic by v2 policy,medium
dorito,12,1,retain,1.0,not identified as universal/generic by v2 policy,medium
cherry pepper,12,5,retain,1.0,not identified as universal/generic by v2 policy,medium
shuck corn,12,4,retain,1.0,not identified as universal/generic by v2 policy,medium
shrimp shell,12,6,retain,1.0,not identified as universal/generic by v2 policy,medium
foie gra,12,2,retain,1.0,not identified as universal/generic by v2 policy,medium
risotto,12,2,retain,1.0,not identified as universal/generic by v2 policy,medium
riesling,12,5,retain,1.0,not identified as universal/generic by v2 policy,medium
herb seasoning,12,4,retain,1.0,not identified as universal/generic by v2 policy,medium
coca-cola,12,4,retain,1.0,not identified as universal/generic by v2 policy,medium
bengal gram,12,1,retain,1.0,not identified as universal/generic by v2 policy,medium
beef dripping,12,1,retain,1.0,not identified as universal/generic by v2 policy,medium
biscuit dough,12,4,retain,1.0,not identified as universal/generic by v2 policy,medium
dungeness crab,12,7,retain,1.0,not identified as universal/generic by v2 policy,medium
fajita size flour tortilla,12,1,retain,1.0,not identified as universal/generic by v2 policy,medium
prosecco,12,2,retain,1.0,not identified as universal/generic by v2 policy,medium
annatto seed,12,4,retain,1.0,not identified as universal/generic by v2 policy,medium
prepared lasagne,12,2,retain,1.0,not identified as universal/generic by v2 policy,medium
preserve,12,7,retain,1.0,not identified as universal/generic by v2 policy,medium
spike seasoning,12,4,retain,1.0,not identified as universal/generic by v2 policy,medium
palm oil,12,1,retain,1.0,not identified as universal/generic by v2 policy,medium
roquefort cheese,12,2,retain,1.0,not identified as universal/generic by v2 policy,medium
non stick spray,12,7,retain,1.0,not identified as universal/generic by v2 policy,medium
blue crab,12,7,retain,1.0,not identified as universal/generic by v2 policy,medium
roast breast of chicken,12,7,retain,1.0,not identified as universal/generic by v2 policy,medium
black salt,12,3,retain,1.0,not identified as universal/generic by v2 policy,medium
mild green chile,12,4,retain,1.0,not identified as universal/generic by v2 policy,medium
cabbage leave,12,6,retain,1.0,not identified as universal/generic by v2 policy,medium
masa dough,12,1,retain,1.0,not identified as universal/generic by v2 policy,medium
giblet,12,7,retain,1.0,not identified as universal/generic by v2 policy,medium
perilla,12,3,retain,1.0,not identified as universal/generic by v2 policy,medium
pickling cucumber,12,5,retain,1.0,not identified as universal/generic by v2 policy,medium
refrigerated biscuit,12,3,retain,1.0,not identified as universal/generic by v2 policy,medium
fully cooked ham,12,7,retain,1.0,not identified as universal/generic by v2 policy,medium
choy sum,12,2,retain,1.0,not identified as universal/generic by v2 policy,medium
quince,12,5,retain,1.0,not identified as universal/generic by v2 policy,medium
dry pasta,12,5,retain,1.0,not identified as universal/generic by v2 policy,medium
fatfree lowsodium chicken broth,12,8,retain,1.0,not identified as universal/generic by v2 policy,medium
no salt added chicken broth,12,6,retain,1.0,not identified as universal/generic by v2 policy,medium
bonito,12,2,retain,1.0,not identified as universal/generic by v2 policy,medium
rye bread,12,4,retain,1.0,not identified as universal/generic by v2 policy,medium
cuban pepper,12,6,retain,1.0,not identified as universal/generic by v2 policy,medium
blood orange,12,7,retain,1.0,not identified as universal/generic by v2 policy,medium
old el pasotm chopped green chile,12,1,retain,1.0,not identified as universal/generic by v2 policy,medium
or best food light mayonnai,12,4,retain,1.0,not identified as universal/generic by v2 policy,medium
pea pod,12,6,retain,1.0,not identified as universal/generic by v2 policy,medium
chicken bone,11,8,retain,1.0,not identified as universal/generic by v2 policy,medium
chinese celery,11,4,retain,1.0,not identified as universal/generic by v2 policy,medium
kaiser roll,11,6,retain,1.0,not identified as universal/generic by v2 policy,medium
italian seasoned dry bread crumb,11,2,retain,1.0,not identified as universal/generic by v2 policy,medium
condensed chicken broth,11,6,retain,1.0,not identified as universal/generic by v2 policy,medium
pork cutlet,11,5,retain,1.0,not identified as universal/generic by v2 policy,medium
ancho,11,3,retain,1.0,not identified as universal/generic by v2 policy,medium
ravva,11,2,retain,1.0,not identified as universal/generic by v2 policy,medium
quail,11,5,retain,1.0,not identified as universal/generic by v2 policy,medium
yellow summer squash,11,6,retain,1.0,not identified as universal/generic by v2 policy,medium
ramp,11,5,retain,1.0,not identified as universal/generic by v2 policy,medium
yellow curry paste,11,3,retain,1.0,not identified as universal/generic by v2 policy,medium
egg noodles cooked and drained,11,7,retain,1.0,not identified as universal/generic by v2 policy,medium
soda water,11,9,retain,1.0,not identified as universal/generic by v2 policy,medium
snapper,11,9,retain,1.0,not identified as universal/generic by v2 policy,medium
sourdough baguette,11,5,retain,1.0,not identified as universal/generic by v2 policy,medium
himalayan salt,11,8,retain,1.0,not identified as universal/generic by v2 policy,medium
turkey tenderloin,11,4,retain,1.0,not identified as universal/generic by v2 policy,medium
pork butt roast,11,6,retain,1.0,not identified as universal/generic by v2 policy,medium
arbol chile,11,4,retain,1.0,not identified as universal/generic by v2 policy,medium
pork country-style rib,11,6,retain,1.0,not identified as universal/generic by v2 policy,medium
wide egg noodle,11,5,retain,1.0,not identified as universal/generic by v2 policy,medium
chestnut mushroom,11,5,retain,1.0,not identified as universal/generic by v2 policy,medium
mixed berry,11,4,retain,1.0,not identified as universal/generic by v2 policy,medium
vegetarian refried bean,11,1,retain,1.0,not identified as universal/generic by v2 policy,medium
mincemeat,11,3,retain,1.0,not identified as universal/generic by v2 policy,medium
garlic sauce,11,6,retain,1.0,not identified as universal/generic by v2 policy,medium
matcha green tea powder,11,2,retain,1.0,not identified as universal/generic by v2 policy,medium
baby zucchini,11,5,retain,1.0,not identified as universal/generic by v2 policy,medium
sandwich roll,11,6,retain,1.0,not identified as universal/generic by v2 policy,medium
masoor dal,11,1,retain,1.0,not identified as universal/generic by v2 policy,medium
banana leaf,11,5,retain,1.0,not identified as universal/generic by v2 policy,medium
crumble,11,5,retain,1.0,not identified as universal/generic by v2 policy,medium
marmite,11,3,retain,1.0,not identified as universal/generic by v2 policy,medium
mahi mahi fillet,11,5,retain,1.0,not identified as universal/generic by v2 policy,medium
pickled okra,11,3,retain,1.0,not identified as universal/generic by v2 policy,medium
pigeon pea,11,4,retain,1.0,not identified as universal/generic by v2 policy,medium
white chocolate chip,11,7,retain,1.0,not identified as universal/generic by v2 policy,medium
white distilled vinegar,11,7,retain,1.0,not identified as universal/generic by v2 policy,medium
tomato soup,11,5,retain,1.0,not identified as universal/generic by v2 policy,medium
low fat mozzarella,11,3,retain,1.0,not identified as universal/generic by v2 policy,medium
low-fat ricotta cheese,11,2,retain,1.0,not identified as universal/generic by v2 policy,medium
giardiniera,11,3,retain,1.0,not identified as universal/generic by v2 policy,medium
granola,11,2,retain,1.0,not identified as universal/generic by v2 policy,medium
graham cracker crust,11,3,retain,1.0,not identified as universal/generic by v2 policy,medium
ditalini,11,1,retain,1.0,not identified as universal/generic by v2 policy,medium
country style bread,11,3,retain,1.0,not identified as universal/generic by v2 policy,medium
cavatappi,11,2,retain,1.0,not identified as universal/generic by v2 policy,medium
chicken fillet,11,5,retain,1.0,not identified as universal/generic by v2 policy,medium
shiro miso,11,2,retain,1.0,not identified as universal/generic by v2 policy,medium
lobster meat,11,6,retain,1.0,not identified as universal/generic by v2 policy,medium
linguini,11,3,retain,1.0,not identified as universal/generic by v2 policy,medium
center cut bacon,11,3,retain,1.0,not identified as universal/generic by v2 policy,medium
cassia cinnamon,11,3,retain,1.0,not identified as universal/generic by v2 policy,medium
macadamia nut,11,8,retain,1.0,not identified as universal/generic by v2 policy,medium
baileys irish cream liqueur,11,3,retain,1.0,not identified as universal/generic by v2 policy,medium
fat free frozen top whip,11,4,retain,1.0,not identified as universal/generic by v2 policy,medium
dhal,11,1,retain,1.0,not identified as universal/generic by v2 policy,medium
bouillon cube,11,7,retain,1.0,not identified as universal/generic by v2 policy,medium
black truffle,11,5,retain,1.0,not identified as universal/generic by v2 policy,medium
octopuse,11,4,retain,1.0,not identified as universal/generic by v2 policy,medium
demerara sugar,11,6,retain,1.0,not identified as universal/generic by v2 policy,medium
frangelico,11,2,retain,1.0,not identified as universal/generic by v2 policy,medium
pasta water,11,2,retain,1.0,not identified as universal/generic by v2 policy,medium
mulato chile,11,2,retain,1.0,not identified as universal/generic by v2 policy,medium
buffalo sauce,11,3,retain,1.0,not identified as universal/generic by v2 policy,medium
filet mignon,11,7,retain,1.0,not identified as universal/generic by v2 policy,medium
brioche,11,5,retain,1.0,not identified as universal/generic by v2 policy,medium
fatback,11,5,retain,1.0,not identified as universal/generic by v2 policy,medium
ruby port,11,5,retain,1.0,not identified as universal/generic by v2 policy,medium
brisket,11,8,retain,1.0,not identified as universal/generic by v2 policy,medium
orange blossom honey,11,6,retain,1.0,not identified as universal/generic by v2 policy,medium
old el pasotm taco seasoning mix,11,1,retain,1.0,not identified as universal/generic by v2 policy,medium
flat leaf spinach,11,6,retain,1.0,not identified as universal/generic by v2 policy,medium
flora cuisine,11,6,retain,1.0,not identified as universal/generic by v2 policy,medium
biryani masala,11,1,retain,1.0,not identified as universal/generic by v2 policy,medium
oz tomato sauce,11,5,retain,1.0,not identified as universal/generic by v2 policy,medium
bisquick,11,4,retain,1.0,not identified as universal/generic by v2 policy,medium
parboiled rice,11,4,retain,1.0,not identified as universal/generic by v2 policy,medium
thai chili paste,11,2,retain,1.0,not identified as universal/generic by v2 policy,medium
chuck steak,11,8,retain,1.0,not identified as universal/generic by v2 policy,medium
extra-lean ground beef,11,4,retain,1.0,not identified as universal/generic by v2 policy,medium
amaretti cooky,11,2,retain,1.0,not identified as universal/generic by v2 policy,medium
red bean paste,11,3,retain,1.0,not identified as universal/generic by v2 policy,medium
achiote paste,11,1,retain,1.0,not identified as universal/generic by v2 policy,medium
red beet,11,7,retain,1.0,not identified as universal/generic by v2 policy,medium
tarragon vinegar,11,4,retain,1.0,not identified as universal/generic by v2 policy,medium
yellow hominy,10,2,retain,1.0,not identified as universal/generic by v2 policy,medium
zinfandel,10,4,retain,1.0,not identified as universal/generic by v2 policy,medium
zest,10,6,retain,1.0,not identified as universal/generic by v2 policy,medium
queso blanco,10,1,retain,1.0,not identified as universal/generic by v2 policy,medium
raspberry preserve,10,5,retain,1.0,not identified as universal/generic by v2 policy,medium
adobo seasoning,10,5,retain,1.0,not identified as universal/generic by v2 policy,medium
aioli,10,7,retain,1.0,not identified as universal/generic by v2 policy,medium
atta,10,2,retain,1.0,not identified as universal/generic by v2 policy,medium
potato flour,10,3,retain,1.0,not identified as universal/generic by v2 policy,medium
red preserved bean curd,10,2,retain,1.0,not identified as universal/generic by v2 policy,medium
wish-bone italian dressing,10,4,retain,1.0,not identified as universal/generic by v2 policy,medium
english mustard,10,5,retain,1.0,not identified as universal/generic by v2 policy,medium
snapper fillet,10,8,retain,1.0,not identified as universal/generic by v2 policy,medium
italian eggplant,10,3,retain,1.0,not identified as universal/generic by v2 policy,medium
italian pork sausage,10,3,retain,1.0,not identified as universal/generic by v2 policy,medium
black mushroom,10,1,retain,1.0,not identified as universal/generic by v2 policy,medium
black cardamom pod,10,3,retain,1.0,not identified as universal/generic by v2 policy,medium
wheel,10,6,retain,1.0,not identified as universal/generic by v2 policy,medium
paneer cheese,10,2,retain,1.0,not identified as universal/generic by v2 policy,medium
rice syrup,10,1,retain,1.0,not identified as universal/generic by v2 policy,medium
fishcake,10,2,retain,1.0,not identified as universal/generic by v2 policy,medium
red,10,6,retain,1.0,not identified as universal/generic by v2 policy,medium
thai noodle,10,1,retain,1.0,not identified as universal/generic by v2 policy,medium
converted rice,10,5,retain,1.0,not identified as universal/generic by v2 policy,medium
chip plain tortilla,10,1,retain,1.0,not identified as universal/generic by v2 policy,medium
chili paste with garlic,10,3,retain,1.0,not identified as universal/generic by v2 policy,medium
kiwi fruit,10,8,retain,1.0,not identified as universal/generic by v2 policy,medium
chinese eggplant,10,4,retain,1.0,not identified as universal/generic by v2 policy,medium
unsweetened almond milk,10,7,retain,1.0,not identified as universal/generic by v2 policy,medium
lacinato kale,10,6,retain,1.0,not identified as universal/generic by v2 policy,medium
slab bacon,10,5,retain,1.0,not identified as universal/generic by v2 policy,medium
chihuahua cheese,10,1,retain,1.0,not identified as universal/generic by v2 policy,medium
stew meat,10,5,retain,1.0,not identified as universal/generic by v2 policy,medium
steamer,10,5,retain,1.0,not identified as universal/generic by v2 policy,medium
korean chile paste,10,1,retain,1.0,not identified as universal/generic by v2 policy,medium
tortilla shell,10,2,retain,1.0,not identified as universal/generic by v2 policy,medium
lager beer,10,3,retain,1.0,not identified as universal/generic by v2 policy,medium
chianti,10,1,retain,1.0,not identified as universal/generic by v2 policy,medium
condiment,10,5,retain,1.0,not identified as universal/generic by v2 policy,medium
cheese soup,10,1,retain,1.0,not identified as universal/generic by v2 policy,medium
toasted peanut,10,4,retain,1.0,not identified as universal/generic by v2 policy,medium
oil cured olive,10,4,retain,1.0,not identified as universal/generic by v2 policy,medium
ouzo,10,1,retain,1.0,not identified as universal/generic by v2 policy,medium
pak choi,10,4,retain,1.0,not identified as universal/generic by v2 policy,medium
pancake syrup,10,6,retain,1.0,not identified as universal/generic by v2 policy,medium
roast turkey,10,7,retain,1.0,not identified as universal/generic by v2 policy,medium
risotto rice,10,2,retain,1.0,not identified as universal/generic by v2 policy,medium
roasted pistachio,10,6,retain,1.0,not identified as universal/generic by v2 policy,medium
focaccia,10,1,retain,1.0,not identified as universal/generic by v2 policy,medium
flavored oil,10,7,retain,1.0,not identified as universal/generic by v2 policy,medium
firm silken tofu,10,3,retain,1.0,not identified as universal/generic by v2 policy,medium
balsamic vinaigrette,10,3,retain,1.0,not identified as universal/generic by v2 policy,medium
dog bun,10,6,retain,1.0,not identified as universal/generic by v2 policy,medium
lavender,10,6,retain,1.0,not identified as universal/generic by v2 policy,medium
cranberry sauce,10,3,retain,1.0,not identified as universal/generic by v2 policy,medium
shell pasta,10,5,retain,1.0,not identified as universal/generic by v2 policy,medium
chard,10,6,retain,1.0,not identified as universal/generic by v2 policy,medium
chardonnay,10,3,retain,1.0,not identified as universal/generic by v2 policy,medium
cavatelli,10,2,retain,1.0,not identified as universal/generic by v2 policy,medium
corn-on-the-cob,10,3,retain,1.0,not identified as universal/generic by v2 policy,medium
carnita,10,1,retain,1.0,not identified as universal/generic by v2 policy,medium
cornflake cereal,10,3,retain,1.0,not identified as universal/generic by v2 policy,medium
veal scallop,10,3,retain,1.0,not identified as universal/generic by v2 policy,medium
canola mayonnaise,10,5,retain,1.0,not identified as universal/generic by v2 policy,medium
cane vinegar,10,5,retain,1.0,not identified as universal/generic by v2 policy,medium
caramel,10,6,retain,1.0,not identified as universal/generic by v2 policy,medium
tomatillo salsa,10,1,retain,1.0,not identified as universal/generic by v2 policy,medium
cranberry juice,10,6,retain,1.0,not identified as universal/generic by v2 policy,medium
marshmallow,10,6,retain,1.0,not identified as universal/generic by v2 policy,medium
scotch,10,3,retain,1.0,not identified as universal/generic by v2 policy,medium
lumpia skin,10,1,retain,1.0,not identified as universal/generic by v2 policy,medium
canned coconut milk,10,4,retain,1.0,not identified as universal/generic by v2 policy,medium
campbells condensed cream of chicken soup,10,1,retain,1.0,not identified as universal/generic by v2 policy,medium
ginger ale,10,7,retain,1.0,not identified as universal/generic by v2 policy,medium
ginger juice,10,5,retain,1.0,not identified as universal/generic by v2 policy,medium
roux,10,2,retain,1.0,not identified as universal/generic by v2 policy,medium
brown rice vinegar,10,3,retain,1.0,not identified as universal/generic by v2 policy,medium
nilla wafer,10,1,retain,1.0,not identified as universal/generic by v2 policy,medium
water chestnuts drained and chopped,10,3,retain,1.0,not identified as universal/generic by v2 policy,medium
nutella,10,4,retain,1.0,not identified as universal/generic by v2 policy,medium
root vegetable,10,5,retain,1.0,not identified as universal/generic by v2 policy,medium
french roll,10,5,retain,1.0,not identified as universal/generic by v2 policy,medium
pineapples in juice,10,5,retain,1.0,not identified as universal/generic by v2 policy,medium
pillsburytm refrigerated crescent dinner roll,10,2,retain,1.0,not identified as universal/generic by v2 policy,medium
piecrust,10,5,retain,1.0,not identified as universal/generic by v2 policy,medium
white cabbage,10,7,retain,1.0,not identified as universal/generic by v2 policy,medium
white fleshed fish,10,8,retain,1.0,not identified as universal/generic by v2 policy,medium
dinner roll,10,4,retain,1.0,not identified as universal/generic by v2 policy,medium
tangerine juice,10,7,retain,1.0,not identified as universal/generic by v2 policy,medium
fat free greek yogurt,10,4,retain,1.0,not identified as universal/generic by v2 policy,medium
meyer lemon juice,10,5,retain,1.0,not identified as universal/generic by v2 policy,medium
crumbled ricotta salata cheese,10,1,retain,1.0,not identified as universal/generic by v2 policy,medium
buckwheat noodle,10,3,retain,1.0,not identified as universal/generic by v2 policy,medium
broccoli stem,10,4,retain,1.0,not identified as universal/generic by v2 policy,medium
mirliton,10,2,retain,1.0,not identified as universal/generic by v2 policy,medium
cream of coconut,10,7,retain,1.0,not identified as universal/generic by v2 policy,medium
sundried tomato pesto,10,2,retain,1.0,not identified as universal/generic by v2 policy,medium
vine tomatoe,10,5,retain,1.0,not identified as universal/generic by v2 policy,medium
crescent roll,10,5,retain,1.0,not identified as universal/generic by v2 policy,medium
beef tongue,10,3,retain,1.0,not identified as universal/generic by v2 policy,medium
bean curd,10,4,retain,1.0,not identified as universal/generic by v2 policy,medium
barley,10,7,retain,1.0,not identified as universal/generic by v2 policy,medium
beef gravy,10,3,retain,1.0,not identified as universal/generic by v2 policy,medium
peperoncini,10,4,retain,1.0,not identified as universal/generic by v2 policy,medium
mortadella,10,2,retain,1.0,not identified as universal/generic by v2 policy,medium
turkey breast cutlet,10,2,retain,1.0,not identified as universal/generic by v2 policy,medium
sole fillet,10,4,retain,1.0,not identified as universal/generic by v2 policy,medium
sourdough,10,4,retain,1.0,not identified as universal/generic by v2 policy,medium
chocolate instant pudding,10,3,retain,1.0,not identified as universal/generic by v2 policy,medium
green mango,10,4,retain,1.0,not identified as universal/generic by v2 policy,medium
soft-wheat flour,10,2,retain,1.0,not identified as universal/generic by v2 policy,medium
instant white rice,10,5,retain,1.0,not identified as universal/generic by v2 policy,medium
groundnut,10,5,retain,1.0,not identified as universal/generic by v2 policy,medium
hanger steak,10,5,retain,1.0,not identified as universal/generic by v2 policy,medium
citron,10,4,retain,1.0,not identified as universal/generic by v2 policy,medium
cinnamon sugar,10,4,retain,1.0,not identified as universal/generic by v2 policy,medium
sponge cake,10,3,retain,1.0,not identified as universal/generic by v2 policy,medium
spicy sausage,10,5,retain,1.0,not identified as universal/generic by v2 policy,medium
red currant jelly,10,6,retain,1.0,not identified as universal/generic by v2 policy,medium
pure olive oil,10,8,retain,1.0,not identified as universal/generic by v2 policy,medium
ackee,9,1,retain,1.0,not identified as universal/generic by v2 policy,medium
oz tomato paste,9,3,retain,1.0,not identified as universal/generic by v2 policy,medium
english toffee bit,9,3,retain,1.0,not identified as universal/generic by v2 policy,medium
chocolate sauce,9,4,retain,1.0,not identified as universal/generic by v2 policy,medium
pasta sheet,9,1,retain,1.0,not identified as universal/generic by v2 policy,medium
bittersweet chocolate chip,9,5,retain,1.0,not identified as universal/generic by v2 policy,medium
flat iron steak,9,6,retain,1.0,not identified as universal/generic by v2 policy,medium
black rice vinegar,9,1,retain,1.0,not identified as universal/generic by v2 policy,medium
passion fruit,9,4,retain,1.0,not identified as universal/generic by v2 policy,medium
mixed herb,9,4,retain,1.0,not identified as universal/generic by v2 policy,medium
russet,9,6,retain,1.0,not identified as universal/generic by v2 policy,medium
tuna packed in water,9,4,retain,1.0,not identified as universal/generic by v2 policy,medium
pear tomatoe,9,3,retain,1.0,not identified as universal/generic by v2 policy,medium
peasant bread,9,3,retain,1.0,not identified as universal/generic by v2 policy,medium
field pea,9,2,retain,1.0,not identified as universal/generic by v2 policy,medium
field lettuce,9,5,retain,1.0,not identified as universal/generic by v2 policy,medium
daal,9,2,retain,1.0,not identified as universal/generic by v2 policy,medium
decorating sugar,9,5,retain,1.0,not identified as universal/generic by v2 policy,medium
batter,9,4,retain,1.0,not identified as universal/generic by v2 policy,medium
black mission fig,9,4,retain,1.0,not identified as universal/generic by v2 policy,medium
meringue,9,5,retain,1.0,not identified as universal/generic by v2 policy,medium
turkey stock,9,4,retain,1.0,not identified as universal/generic by v2 policy,medium
turkey leg,9,4,retain,1.0,not identified as universal/generic by v2 policy,medium
chipotle sauce,9,3,retain,1.0,not identified as universal/generic by v2 policy,medium
mozzarella ball,9,1,retain,1.0,not identified as universal/generic by v2 policy,medium
refrigerated fettuccine,9,2,retain,1.0,not identified as universal/generic by v2 policy,medium
matzo meal,9,5,retain,1.0,not identified as universal/generic by v2 policy,medium
sanding sugar,9,4,retain,1.0,not identified as universal/generic by v2 policy,medium
pineapple slice,9,7,retain,1.0,not identified as universal/generic by v2 policy,medium
bacon bit,9,4,retain,1.0,not identified as universal/generic by v2 policy,medium
callaloo,9,1,retain,1.0,not identified as universal/generic by v2 policy,medium
garlic oil,9,5,retain,1.0,not identified as universal/generic by v2 policy,medium
cabernet sauvignon,9,3,retain,1.0,not identified as universal/generic by v2 policy,medium
canned chopped tomatoe,9,6,retain,1.0,not identified as universal/generic by v2 policy,medium
campari,9,1,retain,1.0,not identified as universal/generic by v2 policy,medium
kefalotyri,9,1,retain,1.0,not identified as universal/generic by v2 policy,medium
jerk seasoning,9,1,retain,1.0,not identified as universal/generic by v2 policy,medium
haddock fillet,9,4,retain,1.0,not identified as universal/generic by v2 policy,medium
smoked sweet spanish paprika,9,4,retain,1.0,not identified as universal/generic by v2 policy,medium
steak seasoning,9,4,retain,1.0,not identified as universal/generic by v2 policy,medium
king prawn,9,6,retain,1.0,not identified as universal/generic by v2 policy,medium
kidney,9,4,retain,1.0,not identified as universal/generic by v2 policy,medium
khoa,9,2,retain,1.0,not identified as universal/generic by v2 policy,medium
green pumpkin seed,9,3,retain,1.0,not identified as universal/generic by v2 policy,medium
pati,9,3,retain,1.0,not identified as universal/generic by v2 policy,medium
peach schnapp,9,4,retain,1.0,not identified as universal/generic by v2 policy,medium
tomatoes with garlic and onion,9,5,retain,1.0,not identified as universal/generic by v2 policy,medium
creole style seasoning,9,4,retain,1.0,not identified as universal/generic by v2 policy,medium
croissant,9,5,retain,1.0,not identified as universal/generic by v2 policy,medium
vinaigrette dressing,9,4,retain,1.0,not identified as universal/generic by v2 policy,medium
mochiko,9,2,retain,1.0,not identified as universal/generic by v2 policy,medium
mixed nut,9,6,retain,1.0,not identified as universal/generic by v2 policy,medium
candied cherry,9,5,retain,1.0,not identified as universal/generic by v2 policy,medium
california avocado,9,2,retain,1.0,not identified as universal/generic by v2 policy,medium
mexican style 4 cheese blend,9,1,retain,1.0,not identified as universal/generic by v2 policy,medium
french lentil,9,3,retain,1.0,not identified as universal/generic by v2 policy,medium
fresca,9,1,retain,1.0,not identified as universal/generic by v2 policy,medium
nonfat dry milk,9,4,retain,1.0,not identified as universal/generic by v2 policy,medium
oatmeal,9,4,retain,1.0,not identified as universal/generic by v2 policy,medium
nuoc cham,9,1,retain,1.0,not identified as universal/generic by v2 policy,medium
fried garlic,9,2,retain,1.0,not identified as universal/generic by v2 policy,medium
rajma,9,1,retain,1.0,not identified as universal/generic by v2 policy,medium
confit duck leg,9,3,retain,1.0,not identified as universal/generic by v2 policy,medium
cheese spread,9,5,retain,1.0,not identified as universal/generic by v2 policy,medium
baked bean,9,4,retain,1.0,not identified as universal/generic by v2 policy,medium
refried black bean,9,2,retain,1.0,not identified as universal/generic by v2 policy,medium
white rice vinegar,9,3,retain,1.0,not identified as universal/generic by v2 policy,medium
ranch style bean,9,1,retain,1.0,not identified as universal/generic by v2 policy,medium
yellow crookneck squash,9,6,retain,1.0,not identified as universal/generic by v2 policy,medium
split pea,9,4,retain,1.0,not identified as universal/generic by v2 policy,medium
coconut juice,9,4,retain,1.0,not identified as universal/generic by v2 policy,medium
cockle,9,4,retain,1.0,not identified as universal/generic by v2 policy,medium
red chile sauce,9,2,retain,1.0,not identified as universal/generic by v2 policy,medium
puff pastry sheet,9,6,retain,1.0,not identified as universal/generic by v2 policy,medium
spicy pork sausage,9,6,retain,1.0,not identified as universal/generic by v2 policy,medium
spanish rice,9,2,retain,1.0,not identified as universal/generic by v2 policy,medium
trout,9,6,retain,1.0,not identified as universal/generic by v2 policy,medium
raita,9,2,retain,1.0,not identified as universal/generic by v2 policy,medium
hazelnut oil,9,4,retain,1.0,not identified as universal/generic by v2 policy,medium
pork stock,9,5,retain,1.0,not identified as universal/generic by v2 policy,medium
red radishe,9,4,retain,1.0,not identified as universal/generic by v2 policy,medium
pork neck,9,5,retain,1.0,not identified as universal/generic by v2 policy,medium
edible flower,9,6,retain,1.0,not identified as universal/generic by v2 policy,medium
reduced fat firm tofu,9,5,retain,1.0,not identified as universal/generic by v2 policy,medium
loin,9,7,retain,1.0,not identified as universal/generic by v2 policy,medium
cooking apple,9,3,retain,1.0,not identified as universal/generic by v2 policy,medium
curly kale,9,5,retain,1.0,not identified as universal/generic by v2 policy,medium
flaxseed,9,6,retain,1.0,not identified as universal/generic by v2 policy,medium
pita round,9,3,retain,1.0,not identified as universal/generic by v2 policy,medium
fat-free buttermilk,9,5,retain,1.0,not identified as universal/generic by v2 policy,medium
pita chip,9,4,retain,1.0,not identified as universal/generic by v2 policy,medium
veal demi-glace,9,4,retain,1.0,not identified as universal/generic by v2 policy,medium
shirataki,9,4,retain,1.0,not identified as universal/generic by v2 policy,medium
stilton,9,1,retain,1.0,not identified as universal/generic by v2 policy,medium
vanilla wafer crumb,9,2,retain,1.0,not identified as universal/generic by v2 policy,medium
channa dal,9,2,retain,1.0,not identified as universal/generic by v2 policy,medium
vanilla sugar,9,3,retain,1.0,not identified as universal/generic by v2 policy,medium
maltose,9,1,retain,1.0,not identified as universal/generic by v2 policy,medium
cane syrup,9,3,retain,1.0,not identified as universal/generic by v2 policy,medium
shaoxing,9,1,retain,1.0,not identified as universal/generic by v2 policy,medium
gold tequila,9,2,retain,1.0,not identified as universal/generic by v2 policy,medium
celtic salt,9,6,retain,1.0,not identified as universal/generic by v2 policy,medium
shank,9,5,retain,1.0,not identified as universal/generic by v2 policy,medium
vegan butter,9,4,retain,1.0,not identified as universal/generic by v2 policy,medium
cornflake,9,6,retain,1.0,not identified as universal/generic by v2 policy,medium
toasted baguette,9,4,retain,1.0,not identified as universal/generic by v2 policy,medium
wheat germ,9,4,retain,1.0,not identified as universal/generic by v2 policy,medium
grappa,9,1,retain,1.0,not identified as universal/generic by v2 policy,medium
shrimp and crab boil seasoning,9,3,retain,1.0,not identified as universal/generic by v2 policy,medium
free-range egg,9,7,retain,1.0,not identified as universal/generic by v2 policy,medium
lamb shoulder chop,9,6,retain,1.0,not identified as universal/generic by v2 policy,medium
natural pistachio,9,5,retain,1.0,not identified as universal/generic by v2 policy,medium
frito,9,1,retain,1.0,not identified as universal/generic by v2 policy,medium
brown mustard,9,5,retain,1.0,not identified as universal/generic by v2 policy,medium
rose wine,9,5,retain,1.0,not identified as universal/generic by v2 policy,medium
broccoli slaw,9,6,retain,1.0,not identified as universal/generic by v2 policy,medium
queso asadero,9,1,retain,1.0,not identified as universal/generic by v2 policy,medium
garlic minicub,8,1,retain,1.0,not identified as universal/generic by v2 policy,medium
brown rice flour,8,6,retain,1.0,not identified as universal/generic by v2 policy,medium
pickle juice,8,4,retain,1.0,not identified as universal/generic by v2 policy,medium
meat sauce,8,3,retain,1.0,not identified as universal/generic by v2 policy,medium
meat tenderizer,8,2,retain,1.0,not identified as universal/generic by v2 policy,medium
cajun spice mix,8,2,retain,1.0,not identified as universal/generic by v2 policy,medium
maldon sea salt,8,5,retain,1.0,not identified as universal/generic by v2 policy,medium
pinot noir,8,3,retain,1.0,not identified as universal/generic by v2 policy,medium
pie,8,3,retain,1.0,not identified as universal/generic by v2 policy,medium
pink grapefruit,8,5,retain,1.0,not identified as universal/generic by v2 policy,medium
silver tequila,8,1,retain,1.0,not identified as universal/generic by v2 policy,medium
pimenton,8,3,retain,1.0,not identified as universal/generic by v2 policy,medium
merlot,8,5,retain,1.0,not identified as universal/generic by v2 policy,medium
tomatoes and green chily,8,2,retain,1.0,not identified as universal/generic by v2 policy,medium
stew,8,6,retain,1.0,not identified as universal/generic by v2 policy,medium
kabocha squash,8,3,retain,1.0,not identified as universal/generic by v2 policy,medium
pea shoot,8,5,retain,1.0,not identified as universal/generic by v2 policy,medium
pepperoni turkei,8,2,retain,1.0,not identified as universal/generic by v2 policy,medium
pectin,8,5,retain,1.0,not identified as universal/generic by v2 policy,medium
fuji apple,8,3,retain,1.0,not identified as universal/generic by v2 policy,medium
broiler-fryer chicken,8,6,retain,1.0,not identified as universal/generic by v2 policy,medium
crisp,8,6,retain,1.0,not identified as universal/generic by v2 policy,medium
melon,8,5,retain,1.0,not identified as universal/generic by v2 policy,medium
jell-o gelatin,8,4,retain,1.0,not identified as universal/generic by v2 policy,medium
green tea powder,8,3,retain,1.0,not identified as universal/generic by v2 policy,medium
snail,8,2,retain,1.0,not identified as universal/generic by v2 policy,medium
haddock,8,4,retain,1.0,not identified as universal/generic by v2 policy,medium
green tea bag,8,4,retain,1.0,not identified as universal/generic by v2 policy,medium
mission fig,8,5,retain,1.0,not identified as universal/generic by v2 policy,medium
mesclun,8,5,retain,1.0,not identified as universal/generic by v2 policy,medium
mixed mushroom,8,5,retain,1.0,not identified as universal/generic by v2 policy,medium
black cod fillet,8,4,retain,1.0,not identified as universal/generic by v2 policy,medium
nam pla,8,2,retain,1.0,not identified as universal/generic by v2 policy,medium
beef sausage,8,4,retain,1.0,not identified as universal/generic by v2 policy,medium
bean curd skin,8,2,retain,1.0,not identified as universal/generic by v2 policy,medium
beef fillet,8,6,retain,1.0,not identified as universal/generic by v2 policy,medium
gumbo file,8,1,retain,1.0,not identified as universal/generic by v2 policy,medium
chocolate bar,8,4,retain,1.0,not identified as universal/generic by v2 policy,medium
italian herb,8,2,retain,1.0,not identified as universal/generic by v2 policy,medium
italian salad dressing mix,8,2,retain,1.0,not identified as universal/generic by v2 policy,medium
yellow rice,8,5,retain,1.0,not identified as universal/generic by v2 policy,medium
chinese rice vinegar,8,1,retain,1.0,not identified as universal/generic by v2 policy,medium
emmenthal,8,4,retain,1.0,not identified as universal/generic by v2 policy,medium
english muffin,8,6,retain,1.0,not identified as universal/generic by v2 policy,medium
biscuit mix,8,5,retain,1.0,not identified as universal/generic by v2 policy,medium
bisquick baking mix,8,3,retain,1.0,not identified as universal/generic by v2 policy,medium
curly endive,8,3,retain,1.0,not identified as universal/generic by v2 policy,medium
fat-free reduced-sodium chicken broth,8,5,retain,1.0,not identified as universal/generic by v2 policy,medium
unbleached flour,8,7,retain,1.0,not identified as universal/generic by v2 policy,medium
spaghetti cook and drain,8,2,retain,1.0,not identified as universal/generic by v2 policy,medium
yakisoba noodle,8,2,retain,1.0,not identified as universal/generic by v2 policy,medium
garnish,8,5,retain,1.0,not identified as universal/generic by v2 policy,medium
dandelion green,8,5,retain,1.0,not identified as universal/generic by v2 policy,medium
black gram,8,2,retain,1.0,not identified as universal/generic by v2 policy,medium
furikake,8,2,retain,1.0,not identified as universal/generic by v2 policy,medium
wheat hamburger bun,8,6,retain,1.0,not identified as universal/generic by v2 policy,medium
chia seed,8,2,retain,1.0,not identified as universal/generic by v2 policy,medium
watercress leave,8,6,retain,1.0,not identified as universal/generic by v2 policy,medium
broad bean,8,6,retain,1.0,not identified as universal/generic by v2 policy,medium
bread cut into italian loaf,8,1,retain,1.0,not identified as universal/generic by v2 policy,medium
bread mix,8,4,retain,1.0,not identified as universal/generic by v2 policy,medium
garlic pepper seasoning,8,6,retain,1.0,not identified as universal/generic by v2 policy,medium
brine cured green olive,8,3,retain,1.0,not identified as universal/generic by v2 policy,medium
cashew butter,8,5,retain,1.0,not identified as universal/generic by v2 policy,medium
char siu,8,1,retain,1.0,not identified as universal/generic by v2 policy,medium
chapati flour,8,1,retain,1.0,not identified as universal/generic by v2 policy,medium
lily bud,8,1,retain,1.0,not identified as universal/generic by v2 policy,medium
shiso leave,8,2,retain,1.0,not identified as universal/generic by v2 policy,medium
limeade,8,1,retain,1.0,not identified as universal/generic by v2 policy,medium
lemon pepper seasoning,8,6,retain,1.0,not identified as universal/generic by v2 policy,medium
cream cheese frosting,8,2,retain,1.0,not identified as universal/generic by v2 policy,medium
sub bun,8,4,retain,1.0,not identified as universal/generic by v2 policy,medium
sugar syrup,8,5,retain,1.0,not identified as universal/generic by v2 policy,medium
striped bass,8,4,retain,1.0,not identified as universal/generic by v2 policy,medium
catalina dressing,8,2,retain,1.0,not identified as universal/generic by v2 policy,medium
seedless watermelon,8,7,retain,1.0,not identified as universal/generic by v2 policy,medium
shaved parmesan cheese,8,1,retain,1.0,not identified as universal/generic by v2 policy,medium
mandarin orange segment,8,4,retain,1.0,not identified as universal/generic by v2 policy,medium
stuffing mix,8,4,retain,1.0,not identified as universal/generic by v2 policy,medium
cornhusk,8,1,retain,1.0,not identified as universal/generic by v2 policy,medium
creme anglaise,8,4,retain,1.0,not identified as universal/generic by v2 policy,medium
low-fat coconut milk,8,3,retain,1.0,not identified as universal/generic by v2 policy,medium
wheat bran,8,3,retain,1.0,not identified as universal/generic by v2 policy,medium
french fry,8,5,retain,1.0,not identified as universal/generic by v2 policy,medium
green apple,8,4,retain,1.0,not identified as universal/generic by v2 policy,medium
cointreau liqueur,8,5,retain,1.0,not identified as universal/generic by v2 policy,medium
shrimp tail,8,5,retain,1.0,not identified as universal/generic by v2 policy,medium
confit,8,3,retain,1.0,not identified as universal/generic by v2 policy,medium
french dressing,8,4,retain,1.0,not identified as universal/generic by v2 policy,medium
lamb chop,8,6,retain,1.0,not identified as universal/generic by v2 policy,medium
shrimp head,8,5,retain,1.0,not identified as universal/generic by v2 policy,medium
black bean garlic sauce,8,2,retain,1.0,not identified as universal/generic by v2 policy,medium
wheat couscous,8,1,retain,1.0,not identified as universal/generic by v2 policy,medium
wheat lasagna noodle,8,1,retain,1.0,not identified as universal/generic by v2 policy,medium
dill seed,8,5,retain,1.0,not identified as universal/generic by v2 policy,medium
ramen,8,3,retain,1.0,not identified as universal/generic by v2 policy,medium
dripping,8,4,retain,1.0,not identified as universal/generic by v2 policy,medium
dry milk powder,8,4,retain,1.0,not identified as universal/generic by v2 policy,medium
achiote,8,1,retain,1.0,not identified as universal/generic by v2 policy,medium
chicken breast fillet,8,6,retain,1.0,not identified as universal/generic by v2 policy,medium
grana padano,8,2,retain,1.0,not identified as universal/generic by v2 policy,medium
distilled vinegar,8,6,retain,1.0,not identified as universal/generic by v2 policy,medium
lotus root,8,4,retain,1.0,not identified as universal/generic by v2 policy,medium
custard,8,5,retain,1.0,not identified as universal/generic by v2 policy,medium
lime peel,8,5,retain,1.0,not identified as universal/generic by v2 policy,medium
liquid amino,8,6,retain,1.0,not identified as universal/generic by v2 policy,medium
liver pate,8,4,retain,1.0,not identified as universal/generic by v2 policy,medium
pomegranate,8,5,retain,1.0,not identified as universal/generic by v2 policy,medium
pace chunky salsa,8,1,retain,1.0,not identified as universal/generic by v2 policy,medium
potato flake,8,6,retain,1.0,not identified as universal/generic by v2 policy,medium
amaretto liqueur,8,4,retain,1.0,not identified as universal/generic by v2 policy,medium
pork lard,8,3,retain,1.0,not identified as universal/generic by v2 policy,medium
apricot nectar,8,7,retain,1.0,not identified as universal/generic by v2 policy,medium
pork stew meat,8,2,retain,1.0,not identified as universal/generic by v2 policy,medium
wonton skin,8,3,retain,1.0,not identified as universal/generic by v2 policy,medium
andouille chicken sausage,8,3,retain,1.0,not identified as universal/generic by v2 policy,medium
potatoes and yam,8,4,retain,1.0,not identified as universal/generic by v2 policy,medium
ragu,8,2,retain,1.0,not identified as universal/generic by v2 policy,medium
radish sprout,8,4,retain,1.0,not identified as universal/generic by v2 policy,medium
tart shell,8,6,retain,1.0,not identified as universal/generic by v2 policy,medium
spring water,8,7,retain,1.0,not identified as universal/generic by v2 policy,medium
grit quick,8,1,retain,1.0,not identified as universal/generic by v2 policy,medium
hard shelled clam,8,3,retain,1.0,not identified as universal/generic by v2 policy,medium
havarti cheese,8,6,retain,1.0,not identified as universal/generic by v2 policy,medium
chunky,8,3,retain,1.0,not identified as universal/generic by v2 policy,medium
red delicious apple,8,6,retain,1.0,not identified as universal/generic by v2 policy,medium
andouille sausage link,8,5,retain,1.0,not identified as universal/generic by v2 policy,medium
amaretti,7,2,retain,1.0,not identified as universal/generic by v2 policy,medium
pressed tofu,7,3,retain,1.0,not identified as universal/generic by v2 policy,medium
anjou pear,7,3,retain,1.0,not identified as universal/generic by v2 policy,medium
tripe,7,5,retain,1.0,not identified as universal/generic by v2 policy,medium
tubetti,7,1,retain,1.0,not identified as universal/generic by v2 policy,medium
holy basil,7,2,retain,1.0,not identified as universal/generic by v2 policy,medium
spiced rum,7,4,retain,1.0,not identified as universal/generic by v2 policy,medium
chunky pasta sauce,7,1,retain,1.0,not identified as universal/generic by v2 policy,medium
cider,7,4,retain,1.0,not identified as universal/generic by v2 policy,medium
coco,7,6,retain,1.0,not identified as universal/generic by v2 policy,medium
pork rind,7,4,retain,1.0,not identified as universal/generic by v2 policy,medium
pomegranate molasse,7,5,retain,1.0,not identified as universal/generic by v2 policy,medium
italian cheese blend,7,1,retain,1.0,not identified as universal/generic by v2 policy,medium
grenadine syrup,7,4,retain,1.0,not identified as universal/generic by v2 policy,medium
green grape,7,4,retain,1.0,not identified as universal/generic by v2 policy,medium
portobello cap,7,2,retain,1.0,not identified as universal/generic by v2 policy,medium
pork meat,7,7,retain,1.0,not identified as universal/generic by v2 policy,medium
pork fillet,7,4,retain,1.0,not identified as universal/generic by v2 policy,medium
duck breast halve,7,4,retain,1.0,not identified as universal/generic by v2 policy,medium
albacore tuna in water,7,3,retain,1.0,not identified as universal/generic by v2 policy,medium
yukon gold,7,6,retain,1.0,not identified as universal/generic by v2 policy,medium
yellow tomato,7,3,retain,1.0,not identified as universal/generic by v2 policy,medium
raspberry liqueur,7,3,retain,1.0,not identified as universal/generic by v2 policy,medium
drumstick,7,4,retain,1.0,not identified as universal/generic by v2 policy,medium
40 less sodium taco seasoning,7,1,retain,1.0,not identified as universal/generic by v2 policy,medium
pork and bean,7,4,retain,1.0,not identified as universal/generic by v2 policy,medium
pork bone,7,4,retain,1.0,not identified as universal/generic by v2 policy,medium
double crust pie,7,4,retain,1.0,not identified as universal/generic by v2 policy,medium
fat free beef broth,7,6,retain,1.0,not identified as universal/generic by v2 policy,medium
white tuna in water,7,3,retain,1.0,not identified as universal/generic by v2 policy,medium
plain low fat greek yogurt,7,4,retain,1.0,not identified as universal/generic by v2 policy,medium
reduced-sodium tamari sauce,7,3,retain,1.0,not identified as universal/generic by v2 policy,medium
polish sausage,7,3,retain,1.0,not identified as universal/generic by v2 policy,medium
balsamico bianco,7,5,retain,1.0,not identified as universal/generic by v2 policy,medium
flax seed meal,7,6,retain,1.0,not identified as universal/generic by v2 policy,medium
roast beef deli meat,7,5,retain,1.0,not identified as universal/generic by v2 policy,medium
pancake,7,3,retain,1.0,not identified as universal/generic by v2 policy,medium
cassava,7,3,retain,1.0,not identified as universal/generic by v2 policy,medium
loave,7,4,retain,1.0,not identified as universal/generic by v2 policy,medium
less sodium soy sauce,7,4,retain,1.0,not identified as universal/generic by v2 policy,medium
catsup,7,3,retain,1.0,not identified as universal/generic by v2 policy,medium
cooking fat,7,5,retain,1.0,not identified as universal/generic by v2 policy,medium
celery heart,7,6,retain,1.0,not identified as universal/generic by v2 policy,medium
leg quarter,7,5,retain,1.0,not identified as universal/generic by v2 policy,medium
shoepeg corn,7,3,retain,1.0,not identified as universal/generic by v2 policy,medium
short pasta,7,1,retain,1.0,not identified as universal/generic by v2 policy,medium
vanilla lowfat yogurt,7,5,retain,1.0,not identified as universal/generic by v2 policy,medium
vanilla pod,7,3,retain,1.0,not identified as universal/generic by v2 policy,medium
chambord,7,3,retain,1.0,not identified as universal/generic by v2 policy,medium
leafy green,7,4,retain,1.0,not identified as universal/generic by v2 policy,medium
lardon,7,2,retain,1.0,not identified as universal/generic by v2 policy,medium
toasted wheat germ,7,6,retain,1.0,not identified as universal/generic by v2 policy,medium
sugar substitute,7,5,retain,1.0,not identified as universal/generic by v2 policy,medium
luke warm water,7,5,retain,1.0,not identified as universal/generic by v2 policy,medium
mackerel fillet,7,6,retain,1.0,not identified as universal/generic by v2 policy,medium
seasoning mix,7,4,retain,1.0,not identified as universal/generic by v2 policy,medium
low-fat spaghetti sauce,7,1,retain,1.0,not identified as universal/generic by v2 policy,medium
seltzer water,7,3,retain,1.0,not identified as universal/generic by v2 policy,medium
veal for stew,7,3,retain,1.0,not identified as universal/generic by v2 policy,medium
veal rib chop,7,4,retain,1.0,not identified as universal/generic by v2 policy,medium
goat,7,3,retain,1.0,not identified as universal/generic by v2 policy,medium
golden zucchini,7,6,retain,1.0,not identified as universal/generic by v2 policy,medium
goji berry,7,2,retain,1.0,not identified as universal/generic by v2 policy,medium
oreo cooky,7,3,retain,1.0,not identified as universal/generic by v2 policy,medium
onion ring,7,3,retain,1.0,not identified as universal/generic by v2 policy,medium
taco seasoning reduced sodium,7,1,retain,1.0,not identified as universal/generic by v2 policy,medium
taco topping,7,1,retain,1.0,not identified as universal/generic by v2 policy,medium
table cream,7,3,retain,1.0,not identified as universal/generic by v2 policy,medium
deep dish pie crust,7,2,retain,1.0,not identified as universal/generic by v2 policy,medium
old el pasotm thick n chunky salsa,7,1,retain,1.0,not identified as universal/generic by v2 policy,medium
chenpi,7,1,retain,1.0,not identified as universal/generic by v2 policy,medium
cherry preserve,7,5,retain,1.0,not identified as universal/generic by v2 policy,medium
chicken soup base,7,3,retain,1.0,not identified as universal/generic by v2 policy,medium
sicilian olive,7,1,retain,1.0,not identified as universal/generic by v2 policy,medium
lamb leg,7,5,retain,1.0,not identified as universal/generic by v2 policy,medium
kochujang,7,2,retain,1.0,not identified as universal/generic by v2 policy,medium
cola,7,6,retain,1.0,not identified as universal/generic by v2 policy,medium
steel-cut oat,7,3,retain,1.0,not identified as universal/generic by v2 policy,medium
free-range chicken,7,5,retain,1.0,not identified as universal/generic by v2 policy,medium
brat,7,4,retain,1.0,not identified as universal/generic by v2 policy,medium
branzino,7,3,retain,1.0,not identified as universal/generic by v2 policy,medium
fig jam,7,3,retain,1.0,not identified as universal/generic by v2 policy,medium
ginger piece,7,4,retain,1.0,not identified as universal/generic by v2 policy,medium
crumbled goat cheese,7,4,retain,1.0,not identified as universal/generic by v2 policy,medium
campbells condensed tomato soup,7,1,retain,1.0,not identified as universal/generic by v2 policy,medium
maple sugar,7,4,retain,1.0,not identified as universal/generic by v2 policy,medium
candied lemon peel,7,3,retain,1.0,not identified as universal/generic by v2 policy,medium
merguez sausage,7,1,retain,1.0,not identified as universal/generic by v2 policy,medium
marzipan,7,3,retain,1.0,not identified as universal/generic by v2 policy,medium
banger,7,2,retain,1.0,not identified as universal/generic by v2 policy,medium
white cheese,7,2,retain,1.0,not identified as universal/generic by v2 policy,medium
pickled jalapeno pepper,7,3,retain,1.0,not identified as universal/generic by v2 policy,medium
pickled radish,7,3,retain,1.0,not identified as universal/generic by v2 policy,medium
perciatelli,7,1,retain,1.0,not identified as universal/generic by v2 policy,medium
pierogi,7,1,retain,1.0,not identified as universal/generic by v2 policy,medium
black treacle,7,2,retain,1.0,not identified as universal/generic by v2 policy,medium
nonfat cottage cheese,7,2,retain,1.0,not identified as universal/generic by v2 policy,medium
condensed cream of celery soup,7,3,retain,1.0,not identified as universal/generic by v2 policy,medium
corn flake,7,5,retain,1.0,not identified as universal/generic by v2 policy,medium
corn flakes cereal,7,4,retain,1.0,not identified as universal/generic by v2 policy,medium
silver,7,7,retain,1.0,not identified as universal/generic by v2 policy,medium
sirloin tip,7,3,retain,1.0,not identified as universal/generic by v2 policy,medium
chicken wing drummette,7,4,retain,1.0,not identified as universal/generic by v2 policy,medium
chicken gizzard,7,3,retain,1.0,not identified as universal/generic by v2 policy,medium
kikkoman soy sauce,7,4,retain,1.0,not identified as universal/generic by v2 policy,medium
key lime,7,4,retain,1.0,not identified as universal/generic by v2 policy,medium
smoked cheddar cheese,7,2,retain,1.0,not identified as universal/generic by v2 policy,medium
coconut rum,7,2,retain,1.0,not identified as universal/generic by v2 policy,medium
green split pea,7,5,retain,1.0,not identified as universal/generic by v2 policy,medium
hatch green chile,7,2,retain,1.0,not identified as universal/generic by v2 policy,medium
pastry cream,7,2,retain,1.0,not identified as universal/generic by v2 policy,medium
pecorino,7,1,retain,1.0,not identified as universal/generic by v2 policy,medium
cubed potatoe,7,4,retain,1.0,not identified as universal/generic by v2 policy,medium
crisco,7,4,retain,1.0,not identified as universal/generic by v2 policy,medium
gaeta olive,7,3,retain,1.0,not identified as universal/generic by v2 policy,medium
muenster cheese,7,5,retain,1.0,not identified as universal/generic by v2 policy,medium
monkfish fillet,7,5,retain,1.0,not identified as universal/generic by v2 policy,medium
vin santo,7,1,retain,1.0,not identified as universal/generic by v2 policy,medium
burrata,7,1,retain,1.0,not identified as universal/generic by v2 policy,medium
mini chocolate chip,7,3,retain,1.0,not identified as universal/generic by v2 policy,medium
milk greek yogurt,7,3,retain,1.0,not identified as universal/generic by v2 policy,medium
sorbet,7,4,retain,1.0,not identified as universal/generic by v2 policy,medium
somen,7,3,retain,1.0,not identified as universal/generic by v2 policy,medium
icing,7,5,retain,1.0,not identified as universal/generic by v2 policy,medium
tuna fillet,7,3,retain,1.0,not identified as universal/generic by v2 policy,medium
coffee ice cream,7,4,retain,1.0,not identified as universal/generic by v2 policy,medium
coconut vinegar,7,3,retain,1.0,not identified as universal/generic by v2 policy,medium
raspberry vinegar,7,4,retain,1.0,not identified as universal/generic by v2 policy,medium
quail egg,7,4,retain,1.0,not identified as universal/generic by v2 policy,medium
cubed beef,7,6,retain,1.0,not identified as universal/generic by v2 policy,medium
dende oil,7,1,retain,1.0,not identified as universal/generic by v2 policy,medium
bass fillet,7,4,retain,1.0,not identified as universal/generic by v2 policy,medium
baton,7,4,retain,1.0,not identified as universal/generic by v2 policy,medium
rendered bacon fat,7,4,retain,1.0,not identified as universal/generic by v2 policy,medium
rib pork chop,7,6,retain,1.0,not identified as universal/generic by v2 policy,medium
halibut steak,7,5,retain,1.0,not identified as universal/generic by v2 policy,medium
flanken short rib,7,2,retain,1.0,not identified as universal/generic by v2 policy,medium
flat anchovy,7,2,retain,1.0,not identified as universal/generic by v2 policy,medium
pappardelle pasta,7,2,retain,1.0,not identified as universal/generic by v2 policy,medium
soft corn tortilla,7,1,retain,1.0,not identified as universal/generic by v2 policy,medium
chipotle paste,7,1,retain,1.0,not identified as universal/generic by v2 policy,medium
irish bacon,7,1,retain,1.0,not identified as universal/generic by v2 policy,medium
red bell pepper sliced,7,4,retain,1.0,not identified as universal/generic by v2 policy,medium
yellow bean sauce,6,3,retain,1.0,not identified as universal/generic by v2 policy,medium
2 low-fat cottage cheese,6,2,retain,1.0,not identified as universal/generic by v2 policy,medium
dry rub,6,3,retain,1.0,not identified as universal/generic by v2 policy,medium
tart,6,2,retain,1.0,not identified as universal/generic by v2 policy,medium
yellow chive,6,1,retain,1.0,not identified as universal/generic by v2 policy,medium
banana liqueur,6,3,retain,1.0,not identified as universal/generic by v2 policy,medium
balsamic reduction,6,2,retain,1.0,not identified as universal/generic by v2 policy,medium
cornflake crumb,6,2,retain,1.0,not identified as universal/generic by v2 policy,medium
grain bread,6,3,retain,1.0,not identified as universal/generic by v2 policy,medium
grape juice,6,4,retain,1.0,not identified as universal/generic by v2 policy,medium
piment despelette,6,3,retain,1.0,not identified as universal/generic by v2 policy,medium
reduced fat swiss cheese,6,2,retain,1.0,not identified as universal/generic by v2 policy,medium
squirt,6,3,retain,1.0,not identified as universal/generic by v2 policy,medium
colby,6,3,retain,1.0,not identified as universal/generic by v2 policy,medium
kimchi juice,6,1,retain,1.0,not identified as universal/generic by v2 policy,medium
kewra water,6,1,retain,1.0,not identified as universal/generic by v2 policy,medium
lemonade,6,4,retain,1.0,not identified as universal/generic by v2 policy,medium
lasagne,6,1,retain,1.0,not identified as universal/generic by v2 policy,medium
condensed cheddar cheese soup,6,5,retain,1.0,not identified as universal/generic by v2 policy,medium
crusty roll,6,5,retain,1.0,not identified as universal/generic by v2 policy,medium
mussels well scrubbed,6,4,retain,1.0,not identified as universal/generic by v2 policy,medium
toasted cashew,6,3,retain,1.0,not identified as universal/generic by v2 policy,medium
rouille,6,1,retain,1.0,not identified as universal/generic by v2 policy,medium
wax bean,6,6,retain,1.0,not identified as universal/generic by v2 policy,medium
neufchatel,6,3,retain,1.0,not identified as universal/generic by v2 policy,medium
toasted pumpkinseed,6,2,retain,1.0,not identified as universal/generic by v2 policy,medium
toasted coconut,6,5,retain,1.0,not identified as universal/generic by v2 policy,medium
prepared pasta sauce,6,2,retain,1.0,not identified as universal/generic by v2 policy,medium
pumpkinseed kernel,6,2,retain,1.0,not identified as universal/generic by v2 policy,medium
apple pie filling,6,3,retain,1.0,not identified as universal/generic by v2 policy,medium
chopped broccoli,6,3,retain,1.0,not identified as universal/generic by v2 policy,medium
hellmanns real mayonnaise,6,5,retain,1.0,not identified as universal/generic by v2 policy,medium
hemp seed,6,3,retain,1.0,not identified as universal/generic by v2 policy,medium
blackberry jam,6,4,retain,1.0,not identified as universal/generic by v2 policy,medium
bottle gourd,6,2,retain,1.0,not identified as universal/generic by v2 policy,medium
bread and butter pickle,6,2,retain,1.0,not identified as universal/generic by v2 policy,medium
bow,6,4,retain,1.0,not identified as universal/generic by v2 policy,medium
prepared guacamole,6,1,retain,1.0,not identified as universal/generic by v2 policy,medium
brown hash potato,6,2,retain,1.0,not identified as universal/generic by v2 policy,medium
broiler-fryer,6,3,retain,1.0,not identified as universal/generic by v2 policy,medium
wafer,6,3,retain,1.0,not identified as universal/generic by v2 policy,medium
roasted chestnut,6,4,retain,1.0,not identified as universal/generic by v2 policy,medium
fudge brownie mix,6,3,retain,1.0,not identified as universal/generic by v2 policy,medium
mung bean noodle,6,4,retain,1.0,not identified as universal/generic by v2 policy,medium
safflower,6,4,retain,1.0,not identified as universal/generic by v2 policy,medium
turkey broth,6,5,retain,1.0,not identified as universal/generic by v2 policy,medium
horseradish sauce,6,4,retain,1.0,not identified as universal/generic by v2 policy,medium
tri-tip roast,6,2,retain,1.0,not identified as universal/generic by v2 policy,medium
splenda no calorie sweetener,6,4,retain,1.0,not identified as universal/generic by v2 policy,medium
sponge,6,6,retain,1.0,not identified as universal/generic by v2 policy,medium
roasted almond,6,2,retain,1.0,not identified as universal/generic by v2 policy,medium
black,6,5,retain,1.0,not identified as universal/generic by v2 policy,medium
wheat penne,6,2,retain,1.0,not identified as universal/generic by v2 policy,medium
soy bean paste,6,2,retain,1.0,not identified as universal/generic by v2 policy,medium
southern comfort,6,1,retain,1.0,not identified as universal/generic by v2 policy,medium
celery leave,6,5,retain,1.0,not identified as universal/generic by v2 policy,medium
cranberry bean,6,3,retain,1.0,not identified as universal/generic by v2 policy,medium
gluten-free tamari,6,3,retain,1.0,not identified as universal/generic by v2 policy,medium
strawberry jam,6,2,retain,1.0,not identified as universal/generic by v2 policy,medium
country pork rib,6,2,retain,1.0,not identified as universal/generic by v2 policy,medium
stone flower,6,1,retain,1.0,not identified as universal/generic by v2 policy,medium
casing,6,3,retain,1.0,not identified as universal/generic by v2 policy,medium
pickled onion,6,5,retain,1.0,not identified as universal/generic by v2 policy,medium
pie filling,6,1,retain,1.0,not identified as universal/generic by v2 policy,medium
shimeji mushroom,6,2,retain,1.0,not identified as universal/generic by v2 policy,medium
dri leav rosemari,6,5,retain,1.0,not identified as universal/generic by v2 policy,medium
smoked haddock,6,3,retain,1.0,not identified as universal/generic by v2 policy,medium
kewpie mayonnaise,6,2,retain,1.0,not identified as universal/generic by v2 policy,medium
doenzang,6,1,retain,1.0,not identified as universal/generic by v2 policy,medium
pickled beet,6,2,retain,1.0,not identified as universal/generic by v2 policy,medium
long grain and wild rice mix,6,2,retain,1.0,not identified as universal/generic by v2 policy,medium
white radish,6,3,retain,1.0,not identified as universal/generic by v2 policy,medium
smoked and dried fish,6,3,retain,1.0,not identified as universal/generic by v2 policy,medium
ritz cracker,6,3,retain,1.0,not identified as universal/generic by v2 policy,medium
fish steak,6,4,retain,1.0,not identified as universal/generic by v2 policy,medium
fish ball,6,4,retain,1.0,not identified as universal/generic by v2 policy,medium
mild curry paste,6,1,retain,1.0,not identified as universal/generic by v2 policy,medium
mitsuba,6,1,retain,1.0,not identified as universal/generic by v2 policy,medium
rye flour,6,4,retain,1.0,not identified as universal/generic by v2 policy,medium
rye whiskey,6,4,retain,1.0,not identified as universal/generic by v2 policy,medium
minute rice,6,5,retain,1.0,not identified as universal/generic by v2 policy,medium
elbow pasta,6,4,retain,1.0,not identified as universal/generic by v2 policy,medium
mixed peel,6,4,retain,1.0,not identified as universal/generic by v2 policy,medium
mild salsa,6,2,retain,1.0,not identified as universal/generic by v2 policy,medium
apple butter,6,2,retain,1.0,not identified as universal/generic by v2 policy,medium
apple jelly,6,2,retain,1.0,not identified as universal/generic by v2 policy,medium
apple juice concentrate,6,4,retain,1.0,not identified as universal/generic by v2 policy,medium
liquid honey,6,6,retain,1.0,not identified as universal/generic by v2 policy,medium
liquor,6,6,retain,1.0,not identified as universal/generic by v2 policy,medium
challa,6,6,retain,1.0,not identified as universal/generic by v2 policy,medium
limoncello,6,1,retain,1.0,not identified as universal/generic by v2 policy,medium
loin pork chop,6,6,retain,1.0,not identified as universal/generic by v2 policy,medium
porterhouse steak,6,3,retain,1.0,not identified as universal/generic by v2 policy,medium
posole,6,1,retain,1.0,not identified as universal/generic by v2 policy,medium
filet mignon steak,6,3,retain,1.0,not identified as universal/generic by v2 policy,medium
fideo,6,1,retain,1.0,not identified as universal/generic by v2 policy,medium
golden beet,6,3,retain,1.0,not identified as universal/generic by v2 policy,medium
cornbread stuffing mix,6,2,retain,1.0,not identified as universal/generic by v2 policy,medium
unsweetened soymilk,6,3,retain,1.0,not identified as universal/generic by v2 policy,medium
pork leg,6,3,retain,1.0,not identified as universal/generic by v2 policy,medium
white peache,6,3,retain,1.0,not identified as universal/generic by v2 policy,medium
veal chop,6,3,retain,1.0,not identified as universal/generic by v2 policy,medium
fines herbe,6,4,retain,1.0,not identified as universal/generic by v2 policy,medium
panettone,6,3,retain,1.0,not identified as universal/generic by v2 policy,medium
cake mix,6,3,retain,1.0,not identified as universal/generic by v2 policy,medium
black rice,6,3,retain,1.0,not identified as universal/generic by v2 policy,medium
black lentil,6,2,retain,1.0,not identified as universal/generic by v2 policy,medium
honey mustard,6,5,retain,1.0,not identified as universal/generic by v2 policy,medium
sundried tomato paste,6,3,retain,1.0,not identified as universal/generic by v2 policy,medium
sumac,6,4,retain,1.0,not identified as universal/generic by v2 policy,medium
buckwheat soba noodle,6,2,retain,1.0,not identified as universal/generic by v2 policy,medium
frying oil,6,5,retain,1.0,not identified as universal/generic by v2 policy,medium
peperoncino,6,1,retain,1.0,not identified as universal/generic by v2 policy,medium
shao hsing wine,6,2,retain,1.0,not identified as universal/generic by v2 policy,medium
vegan margarine,6,4,retain,1.0,not identified as universal/generic by v2 policy,medium
vegan mayonnaise,6,3,retain,1.0,not identified as universal/generic by v2 policy,medium
beef base,6,4,retain,1.0,not identified as universal/generic by v2 policy,medium
lychee,6,4,retain,1.0,not identified as universal/generic by v2 policy,medium
beef short rib,6,3,retain,1.0,not identified as universal/generic by v2 policy,medium
cook egg hard,6,5,retain,1.0,not identified as universal/generic by v2 policy,medium
smoked sea salt,6,5,retain,1.0,not identified as universal/generic by v2 policy,medium
kalonji,6,2,retain,1.0,not identified as universal/generic by v2 policy,medium
caper berry,6,2,retain,1.0,not identified as universal/generic by v2 policy,medium
capicola,6,2,retain,1.0,not identified as universal/generic by v2 policy,medium
seasoned flour,6,2,retain,1.0,not identified as universal/generic by v2 policy,medium
self raising flour,6,5,retain,1.0,not identified as universal/generic by v2 policy,medium
pear juice,6,1,retain,1.0,not identified as universal/generic by v2 policy,medium
peaches in heavy syrup,6,1,retain,1.0,not identified as universal/generic by v2 policy,medium
calamata olive,6,3,retain,1.0,not identified as universal/generic by v2 policy,medium
beet green,6,5,retain,1.0,not identified as universal/generic by v2 policy,medium
pearl couscous,6,5,retain,1.0,not identified as universal/generic by v2 policy,medium
manicotti,6,1,retain,1.0,not identified as universal/generic by v2 policy,medium
campanelle,6,1,retain,1.0,not identified as universal/generic by v2 policy,medium
campbells condensed cheddar cheese soup,6,1,retain,1.0,not identified as universal/generic by v2 policy,medium
mahimahi,6,4,retain,1.0,not identified as universal/generic by v2 policy,medium
johnsonville smoked sausage,6,1,retain,1.0,not identified as universal/generic by v2 policy,medium
jasmine,6,4,retain,1.0,not identified as universal/generic by v2 policy,medium
asparagus tip,6,4,retain,1.0,not identified as universal/generic by v2 policy,medium
kaffir lime,6,2,retain,1.0,not identified as universal/generic by v2 policy,medium
bitter melon,6,2,retain,1.0,not identified as universal/generic by v2 policy,medium
sandwiche,6,6,retain,1.0,not identified as universal/generic by v2 policy,medium
sauterne,6,2,retain,1.0,not identified as universal/generic by v2 policy,medium
pasta shell small,6,1,retain,1.0,not identified as universal/generic by v2 policy,medium
mature cheddar,6,3,retain,1.0,not identified as universal/generic by v2 policy,medium
massaman curry paste,6,3,retain,1.0,not identified as universal/generic by v2 policy,medium
satsuma,6,3,retain,1.0,not identified as universal/generic by v2 policy,medium
whip topping thaw,6,3,retain,1.0,not identified as universal/generic by v2 policy,medium
wheat pizza dough,6,2,retain,1.0,not identified as universal/generic by v2 policy,medium
whipped cream cheese,6,4,retain,1.0,not identified as universal/generic by v2 policy,medium
chocolate candy bar,6,2,retain,1.0,not identified as universal/generic by v2 policy,medium
green garlic,6,4,retain,1.0,not identified as universal/generic by v2 policy,medium
venison,6,6,retain,1.0,not identified as universal/generic by v2 policy,medium
bulgur wheat,6,4,retain,1.0,not identified as universal/generic by v2 policy,medium
sambal chile paste,6,5,retain,1.0,not identified as universal/generic by v2 policy,medium
candied ginger,6,5,retain,1.0,not identified as universal/generic by v2 policy,medium
daisy sour cream,6,2,retain,1.0,not identified as universal/generic by v2 policy,medium
johnsonville andouille,6,1,retain,1.0,not identified as universal/generic by v2 policy,medium
jerk sauce,6,1,retain,1.0,not identified as universal/generic by v2 policy,medium
chocolate curl,6,4,retain,1.0,not identified as universal/generic by v2 policy,medium
italian turkey sausage link,6,2,retain,1.0,not identified as universal/generic by v2 policy,medium
jack daniel,6,2,retain,1.0,not identified as universal/generic by v2 policy,medium
soft shelled crab,6,5,retain,1.0,not identified as universal/generic by v2 policy,medium
instant espresso granule,6,2,retain,1.0,not identified as universal/generic by v2 policy,medium
satsuma imo,6,2,retain,1.0,not identified as universal/generic by v2 policy,medium
sandwich bun,6,5,retain,1.0,not identified as universal/generic by v2 policy,medium
mazola corn oil,6,3,retain,1.0,not identified as universal/generic by v2 policy,medium
crostini,6,5,retain,1.0,not identified as universal/generic by v2 policy,medium
sausage meat,6,2,retain,1.0,not identified as universal/generic by v2 policy,medium
crumbled cornbread,6,3,retain,1.0,not identified as universal/generic by v2 policy,medium
red bliss potato,6,5,retain,1.0,not identified as universal/generic by v2 policy,medium
agar,6,5,retain,1.0,not identified as universal/generic by v2 policy,medium
queso anejo,6,1,retain,1.0,not identified as universal/generic by v2 policy,medium
haas avocado,6,3,retain,1.0,not identified as universal/generic by v2 policy,medium
accent seasoning,6,1,retain,1.0,not identified as universal/generic by v2 policy,medium
polenta prepar,6,2,retain,1.0,not identified as universal/generic by v2 policy,medium
baby eggplant,6,4,retain,1.0,not identified as universal/generic by v2 policy,medium
avocado leave,6,1,retain,1.0,not identified as universal/generic by v2 policy,medium
tamarind extract,6,3,retain,1.0,not identified as universal/generic by v2 policy,medium
tenderloin,6,4,retain,1.0,not identified as universal/generic by v2 policy,medium
nuoc mam,6,2,retain,1.0,not identified as universal/generic by v2 policy,medium
gyoza skin,6,4,retain,1.0,not identified as universal/generic by v2 policy,medium
herdez salsa verde,6,1,retain,1.0,not identified as universal/generic by v2 policy,medium
clams well scrub,6,4,retain,1.0,not identified as universal/generic by v2 policy,medium
harissa sauce,6,2,retain,1.0,not identified as universal/generic by v2 policy,medium
forest fruit,6,4,retain,1.0,not identified as universal/generic by v2 policy,medium
fromage blanc,6,2,retain,1.0,not identified as universal/generic by v2 policy,medium
homemade chicken broth,6,4,retain,1.0,not identified as universal/generic by v2 policy,medium
spearmint,6,4,retain,1.0,not identified as universal/generic by v2 policy,medium
spelt,6,4,retain,1.0,not identified as universal/generic by v2 policy,medium
rock shrimp,6,6,retain,1.0,not identified as universal/generic by v2 policy,medium
roasted white sesame seed,6,3,retain,1.0,not identified as universal/generic by v2 policy,medium
rome apple,5,4,retain,1.0,not identified as universal/generic by v2 policy,medium
borlotti bean,5,1,retain,1.0,not identified as universal/generic by v2 policy,medium
boston butt,5,2,retain,1.0,not identified as universal/generic by v2 policy,medium
blue cheese dressing,5,3,retain,1.0,not identified as universal/generic by v2 policy,medium
fruit cocktail,5,2,retain,1.0,not identified as universal/generic by v2 policy,medium
french mustard,5,3,retain,1.0,not identified as universal/generic by v2 policy,medium
home original,5,1,retain,1.0,not identified as universal/generic by v2 policy,medium
heinz chili sauce,5,4,retain,1.0,not identified as universal/generic by v2 policy,medium
spelt flour,5,4,retain,1.0,not identified as universal/generic by v2 policy,medium
spam,5,3,retain,1.0,not identified as universal/generic by v2 policy,medium
hard salami,5,3,retain,1.0,not identified as universal/generic by v2 policy,medium
cocktail sauce,5,2,retain,1.0,not identified as universal/generic by v2 policy,medium
clotted cream,5,2,retain,1.0,not identified as universal/generic by v2 policy,medium
nuoc nam,5,1,retain,1.0,not identified as universal/generic by v2 policy,medium
nopalito,5,1,retain,1.0,not identified as universal/generic by v2 policy,medium
non dairy milk,5,3,retain,1.0,not identified as universal/generic by v2 policy,medium
rose essence,5,1,retain,1.0,not identified as universal/generic by v2 policy,medium
bone in skinless chicken thigh,5,4,retain,1.0,not identified as universal/generic by v2 policy,medium
bone-in chicken,5,3,retain,1.0,not identified as universal/generic by v2 policy,medium
blackening seasoning,5,2,retain,1.0,not identified as universal/generic by v2 policy,medium
condensed fiesta nacho cheese soup,5,1,retain,1.0,not identified as universal/generic by v2 policy,medium
tandoori seasoning,5,1,retain,1.0,not identified as universal/generic by v2 policy,medium
tandoori paste,5,1,retain,1.0,not identified as universal/generic by v2 policy,medium
lamb neck,5,5,retain,1.0,not identified as universal/generic by v2 policy,medium
pita loave,5,1,retain,1.0,not identified as universal/generic by v2 policy,medium
chicken carcass,5,4,retain,1.0,not identified as universal/generic by v2 policy,medium
shortbread cooky,5,5,retain,1.0,not identified as universal/generic by v2 policy,medium
cheesi classic alfredo sauc,5,3,retain,1.0,not identified as universal/generic by v2 policy,medium
baking chocolate,5,4,retain,1.0,not identified as universal/generic by v2 policy,medium
baby leaf lettuce,5,4,retain,1.0,not identified as universal/generic by v2 policy,medium
adzuki bean,5,4,retain,1.0,not identified as universal/generic by v2 policy,medium
ahi,5,3,retain,1.0,not identified as universal/generic by v2 policy,medium
all potato purpo,5,4,retain,1.0,not identified as universal/generic by v2 policy,medium
bone broth,5,5,retain,1.0,not identified as universal/generic by v2 policy,medium
acai powder,5,1,retain,1.0,not identified as universal/generic by v2 policy,medium
dulce de leche,5,4,retain,1.0,not identified as universal/generic by v2 policy,medium
red grapefruit,5,4,retain,1.0,not identified as universal/generic by v2 policy,medium
red gold diced tomatoe,5,3,retain,1.0,not identified as universal/generic by v2 policy,medium
red apple,5,5,retain,1.0,not identified as universal/generic by v2 policy,medium
herdez salsa casera,5,1,retain,1.0,not identified as universal/generic by v2 policy,medium
tater tot,5,1,retain,1.0,not identified as universal/generic by v2 policy,medium
rose petal,5,4,retain,1.0,not identified as universal/generic by v2 policy,medium
sandwich bread,5,5,retain,1.0,not identified as universal/generic by v2 policy,medium
meatloaf,5,2,retain,1.0,not identified as universal/generic by v2 policy,medium
jamaican rum,5,1,retain,1.0,not identified as universal/generic by v2 policy,medium
soft taco size flour tortilla,5,1,retain,1.0,not identified as universal/generic by v2 policy,medium
soda bread,5,1,retain,1.0,not identified as universal/generic by v2 policy,medium
jerusalem artichoke,5,4,retain,1.0,not identified as universal/generic by v2 policy,medium
jamaican jerk spice,5,1,retain,1.0,not identified as universal/generic by v2 policy,medium
soaking liquid,5,3,retain,1.0,not identified as universal/generic by v2 policy,medium
jerk marinade,5,2,retain,1.0,not identified as universal/generic by v2 policy,medium
chinese ham,5,1,retain,1.0,not identified as universal/generic by v2 policy,medium
italian chicken sausage,5,1,retain,1.0,not identified as universal/generic by v2 policy,medium
beef jerky,5,4,retain,1.0,not identified as universal/generic by v2 policy,medium
beef kidney,5,1,retain,1.0,not identified as universal/generic by v2 policy,medium
flaked,5,3,retain,1.0,not identified as universal/generic by v2 policy,medium
pasilla pepper,5,2,retain,1.0,not identified as universal/generic by v2 policy,medium
thai jasmine rice,5,3,retain,1.0,not identified as universal/generic by v2 policy,medium
cut up cooked chicken,5,3,retain,1.0,not identified as universal/generic by v2 policy,medium
thai chili,5,4,retain,1.0,not identified as universal/generic by v2 policy,medium
burger,5,4,retain,1.0,not identified as universal/generic by v2 policy,medium
burger bun,5,5,retain,1.0,not identified as universal/generic by v2 policy,medium
mexican style finely shredded four cheese,5,1,retain,1.0,not identified as universal/generic by v2 policy,medium
chinese mustard,5,3,retain,1.0,not identified as universal/generic by v2 policy,medium
compote,5,3,retain,1.0,not identified as universal/generic by v2 policy,medium
collard green leave,5,2,retain,1.0,not identified as universal/generic by v2 policy,medium
ume plum vinegar,5,2,retain,1.0,not identified as universal/generic by v2 policy,medium
grilled chicken,5,3,retain,1.0,not identified as universal/generic by v2 policy,medium
grilled chicken breast,5,2,retain,1.0,not identified as universal/generic by v2 policy,medium
chop green chilies undrain,5,1,retain,1.0,not identified as universal/generic by v2 policy,medium
guava,5,3,retain,1.0,not identified as universal/generic by v2 policy,medium
buttermilk cornbread,5,2,retain,1.0,not identified as universal/generic by v2 policy,medium
rice powder,5,3,retain,1.0,not identified as universal/generic by v2 policy,medium
whipping heavy cream,5,2,retain,1.0,not identified as universal/generic by v2 policy,medium
pasilla,5,1,retain,1.0,not identified as universal/generic by v2 policy,medium
sauvignon blanc,5,2,retain,1.0,not identified as universal/generic by v2 policy,medium
schmaltz,5,3,retain,1.0,not identified as universal/generic by v2 policy,medium
sazon seasoning,5,1,retain,1.0,not identified as universal/generic by v2 policy,medium
assorted fresh vegetable,5,5,retain,1.0,not identified as universal/generic by v2 policy,medium
porridge oat,5,1,retain,1.0,not identified as universal/generic by v2 policy,medium
sofrito,5,3,retain,1.0,not identified as universal/generic by v2 policy,medium
prego traditional italian sauce,5,2,retain,1.0,not identified as universal/generic by v2 policy,medium
powdered gelatin,5,4,retain,1.0,not identified as universal/generic by v2 policy,medium
margarita mix,5,2,retain,1.0,not identified as universal/generic by v2 policy,medium
calf liver,5,3,retain,1.0,not identified as universal/generic by v2 policy,medium
pastry flour,5,5,retain,1.0,not identified as universal/generic by v2 policy,medium
pattypan squash,5,3,retain,1.0,not identified as universal/generic by v2 policy,medium
bean dip,5,1,retain,1.0,not identified as universal/generic by v2 policy,medium
pearl tapioca,5,3,retain,1.0,not identified as universal/generic by v2 policy,medium
sugar cane,5,3,retain,1.0,not identified as universal/generic by v2 policy,medium
pepperidge farm puff pastry,5,2,retain,1.0,not identified as universal/generic by v2 policy,medium
tom yum paste,5,1,retain,1.0,not identified as universal/generic by v2 policy,medium
string cheese,5,2,retain,1.0,not identified as universal/generic by v2 policy,medium
self-rising cake flour,5,4,retain,1.0,not identified as universal/generic by v2 policy,medium
seedless raspberry jam,5,4,retain,1.0,not identified as universal/generic by v2 policy,medium
seitan,5,5,retain,1.0,not identified as universal/generic by v2 policy,medium
capers rins and drain,5,3,retain,1.0,not identified as universal/generic by v2 policy,medium
greek-style vinaigrette,5,1,retain,1.0,not identified as universal/generic by v2 policy,medium
smoked turkey breast,5,5,retain,1.0,not identified as universal/generic by v2 policy,medium
tortilla wrap,5,1,retain,1.0,not identified as universal/generic by v2 policy,medium
chili seasoning,5,3,retain,1.0,not identified as universal/generic by v2 policy,medium
chinese rock sugar,5,2,retain,1.0,not identified as universal/generic by v2 policy,medium
chinese rose wine,5,1,retain,1.0,not identified as universal/generic by v2 policy,medium
chinese sesame paste,5,1,retain,1.0,not identified as universal/generic by v2 policy,medium
mackerel,5,5,retain,1.0,not identified as universal/generic by v2 policy,medium
beef shoulder,5,4,retain,1.0,not identified as universal/generic by v2 policy,medium
beef shoulder roast,5,3,retain,1.0,not identified as universal/generic by v2 policy,medium
canned chicken stock,5,3,retain,1.0,not identified as universal/generic by v2 policy,medium
beef rib,5,3,retain,1.0,not identified as universal/generic by v2 policy,medium
beef for stew,5,4,retain,1.0,not identified as universal/generic by v2 policy,medium
vegan worcestershire sauce,5,4,retain,1.0,not identified as universal/generic by v2 policy,medium
sesame chili oil,5,3,retain,1.0,not identified as universal/generic by v2 policy,medium
dijon,5,3,retain,1.0,not identified as universal/generic by v2 policy,medium
powdered garlic,5,5,retain,1.0,not identified as universal/generic by v2 policy,medium
gremolata,5,2,retain,1.0,not identified as universal/generic by v2 policy,medium
grenadine,5,4,retain,1.0,not identified as universal/generic by v2 policy,medium
grill seasoning,5,4,retain,1.0,not identified as universal/generic by v2 policy,medium
red swiss chard,5,3,retain,1.0,not identified as universal/generic by v2 policy,medium
red vermouth,5,1,retain,1.0,not identified as universal/generic by v2 policy,medium
winter melon,5,2,retain,1.0,not identified as universal/generic by v2 policy,medium
winter squash,5,4,retain,1.0,not identified as universal/generic by v2 policy,medium
potatoes or yam,5,4,retain,1.0,not identified as universal/generic by v2 policy,medium
promise buttery spread,5,2,retain,1.0,not identified as universal/generic by v2 policy,medium
idli,5,1,retain,1.0,not identified as universal/generic by v2 policy,medium
bulb,5,4,retain,1.0,not identified as universal/generic by v2 policy,medium
creme de cassi,5,2,retain,1.0,not identified as universal/generic by v2 policy,medium
sushi grade tuna,5,1,retain,1.0,not identified as universal/generic by v2 policy,medium
sushi nori,5,2,retain,1.0,not identified as universal/generic by v2 policy,medium
pappadam,5,1,retain,1.0,not identified as universal/generic by v2 policy,medium
black cod,5,4,retain,1.0,not identified as universal/generic by v2 policy,medium
black cumin seed,5,1,retain,1.0,not identified as universal/generic by v2 policy,medium
rioja,5,1,retain,1.0,not identified as universal/generic by v2 policy,medium
rich chicken stock,5,4,retain,1.0,not identified as universal/generic by v2 policy,medium
rice pilaf,5,4,retain,1.0,not identified as universal/generic by v2 policy,medium
butter pecan cake mix,5,2,retain,1.0,not identified as universal/generic by v2 policy,medium
buttercream frosting,5,2,retain,1.0,not identified as universal/generic by v2 policy,medium
demi-glace,5,3,retain,1.0,not identified as universal/generic by v2 policy,medium
veal shoulder,5,2,retain,1.0,not identified as universal/generic by v2 policy,medium
low moisture mozzarella,5,1,retain,1.0,not identified as universal/generic by v2 policy,medium
bechamel,5,3,retain,1.0,not identified as universal/generic by v2 policy,medium
chiffonade,5,4,retain,1.0,not identified as universal/generic by v2 policy,medium
smoked kielbasa,5,3,retain,1.0,not identified as universal/generic by v2 policy,medium
pork blood,5,2,retain,1.0,not identified as universal/generic by v2 policy,medium
kefir,5,4,retain,1.0,not identified as universal/generic by v2 policy,medium
unsweetened apple juice,5,3,retain,1.0,not identified as universal/generic by v2 policy,medium
popcorn,5,3,retain,1.0,not identified as universal/generic by v2 policy,medium
potato chip,5,4,retain,1.0,not identified as universal/generic by v2 policy,medium
pot roast,5,4,retain,1.0,not identified as universal/generic by v2 policy,medium
globe eggplant,5,2,retain,1.0,not identified as universal/generic by v2 policy,medium
gluten free all purpose flour,5,4,retain,1.0,not identified as universal/generic by v2 policy,medium
long pepper,5,3,retain,1.0,not identified as universal/generic by v2 policy,medium
lobster tail,5,5,retain,1.0,not identified as universal/generic by v2 policy,medium
sorghum syrup,5,1,retain,1.0,not identified as universal/generic by v2 policy,medium
solid white tuna,5,2,retain,1.0,not identified as universal/generic by v2 policy,medium
sooji,5,2,retain,1.0,not identified as universal/generic by v2 policy,medium
edam,5,2,retain,1.0,not identified as universal/generic by v2 policy,medium
espresso powder,5,3,retain,1.0,not identified as universal/generic by v2 policy,medium
emerils original essence,5,4,retain,1.0,not identified as universal/generic by v2 policy,medium
mo hanh,5,2,retain,1.0,not identified as universal/generic by v2 policy,medium
millet,5,2,retain,1.0,not identified as universal/generic by v2 policy,medium
mixed thawed vegetable,5,4,retain,1.0,not identified as universal/generic by v2 policy,medium
miniature semisweet chocolate chip,5,2,retain,1.0,not identified as universal/generic by v2 policy,medium
milk chocolate chip,5,4,retain,1.0,not identified as universal/generic by v2 policy,medium
sago,5,2,retain,1.0,not identified as universal/generic by v2 policy,medium
miracle whip dressing,5,3,retain,1.0,not identified as universal/generic by v2 policy,medium
pancake mix,5,1,retain,1.0,not identified as universal/generic by v2 policy,medium
saigon cinnamon,5,2,retain,1.0,not identified as universal/generic by v2 policy,medium
flavored syrup,5,4,retain,1.0,not identified as universal/generic by v2 policy,medium
custard powder,5,2,retain,1.0,not identified as universal/generic by v2 policy,medium
curly parsley,5,4,retain,1.0,not identified as universal/generic by v2 policy,medium
chile bean paste,5,1,retain,1.0,not identified as universal/generic by v2 policy,medium
sirloin tip roast,5,4,retain,1.0,not identified as universal/generic by v2 policy,medium
espresso bean,5,3,retain,1.0,not identified as universal/generic by v2 policy,medium
fat skimmed reduced sodium chicken broth,5,4,retain,1.0,not identified as universal/generic by v2 policy,medium
reduced fat creamy peanut butter,5,4,retain,1.0,not identified as universal/generic by v2 policy,medium
wholemeal flour,5,4,retain,1.0,not identified as universal/generic by v2 policy,medium
fat free reduced sodium chicken broth,5,3,retain,1.0,not identified as universal/generic by v2 policy,medium
caster,5,4,retain,1.0,not identified as universal/generic by v2 policy,medium
petite pea,5,4,retain,1.0,not identified as universal/generic by v2 policy,medium
persimmon,5,3,retain,1.0,not identified as universal/generic by v2 policy,medium
baking spray,5,5,retain,1.0,not identified as universal/generic by v2 policy,medium
strawberry preserve,5,4,retain,1.0,not identified as universal/generic by v2 policy,medium
stone ground mustard,5,2,retain,1.0,not identified as universal/generic by v2 policy,medium
cooking liquid,5,4,retain,1.0,not identified as universal/generic by v2 policy,medium
other vegetable,5,4,retain,1.0,not identified as universal/generic by v2 policy,medium
black fungus,5,1,retain,1.0,not identified as universal/generic by v2 policy,medium
sourdough loaf,5,2,retain,1.0,not identified as universal/generic by v2 policy,medium
chocolate ice cream,5,5,retain,1.0,not identified as universal/generic by v2 policy,medium
hog casing,5,4,retain,1.0,not identified as universal/generic by v2 policy,medium
splenda brown sugar blend,5,4,retain,1.0,not identified as universal/generic by v2 policy,medium
truffle,5,3,retain,1.0,not identified as universal/generic by v2 policy,medium
roasted pumpkin seed,5,1,retain,1.0,not identified as universal/generic by v2 policy,medium
roasted rice powder,5,2,retain,1.0,not identified as universal/generic by v2 policy,medium
brown gravy mix,5,4,retain,1.0,not identified as universal/generic by v2 policy,medium
crispy rice cereal,5,4,retain,1.0,not identified as universal/generic by v2 policy,medium
cube steak,5,2,retain,1.0,not identified as universal/generic by v2 policy,medium
waffle,5,4,retain,1.0,not identified as universal/generic by v2 policy,medium
vineyard premium collect marinara with burgundi wine sauc,5,1,retain,1.0,not identified as universal/generic by v2 policy,medium
twist,5,4,retain,1.0,not identified as universal/generic by v2 policy,medium
braeburn apple,5,2,retain,1.0,not identified as universal/generic by v2 policy,medium
coconut water,5,3,retain,1.0,not identified as universal/generic by v2 policy,medium
almond liqueur,5,3,retain,1.0,not identified as universal/generic by v2 policy,medium
chunk light tuna in water,5,3,retain,1.0,not identified as universal/generic by v2 policy,medium
angel food cake,5,2,retain,1.0,not identified as universal/generic by v2 policy,medium
wheat berry,5,1,retain,1.0,not identified as universal/generic by v2 policy,medium
oloroso sherry,5,3,retain,1.0,not identified as universal/generic by v2 policy,medium
oscar mayer bacon,5,3,retain,1.0,not identified as universal/generic by v2 policy,medium
fregola,5,2,retain,1.0,not identified as universal/generic by v2 policy,medium
brown shrimp,5,4,retain,1.0,not identified as universal/generic by v2 policy,medium
round loaf,5,3,retain,1.0,not identified as universal/generic by v2 policy,medium
bread machine yeast,5,4,retain,1.0,not identified as universal/generic by v2 policy,medium
wheat linguine,5,2,retain,1.0,not identified as universal/generic by v2 policy,medium
chicken feet,5,3,retain,1.0,not identified as universal/generic by v2 policy,medium
chicken breast strip,5,3,retain,1.0,not identified as universal/generic by v2 policy,medium
lea and perrins worcestershire sauce,5,3,retain,1.0,not identified as universal/generic by v2 policy,medium
lemon curd,5,5,retain,1.0,not identified as universal/generic by v2 policy,medium
vanilla pudding,5,3,retain,1.0,not identified as universal/generic by v2 policy,medium
corn salsa,5,3,retain,1.0,not identified as universal/generic by v2 policy,medium
starchy potatoe,5,4,retain,1.0,not identified as universal/generic by v2 policy,medium
chicken flavor bouillon cube,5,1,retain,1.0,not identified as universal/generic by v2 policy,medium
chicken noodle soup,5,5,retain,1.0,not identified as universal/generic by v2 policy,medium
white asparagus,5,2,retain,1.0,not identified as universal/generic by v2 policy,medium
basmati,5,5,retain,1.0,not identified as universal/generic by v2 policy,medium
bacon piece,5,3,retain,1.0,not identified as universal/generic by v2 policy,medium
pink bean,5,1,retain,1.0,not identified as universal/generic by v2 policy,medium
pink grapefruit juice,5,5,retain,1.0,not identified as universal/generic by v2 policy,medium
banana blossom,5,3,retain,1.0,not identified as universal/generic by v2 policy,medium
gouda,5,4,retain,1.0,not identified as universal/generic by v2 policy,medium
cheese cube,5,2,retain,1.0,not identified as universal/generic by v2 policy,medium
condensed cream of potato soup,5,3,retain,1.0,not identified as universal/generic by v2 policy,medium
raw cane sugar,5,4,retain,1.0,not identified as universal/generic by v2 policy,medium
bouquet,5,5,retain,1.0,not identified as universal/generic by v2 policy,medium
tapioca,5,3,retain,1.0,not identified as universal/generic by v2 policy,medium
tapioca pearl,5,4,retain,1.0,not identified as universal/generic by v2 policy,medium
boar,5,3,retain,1.0,not identified as universal/generic by v2 policy,medium
40 less sodium taco seasoning mix,5,1,retain,1.0,not identified as universal/generic by v2 policy,medium
yuzu,5,1,retain,1.0,not identified as universal/generic by v2 policy,medium
raspberry sauce,4,2,retain,1.0,not identified as universal/generic by v2 policy,medium
bone in ham,4,2,retain,1.0,not identified as universal/generic by v2 policy,medium
oat bran,4,3,retain,1.0,not identified as universal/generic by v2 policy,medium
franks redhot original cayenne pepper sauce,4,4,retain,1.0,not identified as universal/generic by v2 policy,medium
french fri frozen,4,2,retain,1.0,not identified as universal/generic by v2 policy,medium
95 lean ground beef,4,1,retain,1.0,not identified as universal/generic by v2 policy,medium
nonfat mayonnaise,4,3,retain,1.0,not identified as universal/generic by v2 policy,medium
dry lasagna,4,1,retain,1.0,not identified as universal/generic by v2 policy,medium
bread roll,4,4,retain,1.0,not identified as universal/generic by v2 policy,medium
old el pasotm refried bean,4,1,retain,1.0,not identified as universal/generic by v2 policy,medium
oil packed anchovy fillet,4,2,retain,1.0,not identified as universal/generic by v2 policy,medium
progresso reduced sodium chicken broth,4,2,retain,1.0,not identified as universal/generic by v2 policy,medium
cod fish,4,2,retain,1.0,not identified as universal/generic by v2 policy,medium
tri tip,4,2,retain,1.0,not identified as universal/generic by v2 policy,medium
pumpernickel bread,4,4,retain,1.0,not identified as universal/generic by v2 policy,medium
pudding,4,2,retain,1.0,not identified as universal/generic by v2 policy,medium
pure acai puree,4,1,retain,1.0,not identified as universal/generic by v2 policy,medium
puffed rice,4,1,retain,1.0,not identified as universal/generic by v2 policy,medium
prepared pie crust,4,3,retain,1.0,not identified as universal/generic by v2 policy,medium
prepared pizza crust,4,3,retain,1.0,not identified as universal/generic by v2 policy,medium
all purpose seasoning,4,4,retain,1.0,not identified as universal/generic by v2 policy,medium
tamari,4,3,retain,1.0,not identified as universal/generic by v2 policy,medium
tamale,4,2,retain,1.0,not identified as universal/generic by v2 policy,medium
tenderloin roast,4,3,retain,1.0,not identified as universal/generic by v2 policy,medium
cherrystone clam,4,3,retain,1.0,not identified as universal/generic by v2 policy,medium
sichuanese chili paste,4,1,retain,1.0,not identified as universal/generic by v2 policy,medium
chicken breast tenderloin,4,4,retain,1.0,not identified as universal/generic by v2 policy,medium
knockwurst,4,1,retain,1.0,not identified as universal/generic by v2 policy,medium
reduced-fat cheese,4,2,retain,1.0,not identified as universal/generic by v2 policy,medium
baby kale,4,4,retain,1.0,not identified as universal/generic by v2 policy,medium
pizza shell,4,2,retain,1.0,not identified as universal/generic by v2 policy,medium
pizza topping,4,2,retain,1.0,not identified as universal/generic by v2 policy,medium
shortcrust pastry,4,3,retain,1.0,not identified as universal/generic by v2 policy,medium
water spinach,4,3,retain,1.0,not identified as universal/generic by v2 policy,medium
rosewater,4,3,retain,1.0,not identified as universal/generic by v2 policy,medium
bragg liquid amino,4,4,retain,1.0,not identified as universal/generic by v2 policy,medium
syd hot rub,4,2,retain,1.0,not identified as universal/generic by v2 policy,medium
orange bitter,4,3,retain,1.0,not identified as universal/generic by v2 policy,medium
orange extract,4,3,retain,1.0,not identified as universal/generic by v2 policy,medium
mushroom soup,4,4,retain,1.0,not identified as universal/generic by v2 policy,medium
taco meat,4,1,retain,1.0,not identified as universal/generic by v2 policy,medium
brown mushroom,4,3,retain,1.0,not identified as universal/generic by v2 policy,medium
muscat,4,3,retain,1.0,not identified as universal/generic by v2 policy,medium
pineapple ring,4,2,retain,1.0,not identified as universal/generic by v2 policy,medium
pineapple salsa,4,1,retain,1.0,not identified as universal/generic by v2 policy,medium
white corn syrup,4,1,retain,1.0,not identified as universal/generic by v2 policy,medium
vanilla flavoring,4,2,retain,1.0,not identified as universal/generic by v2 policy,medium
back bacon rasher,4,4,retain,1.0,not identified as universal/generic by v2 policy,medium
pita wedge,4,1,retain,1.0,not identified as universal/generic by v2 policy,medium
pitted medjool date,4,3,retain,1.0,not identified as universal/generic by v2 policy,medium
goose fat,4,1,retain,1.0,not identified as universal/generic by v2 policy,medium
gooseberry,4,3,retain,1.0,not identified as universal/generic by v2 policy,medium
gorgonzola dolce,4,1,retain,1.0,not identified as universal/generic by v2 policy,medium
grass-fed butter,4,4,retain,1.0,not identified as universal/generic by v2 policy,medium
cheese sauce,4,2,retain,1.0,not identified as universal/generic by v2 policy,medium
chicken demi-glace,4,3,retain,1.0,not identified as universal/generic by v2 policy,medium
condensed golden mushroom soup,4,4,retain,1.0,not identified as universal/generic by v2 policy,medium
wheat penne pasta,4,3,retain,1.0,not identified as universal/generic by v2 policy,medium
wheat pita bread,4,2,retain,1.0,not identified as universal/generic by v2 policy,medium
original ranch dressing,4,1,retain,1.0,not identified as universal/generic by v2 policy,medium
ruby red grapefruit,4,3,retain,1.0,not identified as universal/generic by v2 policy,medium
sourdough starter,4,3,retain,1.0,not identified as universal/generic by v2 policy,medium
european cucumber,4,3,retain,1.0,not identified as universal/generic by v2 policy,medium
evaporated cane juice,4,4,retain,1.0,not identified as universal/generic by v2 policy,medium
apple pie spice,4,4,retain,1.0,not identified as universal/generic by v2 policy,medium
apple brandy,4,3,retain,1.0,not identified as universal/generic by v2 policy,medium
wheat fettuccine,4,1,retain,1.0,not identified as universal/generic by v2 policy,medium
spring roll skin,4,2,retain,1.0,not identified as universal/generic by v2 policy,medium
chocolate glaze,4,4,retain,1.0,not identified as universal/generic by v2 policy,medium
turkey breakfast sausage,4,4,retain,1.0,not identified as universal/generic by v2 policy,medium
treacle,4,2,retain,1.0,not identified as universal/generic by v2 policy,medium
squash blossom,4,2,retain,1.0,not identified as universal/generic by v2 policy,medium
spring roll,4,3,retain,1.0,not identified as universal/generic by v2 policy,medium
vanilla yogurt,4,3,retain,1.0,not identified as universal/generic by v2 policy,medium
vanilla powder,4,3,retain,1.0,not identified as universal/generic by v2 policy,medium
laurel leave,4,3,retain,1.0,not identified as universal/generic by v2 policy,medium
center cut pork loin chop,4,3,retain,1.0,not identified as universal/generic by v2 policy,medium
lavender blossom,4,1,retain,1.0,not identified as universal/generic by v2 policy,medium
stevia extract,4,4,retain,1.0,not identified as universal/generic by v2 policy,medium
stewing hen,4,4,retain,1.0,not identified as universal/generic by v2 policy,medium
skin on chicken thigh,4,3,retain,1.0,not identified as universal/generic by v2 policy,medium
reduced fat shredded cheese,4,1,retain,1.0,not identified as universal/generic by v2 policy,medium
reduced fat mozzarella,4,2,retain,1.0,not identified as universal/generic by v2 policy,medium
kohlrabi,4,4,retain,1.0,not identified as universal/generic by v2 policy,medium
cola soft drink,4,1,retain,1.0,not identified as universal/generic by v2 policy,medium
cherry pie filling,4,4,retain,1.0,not identified as universal/generic by v2 policy,medium
kasseri,4,1,retain,1.0,not identified as universal/generic by v2 policy,medium
kamaboko,4,1,retain,1.0,not identified as universal/generic by v2 policy,medium
cress,4,4,retain,1.0,not identified as universal/generic by v2 policy,medium
muffin mix,4,2,retain,1.0,not identified as universal/generic by v2 policy,medium
mrs dash,4,3,retain,1.0,not identified as universal/generic by v2 policy,medium
muffin,4,2,retain,1.0,not identified as universal/generic by v2 policy,medium
brown ale,4,3,retain,1.0,not identified as universal/generic by v2 policy,medium
virginia ham,4,4,retain,1.0,not identified as universal/generic by v2 policy,medium
cultured buttermilk,4,2,retain,1.0,not identified as universal/generic by v2 policy,medium
cubed bread,4,2,retain,1.0,not identified as universal/generic by v2 policy,medium
egg bread,4,1,retain,1.0,not identified as universal/generic by v2 policy,medium
eau de vie,4,3,retain,1.0,not identified as universal/generic by v2 policy,medium
italian basil,4,2,retain,1.0,not identified as universal/generic by v2 policy,medium
uncle ben,4,3,retain,1.0,not identified as universal/generic by v2 policy,medium
uncle bens original converted brand rice,4,4,retain,1.0,not identified as universal/generic by v2 policy,medium
anchovy filet,4,1,retain,1.0,not identified as universal/generic by v2 policy,medium
vidalia,4,2,retain,1.0,not identified as universal/generic by v2 policy,medium
monkfish,4,2,retain,1.0,not identified as universal/generic by v2 policy,medium
egg roll wrap,4,4,retain,1.0,not identified as universal/generic by v2 policy,medium
salad dressing mix,4,2,retain,1.0,not identified as universal/generic by v2 policy,medium
rye,4,3,retain,1.0,not identified as universal/generic by v2 policy,medium
mint sauce,4,2,retain,1.0,not identified as universal/generic by v2 policy,medium
mini phyllo dough shell,4,4,retain,1.0,not identified as universal/generic by v2 policy,medium
flax seed,4,4,retain,1.0,not identified as universal/generic by v2 policy,medium
cut up chicken,4,4,retain,1.0,not identified as universal/generic by v2 policy,medium
paella rice,4,1,retain,1.0,not identified as universal/generic by v2 policy,medium
flour tortillas not low fat,4,2,retain,1.0,not identified as universal/generic by v2 policy,medium
palm vinegar,4,2,retain,1.0,not identified as universal/generic by v2 policy,medium
pig feet,4,4,retain,1.0,not identified as universal/generic by v2 policy,medium
pickapeppa sauce,4,1,retain,1.0,not identified as universal/generic by v2 policy,medium
london broil,4,3,retain,1.0,not identified as universal/generic by v2 policy,medium
white frosting,4,1,retain,1.0,not identified as universal/generic by v2 policy,medium
pie pastry,4,3,retain,1.0,not identified as universal/generic by v2 policy,medium
pink salmon,4,4,retain,1.0,not identified as universal/generic by v2 policy,medium
cracker meal,4,3,retain,1.0,not identified as universal/generic by v2 policy,medium
shellfish,4,3,retain,1.0,not identified as universal/generic by v2 policy,medium
sheeps milk cheese,4,3,retain,1.0,not identified as universal/generic by v2 policy,medium
crayfish,4,3,retain,1.0,not identified as universal/generic by v2 policy,medium
leaf parsley,4,3,retain,1.0,not identified as universal/generic by v2 policy,medium
cavolo nero,4,1,retain,1.0,not identified as universal/generic by v2 policy,medium
cayenne pepper sauce,4,3,retain,1.0,not identified as universal/generic by v2 policy,medium
store bought chicken stock,4,4,retain,1.0,not identified as universal/generic by v2 policy,medium
curry leaf,4,1,retain,1.0,not identified as universal/generic by v2 policy,medium
flowering chive,4,2,retain,1.0,not identified as universal/generic by v2 policy,medium
ground mustard,4,3,retain,1.0,not identified as universal/generic by v2 policy,medium
fry mix,4,2,retain,1.0,not identified as universal/generic by v2 policy,medium
reduced fat alfredo sauce,4,1,retain,1.0,not identified as universal/generic by v2 policy,medium
i cant believe its not butter all purpose stick,4,2,retain,1.0,not identified as universal/generic by v2 policy,medium
sour milk,4,4,retain,1.0,not identified as universal/generic by v2 policy,medium
honey roasted peanut,4,2,retain,1.0,not identified as universal/generic by v2 policy,medium
hominy grit,4,1,retain,1.0,not identified as universal/generic by v2 policy,medium
iceberg,4,3,retain,1.0,not identified as universal/generic by v2 policy,medium
carne seca,4,1,retain,1.0,not identified as universal/generic by v2 policy,medium
gold medal flour,4,2,retain,1.0,not identified as universal/generic by v2 policy,medium
glace cherry,4,3,retain,1.0,not identified as universal/generic by v2 policy,medium
low fat low sodium chicken broth,4,2,retain,1.0,not identified as universal/generic by v2 policy,medium
lily flower,4,1,retain,1.0,not identified as universal/generic by v2 policy,medium
escargot,4,1,retain,1.0,not identified as universal/generic by v2 policy,medium
smithfield ham,4,2,retain,1.0,not identified as universal/generic by v2 policy,medium
dr pepper,4,2,retain,1.0,not identified as universal/generic by v2 policy,medium
parmigiana-reggiano,4,3,retain,1.0,not identified as universal/generic by v2 policy,medium
buffalo mozzarella,4,1,retain,1.0,not identified as universal/generic by v2 policy,medium
garlic shoot,4,3,retain,1.0,not identified as universal/generic by v2 policy,medium
papad,4,1,retain,1.0,not identified as universal/generic by v2 policy,medium
bing cherry,4,3,retain,1.0,not identified as universal/generic by v2 policy,medium
cake batter,4,2,retain,1.0,not identified as universal/generic by v2 policy,medium
cajeta,4,1,retain,1.0,not identified as universal/generic by v2 policy,medium
mezcal,4,1,retain,1.0,not identified as universal/generic by v2 policy,medium
butter extract,4,1,retain,1.0,not identified as universal/generic by v2 policy,medium
burgundy,4,2,retain,1.0,not identified as universal/generic by v2 policy,medium
methi leave,4,2,retain,1.0,not identified as universal/generic by v2 policy,medium
meringue nest,4,1,retain,1.0,not identified as universal/generic by v2 policy,medium
merluza,4,4,retain,1.0,not identified as universal/generic by v2 policy,medium
sambal olek,4,2,retain,1.0,not identified as universal/generic by v2 policy,medium
sambuca,4,1,retain,1.0,not identified as universal/generic by v2 policy,medium
vegetable seasoning,4,3,retain,1.0,not identified as universal/generic by v2 policy,medium
candied peel,4,2,retain,1.0,not identified as universal/generic by v2 policy,medium
italian sausag links cut into,4,3,retain,1.0,not identified as universal/generic by v2 policy,medium
italian loaf,4,1,retain,1.0,not identified as universal/generic by v2 policy,medium
chinese leaf,4,2,retain,1.0,not identified as universal/generic by v2 policy,medium
cold cut,4,3,retain,1.0,not identified as universal/generic by v2 policy,medium
turmeric root,4,3,retain,1.0,not identified as universal/generic by v2 policy,medium
squab,4,3,retain,1.0,not identified as universal/generic by v2 policy,medium
grissini,4,2,retain,1.0,not identified as universal/generic by v2 policy,medium
color food orang,4,3,retain,1.0,not identified as universal/generic by v2 policy,medium
fettuccine cook and drain,4,1,retain,1.0,not identified as universal/generic by v2 policy,medium
feet,4,4,retain,1.0,not identified as universal/generic by v2 policy,medium
fennel frond,4,4,retain,1.0,not identified as universal/generic by v2 policy,medium
barilla,4,1,retain,1.0,not identified as universal/generic by v2 policy,medium
unsweetened applesauce,4,3,retain,1.0,not identified as universal/generic by v2 policy,medium
unseasoned breadcrumb,4,4,retain,1.0,not identified as universal/generic by v2 policy,medium
unsweetened pineapple juice,4,2,retain,1.0,not identified as universal/generic by v2 policy,medium
smoked chicken sausage,4,2,retain,1.0,not identified as universal/generic by v2 policy,medium
pork back rib,4,4,retain,1.0,not identified as universal/generic by v2 policy,medium
popcorn chicken,4,1,retain,1.0,not identified as universal/generic by v2 policy,medium
white poppy seed,4,1,retain,1.0,not identified as universal/generic by v2 policy,medium
carrot stick,4,4,retain,1.0,not identified as universal/generic by v2 policy,medium
caribbean jerk seasoning,4,1,retain,1.0,not identified as universal/generic by v2 policy,medium
filo dough,4,2,retain,1.0,not identified as universal/generic by v2 policy,medium
pomelo,4,2,retain,1.0,not identified as universal/generic by v2 policy,medium
pompeian canola oil and extra virgin olive oil,4,1,retain,1.0,not identified as universal/generic by v2 policy,medium
wheat thin spaghetti,4,2,retain,1.0,not identified as universal/generic by v2 policy,medium
whey,4,3,retain,1.0,not identified as universal/generic by v2 policy,medium
salad seasoning mix,4,1,retain,1.0,not identified as universal/generic by v2 policy,medium
passion fruit juice,4,2,retain,1.0,not identified as universal/generic by v2 policy,medium
biscuit baking mix,4,3,retain,1.0,not identified as universal/generic by v2 policy,medium
rice bran oil,4,3,retain,1.0,not identified as universal/generic by v2 policy,medium
rice cracker,4,4,retain,1.0,not identified as universal/generic by v2 policy,medium
mashed banana,4,4,retain,1.0,not identified as universal/generic by v2 policy,medium
sansho,4,1,retain,1.0,not identified as universal/generic by v2 policy,medium
california chile,4,2,retain,1.0,not identified as universal/generic by v2 policy,medium
mein,4,1,retain,1.0,not identified as universal/generic by v2 policy,medium
garlic herb feta,4,1,retain,1.0,not identified as universal/generic by v2 policy,medium
gingersnap,4,2,retain,1.0,not identified as universal/generic by v2 policy,medium
gingersnap cooky,4,2,retain,1.0,not identified as universal/generic by v2 policy,medium
jamaican allspice,4,1,retain,1.0,not identified as universal/generic by v2 policy,medium
snail shell,4,1,retain,1.0,not identified as universal/generic by v2 policy,medium
manzanilla,4,3,retain,1.0,not identified as universal/generic by v2 policy,medium
italian seasoning mix,4,4,retain,1.0,not identified as universal/generic by v2 policy,medium
iodized salt,4,3,retain,1.0,not identified as universal/generic by v2 policy,medium
instant potato flake,4,2,retain,1.0,not identified as universal/generic by v2 policy,medium
beef liver,4,4,retain,1.0,not identified as universal/generic by v2 policy,medium
ginger beer,4,4,retain,1.0,not identified as universal/generic by v2 policy,medium
gelato,4,1,retain,1.0,not identified as universal/generic by v2 policy,medium
manicotti pasta,4,1,retain,1.0,not identified as universal/generic by v2 policy,medium
bean thread vermicelli,4,4,retain,1.0,not identified as universal/generic by v2 policy,medium
candy bar,4,3,retain,1.0,not identified as universal/generic by v2 policy,medium
candy sprinkle,4,2,retain,1.0,not identified as universal/generic by v2 policy,medium
caramel topping,4,4,retain,1.0,not identified as universal/generic by v2 policy,medium
caraway,4,3,retain,1.0,not identified as universal/generic by v2 policy,medium
low-fat natural yogurt,4,2,retain,1.0,not identified as universal/generic by v2 policy,medium
regular tofu,4,2,retain,1.0,not identified as universal/generic by v2 policy,medium
rendered duck fat,4,1,retain,1.0,not identified as universal/generic by v2 policy,medium
beef rib roast,4,2,retain,1.0,not identified as universal/generic by v2 policy,medium
beef round,4,3,retain,1.0,not identified as universal/generic by v2 policy,medium
low-fat cheddar cheese,4,1,retain,1.0,not identified as universal/generic by v2 policy,medium
barley flour,4,3,retain,1.0,not identified as universal/generic by v2 policy,medium
rib roast,4,3,retain,1.0,not identified as universal/generic by v2 policy,medium
veget,4,4,retain,1.0,not identified as universal/generic by v2 policy,medium
vegan parmesan cheese,4,1,retain,1.0,not identified as universal/generic by v2 policy,medium
beef deli roast slice thinli,4,3,retain,1.0,not identified as universal/generic by v2 policy,medium
beef demi-glace,4,4,retain,1.0,not identified as universal/generic by v2 policy,medium
jello,4,2,retain,1.0,not identified as universal/generic by v2 policy,medium
japanese rice vinegar,4,2,retain,1.0,not identified as universal/generic by v2 policy,medium
jarlsberg,4,3,retain,1.0,not identified as universal/generic by v2 policy,medium
mahi mahi,4,2,retain,1.0,not identified as universal/generic by v2 policy,medium
marmalade,4,3,retain,1.0,not identified as universal/generic by v2 policy,medium
arrowroot starch,4,4,retain,1.0,not identified as universal/generic by v2 policy,medium
juice concentrate,4,4,retain,1.0,not identified as universal/generic by v2 policy,medium
johnsonville mild italian sausage link,4,1,retain,1.0,not identified as universal/generic by v2 policy,medium
pozole,4,1,retain,1.0,not identified as universal/generic by v2 policy,medium
asian basil,4,1,retain,1.0,not identified as universal/generic by v2 policy,medium
asafetida powder,4,2,retain,1.0,not identified as universal/generic by v2 policy,medium
low-fat pasta sauce,4,1,retain,1.0,not identified as universal/generic by v2 policy,medium
low-fat refried bean,4,1,retain,1.0,not identified as universal/generic by v2 policy,medium
seasoned black bean,4,1,retain,1.0,not identified as universal/generic by v2 policy,medium
greater yam,4,2,retain,1.0,not identified as universal/generic by v2 policy,medium
smoked trout,4,4,retain,1.0,not identified as universal/generic by v2 policy,medium
smoked pork,4,2,retain,1.0,not identified as universal/generic by v2 policy,medium
smoked streaky bacon,4,4,retain,1.0,not identified as universal/generic by v2 policy,medium
green plantain,4,4,retain,1.0,not identified as universal/generic by v2 policy,medium
green onion bottom,4,4,retain,1.0,not identified as universal/generic by v2 policy,medium
kalamata olive,4,1,retain,1.0,not identified as universal/generic by v2 policy,medium
chinese roast pork,4,1,retain,1.0,not identified as universal/generic by v2 policy,medium
chinese barbecue sauce,4,1,retain,1.0,not identified as universal/generic by v2 policy,medium
chilled prosecco,4,1,retain,1.0,not identified as universal/generic by v2 policy,medium
malt syrup,4,4,retain,1.0,not identified as universal/generic by v2 policy,medium
beni shoga,4,2,retain,1.0,not identified as universal/generic by v2 policy,medium
beef tendon,4,3,retain,1.0,not identified as universal/generic by v2 policy,medium
camembert,4,1,retain,1.0,not identified as universal/generic by v2 policy,medium
marrow,4,3,retain,1.0,not identified as universal/generic by v2 policy,medium
sugar pumpkin,4,4,retain,1.0,not identified as universal/generic by v2 policy,medium
peppers and onion,4,2,retain,1.0,not identified as universal/generic by v2 policy,medium
peppermint extract,4,4,retain,1.0,not identified as universal/generic by v2 policy,medium
pear nectar,4,3,retain,1.0,not identified as universal/generic by v2 policy,medium
bengali 5 spice,4,2,retain,1.0,not identified as universal/generic by v2 policy,medium
streaky bacon,4,4,retain,1.0,not identified as universal/generic by v2 policy,medium
gluten-free flour,4,3,retain,1.0,not identified as universal/generic by v2 policy,medium
caramel ice cream topping,4,1,retain,1.0,not identified as universal/generic by v2 policy,medium
sugar cube,4,3,retain,1.0,not identified as universal/generic by v2 policy,medium
sparkling wine,4,3,retain,1.0,not identified as universal/generic by v2 policy,medium
hollandaise sauce,4,3,retain,1.0,not identified as universal/generic by v2 policy,medium
homemade beef stock,4,4,retain,1.0,not identified as universal/generic by v2 policy,medium
fried rice,4,3,retain,1.0,not identified as universal/generic by v2 policy,medium
nonfat dry milk powder,4,4,retain,1.0,not identified as universal/generic by v2 policy,medium
durum wheat flour,4,2,retain,1.0,not identified as universal/generic by v2 policy,medium
coars ground black pepper,4,3,retain,1.0,not identified as universal/generic by v2 policy,medium
clementine,4,2,retain,1.0,not identified as universal/generic by v2 policy,medium
hazelnut liqueur,4,2,retain,1.0,not identified as universal/generic by v2 policy,medium
head on shrimp,4,4,retain,1.0,not identified as universal/generic by v2 policy,medium
hatcho miso,4,1,retain,1.0,not identified as universal/generic by v2 policy,medium
ganache,4,2,retain,1.0,not identified as universal/generic by v2 policy,medium
hazelnut butter,4,1,retain,1.0,not identified as universal/generic by v2 policy,medium
citric acid,4,2,retain,1.0,not identified as universal/generic by v2 policy,medium
black turtle bean,4,2,retain,1.0,not identified as universal/generic by v2 policy,medium
blood orange juice,4,4,retain,1.0,not identified as universal/generic by v2 policy,medium
bloody mary mix,4,2,retain,1.0,not identified as universal/generic by v2 policy,medium
raisin bread,4,3,retain,1.0,not identified as universal/generic by v2 policy,medium
ahi tuna steak,4,2,retain,1.0,not identified as universal/generic by v2 policy,medium
alfalfa sprout,4,3,retain,1.0,not identified as universal/generic by v2 policy,medium
quick oat,4,2,retain,1.0,not identified as universal/generic by v2 policy,medium
quick-cooking barley,4,2,retain,1.0,not identified as universal/generic by v2 policy,medium
queso panela,4,1,retain,1.0,not identified as universal/generic by v2 policy,medium
raw pistachio,4,3,retain,1.0,not identified as universal/generic by v2 policy,medium
abura age,4,1,retain,1.0,not identified as universal/generic by v2 policy,medium
1 low-fat buttermilk,4,3,retain,1.0,not identified as universal/generic by v2 policy,medium
7 up,4,3,retain,1.0,not identified as universal/generic by v2 policy,medium
quatre epice,4,2,retain,1.0,not identified as universal/generic by v2 policy,medium
achiote powder,4,2,retain,1.0,not identified as universal/generic by v2 policy,medium
red jalapeno pepper,4,2,retain,1.0,not identified as universal/generic by v2 policy,medium
yuzu juice,3,1,retain,1.0,not identified as universal/generic by v2 policy,medium
tea leave,3,3,retain,1.0,not identified as universal/generic by v2 policy,medium
quinoa flour,3,3,retain,1.0,not identified as universal/generic by v2 policy,medium
yellowfin tuna,3,3,retain,1.0,not identified as universal/generic by v2 policy,medium
acini di pepe,3,1,retain,1.0,not identified as universal/generic by v2 policy,medium
earl grey tea bag,3,2,retain,1.0,not identified as universal/generic by v2 policy,medium
earl grey tea leave,3,3,retain,1.0,not identified as universal/generic by v2 policy,medium
quince paste,3,1,retain,1.0,not identified as universal/generic by v2 policy,medium
aka miso,3,1,retain,1.0,not identified as universal/generic by v2 policy,medium
albacore,3,3,retain,1.0,not identified as universal/generic by v2 policy,medium
aged cheddar cheese,3,3,retain,1.0,not identified as universal/generic by v2 policy,medium
quick-cooking tapioca,3,3,retain,1.0,not identified as universal/generic by v2 policy,medium
recipe secrets onion soup mix,3,3,retain,1.0,not identified as universal/generic by v2 policy,medium
habanero hot sauce,3,2,retain,1.0,not identified as universal/generic by v2 policy,medium
radicchio leave,3,2,retain,1.0,not identified as universal/generic by v2 policy,medium
rainbow trout,3,3,retain,1.0,not identified as universal/generic by v2 policy,medium
recipe crumble,3,2,retain,1.0,not identified as universal/generic by v2 policy,medium
yu choy,3,1,retain,1.0,not identified as universal/generic by v2 policy,medium
ajinomoto,3,2,retain,1.0,not identified as universal/generic by v2 policy,medium
ranch dip mix,3,2,retain,1.0,not identified as universal/generic by v2 policy,medium
black truffle oil,3,1,retain,1.0,not identified as universal/generic by v2 policy,medium
brioche bun,3,3,retain,1.0,not identified as universal/generic by v2 policy,medium
spice cake mix,3,2,retain,1.0,not identified as universal/generic by v2 policy,medium
sparkling sugar,3,2,retain,1.0,not identified as universal/generic by v2 policy,medium
cinnamon roll,3,2,retain,1.0,not identified as universal/generic by v2 policy,medium
chunky tomato salsa,3,1,retain,1.0,not identified as universal/generic by v2 policy,medium
chunky tomato sauce,3,1,retain,1.0,not identified as universal/generic by v2 policy,medium
chunky mild salsa,3,1,retain,1.0,not identified as universal/generic by v2 policy,medium
and sour mix,3,3,retain,1.0,not identified as universal/generic by v2 policy,medium
tempura batter,3,1,retain,1.0,not identified as universal/generic by v2 policy,medium
tenderloin steak,3,2,retain,1.0,not identified as universal/generic by v2 policy,medium
tap water,3,3,retain,1.0,not identified as universal/generic by v2 policy,medium
tamale filling,3,1,retain,1.0,not identified as universal/generic by v2 policy,medium
tahini paste,3,2,retain,1.0,not identified as universal/generic by v2 policy,medium
farina,3,3,retain,1.0,not identified as universal/generic by v2 policy,medium
farofa,3,1,retain,1.0,not identified as universal/generic by v2 policy,medium
tangerine zest,3,2,retain,1.0,not identified as universal/generic by v2 policy,medium
lamb loin,3,3,retain,1.0,not identified as universal/generic by v2 policy,medium
chestnut puree,3,2,retain,1.0,not identified as universal/generic by v2 policy,medium
chicken strip,3,2,retain,1.0,not identified as universal/generic by v2 policy,medium
lamb sausage,3,2,retain,1.0,not identified as universal/generic by v2 policy,medium
lamb cutlet,3,3,retain,1.0,not identified as universal/generic by v2 policy,medium
lamb fillet,3,3,retain,1.0,not identified as universal/generic by v2 policy,medium
pita pocket,3,2,retain,1.0,not identified as universal/generic by v2 policy,medium
taleggio,3,1,retain,1.0,not identified as universal/generic by v2 policy,medium
natto,3,2,retain,1.0,not identified as universal/generic by v2 policy,medium
nonfat powdered milk,3,2,retain,1.0,not identified as universal/generic by v2 policy,medium
nonfat vanilla frozen yogurt,3,1,retain,1.0,not identified as universal/generic by v2 policy,medium
bread cut french into loaf,3,2,retain,1.0,not identified as universal/generic by v2 policy,medium
bagel,3,2,retain,1.0,not identified as universal/generic by v2 policy,medium
baby gem lettuce,3,3,retain,1.0,not identified as universal/generic by v2 policy,medium
polenta corn meal,3,2,retain,1.0,not identified as universal/generic by v2 policy,medium
chicken schmaltz,3,2,retain,1.0,not identified as universal/generic by v2 policy,medium
arhar dal,3,1,retain,1.0,not identified as universal/generic by v2 policy,medium
asian noodle,3,2,retain,1.0,not identified as universal/generic by v2 policy,medium
jujube,3,2,retain,1.0,not identified as universal/generic by v2 policy,medium
jumbo shell,3,1,retain,1.0,not identified as universal/generic by v2 policy,medium
jelli strawberri,3,2,retain,1.0,not identified as universal/generic by v2 policy,medium
scotch whisky,3,2,retain,1.0,not identified as universal/generic by v2 policy,medium
sazon,3,1,retain,1.0,not identified as universal/generic by v2 policy,medium
mango juice,3,3,retain,1.0,not identified as universal/generic by v2 policy,medium
seltzer,3,3,retain,1.0,not identified as universal/generic by v2 policy,medium
crabmeat thaw and drain,3,2,retain,1.0,not identified as universal/generic by v2 policy,medium
powdered buttermilk,3,2,retain,1.0,not identified as universal/generic by v2 policy,medium
pork sirloin chop,3,3,retain,1.0,not identified as universal/generic by v2 policy,medium
asian chile paste,3,2,retain,1.0,not identified as universal/generic by v2 policy,medium
asian chili red sauc,3,2,retain,1.0,not identified as universal/generic by v2 policy,medium
asian chili sauce,3,2,retain,1.0,not identified as universal/generic by v2 policy,medium
potato bread,3,2,retain,1.0,not identified as universal/generic by v2 policy,medium
top round roast,3,2,retain,1.0,not identified as universal/generic by v2 policy,medium
smoked trout fillet,3,1,retain,1.0,not identified as universal/generic by v2 policy,medium
topping,3,3,retain,1.0,not identified as universal/generic by v2 policy,medium
torn romain lettuc leav,3,3,retain,1.0,not identified as universal/generic by v2 policy,medium
low-fat vanilla yogurt,3,3,retain,1.0,not identified as universal/generic by v2 policy,medium
low-fat ricotta,3,1,retain,1.0,not identified as universal/generic by v2 policy,medium
low-fat marinara sauce,3,1,retain,1.0,not identified as universal/generic by v2 policy,medium
semisweet baking chocolate,3,2,retain,1.0,not identified as universal/generic by v2 policy,medium
chipotl minicub,3,1,retain,1.0,not identified as universal/generic by v2 policy,medium
chinese spinach,3,2,retain,1.0,not identified as universal/generic by v2 policy,medium
chili seasoning mix,3,1,retain,1.0,not identified as universal/generic by v2 policy,medium
smoked pork neck bone,3,1,retain,1.0,not identified as universal/generic by v2 policy,medium
greek feta,3,1,retain,1.0,not identified as universal/generic by v2 policy,medium
gray salt,3,2,retain,1.0,not identified as universal/generic by v2 policy,medium
green tea leave,3,2,retain,1.0,not identified as universal/generic by v2 policy,medium
top loin,3,3,retain,1.0,not identified as universal/generic by v2 policy,medium
beef heart,3,2,retain,1.0,not identified as universal/generic by v2 policy,medium
ginger puree,3,3,retain,1.0,not identified as universal/generic by v2 policy,medium
chocolate cake mix,3,2,retain,1.0,not identified as universal/generic by v2 policy,medium
chinese plum sauce,3,1,retain,1.0,not identified as universal/generic by v2 policy,medium
instant tapioca,3,1,retain,1.0,not identified as universal/generic by v2 policy,medium
instant couscous,3,1,retain,1.0,not identified as universal/generic by v2 policy,medium
jambalaya mix,3,1,retain,1.0,not identified as universal/generic by v2 policy,medium
jameson irish whiskey,3,2,retain,1.0,not identified as universal/generic by v2 policy,medium
rib-eye roast,3,3,retain,1.0,not identified as universal/generic by v2 policy,medium
remoulade,3,2,retain,1.0,not identified as universal/generic by v2 policy,medium
penn pasta cook and drain,3,1,retain,1.0,not identified as universal/generic by v2 policy,medium
bean soup,3,3,retain,1.0,not identified as universal/generic by v2 policy,medium
beef rump steak,3,3,retain,1.0,not identified as universal/generic by v2 policy,medium
madeira wine,3,2,retain,1.0,not identified as universal/generic by v2 policy,medium
fish finger,3,3,retain,1.0,not identified as universal/generic by v2 policy,medium
day old bread,3,2,retain,1.0,not identified as universal/generic by v2 policy,medium
cantal,3,1,retain,1.0,not identified as universal/generic by v2 policy,medium
canton noodle,3,2,retain,1.0,not identified as universal/generic by v2 policy,medium
vegan sour cream,3,2,retain,1.0,not identified as universal/generic by v2 policy,medium
shanghai noodle,3,1,retain,1.0,not identified as universal/generic by v2 policy,medium
low-fat flour tortilla,3,1,retain,1.0,not identified as universal/generic by v2 policy,medium
low-fat cheddar,3,1,retain,1.0,not identified as universal/generic by v2 policy,medium
regular or convert rice,3,1,retain,1.0,not identified as universal/generic by v2 policy,medium
basil mayonnaise,3,3,retain,1.0,not identified as universal/generic by v2 policy,medium
thai chili garlic sauce,3,2,retain,1.0,not identified as universal/generic by v2 policy,medium
thai eggplant,3,1,retain,1.0,not identified as universal/generic by v2 policy,medium
tex mex seasoning,3,1,retain,1.0,not identified as universal/generic by v2 policy,medium
thin deli ham,3,2,retain,1.0,not identified as universal/generic by v2 policy,medium
flageolet,3,1,retain,1.0,not identified as universal/generic by v2 policy,medium
low fat plain yoghurt,3,1,retain,1.0,not identified as universal/generic by v2 policy,medium
vegan cheese,3,1,retain,1.0,not identified as universal/generic by v2 policy,medium
low-fat cheese,3,2,retain,1.0,not identified as universal/generic by v2 policy,medium
wheat starch,3,2,retain,1.0,not identified as universal/generic by v2 policy,medium
wheat pizza crust,3,1,retain,1.0,not identified as universal/generic by v2 policy,medium
wheat rigatoni,3,1,retain,1.0,not identified as universal/generic by v2 policy,medium
wheat rotini,3,2,retain,1.0,not identified as universal/generic by v2 policy,medium
salad leave,3,3,retain,1.0,not identified as universal/generic by v2 policy,medium
salmon roe,3,2,retain,1.0,not identified as universal/generic by v2 policy,medium
carne asada,3,1,retain,1.0,not identified as universal/generic by v2 policy,medium
pork cube,3,2,retain,1.0,not identified as universal/generic by v2 policy,medium
cacao nib,3,2,retain,1.0,not identified as universal/generic by v2 policy,medium
mcintosh apple,3,2,retain,1.0,not identified as universal/generic by v2 policy,medium
meal,3,3,retain,1.0,not identified as universal/generic by v2 policy,medium
san marzano tomatoe,3,3,retain,1.0,not identified as universal/generic by v2 policy,medium
maui onion,3,3,retain,1.0,not identified as universal/generic by v2 policy,medium
pasta spiral,3,2,retain,1.0,not identified as universal/generic by v2 policy,medium
bisquick original all-purpose baking mix,3,3,retain,1.0,not identified as universal/generic by v2 policy,medium
rice bran,3,2,retain,1.0,not identified as universal/generic by v2 policy,medium
garlic juice,3,3,retain,1.0,not identified as universal/generic by v2 policy,medium
garlic and herb seasoning,3,2,retain,1.0,not identified as universal/generic by v2 policy,medium
garlic bread,3,2,retain,1.0,not identified as universal/generic by v2 policy,medium
canned snail,3,1,retain,1.0,not identified as universal/generic by v2 policy,medium
canning salt,3,2,retain,1.0,not identified as universal/generic by v2 policy,medium
cannoli shell,3,1,retain,1.0,not identified as universal/generic by v2 policy,medium
crumb topping,3,1,retain,1.0,not identified as universal/generic by v2 policy,medium
melba toast,3,2,retain,1.0,not identified as universal/generic by v2 policy,medium
jamaican pumpkin,3,1,retain,1.0,not identified as universal/generic by v2 policy,medium
snow pea shoot,3,3,retain,1.0,not identified as universal/generic by v2 policy,medium
japanese breadcrumb,3,2,retain,1.0,not identified as universal/generic by v2 policy,medium
japanese mountain yam,3,2,retain,1.0,not identified as universal/generic by v2 policy,medium
italian meatball,3,1,retain,1.0,not identified as universal/generic by v2 policy,medium
gingersnap crumb,3,2,retain,1.0,not identified as universal/generic by v2 policy,medium
ginseng,3,2,retain,1.0,not identified as universal/generic by v2 policy,medium
croissant dough,3,2,retain,1.0,not identified as universal/generic by v2 policy,medium
chocolate baking bar,3,2,retain,1.0,not identified as universal/generic by v2 policy,medium
chipotle puree,3,1,retain,1.0,not identified as universal/generic by v2 policy,medium
chinese pancake,3,1,retain,1.0,not identified as universal/generic by v2 policy,medium
chinese parsley,3,2,retain,1.0,not identified as universal/generic by v2 policy,medium
chocolate covered coffee bean,3,3,retain,1.0,not identified as universal/generic by v2 policy,medium
chocolate covered english toffee,3,1,retain,1.0,not identified as universal/generic by v2 policy,medium
vegetable demi-glace,3,1,retain,1.0,not identified as universal/generic by v2 policy,medium
cacao powder,3,2,retain,1.0,not identified as universal/generic by v2 policy,medium
green gram,3,2,retain,1.0,not identified as universal/generic by v2 policy,medium
guajillo chile powder,3,1,retain,1.0,not identified as universal/generic by v2 policy,medium
compressed yeast,3,2,retain,1.0,not identified as universal/generic by v2 policy,medium
umeboshi,3,1,retain,1.0,not identified as universal/generic by v2 policy,medium
umeboshi paste,3,1,retain,1.0,not identified as universal/generic by v2 policy,medium
turkey sausage link,3,3,retain,1.0,not identified as universal/generic by v2 policy,medium
chocolate-hazelnut spread,3,3,retain,1.0,not identified as universal/generic by v2 policy,medium
cho-cho,3,1,retain,1.0,not identified as universal/generic by v2 policy,medium
smoked haddock fillet,3,2,retain,1.0,not identified as universal/generic by v2 policy,medium
fatfre cream of chicken soup,3,1,retain,1.0,not identified as universal/generic by v2 policy,medium
fino sherry,3,2,retain,1.0,not identified as universal/generic by v2 policy,medium
dessert wine,3,2,retain,1.0,not identified as universal/generic by v2 policy,medium
digestive biscuit,3,2,retain,1.0,not identified as universal/generic by v2 policy,medium
low fat monterey jack cheese,3,1,retain,1.0,not identified as universal/generic by v2 policy,medium
butterflied leg of lamb,3,2,retain,1.0,not identified as universal/generic by v2 policy,medium
meat filling,3,3,retain,1.0,not identified as universal/generic by v2 policy,medium
pot sticker,3,2,retain,1.0,not identified as universal/generic by v2 policy,medium
pork hock,3,3,retain,1.0,not identified as universal/generic by v2 policy,medium
popcorn kernel,3,3,retain,1.0,not identified as universal/generic by v2 policy,medium
poppadom,3,1,retain,1.0,not identified as universal/generic by v2 policy,medium
pork bouillon cube,3,2,retain,1.0,not identified as universal/generic by v2 policy,medium
kasha,3,1,retain,1.0,not identified as universal/generic by v2 policy,medium
urad dal split,3,1,retain,1.0,not identified as universal/generic by v2 policy,medium
chicken-apple sausage,3,3,retain,1.0,not identified as universal/generic by v2 policy,medium
duck liver,3,1,retain,1.0,not identified as universal/generic by v2 policy,medium
fat free chicken broth,3,2,retain,1.0,not identified as universal/generic by v2 policy,medium
dri thyme leaves crush,3,2,retain,1.0,not identified as universal/generic by v2 policy,medium
drummette,3,3,retain,1.0,not identified as universal/generic by v2 policy,medium
drambuie,3,3,retain,1.0,not identified as universal/generic by v2 policy,medium
enriched white rice,3,3,retain,1.0,not identified as universal/generic by v2 policy,medium
fat-free cheddar cheese,3,1,retain,1.0,not identified as universal/generic by v2 policy,medium
white vermouth,3,2,retain,1.0,not identified as universal/generic by v2 policy,medium
oyster-flavor sauc,3,1,retain,1.0,not identified as universal/generic by v2 policy,medium
parma ham,3,3,retain,1.0,not identified as universal/generic by v2 policy,medium
parmigiano,3,2,retain,1.0,not identified as universal/generic by v2 policy,medium
cream of shrimp soup,3,2,retain,1.0,not identified as universal/generic by v2 policy,medium
summer savory,3,3,retain,1.0,not identified as universal/generic by v2 policy,medium
double concentrate tomato paste,3,2,retain,1.0,not identified as universal/generic by v2 policy,medium
domino light brown sugar,3,3,retain,1.0,not identified as universal/generic by v2 policy,medium
duck egg,3,2,retain,1.0,not identified as universal/generic by v2 policy,medium
cactus paddle,3,1,retain,1.0,not identified as universal/generic by v2 policy,medium
butter cracker,3,1,retain,1.0,not identified as universal/generic by v2 policy,medium
cake yeast,3,2,retain,1.0,not identified as universal/generic by v2 policy,medium
calabaza,3,2,retain,1.0,not identified as universal/generic by v2 policy,medium
rice paddy herb,3,1,retain,1.0,not identified as universal/generic by v2 policy,medium
black forest ham,3,3,retain,1.0,not identified as universal/generic by v2 policy,medium
biscotti,3,2,retain,1.0,not identified as universal/generic by v2 policy,medium
bhindi,3,2,retain,1.0,not identified as universal/generic by v2 policy,medium
vegetable stock powder,3,3,retain,1.0,not identified as universal/generic by v2 policy,medium
vegetarian oyster sauce,3,2,retain,1.0,not identified as universal/generic by v2 policy,medium
veggie crumble,3,2,retain,1.0,not identified as universal/generic by v2 policy,medium
vegetable juice cocktail,3,3,retain,1.0,not identified as universal/generic by v2 policy,medium
milkfish,3,1,retain,1.0,not identified as universal/generic by v2 policy,medium
burdock,3,2,retain,1.0,not identified as universal/generic by v2 policy,medium
cajun style stewed tomatoe,3,1,retain,1.0,not identified as universal/generic by v2 policy,medium
cactus pad,3,1,retain,1.0,not identified as universal/generic by v2 policy,medium
potato vermicelli,3,1,retain,1.0,not identified as universal/generic by v2 policy,medium
anisette,3,3,retain,1.0,not identified as universal/generic by v2 policy,medium
wondra flour,3,2,retain,1.0,not identified as universal/generic by v2 policy,medium
sundae syrup,3,1,retain,1.0,not identified as universal/generic by v2 policy,medium
swanson beef broth,3,2,retain,1.0,not identified as universal/generic by v2 policy,medium
sweetened coconut,3,3,retain,1.0,not identified as universal/generic by v2 policy,medium
curing salt,3,2,retain,1.0,not identified as universal/generic by v2 policy,medium
curly-leaf parsley,3,2,retain,1.0,not identified as universal/generic by v2 policy,medium
red raspberry,3,3,retain,1.0,not identified as universal/generic by v2 policy,medium
red rice,3,2,retain,1.0,not identified as universal/generic by v2 policy,medium
red russian kale,3,1,retain,1.0,not identified as universal/generic by v2 policy,medium
potsticker wrapper,3,1,retain,1.0,not identified as universal/generic by v2 policy,medium
poultry,3,3,retain,1.0,not identified as universal/generic by v2 policy,medium
reduc sodium chicken flavor bouillon,3,1,retain,1.0,not identified as universal/generic by v2 policy,medium
wild salmon,3,3,retain,1.0,not identified as universal/generic by v2 policy,medium
wildflower honey,3,1,retain,1.0,not identified as universal/generic by v2 policy,medium
char siu sauce,3,1,retain,1.0,not identified as universal/generic by v2 policy,medium
golden mushroom soup,3,3,retain,1.0,not identified as universal/generic by v2 policy,medium
gold medal all purpose flour,3,2,retain,1.0,not identified as universal/generic by v2 policy,medium
gluten free corn tortilla,3,1,retain,1.0,not identified as universal/generic by v2 policy,medium
glazed pecan,3,2,retain,1.0,not identified as universal/generic by v2 policy,medium
cream sauce,3,3,retain,1.0,not identified as universal/generic by v2 policy,medium
sole,3,2,retain,1.0,not identified as universal/generic by v2 policy,medium
homestyl stock chicken,3,2,retain,1.0,not identified as universal/generic by v2 policy,medium
chile negro,3,1,retain,1.0,not identified as universal/generic by v2 policy,medium
slider bun,3,3,retain,1.0,not identified as universal/generic by v2 policy,medium
skate,3,3,retain,1.0,not identified as universal/generic by v2 policy,medium
low fat cream,3,2,retain,1.0,not identified as universal/generic by v2 policy,medium
long-grain brown rice,3,3,retain,1.0,not identified as universal/generic by v2 policy,medium
lentilles du puy,3,2,retain,1.0,not identified as universal/generic by v2 policy,medium
caul fat,3,3,retain,1.0,not identified as universal/generic by v2 policy,medium
cauliflower floweret,3,3,retain,1.0,not identified as universal/generic by v2 policy,medium
panang curry paste,3,1,retain,1.0,not identified as universal/generic by v2 policy,medium
saffron powder,3,3,retain,1.0,not identified as universal/generic by v2 policy,medium
mie,3,2,retain,1.0,not identified as universal/generic by v2 policy,medium
mixed bell pepper,3,2,retain,1.0,not identified as universal/generic by v2 policy,medium
browny,3,2,retain,1.0,not identified as universal/generic by v2 policy,medium
buckwheat,3,2,retain,1.0,not identified as universal/generic by v2 policy,medium
butterscotch chip,3,3,retain,1.0,not identified as universal/generic by v2 policy,medium
millet flour,3,2,retain,1.0,not identified as universal/generic by v2 policy,medium
philadelphia light cream cheese,3,1,retain,1.0,not identified as universal/generic by v2 policy,medium
picholine,3,2,retain,1.0,not identified as universal/generic by v2 policy,medium
linguica,3,1,retain,1.0,not identified as universal/generic by v2 policy,medium
kerrygold pure irish butter,3,1,retain,1.0,not identified as universal/generic by v2 policy,medium
kewra essence,3,1,retain,1.0,not identified as universal/generic by v2 policy,medium
fish paste,3,2,retain,1.0,not identified as universal/generic by v2 policy,medium
fish broth,3,2,retain,1.0,not identified as universal/generic by v2 policy,medium
ro-tel diced tomatoes and green chily,3,1,retain,1.0,not identified as universal/generic by v2 policy,medium
strawberry syrup,3,3,retain,1.0,not identified as universal/generic by v2 policy,medium
shelled shrimp,3,3,retain,1.0,not identified as universal/generic by v2 policy,medium
pinot grigio,3,1,retain,1.0,not identified as universal/generic by v2 policy,medium
baking yeast,3,2,retain,1.0,not identified as universal/generic by v2 policy,medium
balm,3,1,retain,1.0,not identified as universal/generic by v2 policy,medium
white italian tuna in olive oil,3,2,retain,1.0,not identified as universal/generic by v2 policy,medium
pheasant,3,3,retain,1.0,not identified as universal/generic by v2 policy,medium
philadelphia cooking creme,3,2,retain,1.0,not identified as universal/generic by v2 policy,medium
cuminseed,3,2,retain,1.0,not identified as universal/generic by v2 policy,medium
curacao,3,3,retain,1.0,not identified as universal/generic by v2 policy,medium
flounder,3,3,retain,1.0,not identified as universal/generic by v2 policy,medium
corkscrew pasta,3,2,retain,1.0,not identified as universal/generic by v2 policy,medium
cooking cream,3,2,retain,1.0,not identified as universal/generic by v2 policy,medium
country loaf,3,2,retain,1.0,not identified as universal/generic by v2 policy,medium
grain pasta,3,2,retain,1.0,not identified as universal/generic by v2 policy,medium
strawberry ice cream,3,2,retain,1.0,not identified as universal/generic by v2 policy,medium
full-fat plain yogurt,3,1,retain,1.0,not identified as universal/generic by v2 policy,medium
mullet,3,3,retain,1.0,not identified as universal/generic by v2 policy,medium
mostaccioli,3,1,retain,1.0,not identified as universal/generic by v2 policy,medium
vanilla bean ice cream,3,1,retain,1.0,not identified as universal/generic by v2 policy,medium
chicken flavor stuffing mix,3,2,retain,1.0,not identified as universal/generic by v2 policy,medium
kinchay,3,1,retain,1.0,not identified as universal/generic by v2 policy,medium
king crab leg,3,3,retain,1.0,not identified as universal/generic by v2 policy,medium
kangkong,3,1,retain,1.0,not identified as universal/generic by v2 policy,medium
ampalaya,3,1,retain,1.0,not identified as universal/generic by v2 policy,medium
unagi,3,1,retain,1.0,not identified as universal/generic by v2 policy,medium
sorghum flour,3,3,retain,1.0,not identified as universal/generic by v2 policy,medium
mole paste,3,1,retain,1.0,not identified as universal/generic by v2 policy,medium
vietnamese rice paper,3,1,retain,1.0,not identified as universal/generic by v2 policy,medium
rump steak,3,2,retain,1.0,not identified as universal/generic by v2 policy,medium
crystal hot sauce,3,2,retain,1.0,not identified as universal/generic by v2 policy,medium
fuyu persimmon,3,3,retain,1.0,not identified as universal/generic by v2 policy,medium
eye of round steak,3,3,retain,1.0,not identified as universal/generic by v2 policy,medium
duxelle,3,2,retain,1.0,not identified as universal/generic by v2 policy,medium
ear,3,3,retain,1.0,not identified as universal/generic by v2 policy,medium
english muffins split and toasted,3,2,retain,1.0,not identified as universal/generic by v2 policy,medium
empanada,3,2,retain,1.0,not identified as universal/generic by v2 policy,medium
empanada dough,3,1,retain,1.0,not identified as universal/generic by v2 policy,medium
endive,3,3,retain,1.0,not identified as universal/generic by v2 policy,medium
american cheese slice,3,2,retain,1.0,not identified as universal/generic by v2 policy,medium
mixed seafood,3,2,retain,1.0,not identified as universal/generic by v2 policy,medium
mizuna,3,2,retain,1.0,not identified as universal/generic by v2 policy,medium
mixed fruit,3,3,retain,1.0,not identified as universal/generic by v2 policy,medium
vine leave,3,2,retain,1.0,not identified as universal/generic by v2 policy,medium
verjus,3,2,retain,1.0,not identified as universal/generic by v2 policy,medium
eggroll wrapper,3,2,retain,1.0,not identified as universal/generic by v2 policy,medium
egglands best egg,3,3,retain,1.0,not identified as universal/generic by v2 policy,medium
eye of round roast,3,3,retain,1.0,not identified as universal/generic by v2 policy,medium
wheat cereal,3,3,retain,1.0,not identified as universal/generic by v2 policy,medium
black bass,3,3,retain,1.0,not identified as universal/generic by v2 policy,medium
black bean and corn salsa,3,2,retain,1.0,not identified as universal/generic by v2 policy,medium
oscar mayer deli fresh smoked ham,3,3,retain,1.0,not identified as universal/generic by v2 policy,medium
condensed reduced fat reduced sodium cream of chicken soup,3,2,retain,1.0,not identified as universal/generic by v2 policy,medium
condensed reduced fat reduced sodium cream of mushroom soup,3,3,retain,1.0,not identified as universal/generic by v2 policy,medium
chees mozzarella stick,3,1,retain,1.0,not identified as universal/generic by v2 policy,medium
cookie crumb,3,2,retain,1.0,not identified as universal/generic by v2 policy,medium
hoagie bun,3,3,retain,1.0,not identified as universal/generic by v2 policy,medium
tuna in oil,3,2,retain,1.0,not identified as universal/generic by v2 policy,medium
honeydew,3,2,retain,1.0,not identified as universal/generic by v2 policy,medium
honey glazed ham,3,2,retain,1.0,not identified as universal/generic by v2 policy,medium
horseradish root,3,3,retain,1.0,not identified as universal/generic by v2 policy,medium
chocolate wafer cooky,3,3,retain,1.0,not identified as universal/generic by v2 policy,medium
soy yogurt,3,1,retain,1.0,not identified as universal/generic by v2 policy,medium
wheat free soy sauce,3,2,retain,1.0,not identified as universal/generic by v2 policy,medium
baking apple,3,2,retain,1.0,not identified as universal/generic by v2 policy,medium
lasagna sheet,3,1,retain,1.0,not identified as universal/generic by v2 policy,medium
lemon thyme,3,2,retain,1.0,not identified as universal/generic by v2 policy,medium
leek recip mix,3,2,retain,1.0,not identified as universal/generic by v2 policy,medium
orange segment,3,2,retain,1.0,not identified as universal/generic by v2 policy,medium
roasted salted cashew,3,3,retain,1.0,not identified as universal/generic by v2 policy,medium
split yellow lentil,3,1,retain,1.0,not identified as universal/generic by v2 policy,medium
halloumi cheese,3,3,retain,1.0,not identified as universal/generic by v2 policy,medium
kirschenliqueur,3,3,retain,1.0,not identified as universal/generic by v2 policy,medium
konnyaku,3,1,retain,1.0,not identified as universal/generic by v2 policy,medium
kiwifruit,3,3,retain,1.0,not identified as universal/generic by v2 policy,medium
steamed brown rice,3,2,retain,1.0,not identified as universal/generic by v2 policy,medium
coke,3,3,retain,1.0,not identified as universal/generic by v2 policy,medium
grained,3,3,retain,1.0,not identified as universal/generic by v2 policy,medium
korean chile,3,1,retain,1.0,not identified as universal/generic by v2 policy,medium
reduced fat mexican cheese,3,1,retain,1.0,not identified as universal/generic by v2 policy,medium
crusty sandwich roll,3,2,retain,1.0,not identified as universal/generic by v2 policy,medium
flavored vodka,3,2,retain,1.0,not identified as universal/generic by v2 policy,medium
swordfish,3,3,retain,1.0,not identified as universal/generic by v2 policy,medium
swordfish fillet,3,3,retain,1.0,not identified as universal/generic by v2 policy,medium
onion soup,3,2,retain,1.0,not identified as universal/generic by v2 policy,medium
onion gravy,3,2,retain,1.0,not identified as universal/generic by v2 policy,medium
deep-fried tofu,3,3,retain,1.0,not identified as universal/generic by v2 policy,medium
deli roll,3,3,retain,1.0,not identified as universal/generic by v2 policy,medium
brown rice noodle,3,2,retain,1.0,not identified as universal/generic by v2 policy,medium
brown chicken stock,3,2,retain,1.0,not identified as universal/generic by v2 policy,medium
brewed tea,3,2,retain,1.0,not identified as universal/generic by v2 policy,medium
breakstones sour cream,3,1,retain,1.0,not identified as universal/generic by v2 policy,medium
brown rice syrup,3,2,retain,1.0,not identified as universal/generic by v2 policy,medium
onion minicube,3,1,retain,1.0,not identified as universal/generic by v2 policy,medium
swerve sweetener,3,3,retain,1.0,not identified as universal/generic by v2 policy,medium
french bread loave,3,3,retain,1.0,not identified as universal/generic by v2 policy,medium
pistou,3,1,retain,1.0,not identified as universal/generic by v2 policy,medium
bacon crisp-cooked and crumbled,3,2,retain,1.0,not identified as universal/generic by v2 policy,medium
pineapple preserve,3,3,retain,1.0,not identified as universal/generic by v2 policy,medium
pizza crust mix,3,1,retain,1.0,not identified as universal/generic by v2 policy,medium
white cannellini bean,3,2,retain,1.0,not identified as universal/generic by v2 policy,medium
white bread flour,3,2,retain,1.0,not identified as universal/generic by v2 policy,medium
rum extract,3,2,retain,1.0,not identified as universal/generic by v2 policy,medium
round sourdough bread,3,2,retain,1.0,not identified as universal/generic by v2 policy,medium
condensed french onion soup,3,3,retain,1.0,not identified as universal/generic by v2 policy,medium
gourmet garden garlic paste,3,1,retain,1.0,not identified as universal/generic by v2 policy,medium
good seasons italian dressing mix,3,1,retain,1.0,not identified as universal/generic by v2 policy,medium
cherry juice,3,2,retain,1.0,not identified as universal/generic by v2 policy,medium
cheese dip,3,1,retain,1.0,not identified as universal/generic by v2 policy,medium
back bacon,3,3,retain,1.0,not identified as universal/generic by v2 policy,medium
banana squash,3,3,retain,1.0,not identified as universal/generic by v2 policy,medium
barbecue rub,3,2,retain,1.0,not identified as universal/generic by v2 policy,medium
roasted unsalted cashew,3,2,retain,1.0,not identified as universal/generic by v2 policy,medium
ranch dress,3,2,retain,1.0,not identified as universal/generic by v2 policy,medium
ranch salad dressing mix,3,1,retain,1.0,not identified as universal/generic by v2 policy,medium
10 oz frozen chopped spinach,3,1,retain,1.0,not identified as universal/generic by v2 policy,medium
yuca,3,3,retain,1.0,not identified as universal/generic by v2 policy,medium
yucca,3,3,retain,1.0,not identified as universal/generic by v2 policy,medium
14 5 oz diced tomatoe,3,2,retain,1.0,not identified as universal/generic by v2 policy,medium
bolillo,3,1,retain,1.0,not identified as universal/generic by v2 policy,medium
oat flour,3,2,retain,1.0,not identified as universal/generic by v2 policy,medium
nut oil,3,2,retain,1.0,not identified as universal/generic by v2 policy,medium
boudin,3,1,retain,1.0,not identified as universal/generic by v2 policy,medium
15 oz refried bean,3,1,retain,1.0,not identified as universal/generic by v2 policy,medium
boiled ham,3,2,retain,1.0,not identified as universal/generic by v2 policy,medium
blue corn tortilla chip,3,1,retain,1.0,not identified as universal/generic by v2 policy,medium
romaine lettuce heart,3,2,retain,1.0,not identified as universal/generic by v2 policy,medium
roe,3,2,retain,1.0,not identified as universal/generic by v2 policy,medium
olive tapenade,3,2,retain,1.0,not identified as universal/generic by v2 policy,medium
old-fashioned oatmeal,3,3,retain,1.0,not identified as universal/generic by v2 policy,medium
oleo,3,3,retain,1.0,not identified as universal/generic by v2 policy,medium
nonfat chicken broth,3,1,retain,1.0,not identified as universal/generic by v2 policy,medium
thousand island dressing,3,2,retain,1.0,not identified as universal/generic by v2 policy,medium
yeast extract,3,2,retain,1.0,not identified as universal/generic by v2 policy,medium
25 less sodium chicken broth,3,2,retain,1.0,not identified as universal/generic by v2 policy,medium
33 less sodium ham,3,1,retain,1.0,not identified as universal/generic by v2 policy,medium
annatto,3,2,retain,1.0,not identified as universal/generic by v2 policy,medium
annatto powder,3,1,retain,1.0,not identified as universal/generic by v2 policy,medium
hibiscus flower,3,3,retain,1.0,not identified as universal/generic by v2 policy,medium
spaghetti sauce seasoning mix,3,1,retain,1.0,not identified as universal/generic by v2 policy,medium
boned lamb shoulder,3,2,retain,1.0,not identified as universal/generic by v2 policy,medium
wheat angel hair pasta,3,1,retain,1.0,not identified as universal/generic by v2 policy,medium
bread and butter pickle slice,3,2,retain,1.0,not identified as universal/generic by v2 policy,medium
braising steak,3,2,retain,1.0,not identified as universal/generic by v2 policy,medium
marjoram leave,3,2,retain,1.0,not identified as universal/generic by v2 policy,medium
maple extract,3,2,retain,1.0,not identified as universal/generic by v2 policy,medium
mango salsa,3,1,retain,1.0,not identified as universal/generic by v2 policy,medium
maitake mushroom,3,1,retain,1.0,not identified as universal/generic by v2 policy,medium
prego fresh mushroom italian sauce,3,1,retain,1.0,not identified as universal/generic by v2 policy,medium
powdered turmeric,3,3,retain,1.0,not identified as universal/generic by v2 policy,medium
powdered vanilla pudding mix,3,3,retain,1.0,not identified as universal/generic by v2 policy,medium
lowfat pepper jack cheese,3,2,retain,1.0,not identified as universal/generic by v2 policy,medium
cranberry juice cocktail,3,3,retain,1.0,not identified as universal/generic by v2 policy,medium
strozzapreti,3,1,retain,1.0,not identified as universal/generic by v2 policy,medium
peach pie filling,3,1,retain,1.0,not identified as universal/generic by v2 policy,medium
pate,3,2,retain,1.0,not identified as universal/generic by v2 policy,medium
besan flour,3,1,retain,1.0,not identified as universal/generic by v2 policy,medium
candlenut,3,2,retain,1.0,not identified as universal/generic by v2 policy,medium
marrow bone,3,3,retain,1.0,not identified as universal/generic by v2 policy,medium
margarita salt,3,1,retain,1.0,not identified as universal/generic by v2 policy,medium
clover honey,3,1,retain,1.0,not identified as universal/generic by v2 policy,medium
head cauliflower,3,3,retain,1.0,not identified as universal/generic by v2 policy,medium
hawaiian sweet roll,3,3,retain,1.0,not identified as universal/generic by v2 policy,medium
french onion soup,3,2,retain,1.0,not identified as universal/generic by v2 policy,medium
framboise eau-de-vie,3,2,retain,1.0,not identified as universal/generic by v2 policy,medium
tomato bouillon with chicken flavor cube,3,1,retain,1.0,not identified as universal/generic by v2 policy,medium
tokyo negi,3,1,retain,1.0,not identified as universal/generic by v2 policy,medium
gluten-free hoisin sauce,3,2,retain,1.0,not identified as universal/generic by v2 policy,medium
blanched almond flour,3,2,retain,1.0,not identified as universal/generic by v2 policy,medium
blanched hazelnut,3,3,retain,1.0,not identified as universal/generic by v2 policy,medium
oliv pit ripe,3,3,retain,1.0,not identified as universal/generic by v2 policy,medium
hero roll,3,1,retain,1.0,not identified as universal/generic by v2 policy,medium
helix snail,3,1,retain,1.0,not identified as universal/generic by v2 policy,medium
clamato juice,3,1,retain,1.0,not identified as universal/generic by v2 policy,medium
herb vinegar,3,1,retain,1.0,not identified as universal/generic by v2 policy,medium
ciabatta roll,3,2,retain,1.0,not identified as universal/generic by v2 policy,medium
14 oz sweetened condensed milk,2,2,retain,1.0,not identified as universal/generic by v2 policy,medium
zaatar,2,2,retain,1.0,not identified as universal/generic by v2 policy,medium
yuzukosho,2,1,retain,1.0,not identified as universal/generic by v2 policy,medium
young coconut meat,2,2,retain,1.0,not identified as universal/generic by v2 policy,medium
raclette,2,1,retain,1.0,not identified as universal/generic by v2 policy,medium
radish slice,2,1,retain,1.0,not identified as universal/generic by v2 policy,medium
real mayonnaise,2,2,retain,1.0,not identified as universal/generic by v2 policy,medium
reblochon,2,1,retain,1.0,not identified as universal/generic by v2 policy,medium
raw tiger prawn,2,2,retain,1.0,not identified as universal/generic by v2 policy,medium
angel food cake mix,2,1,retain,1.0,not identified as universal/generic by v2 policy,medium
pummelo,2,1,retain,1.0,not identified as universal/generic by v2 policy,medium
chuno sauce,2,1,retain,1.0,not identified as universal/generic by v2 policy,medium
chuka soba noodle,2,2,retain,1.0,not identified as universal/generic by v2 policy,medium
chrysanthemum leave,2,2,retain,1.0,not identified as universal/generic by v2 policy,medium
citrus,2,2,retain,1.0,not identified as universal/generic by v2 policy,medium
citrus fruit,2,2,retain,1.0,not identified as universal/generic by v2 policy,medium
citrus juice,2,2,retain,1.0,not identified as universal/generic by v2 policy,medium
pretzel,2,1,retain,1.0,not identified as universal/generic by v2 policy,medium
pure vanilla,2,2,retain,1.0,not identified as universal/generic by v2 policy,medium
amber,2,2,retain,1.0,not identified as universal/generic by v2 policy,medium
alphabet pasta,2,2,retain,1.0,not identified as universal/generic by v2 policy,medium
alum,2,2,retain,1.0,not identified as universal/generic by v2 policy,medium
amaranth,2,2,retain,1.0,not identified as universal/generic by v2 policy,medium
almond filling,2,2,retain,1.0,not identified as universal/generic by v2 policy,medium
andouille turkey sausage,2,1,retain,1.0,not identified as universal/generic by v2 policy,medium
hing powder,2,1,retain,1.0,not identified as universal/generic by v2 policy,medium
herring fillet,2,1,retain,1.0,not identified as universal/generic by v2 policy,medium
hibiscus,2,2,retain,1.0,not identified as universal/generic by v2 policy,medium
any,2,1,retain,1.0,not identified as universal/generic by v2 policy,medium
aonori,2,1,retain,1.0,not identified as universal/generic by v2 policy,medium
prime rib,2,2,retain,1.0,not identified as universal/generic by v2 policy,medium
process cheese spread,2,1,retain,1.0,not identified as universal/generic by v2 policy,medium
preserv raspberri seedless,2,2,retain,1.0,not identified as universal/generic by v2 policy,medium
truffle salt,2,2,retain,1.0,not identified as universal/generic by v2 policy,medium
tropical fruit,2,2,retain,1.0,not identified as universal/generic by v2 policy,medium
tricolor quinoa,2,1,retain,1.0,not identified as universal/generic by v2 policy,medium
triscuit,2,2,retain,1.0,not identified as universal/generic by v2 policy,medium
traditional cut shredded 4 cheese mexican,2,1,retain,1.0,not identified as universal/generic by v2 policy,medium
traditional italian sauce,2,1,retain,1.0,not identified as universal/generic by v2 policy,medium
tree ear mushroom,2,2,retain,1.0,not identified as universal/generic by v2 policy,medium
coconut meat,2,1,retain,1.0,not identified as universal/generic by v2 policy,medium
oil packed dried tomatoe,2,1,retain,1.0,not identified as universal/generic by v2 policy,medium
brazil nut,2,1,retain,1.0,not identified as universal/generic by v2 policy,medium
boysenberry,2,2,retain,1.0,not identified as universal/generic by v2 policy,medium
boned duck breast halve,2,1,retain,1.0,not identified as universal/generic by v2 policy,medium
borage,2,2,retain,1.0,not identified as universal/generic by v2 policy,medium
wheat baguette,2,1,retain,1.0,not identified as universal/generic by v2 policy,medium
wheat beer,2,1,retain,1.0,not identified as universal/generic by v2 policy,medium
water packed artichoke heart,2,2,retain,1.0,not identified as universal/generic by v2 policy,medium
blade steak,2,2,retain,1.0,not identified as universal/generic by v2 policy,medium
black trumpet mushroom,2,2,retain,1.0,not identified as universal/generic by v2 policy,medium
black walnut,2,2,retain,1.0,not identified as universal/generic by v2 policy,medium
bone marrow,2,2,retain,1.0,not identified as universal/generic by v2 policy,medium
bologna,2,2,retain,1.0,not identified as universal/generic by v2 policy,medium
olive oil mayonnaise,2,1,retain,1.0,not identified as universal/generic by v2 policy,medium
old ginger,2,1,retain,1.0,not identified as universal/generic by v2 policy,medium
old world style sweet tomato basil pasta sauc,2,1,retain,1.0,not identified as universal/generic by v2 policy,medium
galanga,2,2,retain,1.0,not identified as universal/generic by v2 policy,medium
nonfat cream cheese,2,1,retain,1.0,not identified as universal/generic by v2 policy,medium
non fat chicken stock,2,2,retain,1.0,not identified as universal/generic by v2 policy,medium
rooster,2,2,retain,1.0,not identified as universal/generic by v2 policy,medium
roquefort,2,1,retain,1.0,not identified as universal/generic by v2 policy,medium
nori paper,2,1,retain,1.0,not identified as universal/generic by v2 policy,medium
nonpareil,2,1,retain,1.0,not identified as universal/generic by v2 policy,medium
blackstrap molasse,2,1,retain,1.0,not identified as universal/generic by v2 policy,medium
frangipane,2,1,retain,1.0,not identified as universal/generic by v2 policy,medium
foie gras terrine,2,1,retain,1.0,not identified as universal/generic by v2 policy,medium
food paste color,2,1,retain,1.0,not identified as universal/generic by v2 policy,medium
frogs leg,2,2,retain,1.0,not identified as universal/generic by v2 policy,medium
fructose,2,1,retain,1.0,not identified as universal/generic by v2 policy,medium
fresh fruit,2,2,retain,1.0,not identified as universal/generic by v2 policy,medium
french sandwich roll,2,2,retain,1.0,not identified as universal/generic by v2 policy,medium
french toast,2,2,retain,1.0,not identified as universal/generic by v2 policy,medium
breyers natural vanilla ice cream,2,1,retain,1.0,not identified as universal/generic by v2 policy,medium
breadfruit,2,1,retain,1.0,not identified as universal/generic by v2 policy,medium
brown butter,2,2,retain,1.0,not identified as universal/generic by v2 policy,medium
brown gravy,2,2,retain,1.0,not identified as universal/generic by v2 policy,medium
muscadine grape,2,1,retain,1.0,not identified as universal/generic by v2 policy,medium
rotel pasta cook and drain,2,1,retain,1.0,not identified as universal/generic by v2 policy,medium
roti,2,1,retain,1.0,not identified as universal/generic by v2 policy,medium
other,2,2,retain,1.0,not identified as universal/generic by v2 policy,medium
mustard sauce,2,1,retain,1.0,not identified as universal/generic by v2 policy,medium
myzithra,2,1,retain,1.0,not identified as universal/generic by v2 policy,medium
mushroom powder,2,2,retain,1.0,not identified as universal/generic by v2 policy,medium
brioche bread,2,1,retain,1.0,not identified as universal/generic by v2 policy,medium
breast,2,1,retain,1.0,not identified as universal/generic by v2 policy,medium
breast of lamb,2,2,retain,1.0,not identified as universal/generic by v2 policy,medium
breasts halve,2,2,retain,1.0,not identified as universal/generic by v2 policy,medium
bresaola,2,1,retain,1.0,not identified as universal/generic by v2 policy,medium
t-bone steak,2,1,retain,1.0,not identified as universal/generic by v2 policy,medium
szechuan sauce,2,1,retain,1.0,not identified as universal/generic by v2 policy,medium
crushed tomatoe,2,1,retain,1.0,not identified as universal/generic by v2 policy,medium
toasted shredded coconut,2,2,retain,1.0,not identified as universal/generic by v2 policy,medium
toasted unsweetened coconut,2,2,retain,1.0,not identified as universal/generic by v2 policy,medium
tikka masala curry paste,2,1,retain,1.0,not identified as universal/generic by v2 policy,medium
tikka paste,2,2,retain,1.0,not identified as universal/generic by v2 policy,medium
nappa cabbage,2,1,retain,1.0,not identified as universal/generic by v2 policy,medium
rosemary needle,2,2,retain,1.0,not identified as universal/generic by v2 policy,medium
nestle table cream,2,1,retain,1.0,not identified as universal/generic by v2 policy,medium
natural low-fat yogurt,2,1,retain,1.0,not identified as universal/generic by v2 policy,medium
natural sugar,2,2,retain,1.0,not identified as universal/generic by v2 policy,medium
nonfat sweetened condensed milk,2,2,retain,1.0,not identified as universal/generic by v2 policy,medium
onion slice,2,2,retain,1.0,not identified as universal/generic by v2 policy,medium
flavored tortilla chip,2,2,retain,1.0,not identified as universal/generic by v2 policy,medium
flavored vinegar,2,2,retain,1.0,not identified as universal/generic by v2 policy,medium
mostarda,2,1,retain,1.0,not identified as universal/generic by v2 policy,medium
moroccan seasoning,2,1,retain,1.0,not identified as universal/generic by v2 policy,medium
morton salt,2,2,retain,1.0,not identified as universal/generic by v2 policy,medium
nacho chip,2,1,retain,1.0,not identified as universal/generic by v2 policy,medium
sack,2,1,retain,1.0,not identified as universal/generic by v2 policy,medium
rustic bread,2,2,retain,1.0,not identified as universal/generic by v2 policy,medium
rustic rub,2,1,retain,1.0,not identified as universal/generic by v2 policy,medium
broiler,2,2,retain,1.0,not identified as universal/generic by v2 policy,medium
crispy bacon,2,2,retain,1.0,not identified as universal/generic by v2 policy,medium
crescent dinner roll,2,2,retain,1.0,not identified as universal/generic by v2 policy,medium
cubed pumpkin,2,2,retain,1.0,not identified as universal/generic by v2 policy,medium
cucumber salad,2,1,retain,1.0,not identified as universal/generic by v2 policy,medium
culantro,2,2,retain,1.0,not identified as universal/generic by v2 policy,medium
cubed ham,2,2,retain,1.0,not identified as universal/generic by v2 policy,medium
cubed meat,2,2,retain,1.0,not identified as universal/generic by v2 policy,medium
crystal farms butter,2,1,retain,1.0,not identified as universal/generic by v2 policy,medium
wheat bun,2,2,retain,1.0,not identified as universal/generic by v2 policy,medium
wheat cracker,2,2,retain,1.0,not identified as universal/generic by v2 policy,medium
blanco tequila,2,1,retain,1.0,not identified as universal/generic by v2 policy,medium
muenster,2,1,retain,1.0,not identified as universal/generic by v2 policy,medium
muesli,2,2,retain,1.0,not identified as universal/generic by v2 policy,medium
full fat cream cheese,2,2,retain,1.0,not identified as universal/generic by v2 policy,medium
full fat sour cream,2,1,retain,1.0,not identified as universal/generic by v2 policy,medium
crumb crust,2,1,retain,1.0,not identified as universal/generic by v2 policy,medium
original ranch light dressing,2,2,retain,1.0,not identified as universal/generic by v2 policy,medium
original ranch salad dressing and seasoning mix,2,2,retain,1.0,not identified as universal/generic by v2 policy,medium
original ranch dips mix,2,1,retain,1.0,not identified as universal/generic by v2 policy,medium
wheat pita round,2,2,retain,1.0,not identified as universal/generic by v2 policy,medium
wheat dough,2,2,retain,1.0,not identified as universal/generic by v2 policy,medium
wheat french bread,2,1,retain,1.0,not identified as universal/generic by v2 policy,medium
wheat bread slice,2,2,retain,1.0,not identified as universal/generic by v2 policy,medium
wheat bread toasted,2,2,retain,1.0,not identified as universal/generic by v2 policy,medium
fruit filling,2,2,retain,1.0,not identified as universal/generic by v2 policy,medium
swede,2,1,retain,1.0,not identified as universal/generic by v2 policy,medium
sweetbread,2,1,retain,1.0,not identified as universal/generic by v2 policy,medium
sunchoke,2,2,retain,1.0,not identified as universal/generic by v2 policy,medium
sugarcane,2,2,retain,1.0,not identified as universal/generic by v2 policy,medium
sugarcane stick,2,2,retain,1.0,not identified as universal/generic by v2 policy,medium
creme de cacao,2,2,retain,1.0,not identified as universal/generic by v2 policy,medium
creme de menthe,2,2,retain,1.0,not identified as universal/generic by v2 policy,medium
pale ale,2,2,retain,1.0,not identified as universal/generic by v2 policy,medium
paccheri,2,1,retain,1.0,not identified as universal/generic by v2 policy,medium
ox tongue,2,1,retain,1.0,not identified as universal/generic by v2 policy,medium
fish flake,2,1,retain,1.0,not identified as universal/generic by v2 policy,medium
flavored rice mix,2,2,retain,1.0,not identified as universal/generic by v2 policy,medium
currant jelly,2,2,retain,1.0,not identified as universal/generic by v2 policy,medium
curry guy smoked spicy salt,2,1,retain,1.0,not identified as universal/generic by v2 policy,medium
cummin,2,2,retain,1.0,not identified as universal/generic by v2 policy,medium
mild pork sausage,2,2,retain,1.0,not identified as universal/generic by v2 policy,medium
milk and cream,2,2,retain,1.0,not identified as universal/generic by v2 policy,medium
microgreen,2,2,retain,1.0,not identified as universal/generic by v2 policy,medium
mini cucumber,2,2,retain,1.0,not identified as universal/generic by v2 policy,medium
mini m and m,2,2,retain,1.0,not identified as universal/generic by v2 policy,medium
miniature chocolate chip,2,1,retain,1.0,not identified as universal/generic by v2 policy,medium
sago pearl,2,1,retain,1.0,not identified as universal/generic by v2 policy,medium
pancetta slice,2,1,retain,1.0,not identified as universal/generic by v2 policy,medium
vital wheat gluten,2,2,retain,1.0,not identified as universal/generic by v2 policy,medium
montreal steak seasoning,2,2,retain,1.0,not identified as universal/generic by v2 policy,medium
mochi,2,1,retain,1.0,not identified as universal/generic by v2 policy,medium
mole poblano,2,1,retain,1.0,not identified as universal/generic by v2 policy,medium
mizkan oigatsuo tsuyu soup base,2,1,retain,1.0,not identified as universal/generic by v2 policy,medium
mizkan rice vinegar,2,1,retain,1.0,not identified as universal/generic by v2 policy,medium
buckwheat groat,2,1,retain,1.0,not identified as universal/generic by v2 policy,medium
butterscotch sauce,2,2,retain,1.0,not identified as universal/generic by v2 policy,medium
mexican vanilla extract,2,1,retain,1.0,not identified as universal/generic by v2 policy,medium
mexican cooking sauce,2,1,retain,1.0,not identified as universal/generic by v2 policy,medium
meringue powder,2,2,retain,1.0,not identified as universal/generic by v2 policy,medium
mesquite seasoning,2,2,retain,1.0,not identified as universal/generic by v2 policy,medium
minced lamb,2,1,retain,1.0,not identified as universal/generic by v2 policy,medium
caciocavallo,2,1,retain,1.0,not identified as universal/generic by v2 policy,medium
vegetable recipe mix,2,2,retain,1.0,not identified as universal/generic by v2 policy,medium
vegetable bouillon cube,2,2,retain,1.0,not identified as universal/generic by v2 policy,medium
papalo,2,1,retain,1.0,not identified as universal/generic by v2 policy,medium
pancit canton,2,1,retain,1.0,not identified as universal/generic by v2 policy,medium
pandan extract,2,1,retain,1.0,not identified as universal/generic by v2 policy,medium
rigatoni or large tube pasta,2,1,retain,1.0,not identified as universal/generic by v2 policy,medium
butter pecan ice cream,2,1,retain,1.0,not identified as universal/generic by v2 policy,medium
cajun seasoning mix,2,2,retain,1.0,not identified as universal/generic by v2 policy,medium
cajun-creole seasoning mix,2,1,retain,1.0,not identified as universal/generic by v2 policy,medium
mi,2,1,retain,1.0,not identified as universal/generic by v2 policy,medium
paratha,2,1,retain,1.0,not identified as universal/generic by v2 policy,medium
bison,2,2,retain,1.0,not identified as universal/generic by v2 policy,medium
bihon,2,1,retain,1.0,not identified as universal/generic by v2 policy,medium
beurre manie,2,1,retain,1.0,not identified as universal/generic by v2 policy,medium
bhaji,2,1,retain,1.0,not identified as universal/generic by v2 policy,medium
black onion seed,2,1,retain,1.0,not identified as universal/generic by v2 policy,medium
black pudding,2,1,retain,1.0,not identified as universal/generic by v2 policy,medium
black moss,2,1,retain,1.0,not identified as universal/generic by v2 policy,medium
cremini,2,2,retain,1.0,not identified as universal/generic by v2 policy,medium
creamed horseradish,2,1,retain,1.0,not identified as universal/generic by v2 policy,medium
cream style cottage cheese,2,2,retain,1.0,not identified as universal/generic by v2 policy,medium
creamed coconut,2,2,retain,1.0,not identified as universal/generic by v2 policy,medium
cream of potato soup,2,2,retain,1.0,not identified as universal/generic by v2 policy,medium
buffalo,2,2,retain,1.0,not identified as universal/generic by v2 policy,medium
buffalo mozarella,2,1,retain,1.0,not identified as universal/generic by v2 policy,medium
parmesan romano,2,1,retain,1.0,not identified as universal/generic by v2 policy,medium
sangria,2,1,retain,1.0,not identified as universal/generic by v2 policy,medium
sashimi grade tuna,2,2,retain,1.0,not identified as universal/generic by v2 policy,medium
mayonnaise with lime juice,2,1,retain,1.0,not identified as universal/generic by v2 policy,medium
melon liqueur,2,2,retain,1.0,not identified as universal/generic by v2 policy,medium
mentsuyu,2,1,retain,1.0,not identified as universal/generic by v2 policy,medium
meat loaf mix,2,2,retain,1.0,not identified as universal/generic by v2 policy,medium
meat marinade,2,2,retain,1.0,not identified as universal/generic by v2 policy,medium
meat stock,2,2,retain,1.0,not identified as universal/generic by v2 policy,medium
bittersweet baking chocolate,2,2,retain,1.0,not identified as universal/generic by v2 policy,medium
rice krispies cereal,2,2,retain,1.0,not identified as universal/generic by v2 policy,medium
pasta sidestm - alfredo,2,1,retain,1.0,not identified as universal/generic by v2 policy,medium
pasta rotel,2,1,retain,1.0,not identified as universal/generic by v2 policy,medium
pasta shape,2,2,retain,1.0,not identified as universal/generic by v2 policy,medium
savoiardi,2,1,retain,1.0,not identified as universal/generic by v2 policy,medium
satsuma orange,2,2,retain,1.0,not identified as universal/generic by v2 policy,medium
sauce tomato,2,1,retain,1.0,not identified as universal/generic by v2 policy,medium
salmon sashimi,2,1,retain,1.0,not identified as universal/generic by v2 policy,medium
salsify,2,1,retain,1.0,not identified as universal/generic by v2 policy,medium
rice side cheddar broccoli,2,1,retain,1.0,not identified as universal/generic by v2 policy,medium
wheatberry,2,2,retain,1.0,not identified as universal/generic by v2 policy,medium
whipped butter,2,2,retain,1.0,not identified as universal/generic by v2 policy,medium
wheat spaghetti noodle,2,2,retain,1.0,not identified as universal/generic by v2 policy,medium
wheat rotini pasta,2,2,retain,1.0,not identified as universal/generic by v2 policy,medium
bitter gourd,2,2,retain,1.0,not identified as universal/generic by v2 policy,medium
vegetable gumbo,2,1,retain,1.0,not identified as universal/generic by v2 policy,medium
candied pineapple,2,2,retain,1.0,not identified as universal/generic by v2 policy,medium
meat cut,2,2,retain,1.0,not identified as universal/generic by v2 policy,medium
meat glaze,2,1,retain,1.0,not identified as universal/generic by v2 policy,medium
salt free seasoning,2,1,retain,1.0,not identified as universal/generic by v2 policy,medium
salt free southwest chipotle seasoning,2,1,retain,1.0,not identified as universal/generic by v2 policy,medium
salt water,2,2,retain,1.0,not identified as universal/generic by v2 policy,medium
saltine crumb,2,2,retain,1.0,not identified as universal/generic by v2 policy,medium
scrod fillet,2,2,retain,1.0,not identified as universal/generic by v2 policy,medium
sea cucumber,2,1,retain,1.0,not identified as universal/generic by v2 policy,medium
mango nectar,2,2,retain,1.0,not identified as universal/generic by v2 policy,medium
mahimahi fillet,2,1,retain,1.0,not identified as universal/generic by v2 policy,medium
manzanilla olive,2,2,retain,1.0,not identified as universal/generic by v2 policy,medium
marcona almond,2,2,retain,1.0,not identified as universal/generic by v2 policy,medium
campbells condensed cream of mushroom soup,2,2,retain,1.0,not identified as universal/generic by v2 policy,medium
calcium plus vitamin d,2,2,retain,1.0,not identified as universal/generic by v2 policy,medium
cuttlefish ball,2,1,retain,1.0,not identified as universal/generic by v2 policy,medium
thick and chunky mild salsa,2,1,retain,1.0,not identified as universal/generic by v2 policy,medium
thickener,2,1,retain,1.0,not identified as universal/generic by v2 policy,medium
thin rice stick noodle,2,1,retain,1.0,not identified as universal/generic by v2 policy,medium
tex-mex shredded cheese,2,1,retain,1.0,not identified as universal/generic by v2 policy,medium
texas pete hot sauce,2,1,retain,1.0,not identified as universal/generic by v2 policy,medium
texas toast bread,2,2,retain,1.0,not identified as universal/generic by v2 policy,medium
textured soy protein,2,1,retain,1.0,not identified as universal/generic by v2 policy,medium
ginkgo nut,2,1,retain,1.0,not identified as universal/generic by v2 policy,medium
ginger syrup,2,2,retain,1.0,not identified as universal/generic by v2 policy,medium
giant white bean,2,2,retain,1.0,not identified as universal/generic by v2 policy,medium
pasilla chile pepper,2,1,retain,1.0,not identified as universal/generic by v2 policy,medium
parsley root,2,1,retain,1.0,not identified as universal/generic by v2 policy,medium
beef marrow,2,2,retain,1.0,not identified as universal/generic by v2 policy,medium
flan,2,2,retain,1.0,not identified as universal/generic by v2 policy,medium
flat cut,2,2,retain,1.0,not identified as universal/generic by v2 policy,medium
cabrale,2,1,retain,1.0,not identified as universal/generic by v2 policy,medium
canned tuna,2,2,retain,1.0,not identified as universal/generic by v2 policy,medium
cannelloni shell,2,1,retain,1.0,not identified as universal/generic by v2 policy,medium
canned jalapeno pepper,2,1,retain,1.0,not identified as universal/generic by v2 policy,medium
crumbled cheese,2,1,retain,1.0,not identified as universal/generic by v2 policy,medium
garlic flake,2,2,retain,1.0,not identified as universal/generic by v2 policy,medium
garlic alfredo sauce,2,1,retain,1.0,not identified as universal/generic by v2 policy,medium
gingersnap cookie crumb,2,2,retain,1.0,not identified as universal/generic by v2 policy,medium
tofu puff,2,2,retain,1.0,not identified as universal/generic by v2 policy,medium
capocollo,2,1,retain,1.0,not identified as universal/generic by v2 policy,medium
capon,2,2,retain,1.0,not identified as universal/generic by v2 policy,medium
low-sodium low-fat chicken broth,2,2,retain,1.0,not identified as universal/generic by v2 policy,medium
semi firm tofu,2,2,retain,1.0,not identified as universal/generic by v2 policy,medium
semi pearled farro,2,1,retain,1.0,not identified as universal/generic by v2 policy,medium
low-fat shredded cheddar cheese,2,1,retain,1.0,not identified as universal/generic by v2 policy,medium
low-fat smoked sausage,2,2,retain,1.0,not identified as universal/generic by v2 policy,medium
sucanat,2,2,retain,1.0,not identified as universal/generic by v2 policy,medium
sub roll,2,2,retain,1.0,not identified as universal/generic by v2 policy,medium
strip steak,2,2,retain,1.0,not identified as universal/generic by v2 policy,medium
crab claw,2,2,retain,1.0,not identified as universal/generic by v2 policy,medium
tomato chutney,2,2,retain,1.0,not identified as universal/generic by v2 policy,medium
tobiko,2,1,retain,1.0,not identified as universal/generic by v2 policy,medium
toffee bit,2,1,retain,1.0,not identified as universal/generic by v2 policy,medium
toffee sauce,2,1,retain,1.0,not identified as universal/generic by v2 policy,medium
peel tomatoes undrain and chop,2,2,retain,1.0,not identified as universal/generic by v2 policy,medium
peaches in light syrup,2,1,retain,1.0,not identified as universal/generic by v2 policy,medium
pepperocini,2,1,retain,1.0,not identified as universal/generic by v2 policy,medium
peppered bacon,2,2,retain,1.0,not identified as universal/generic by v2 policy,medium
pepperidge farm puff pastry sheet,2,2,retain,1.0,not identified as universal/generic by v2 policy,medium
peppermint,2,2,retain,1.0,not identified as universal/generic by v2 policy,medium
caramel ice cream,2,2,retain,1.0,not identified as universal/generic by v2 policy,medium
sugar cookie dough,2,2,retain,1.0,not identified as universal/generic by v2 policy,medium
beef sirloin steak,2,2,retain,1.0,not identified as universal/generic by v2 policy,medium
beef smoked sausage,2,1,retain,1.0,not identified as universal/generic by v2 policy,medium
beef soup bone,2,2,retain,1.0,not identified as universal/generic by v2 policy,medium
pea eggplant,2,1,retain,1.0,not identified as universal/generic by v2 policy,medium
peach,2,2,retain,1.0,not identified as universal/generic by v2 policy,medium
peach juice,2,1,retain,1.0,not identified as universal/generic by v2 policy,medium
pasti,2,1,retain,1.0,not identified as universal/generic by v2 policy,medium
pastina,2,1,retain,1.0,not identified as universal/generic by v2 policy,medium
veal loin chop,2,1,retain,1.0,not identified as universal/generic by v2 policy,medium
veal scallopini,2,1,retain,1.0,not identified as universal/generic by v2 policy,medium
veal knuckle,2,1,retain,1.0,not identified as universal/generic by v2 policy,medium
low-fat baked tortilla chip,2,1,retain,1.0,not identified as universal/generic by v2 policy,medium
low fat tortilla chip,2,1,retain,1.0,not identified as universal/generic by v2 policy,medium
barilla oven-ready lasagne,2,1,retain,1.0,not identified as universal/generic by v2 policy,medium
beef boneless meat stew,2,2,retain,1.0,not identified as universal/generic by v2 policy,medium
diet dr pepper,2,1,retain,1.0,not identified as universal/generic by v2 policy,medium
barley miso,2,1,retain,1.0,not identified as universal/generic by v2 policy,medium
barolo,2,1,retain,1.0,not identified as universal/generic by v2 policy,medium
sesame salt,2,1,retain,1.0,not identified as universal/generic by v2 policy,medium
low-fat goat cheese,2,1,retain,1.0,not identified as universal/generic by v2 policy,medium
low-fat coffee ice cream,2,1,retain,1.0,not identified as universal/generic by v2 policy,medium
canola oil cooking spray,2,1,retain,1.0,not identified as universal/generic by v2 policy,medium
veget soup mix,2,2,retain,1.0,not identified as universal/generic by v2 policy,medium
veal tongue,2,2,retain,1.0,not identified as universal/generic by v2 policy,medium
beef rib eye steak,2,1,retain,1.0,not identified as universal/generic by v2 policy,medium
beef rump,2,2,retain,1.0,not identified as universal/generic by v2 policy,medium
pepper ring,2,2,retain,1.0,not identified as universal/generic by v2 policy,medium
regular sugar,2,1,retain,1.0,not identified as universal/generic by v2 policy,medium
rennet,2,1,retain,1.0,not identified as universal/generic by v2 policy,medium
regular cucumber,2,1,retain,1.0,not identified as universal/generic by v2 policy,medium
regular sour cream,2,2,retain,1.0,not identified as universal/generic by v2 policy,medium
refrigerated four cheese ravioli,2,1,retain,1.0,not identified as universal/generic by v2 policy,medium
luncheon meat,2,1,retain,1.0,not identified as universal/generic by v2 policy,medium
m and ms candy,2,2,retain,1.0,not identified as universal/generic by v2 policy,medium
canned bean,2,1,retain,1.0,not identified as universal/generic by v2 policy,medium
canned chipotle,2,1,retain,1.0,not identified as universal/generic by v2 policy,medium
candy cane,2,2,retain,1.0,not identified as universal/generic by v2 policy,medium
carambola,2,2,retain,1.0,not identified as universal/generic by v2 policy,medium
bean soup mix,2,2,retain,1.0,not identified as universal/generic by v2 policy,medium
bbq seasoning,2,1,retain,1.0,not identified as universal/generic by v2 policy,medium
cream cheese lowfat,2,2,retain,1.0,not identified as universal/generic by v2 policy,medium
cream cheese spread,2,2,retain,1.0,not identified as universal/generic by v2 policy,medium
cream cheese with chive,2,1,retain,1.0,not identified as universal/generic by v2 policy,medium
cream cheese with chives and onion,2,1,retain,1.0,not identified as universal/generic by v2 policy,medium
cream filled chocolate sandwich cooky,2,2,retain,1.0,not identified as universal/generic by v2 policy,medium
celery flake,2,1,retain,1.0,not identified as universal/generic by v2 policy,medium
shanghai bok choy,2,1,retain,1.0,not identified as universal/generic by v2 policy,medium
cava,2,1,retain,1.0,not identified as universal/generic by v2 policy,medium
carnation,2,2,retain,1.0,not identified as universal/generic by v2 policy,medium
gluten-free pasta,2,2,retain,1.0,not identified as universal/generic by v2 policy,medium
gluten free cornmeal,2,1,retain,1.0,not identified as universal/generic by v2 policy,medium
gluten-free breadcrumb,2,2,retain,1.0,not identified as universal/generic by v2 policy,medium
gluten free blend,2,2,retain,1.0,not identified as universal/generic by v2 policy,medium
glace de viande,2,1,retain,1.0,not identified as universal/generic by v2 policy,medium
godiva chocolate liqueur,2,2,retain,1.0,not identified as universal/generic by v2 policy,medium
gobo root,2,1,retain,1.0,not identified as universal/generic by v2 policy,medium
filo,2,2,retain,1.0,not identified as universal/generic by v2 policy,medium
fiesta sidestm - mexican rice,2,1,retain,1.0,not identified as universal/generic by v2 policy,medium
beef bouillon powder,2,2,retain,1.0,not identified as universal/generic by v2 policy,medium
beau monde seasoning,2,2,retain,1.0,not identified as universal/generic by v2 policy,medium
beaujolai,2,1,retain,1.0,not identified as universal/generic by v2 policy,medium
carp,2,2,retain,1.0,not identified as universal/generic by v2 policy,medium
carpaccio,2,2,retain,1.0,not identified as universal/generic by v2 policy,medium
cascabel chile,2,2,retain,1.0,not identified as universal/generic by v2 policy,medium
devils food cake mix,2,2,retain,1.0,not identified as universal/generic by v2 policy,medium
ficelle,2,1,retain,1.0,not identified as universal/generic by v2 policy,medium
fermented bean paste,2,1,retain,1.0,not identified as universal/generic by v2 policy,medium
fat-free shredded cheddar cheese,2,1,retain,1.0,not identified as universal/generic by v2 policy,medium
finely ground coffee,2,2,retain,1.0,not identified as universal/generic by v2 policy,medium
finger chili,2,2,retain,1.0,not identified as universal/generic by v2 policy,medium
fillet steak,2,2,retain,1.0,not identified as universal/generic by v2 policy,medium
filling,2,2,retain,1.0,not identified as universal/generic by v2 policy,medium
shell steak,2,2,retain,1.0,not identified as universal/generic by v2 policy,medium
cream ic peach,2,1,retain,1.0,not identified as universal/generic by v2 policy,medium
gluten-free spaghetti,2,1,retain,1.0,not identified as universal/generic by v2 policy,medium
strained yogurt,2,2,retain,1.0,not identified as universal/generic by v2 policy,medium
stonefire italian artisan pizza crust,2,1,retain,1.0,not identified as universal/generic by v2 policy,medium
stonefire italian thin pizza crust,2,1,retain,1.0,not identified as universal/generic by v2 policy,medium
stir fry beef meat,2,2,retain,1.0,not identified as universal/generic by v2 policy,medium
couli,2,1,retain,1.0,not identified as universal/generic by v2 policy,medium
pilsner,2,2,retain,1.0,not identified as universal/generic by v2 policy,medium
pignoli,2,1,retain,1.0,not identified as universal/generic by v2 policy,medium
pigs trotter,2,2,retain,1.0,not identified as universal/generic by v2 policy,medium
pie crust mix,2,2,retain,1.0,not identified as universal/generic by v2 policy,medium
pickling liquid,2,2,retain,1.0,not identified as universal/generic by v2 policy,medium
pink lady apple,2,2,retain,1.0,not identified as universal/generic by v2 policy,medium
pinot blanc,2,1,retain,1.0,not identified as universal/generic by v2 policy,medium
white grapefruit,2,2,retain,1.0,not identified as universal/generic by v2 policy,medium
castellane,2,1,retain,1.0,not identified as universal/generic by v2 policy,medium
cashew chop unsalt,2,2,retain,1.0,not identified as universal/generic by v2 policy,medium
cassava meal,2,1,retain,1.0,not identified as universal/generic by v2 policy,medium
bee pollen,2,1,retain,1.0,not identified as universal/generic by v2 policy,medium
pickle spear,2,2,retain,1.0,not identified as universal/generic by v2 policy,medium
pickle wedge,2,1,retain,1.0,not identified as universal/generic by v2 policy,medium
pickled garlic,2,2,retain,1.0,not identified as universal/generic by v2 policy,medium
petit poi,2,1,retain,1.0,not identified as universal/generic by v2 policy,medium
char,2,1,retain,1.0,not identified as universal/generic by v2 policy,medium
char fillet,2,1,retain,1.0,not identified as universal/generic by v2 policy,medium
licorice root,2,2,retain,1.0,not identified as universal/generic by v2 policy,medium
less sodium chicken broth,2,2,retain,1.0,not identified as universal/generic by v2 policy,medium
linguine cook and drain,2,1,retain,1.0,not identified as universal/generic by v2 policy,medium
link,2,1,retain,1.0,not identified as universal/generic by v2 policy,medium
lotus seed,2,2,retain,1.0,not identified as universal/generic by v2 policy,medium
long green bean,2,2,retain,1.0,not identified as universal/generic by v2 policy,medium
grassfed beef,2,2,retain,1.0,not identified as universal/generic by v2 policy,medium
condensed reduced fat reduced sodium tomato soup,2,2,retain,1.0,not identified as universal/generic by v2 policy,medium
condensed soup,2,2,retain,1.0,not identified as universal/generic by v2 policy,medium
conch,2,2,retain,1.0,not identified as universal/generic by v2 policy,medium
cheese stick,2,1,retain,1.0,not identified as universal/generic by v2 policy,medium
cheddar cheese soup,2,2,retain,1.0,not identified as universal/generic by v2 policy,medium
dukkah,2,2,retain,1.0,not identified as universal/generic by v2 policy,medium
fat free ice cream,2,2,retain,1.0,not identified as universal/generic by v2 policy,medium
pineapple juice concentrate,2,2,retain,1.0,not identified as universal/generic by v2 policy,medium
pitted cherry,2,2,retain,1.0,not identified as universal/generic by v2 policy,medium
baby turnip,2,1,retain,1.0,not identified as universal/generic by v2 policy,medium
bacardi,2,2,retain,1.0,not identified as universal/generic by v2 policy,medium
banh pho rice noodle,2,1,retain,1.0,not identified as universal/generic by v2 policy,medium
grain rice,2,2,retain,1.0,not identified as universal/generic by v2 policy,medium
graham cracker pie crust,2,1,retain,1.0,not identified as universal/generic by v2 policy,medium
goya sazon,2,1,retain,1.0,not identified as universal/generic by v2 policy,medium
vanilla low-fat ic cream,2,2,retain,1.0,not identified as universal/generic by v2 policy,medium
vanilla soy milk,2,2,retain,1.0,not identified as universal/generic by v2 policy,medium
vanilla frosting,2,2,retain,1.0,not identified as universal/generic by v2 policy,medium
vanilla cream,2,1,retain,1.0,not identified as universal/generic by v2 policy,medium
lemon dressing,2,2,retain,1.0,not identified as universal/generic by v2 policy,medium
white lily flour,2,1,retain,1.0,not identified as universal/generic by v2 policy,medium
white arborio rice,2,1,retain,1.0,not identified as universal/generic by v2 policy,medium
white baking bar,2,1,retain,1.0,not identified as universal/generic by v2 policy,medium
lavender bud,2,2,retain,1.0,not identified as universal/generic by v2 policy,medium
lavender flower,2,1,retain,1.0,not identified as universal/generic by v2 policy,medium
lavash,2,2,retain,1.0,not identified as universal/generic by v2 policy,medium
land o lakes butter,2,1,retain,1.0,not identified as universal/generic by v2 policy,medium
center-cut salmon fillet,2,2,retain,1.0,not identified as universal/generic by v2 policy,medium
cereal flake,2,2,retain,1.0,not identified as universal/generic by v2 policy,medium
ceylon cinnamon,2,2,retain,1.0,not identified as universal/generic by v2 policy,medium
veal breast,2,1,retain,1.0,not identified as universal/generic by v2 policy,medium
shortcake,2,2,retain,1.0,not identified as universal/generic by v2 policy,medium
shoulder lamb chop,2,2,retain,1.0,not identified as universal/generic by v2 policy,medium
shoulder meat,2,2,retain,1.0,not identified as universal/generic by v2 policy,medium
cherry gelatin,2,1,retain,1.0,not identified as universal/generic by v2 policy,medium
poire william,2,2,retain,1.0,not identified as universal/generic by v2 policy,medium
pollock,2,2,retain,1.0,not identified as universal/generic by v2 policy,medium
baby tatsoi,2,1,retain,1.0,not identified as universal/generic by v2 policy,medium
baby artichoke,2,2,retain,1.0,not identified as universal/generic by v2 policy,medium
chicken broth low fat,2,2,retain,1.0,not identified as universal/generic by v2 policy,medium
chicken stock pot,2,2,retain,1.0,not identified as universal/generic by v2 policy,medium
lamb breast,2,1,retain,1.0,not identified as universal/generic by v2 policy,medium
shungiku,2,1,retain,1.0,not identified as universal/generic by v2 policy,medium
shrimp powder,2,2,retain,1.0,not identified as universal/generic by v2 policy,medium
shrimp small uncook,2,2,retain,1.0,not identified as universal/generic by v2 policy,medium
shoulder roast,2,2,retain,1.0,not identified as universal/generic by v2 policy,medium
shrimp meat,2,2,retain,1.0,not identified as universal/generic by v2 policy,medium
balsamic vinaigrette salad dressing,2,1,retain,1.0,not identified as universal/generic by v2 policy,medium
piquillo pepper,2,1,retain,1.0,not identified as universal/generic by v2 policy,medium
piri-piri sauce,2,2,retain,1.0,not identified as universal/generic by v2 policy,medium
pisco,2,2,retain,1.0,not identified as universal/generic by v2 policy,medium
knox unflavored gelatin,2,2,retain,1.0,not identified as universal/generic by v2 policy,medium
lamb steak,2,1,retain,1.0,not identified as universal/generic by v2 policy,medium
lamb rack,2,2,retain,1.0,not identified as universal/generic by v2 policy,medium
lamb for stew,2,2,retain,1.0,not identified as universal/generic by v2 policy,medium
fast rising yeast,2,2,retain,1.0,not identified as universal/generic by v2 policy,medium
fast-rising active dry yeast,2,2,retain,1.0,not identified as universal/generic by v2 policy,medium
tamarind water,2,2,retain,1.0,not identified as universal/generic by v2 policy,medium
tagliarini,2,1,retain,1.0,not identified as universal/generic by v2 policy,medium
teriyaki marinade,2,2,retain,1.0,not identified as universal/generic by v2 policy,medium
disco empanada frozen,2,1,retain,1.0,not identified as universal/generic by v2 policy,medium
diamond crystal kosher salt,2,2,retain,1.0,not identified as universal/generic by v2 policy,medium
diced tomatoe,2,2,retain,1.0,not identified as universal/generic by v2 policy,medium
kokum,2,1,retain,1.0,not identified as universal/generic by v2 policy,medium
komatsuna,2,1,retain,1.0,not identified as universal/generic by v2 policy,medium
knoblauch,2,2,retain,1.0,not identified as universal/generic by v2 policy,medium
kasu,2,1,retain,1.0,not identified as universal/generic by v2 policy,medium
katakuriko,2,1,retain,1.0,not identified as universal/generic by v2 policy,medium
katsuo bushi,2,1,retain,1.0,not identified as universal/generic by v2 policy,medium
karashi,2,1,retain,1.0,not identified as universal/generic by v2 policy,medium
kirschwasser,2,2,retain,1.0,not identified as universal/generic by v2 policy,medium
gram dal,2,1,retain,1.0,not identified as universal/generic by v2 policy,medium
stevia powder,2,2,retain,1.0,not identified as universal/generic by v2 policy,medium
stewing steak,2,2,retain,1.0,not identified as universal/generic by v2 policy,medium
steel-cut oatmeal,2,2,retain,1.0,not identified as universal/generic by v2 policy,medium
stem ginger in syrup,2,2,retain,1.0,not identified as universal/generic by v2 policy,medium
steak fillet,2,1,retain,1.0,not identified as universal/generic by v2 policy,medium
coke zero,2,1,retain,1.0,not identified as universal/generic by v2 policy,medium
korma paste,2,1,retain,1.0,not identified as universal/generic by v2 policy,medium
reduced fat whipped topping,2,1,retain,1.0,not identified as universal/generic by v2 policy,medium
reduced fat provolone cheese,2,2,retain,1.0,not identified as universal/generic by v2 policy,medium
reduced fat ranch dressing,2,2,retain,1.0,not identified as universal/generic by v2 policy,medium
skin on bone in chicken leg,2,2,retain,1.0,not identified as universal/generic by v2 policy,medium
silver dragee,2,2,retain,1.0,not identified as universal/generic by v2 policy,medium
kung pao sauce,2,1,retain,1.0,not identified as universal/generic by v2 policy,medium
lady finger,2,1,retain,1.0,not identified as universal/generic by v2 policy,medium
condensed cream,2,2,retain,1.0,not identified as universal/generic by v2 policy,medium
baby broccoli,2,1,retain,1.0,not identified as universal/generic by v2 policy,medium
au jus gravy mix,2,1,retain,1.0,not identified as universal/generic by v2 policy,medium
au jus mix,2,2,retain,1.0,not identified as universal/generic by v2 policy,medium
bacon salt,2,2,retain,1.0,not identified as universal/generic by v2 policy,medium
reduced sugar orange marmalade,2,1,retain,1.0,not identified as universal/generic by v2 policy,medium
refined sugar,2,1,retain,1.0,not identified as universal/generic by v2 policy,medium
reduced fat reduced sodium swiss cheese,2,2,retain,1.0,not identified as universal/generic by v2 policy,medium
reduced fat ricotta cheese,2,1,retain,1.0,not identified as universal/generic by v2 policy,medium
v8,2,2,retain,1.0,not identified as universal/generic by v2 policy,medium
valencia rice,2,1,retain,1.0,not identified as universal/generic by v2 policy,medium
unsulphured molasse,2,2,retain,1.0,not identified as universal/generic by v2 policy,medium
unsalted butter,2,2,retain,1.0,not identified as universal/generic by v2 policy,medium
unsmoked bacon,2,1,retain,1.0,not identified as universal/generic by v2 policy,medium
chinese chili paste,2,2,retain,1.0,not identified as universal/generic by v2 policy,medium
chinese cinnamon,2,2,retain,1.0,not identified as universal/generic by v2 policy,medium
kefalotiri,2,1,retain,1.0,not identified as universal/generic by v2 policy,medium
dri basil leaves crush,2,1,retain,1.0,not identified as universal/generic by v2 policy,medium
doubanjiang,2,1,retain,1.0,not identified as universal/generic by v2 policy,medium
duck stock,2,2,retain,1.0,not identified as universal/generic by v2 policy,medium
duckling,2,1,retain,1.0,not identified as universal/generic by v2 policy,medium
smoked fully cooked ham,2,2,retain,1.0,not identified as universal/generic by v2 policy,medium
keema,2,1,retain,1.0,not identified as universal/generic by v2 policy,medium
chicken wingette,2,2,retain,1.0,not identified as universal/generic by v2 policy,medium
chicory,2,2,retain,1.0,not identified as universal/generic by v2 policy,medium
skate wing,2,1,retain,1.0,not identified as universal/generic by v2 policy,medium
reduced fat reduced sodium cream of mushroom soup,2,2,retain,1.0,not identified as universal/generic by v2 policy,medium
reduced fat chunky peanut butter,2,1,retain,1.0,not identified as universal/generic by v2 policy,medium
reduced fat cream of mushroom soup,2,2,retain,1.0,not identified as universal/generic by v2 policy,medium
reduced fat italian dressing,2,1,retain,1.0,not identified as universal/generic by v2 policy,medium
erythritol,2,2,retain,1.0,not identified as universal/generic by v2 policy,medium
fat free lemon curd,2,1,retain,1.0,not identified as universal/generic by v2 policy,medium
fat free less sodium vegetable broth,2,2,retain,1.0,not identified as universal/generic by v2 policy,medium
kitchen bouquet,2,2,retain,1.0,not identified as universal/generic by v2 policy,medium
kikkoman oyster sauce,2,1,retain,1.0,not identified as universal/generic by v2 policy,medium
chicken gravy,2,1,retain,1.0,not identified as universal/generic by v2 policy,medium
chicken gravy mix,2,1,retain,1.0,not identified as universal/generic by v2 policy,medium
chilean sea bass fillet,2,2,retain,1.0,not identified as universal/generic by v2 policy,medium
chili con carne,2,1,retain,1.0,not identified as universal/generic by v2 policy,medium
chile puree,2,2,retain,1.0,not identified as universal/generic by v2 policy,medium
chile verde,2,1,retain,1.0,not identified as universal/generic by v2 policy,medium
coconut milk powder,2,2,retain,1.0,not identified as universal/generic by v2 policy,medium
coconut milk yogurt,2,2,retain,1.0,not identified as universal/generic by v2 policy,medium
coconut butter,2,2,retain,1.0,not identified as universal/generic by v2 policy,medium
smooth natural peanut butter,2,1,retain,1.0,not identified as universal/generic by v2 policy,medium
chinese ginger,2,2,retain,1.0,not identified as universal/generic by v2 policy,medium
chinese black bean,2,1,retain,1.0,not identified as universal/generic by v2 policy,medium
chilli bean sauce,2,2,retain,1.0,not identified as universal/generic by v2 policy,medium
chili habanero pepper,2,2,retain,1.0,not identified as universal/generic by v2 policy,medium
tostito,2,1,retain,1.0,not identified as universal/generic by v2 policy,medium
tortellini cook and drain,2,1,retain,1.0,not identified as universal/generic by v2 policy,medium
top loin steak,2,1,retain,1.0,not identified as universal/generic by v2 policy,medium
tomatoes on the vine,2,2,retain,1.0,not identified as universal/generic by v2 policy,medium
greater galangal,2,1,retain,1.0,not identified as universal/generic by v2 policy,medium
greek dressing,2,1,retain,1.0,not identified as universal/generic by v2 policy,medium
gravy granule,2,1,retain,1.0,not identified as universal/generic by v2 policy,medium
gravy master,2,1,retain,1.0,not identified as universal/generic by v2 policy,medium
porcini powder,2,1,retain,1.0,not identified as universal/generic by v2 policy,medium
popped popcorn,2,2,retain,1.0,not identified as universal/generic by v2 policy,medium
poppy seed dressing,2,1,retain,1.0,not identified as universal/generic by v2 policy,medium
pompano fillet,2,2,retain,1.0,not identified as universal/generic by v2 policy,medium
pork rib chop,2,2,retain,1.0,not identified as universal/generic by v2 policy,medium
pork chops 1 inch thick,2,1,retain,1.0,not identified as universal/generic by v2 policy,medium
potato roll,2,2,retain,1.0,not identified as universal/generic by v2 policy,medium
arrowroot flour,2,2,retain,1.0,not identified as universal/generic by v2 policy,medium
kelp noodle,2,1,retain,1.0,not identified as universal/generic by v2 policy,medium
karo syrup,2,1,retain,1.0,not identified as universal/generic by v2 policy,medium
kashmiri chile,2,1,retain,1.0,not identified as universal/generic by v2 policy,medium
white tequila,2,1,retain,1.0,not identified as universal/generic by v2 policy,medium
baby okra,2,1,retain,1.0,not identified as universal/generic by v2 policy,medium
baby radishe,2,1,retain,1.0,not identified as universal/generic by v2 policy,medium
pork blade steak,2,2,retain,1.0,not identified as universal/generic by v2 policy,medium
pork cheek,2,2,retain,1.0,not identified as universal/generic by v2 policy,medium
jamaica,2,2,retain,1.0,not identified as universal/generic by v2 policy,medium
jif creamy peanut butter,2,1,retain,1.0,not identified as universal/generic by v2 policy,medium
jiffy corn muffin mix,2,2,retain,1.0,not identified as universal/generic by v2 policy,medium
jerk paste,2,1,retain,1.0,not identified as universal/generic by v2 policy,medium
jasmine brown rice,2,1,retain,1.0,not identified as universal/generic by v2 policy,medium
chocolate spread,2,2,retain,1.0,not identified as universal/generic by v2 policy,medium
instant pudding mix,2,1,retain,1.0,not identified as universal/generic by v2 policy,medium
indian spice,2,1,retain,1.0,not identified as universal/generic by v2 policy,medium
poussin,2,2,retain,1.0,not identified as universal/generic by v2 policy,medium
soft sandwich roll,2,1,retain,1.0,not identified as universal/generic by v2 policy,medium
soft bun,2,2,retain,1.0,not identified as universal/generic by v2 policy,medium
snow pea pod,2,2,retain,1.0,not identified as universal/generic by v2 policy,medium
snapper head,2,2,retain,1.0,not identified as universal/generic by v2 policy,medium
japanese mayonnaise,2,1,retain,1.0,not identified as universal/generic by v2 policy,medium
jambalaya rice mix,2,1,retain,1.0,not identified as universal/generic by v2 policy,medium
jamaican curry powder,2,1,retain,1.0,not identified as universal/generic by v2 policy,medium
asian wheat noodle,2,2,retain,1.0,not identified as universal/generic by v2 policy,medium
asian barbecue sauce,2,2,retain,1.0,not identified as universal/generic by v2 policy,medium
pork tongue,2,1,retain,1.0,not identified as universal/generic by v2 policy,medium
pork sirloin,2,2,retain,1.0,not identified as universal/generic by v2 policy,medium
pork sirloin roast,2,1,retain,1.0,not identified as universal/generic by v2 policy,medium
pork tail,2,2,retain,1.0,not identified as universal/generic by v2 policy,medium
praline liqueur,2,2,retain,1.0,not identified as universal/generic by v2 policy,medium
precooked meatball,2,1,retain,1.0,not identified as universal/generic by v2 policy,medium
chinese turnip,2,2,retain,1.0,not identified as universal/generic by v2 policy,medium
jell-o gelatin dessert,2,2,retain,1.0,not identified as universal/generic by v2 policy,medium
kalamansi juice,2,1,retain,1.0,not identified as universal/generic by v2 policy,medium
kabuli channa,2,2,retain,1.0,not identified as universal/generic by v2 policy,medium
johnsonville mild italian ground sausage,2,1,retain,1.0,not identified as universal/generic by v2 policy,medium
apricot brandy,2,2,retain,1.0,not identified as universal/generic by v2 policy,medium
aspic,2,2,retain,1.0,not identified as universal/generic by v2 policy,medium
asian rice noodle,2,2,retain,1.0,not identified as universal/generic by v2 policy,medium
progressotm chicken broth,2,2,retain,1.0,not identified as universal/generic by v2 policy,medium
homemade vegetable stock,2,2,retain,1.0,not identified as universal/generic by v2 policy,medium
iced tea,2,1,retain,1.0,not identified as universal/generic by v2 policy,medium
i cant believ it not butter made with olive oil spread,2,2,retain,1.0,not identified as universal/generic by v2 policy,medium
ibarra,2,1,retain,1.0,not identified as universal/generic by v2 policy,medium
huitlacoche,2,1,retain,1.0,not identified as universal/generic by v2 policy,medium
hungarian hot paprika,2,1,retain,1.0,not identified as universal/generic by v2 policy,medium
sour mix,2,2,retain,1.0,not identified as universal/generic by v2 policy,medium
wild garlic,2,1,retain,1.0,not identified as universal/generic by v2 policy,medium
artichoke bottom,2,2,retain,1.0,not identified as universal/generic by v2 policy,medium
potatoes obrien,2,2,retain,1.0,not identified as universal/generic by v2 policy,medium
redfish,2,1,retain,1.0,not identified as universal/generic by v2 policy,medium
red sockeye,2,2,retain,1.0,not identified as universal/generic by v2 policy,medium
red serrano pepper,2,2,retain,1.0,not identified as universal/generic by v2 policy,medium
red mullet,2,2,retain,1.0,not identified as universal/generic by v2 policy,medium
red pepper hot sauce,2,2,retain,1.0,not identified as universal/generic by v2 policy,medium
cold meatloaf,2,1,retain,1.0,not identified as universal/generic by v2 policy,medium
green chard,2,2,retain,1.0,not identified as universal/generic by v2 policy,medium
green chile sauce,2,1,retain,1.0,not identified as universal/generic by v2 policy,medium
guinea hen,2,1,retain,1.0,not identified as universal/generic by v2 policy,medium
anise oil,2,1,retain,1.0,not identified as universal/generic by v2 policy,medium
anise powder,2,1,retain,1.0,not identified as universal/generic by v2 policy,medium
wonton noodle,2,1,retain,1.0,not identified as universal/generic by v2 policy,medium
wolf brand chili,2,1,retain,1.0,not identified as universal/generic by v2 policy,medium
italian-style meatball,2,1,retain,1.0,not identified as universal/generic by v2 policy,medium
chinese red rice vinegar,2,1,retain,1.0,not identified as universal/generic by v2 policy,medium
chocolate chunk,2,2,retain,1.0,not identified as universal/generic by v2 policy,medium
chitterling,2,2,retain,1.0,not identified as universal/generic by v2 policy,medium
turkey thigh,2,2,retain,1.0,not identified as universal/generic by v2 policy,medium
collard leave,2,2,retain,1.0,not identified as universal/generic by v2 policy,medium
comino,2,1,retain,1.0,not identified as universal/generic by v2 policy,medium
cole slaw mix,2,2,retain,1.0,not identified as universal/generic by v2 policy,medium
turbot,2,1,retain,1.0,not identified as universal/generic by v2 policy,medium
tuna drained and flaked,2,2,retain,1.0,not identified as universal/generic by v2 policy,medium
hong kong-style noodle,2,1,retain,1.0,not identified as universal/generic by v2 policy,medium
hoop cheese,2,1,retain,1.0,not identified as universal/generic by v2 policy,medium
honey dijon mustard,2,2,retain,1.0,not identified as universal/generic by v2 policy,medium
hoja santa leave,2,1,retain,1.0,not identified as universal/generic by v2 policy,medium
high-gluten flour,2,1,retain,1.0,not identified as universal/generic by v2 policy,medium
spring green,2,2,retain,1.0,not identified as universal/generic by v2 policy,medium
horseradish mustard,2,2,retain,1.0,not identified as universal/generic by v2 policy,medium
chocolate truffle,2,2,retain,1.0,not identified as universal/generic by v2 policy,medium
chocolate mix,2,2,retain,1.0,not identified as universal/generic by v2 policy,medium
chocolate mousse,2,1,retain,1.0,not identified as universal/generic by v2 policy,medium
chocolate sandwich cooky,2,1,retain,1.0,not identified as universal/generic by v2 policy,medium
turkey carcass,2,2,retain,1.0,not identified as universal/generic by v2 policy,medium
turkey breast deli meat,2,2,retain,1.0,not identified as universal/generic by v2 policy,medium
turkey breast tenderloin,2,2,retain,1.0,not identified as universal/generic by v2 policy,medium
eating apple,2,2,retain,1.0,not identified as universal/generic by v2 policy,medium
e-fu noodl,2,1,retain,1.0,not identified as universal/generic by v2 policy,medium
tarama,2,1,retain,1.0,not identified as universal/generic by v2 policy,medium
european style butter,2,2,retain,1.0,not identified as universal/generic by v2 policy,medium
soy chorizo,2,2,retain,1.0,not identified as universal/generic by v2 policy,medium
soursop,2,1,retain,1.0,not identified as universal/generic by v2 policy,medium
southern comfort liqueur,2,1,retain,1.0,not identified as universal/generic by v2 policy,medium
southwest seasoning,2,1,retain,1.0,not identified as universal/generic by v2 policy,medium
sour orange juice,2,2,retain,1.0,not identified as universal/generic by v2 policy,medium
soup mix,2,2,retain,1.0,not identified as universal/generic by v2 policy,medium
solid white tuna in oil,2,2,retain,1.0,not identified as universal/generic by v2 policy,medium
sorghum,2,1,retain,1.0,not identified as universal/generic by v2 policy,medium
irish red ale,2,1,retain,1.0,not identified as universal/generic by v2 policy,medium
unbaked pie shell,2,2,retain,1.0,not identified as universal/generic by v2 policy,medium
tvp,2,2,retain,1.0,not identified as universal/generic by v2 policy,medium
anasazi bean,2,1,retain,1.0,not identified as universal/generic by v2 policy,medium
dry hard cider,2,2,retain,1.0,not identified as universal/generic by v2 policy,medium
eel,2,2,retain,1.0,not identified as universal/generic by v2 policy,medium
abalone,2,1,retain,1.0,not identified as universal/generic by v2 policy,medium
zucchini blossom,2,2,retain,1.0,not identified as universal/generic by v2 policy,medium
yellow pea,2,2,retain,1.0,not identified as universal/generic by v2 policy,medium
2 lowfat greek yogurt,2,1,retain,1.0,not identified as universal/generic by v2 policy,medium
2 1 2 to 3 lb chicken cut into serving piece,2,1,retain,1.0,not identified as universal/generic by v2 policy,medium
razor clam,2,2,retain,1.0,not identified as universal/generic by v2 policy,medium
red bartlett pear,2,2,retain,1.0,not identified as universal/generic by v2 policy,medium
yogurt cheese,2,1,retain,1.0,not identified as universal/generic by v2 policy,medium
dumpling skin,2,1,retain,1.0,not identified as universal/generic by v2 policy,medium
teardrop tomatoe,2,1,retain,1.0,not identified as universal/generic by v2 policy,medium
teleme,2,1,retain,1.0,not identified as universal/generic by v2 policy,medium
tartlet shell,2,1,retain,1.0,not identified as universal/generic by v2 policy,medium
tatsoi,2,2,retain,1.0,not identified as universal/generic by v2 policy,medium
dry gin,2,2,retain,1.0,not identified as universal/generic by v2 policy,medium
cocoa mix,2,1,retain,1.0,not identified as universal/generic by v2 policy,medium
coarse-grain salt,2,2,retain,1.0,not identified as universal/generic by v2 policy,medium
hard cider,2,2,retain,1.0,not identified as universal/generic by v2 policy,medium
herbed goat cheese,2,2,retain,1.0,not identified as universal/generic by v2 policy,medium
herb seasoned stuffing,2,1,retain,1.0,not identified as universal/generic by v2 policy,medium
herb seasoned stuffing mix,2,1,retain,1.0,not identified as universal/generic by v2 policy,medium
hellmanns light mayonnaise,2,1,retain,1.0,not identified as universal/generic by v2 policy,medium
pudding powder,2,2,retain,1.0,not identified as universal/generic by v2 policy,medium
citrus slice,2,1,retain,1.0,not identified as universal/generic by v2 policy,medium
heeng,2,1,retain,1.0,not identified as universal/generic by v2 policy,medium
spice islands oregano,2,1,retain,1.0,not identified as universal/generic by v2 policy,medium
sparkling mineral water,2,2,retain,1.0,not identified as universal/generic by v2 policy,medium
spanish olive,2,2,retain,1.0,not identified as universal/generic by v2 policy,medium
spanish smoked paprika,2,2,retain,1.0,not identified as universal/generic by v2 policy,medium
hazelnut meal,2,2,retain,1.0,not identified as universal/generic by v2 policy,medium
cipollini onion,2,1,retain,1.0,not identified as universal/generic by v2 policy,medium
bottom round roast,2,1,retain,1.0,not identified as universal/generic by v2 policy,medium
roasting hen,2,2,retain,1.0,not identified as universal/generic by v2 policy,medium
robiola,2,1,retain,1.0,not identified as universal/generic by v2 policy,medium
nutritional yeast flake,2,2,retain,1.0,not identified as universal/generic by v2 policy,medium
nori flake,2,2,retain,1.0,not identified as universal/generic by v2 policy,medium
toast point,2,1,retain,1.0,not identified as universal/generic by v2 policy,medium
free range chicken breast,2,2,retain,1.0,not identified as universal/generic by v2 policy,medium
four chees rosa sauc,2,1,retain,1.0,not identified as universal/generic by v2 policy,medium
raspberry puree,2,2,retain,1.0,not identified as universal/generic by v2 policy,medium
rockfish,2,2,retain,1.0,not identified as universal/generic by v2 policy,medium
bouillon granule,2,2,retain,1.0,not identified as universal/generic by v2 policy,medium
bouillon powder,2,2,retain,1.0,not identified as universal/generic by v2 policy,medium
bottled chili sauce,2,1,retain,1.0,not identified as universal/generic by v2 policy,medium
bottled italian dressing,2,1,retain,1.0,not identified as universal/generic by v2 policy,medium
bottled lime juice,2,2,retain,1.0,not identified as universal/generic by v2 policy,medium
bottom round,2,1,retain,1.0,not identified as universal/generic by v2 policy,medium
alfredo sauce mix,2,1,retain,1.0,not identified as universal/generic by v2 policy,medium
all beef hot dog,2,2,retain,1.0,not identified as universal/generic by v2 policy,medium
alaskan king crab leg,2,2,retain,1.0,not identified as universal/generic by v2 policy,medium
alcohol,2,2,retain,1.0,not identified as universal/generic by v2 policy,medium
aged manchego cheese,2,1,retain,1.0,not identified as universal/generic by v2 policy,medium
1 low-fat chocolate milk,2,2,retain,1.0,not identified as universal/generic by v2 policy,medium
accent,2,2,retain,1.0,not identified as universal/generic by v2 policy,medium
10 oz frozen chopped spinach thawed and squeezed dry,2,2,retain,1.0,not identified as universal/generic by v2 policy,medium
gumbo,2,2,retain,1.0,not identified as universal/generic by v2 policy,medium
gumbo file powder,2,1,retain,1.0,not identified as universal/generic by v2 policy,medium
quick-cooking hominy grit,2,1,retain,1.0,not identified as universal/generic by v2 policy,medium
queso fresca,2,1,retain,1.0,not identified as universal/generic by v2 policy,medium
queso manchego,2,1,retain,1.0,not identified as universal/generic by v2 policy,medium
ramen noodles seasoning,2,2,retain,1.0,not identified as universal/generic by v2 policy,medium
ramen soup mix,2,2,retain,1.0,not identified as universal/generic by v2 policy,medium
yaki-nori,2,1,retain,1.0,not identified as universal/generic by v2 policy,medium
2 low fat cheddar chee,1,1,retain,1.0,not identified as universal/generic by v2 policy,medium
33 less sodium cooked deli ham,1,1,retain,1.0,not identified as universal/generic by v2 policy,medium
33 less sodium cooked ham,1,1,retain,1.0,not identified as universal/generic by v2 policy,medium
33 less sodium smoked fully cooked ham,1,1,retain,1.0,not identified as universal/generic by v2 policy,medium
8 ounc ziti pasta cook and drain,1,1,retain,1.0,not identified as universal/generic by v2 policy,medium
96 fat free ham,1,1,retain,1.0,not identified as universal/generic by v2 policy,medium
a taste of thai rice noodle,1,1,retain,1.0,not identified as universal/generic by v2 policy,medium
abbamele,1,1,retain,1.0,not identified as universal/generic by v2 policy,medium
absinthe,1,1,retain,1.0,not identified as universal/generic by v2 policy,medium
acai juice,1,1,retain,1.0,not identified as universal/generic by v2 policy,medium
accompaniment,1,1,retain,1.0,not identified as universal/generic by v2 policy,medium
adobo all purpose seasoning,1,1,retain,1.0,not identified as universal/generic by v2 policy,medium
yellowfin,1,1,retain,1.0,not identified as universal/generic by v2 policy,medium
yellowtail,1,1,retain,1.0,not identified as universal/generic by v2 policy,medium
yellowtail snapper fillet,1,1,retain,1.0,not identified as universal/generic by v2 policy,medium
yoghurt natural low fat,1,1,retain,1.0,not identified as universal/generic by v2 policy,medium
yogurt dressing,1,1,retain,1.0,not identified as universal/generic by v2 policy,medium
yogurt low fat,1,1,retain,1.0,not identified as universal/generic by v2 policy,medium
yoplait,1,1,retain,1.0,not identified as universal/generic by v2 policy,medium
young leek,1,1,retain,1.0,not identified as universal/generic by v2 policy,medium
young nettle,1,1,retain,1.0,not identified as universal/generic by v2 policy,medium
yucca root,1,1,retain,1.0,not identified as universal/generic by v2 policy,medium
zatarains creole seasoning,1,1,retain,1.0,not identified as universal/generic by v2 policy,medium
zatarains jambalaya mix,1,1,retain,1.0,not identified as universal/generic by v2 policy,medium
zesty lime vinaigrette dressing,1,1,retain,1.0,not identified as universal/generic by v2 policy,medium
raspberry juice,1,1,retain,1.0,not identified as universal/generic by v2 policy,medium
raspberry lambic,1,1,retain,1.0,not identified as universal/generic by v2 policy,medium
raspberry sherbet,1,1,retain,1.0,not identified as universal/generic by v2 policy,medium
wondra,1,1,retain,1.0,not identified as universal/generic by v2 policy,medium
wood mushroom,1,1,retain,1.0,not identified as universal/generic by v2 policy,medium
worcestershire sauce low sodium,1,1,retain,1.0,not identified as universal/generic by v2 policy,medium
anise basil,1,1,retain,1.0,not identified as universal/generic by v2 policy,medium
anise liqueur,1,1,retain,1.0,not identified as universal/generic by v2 policy,medium
annatto oil,1,1,retain,1.0,not identified as universal/generic by v2 policy,medium
apple puree,1,1,retain,1.0,not identified as universal/generic by v2 policy,medium
apple ring,1,1,retain,1.0,not identified as universal/generic by v2 policy,medium
wing sauce,1,1,retain,1.0,not identified as universal/generic by v2 policy,medium
winter savory,1,1,retain,1.0,not identified as universal/generic by v2 policy,medium
wish-bone,1,1,retain,1.0,not identified as universal/generic by v2 policy,medium
wish-bone light asian sesame ginger vinaigrette dressing,1,1,retain,1.0,not identified as universal/generic by v2 policy,medium
wish-bone light country italian dressing,1,1,retain,1.0,not identified as universal/generic by v2 policy,medium
wish-bone light italian dressing,1,1,retain,1.0,not identified as universal/generic by v2 policy,medium
wish-bone robusto italian dressing,1,1,retain,1.0,not identified as universal/generic by v2 policy,medium
won ton skin,1,1,retain,1.0,not identified as universal/generic by v2 policy,medium
arrabbiata sauce,1,1,retain,1.0,not identified as universal/generic by v2 policy,medium
arrow root,1,1,retain,1.0,not identified as universal/generic by v2 policy,medium
artificial sweetener,1,1,retain,1.0,not identified as universal/generic by v2 policy,medium
artisan blends shredded parmesan cheese,1,1,retain,1.0,not identified as universal/generic by v2 policy,medium
artisan bread,1,1,retain,1.0,not identified as universal/generic by v2 policy,medium
wild asparagus,1,1,retain,1.0,not identified as universal/generic by v2 policy,medium
wine syrup,1,1,retain,1.0,not identified as universal/generic by v2 policy,medium
winesap,1,1,retain,1.0,not identified as universal/generic by v2 policy,medium
apricot jelly,1,1,retain,1.0,not identified as universal/generic by v2 policy,medium
aquavit,1,1,retain,1.0,not identified as universal/generic by v2 policy,medium
arak,1,1,retain,1.0,not identified as universal/generic by v2 policy,medium
arame,1,1,retain,1.0,not identified as universal/generic by v2 policy,medium
arctic char,1,1,retain,1.0,not identified as universal/generic by v2 policy,medium
arepa flour,1,1,retain,1.0,not identified as universal/generic by v2 policy,medium
argo corn starch,1,1,retain,1.0,not identified as universal/generic by v2 policy,medium
arhar,1,1,retain,1.0,not identified as universal/generic by v2 policy,medium
redcurrant jelly,1,1,retain,1.0,not identified as universal/generic by v2 policy,medium
redfish fillet,1,1,retain,1.0,not identified as universal/generic by v2 policy,medium
reduc sodium chicken flavor bouillon cube,1,1,retain,1.0,not identified as universal/generic by v2 policy,medium
pound cake mix,1,1,retain,1.0,not identified as universal/generic by v2 policy,medium
poundcake,1,1,retain,1.0,not identified as universal/generic by v2 policy,medium
poured fondant,1,1,retain,1.0,not identified as universal/generic by v2 policy,medium
powdered egg white,1,1,retain,1.0,not identified as universal/generic by v2 policy,medium
powdered sugar icing,1,1,retain,1.0,not identified as universal/generic by v2 policy,medium
protein powder,1,1,retain,1.0,not identified as universal/generic by v2 policy,medium
red mustard,1,1,retain,1.0,not identified as universal/generic by v2 policy,medium
red quinoa,1,1,retain,1.0,not identified as universal/generic by v2 policy,medium
red velvet cake mix,1,1,retain,1.0,not identified as universal/generic by v2 policy,medium
red vinegar,1,1,retain,1.0,not identified as universal/generic by v2 policy,medium
red vinegar white white wine,1,1,retain,1.0,not identified as universal/generic by v2 policy,medium
red wine vinaigrett dress,1,1,retain,1.0,not identified as universal/generic by v2 policy,medium
red wine vinaigrette,1,1,retain,1.0,not identified as universal/generic by v2 policy,medium
preshred low fat mozzarella chee,1,1,retain,1.0,not identified as universal/generic by v2 policy,medium
progresso artichoke heart,1,1,retain,1.0,not identified as universal/generic by v2 policy,medium
progresso balsamic vinegar,1,1,retain,1.0,not identified as universal/generic by v2 policy,medium
progresso black bean,1,1,retain,1.0,not identified as universal/generic by v2 policy,medium
progresso diced tomatoe,1,1,retain,1.0,not identified as universal/generic by v2 policy,medium
prosciutto fat,1,1,retain,1.0,not identified as universal/generic by v2 policy,medium
proscuitto,1,1,retain,1.0,not identified as universal/generic by v2 policy,medium
proscuitto di parma,1,1,retain,1.0,not identified as universal/generic by v2 policy,medium
pumpernickel,1,1,retain,1.0,not identified as universal/generic by v2 policy,medium
pumpkin seed mole,1,1,retain,1.0,not identified as universal/generic by v2 policy,medium
pumpkin seed oil,1,1,retain,1.0,not identified as universal/generic by v2 policy,medium
pure canola oil,1,1,retain,1.0,not identified as universal/generic by v2 policy,medium
pure leaf unsweeten iced tea,1,1,retain,1.0,not identified as universal/generic by v2 policy,medium
pure vegetable oil,1,1,retain,1.0,not identified as universal/generic by v2 policy,medium
pure wesson canola oil,1,1,retain,1.0,not identified as universal/generic by v2 policy,medium
prepared coleslaw,1,1,retain,1.0,not identified as universal/generic by v2 policy,medium
plain seltzer,1,1,retain,1.0,not identified as universal/generic by v2 policy,medium
plain soy yogurt,1,1,retain,1.0,not identified as universal/generic by v2 policy,medium
plum jam,1,1,retain,1.0,not identified as universal/generic by v2 policy,medium
plum wine,1,1,retain,1.0,not identified as universal/generic by v2 policy,medium
pocket bread,1,1,retain,1.0,not identified as universal/generic by v2 policy,medium
poi,1,1,retain,1.0,not identified as universal/generic by v2 policy,medium
pointed pepper,1,1,retain,1.0,not identified as universal/generic by v2 policy,medium
pippin apple,1,1,retain,1.0,not identified as universal/generic by v2 policy,medium
pork shank,1,1,retain,1.0,not identified as universal/generic by v2 policy,medium
poolish,1,1,retain,1.0,not identified as universal/generic by v2 policy,medium
poppy seed filling,1,1,retain,1.0,not identified as universal/generic by v2 policy,medium
poppyseed,1,1,retain,1.0,not identified as universal/generic by v2 policy,medium
reduced fat reduced sodium tomato and herb pasta sauce,1,1,retain,1.0,not identified as universal/generic by v2 policy,medium
reduced fat shredded mozzarella cheese,1,1,retain,1.0,not identified as universal/generic by v2 policy,medium
reduced sugar ketchup,1,1,retain,1.0,not identified as universal/generic by v2 policy,medium
plain chocolate,1,1,retain,1.0,not identified as universal/generic by v2 policy,medium
potato starch flour,1,1,retain,1.0,not identified as universal/generic by v2 policy,medium
pork heart,1,1,retain,1.0,not identified as universal/generic by v2 policy,medium
pork loin rib chop,1,1,retain,1.0,not identified as universal/generic by v2 policy,medium
pork picnic roast,1,1,retain,1.0,not identified as universal/generic by v2 policy,medium
pork roll,1,1,retain,1.0,not identified as universal/generic by v2 policy,medium
pork rub,1,1,retain,1.0,not identified as universal/generic by v2 policy,medium
pork sausage casing,1,1,retain,1.0,not identified as universal/generic by v2 policy,medium
pork sausage link,1,1,retain,1.0,not identified as universal/generic by v2 policy,medium
praline,1,1,retain,1.0,not identified as universal/generic by v2 policy,medium
praline syrup,1,1,retain,1.0,not identified as universal/generic by v2 policy,medium
praline topping,1,1,retain,1.0,not identified as universal/generic by v2 policy,medium
pork tenderloin medallion,1,1,retain,1.0,not identified as universal/generic by v2 policy,medium
porter,1,1,retain,1.0,not identified as universal/generic by v2 policy,medium
portuguese roll,1,1,retain,1.0,not identified as universal/generic by v2 policy,medium
pot pie,1,1,retain,1.0,not identified as universal/generic by v2 policy,medium
potato nugget,1,1,retain,1.0,not identified as universal/generic by v2 policy,medium
regular chicken broth,1,1,retain,1.0,not identified as universal/generic by v2 policy,medium
reposado,1,1,retain,1.0,not identified as universal/generic by v2 policy,medium
riblet,1,1,retain,1.0,not identified as universal/generic by v2 policy,medium
ricard,1,1,retain,1.0,not identified as universal/generic by v2 policy,medium
pekin duck breast halve,1,1,retain,1.0,not identified as universal/generic by v2 policy,medium
peppadew,1,1,retain,1.0,not identified as universal/generic by v2 policy,medium
pepper cheese,1,1,retain,1.0,not identified as universal/generic by v2 policy,medium
pepper jack cheese with a touch of philadelphia,1,1,retain,1.0,not identified as universal/generic by v2 policy,medium
pillsburytm crescent recipe creations refrigerated seamless dough sheet,1,1,retain,1.0,not identified as universal/generic by v2 policy,medium
pernod liqueur,1,1,retain,1.0,not identified as universal/generic by v2 policy,medium
petits poi,1,1,retain,1.0,not identified as universal/generic by v2 policy,medium
petrale sole,1,1,retain,1.0,not identified as universal/generic by v2 policy,medium
refrigerated bread dough,1,1,retain,1.0,not identified as universal/generic by v2 policy,medium
refrigerated chocolate chip cookie dough,1,1,retain,1.0,not identified as universal/generic by v2 policy,medium
refrigerated dinner roll,1,1,retain,1.0,not identified as universal/generic by v2 policy,medium
refrigerated seamless crescent dough,1,1,retain,1.0,not identified as universal/generic by v2 policy,medium
pinhead oatmeal,1,1,retain,1.0,not identified as universal/generic by v2 policy,medium
pink food coloring,1,1,retain,1.0,not identified as universal/generic by v2 policy,medium
pink lentil,1,1,retain,1.0,not identified as universal/generic by v2 policy,medium
pink salt,1,1,retain,1.0,not identified as universal/generic by v2 policy,medium
pike,1,1,retain,1.0,not identified as universal/generic by v2 policy,medium
pillsbury pie crust,1,1,retain,1.0,not identified as universal/generic by v2 policy,medium
pillsbury thin pizza crust,1,1,retain,1.0,not identified as universal/generic by v2 policy,medium
pillsburytm classic pizza crust,1,1,retain,1.0,not identified as universal/generic by v2 policy,medium
pisco brandy,1,1,retain,1.0,not identified as universal/generic by v2 policy,medium
pita wrap,1,1,retain,1.0,not identified as universal/generic by v2 policy,medium
pizza quick sauc,1,1,retain,1.0,not identified as universal/generic by v2 policy,medium
pizza seasoning,1,1,retain,1.0,not identified as universal/generic by v2 policy,medium
pimenton de la vera,1,1,retain,1.0,not identified as universal/generic by v2 policy,medium
pina colada mix,1,1,retain,1.0,not identified as universal/generic by v2 policy,medium
pineapple chunks in natural juice,1,1,retain,1.0,not identified as universal/generic by v2 policy,medium
pineapple syrup,1,1,retain,1.0,not identified as universal/generic by v2 policy,medium
pasta sidestm - butter and herb,1,1,retain,1.0,not identified as universal/generic by v2 policy,medium
pasta sidestm - chicken flavor,1,1,retain,1.0,not identified as universal/generic by v2 policy,medium
rice milk,1,1,retain,1.0,not identified as universal/generic by v2 policy,medium
rice mix,1,1,retain,1.0,not identified as universal/generic by v2 policy,medium
rich turkey stock,1,1,retain,1.0,not identified as universal/generic by v2 policy,medium
riso,1,1,retain,1.0,not identified as universal/generic by v2 policy,medium
pancit bihon,1,1,retain,1.0,not identified as universal/generic by v2 policy,medium
pandan essence,1,1,retain,1.0,not identified as universal/generic by v2 policy,medium
peach puree,1,1,retain,1.0,not identified as universal/generic by v2 policy,medium
peach salsa,1,1,retain,1.0,not identified as universal/generic by v2 policy,medium
peach sorbet,1,1,retain,1.0,not identified as universal/generic by v2 policy,medium
peach vodka,1,1,retain,1.0,not identified as universal/generic by v2 policy,medium
parslei minicub,1,1,retain,1.0,not identified as universal/generic by v2 policy,medium
passover wine,1,1,retain,1.0,not identified as universal/generic by v2 policy,medium
pasta side,1,1,retain,1.0,not identified as universal/generic by v2 policy,medium
pasta side cheesi cheddar,1,1,retain,1.0,not identified as universal/generic by v2 policy,medium
peapod,1,1,retain,1.0,not identified as universal/generic by v2 policy,medium
pearl rice,1,1,retain,1.0,not identified as universal/generic by v2 policy,medium
pecan meal,1,1,retain,1.0,not identified as universal/generic by v2 policy,medium
pecan pie,1,1,retain,1.0,not identified as universal/generic by v2 policy,medium
pasta wagon wheel,1,1,retain,1.0,not identified as universal/generic by v2 policy,medium
paste tomato,1,1,retain,1.0,not identified as universal/generic by v2 policy,medium
pastry tart shell,1,1,retain,1.0,not identified as universal/generic by v2 policy,medium
pate brisee,1,1,retain,1.0,not identified as universal/generic by v2 policy,medium
pepper leave,1,1,retain,1.0,not identified as universal/generic by v2 policy,medium
peppermint candy,1,1,retain,1.0,not identified as universal/generic by v2 policy,medium
peppermint schnapp,1,1,retain,1.0,not identified as universal/generic by v2 policy,medium
perch fillet,1,1,retain,1.0,not identified as universal/generic by v2 policy,medium
peaches in syrup,1,1,retain,1.0,not identified as universal/generic by v2 policy,medium
peanut brittle,1,1,retain,1.0,not identified as universal/generic by v2 policy,medium
peanut butter chip,1,1,retain,1.0,not identified as universal/generic by v2 policy,medium
peanut powder,1,1,retain,1.0,not identified as universal/generic by v2 policy,medium
orange roughy,1,1,retain,1.0,not identified as universal/generic by v2 policy,medium
orange roughy fillet,1,1,retain,1.0,not identified as universal/generic by v2 policy,medium
orange soda,1,1,retain,1.0,not identified as universal/generic by v2 policy,medium
orchid,1,1,retain,1.0,not identified as universal/generic by v2 policy,medium
orgeat syrup,1,1,retain,1.0,not identified as universal/generic by v2 policy,medium
oriental radish,1,1,retain,1.0,not identified as universal/generic by v2 policy,medium
original barbecue sauce,1,1,retain,1.0,not identified as universal/generic by v2 policy,medium
original ranch spicy ranch dressing,1,1,retain,1.0,not identified as universal/generic by v2 policy,medium
roasted almond oil,1,1,retain,1.0,not identified as universal/generic by v2 policy,medium
roasted bell pepper,1,1,retain,1.0,not identified as universal/generic by v2 policy,medium
roasted chili paste,1,1,retain,1.0,not identified as universal/generic by v2 policy,medium
roasted garlic oil,1,1,retain,1.0,not identified as universal/generic by v2 policy,medium
roasted ground cumin,1,1,retain,1.0,not identified as universal/generic by v2 policy,medium
roasted pecan,1,1,retain,1.0,not identified as universal/generic by v2 policy,medium
roasted pepita,1,1,retain,1.0,not identified as universal/generic by v2 policy,medium
roasted sichuan pepper,1,1,retain,1.0,not identified as universal/generic by v2 policy,medium
pain au levain,1,1,retain,1.0,not identified as universal/generic by v2 policy,medium
pam cooking spray,1,1,retain,1.0,not identified as universal/generic by v2 policy,medium
pam no-stick cooking spray,1,1,retain,1.0,not identified as universal/generic by v2 policy,medium
pancake batter,1,1,retain,1.0,not identified as universal/generic by v2 policy,medium
panch phoran,1,1,retain,1.0,not identified as universal/generic by v2 policy,medium
pancit,1,1,retain,1.0,not identified as universal/generic by v2 policy,medium
roast duck meat,1,1,retain,1.0,not identified as universal/generic by v2 policy,medium
roast pork seasoning mix,1,1,retain,1.0,not identified as universal/generic by v2 policy,medium
pane di casa,1,1,retain,1.0,not identified as universal/generic by v2 policy,medium
panela,1,1,retain,1.0,not identified as universal/generic by v2 policy,medium
pangasius,1,1,retain,1.0,not identified as universal/generic by v2 policy,medium
pansy,1,1,retain,1.0,not identified as universal/generic by v2 policy,medium
paprika paste,1,1,retain,1.0,not identified as universal/generic by v2 policy,medium
pareve margarine,1,1,retain,1.0,not identified as universal/generic by v2 policy,medium
oyster liquor,1,1,retain,1.0,not identified as universal/generic by v2 policy,medium
padron pepper,1,1,retain,1.0,not identified as universal/generic by v2 policy,medium
robert mondavi fume blanc,1,1,retain,1.0,not identified as universal/generic by v2 policy,medium
robusto pasta sauce,1,1,retain,1.0,not identified as universal/generic by v2 policy,medium
rock cornish game hen,1,1,retain,1.0,not identified as universal/generic by v2 policy,medium
romana,1,1,retain,1.0,not identified as universal/generic by v2 policy,medium
root beer,1,1,retain,1.0,not identified as universal/generic by v2 policy,medium
rose hip tea bag,1,1,retain,1.0,not identified as universal/generic by v2 policy,medium
non dairy sour cream,1,1,retain,1.0,not identified as universal/generic by v2 policy,medium
non dairy yogurt,1,1,retain,1.0,not identified as universal/generic by v2 policy,medium
old world style tradit pasta sauc,1,1,retain,1.0,not identified as universal/generic by v2 policy,medium
nonhydrogenated margarine,1,1,retain,1.0,not identified as universal/generic by v2 policy,medium
nori furikake,1,1,retain,1.0,not identified as universal/generic by v2 policy,medium
nut meal,1,1,retain,1.0,not identified as universal/generic by v2 policy,medium
oat groat,1,1,retain,1.0,not identified as universal/generic by v2 policy,medium
oat milk,1,1,retain,1.0,not identified as universal/generic by v2 policy,medium
ocean perch,1,1,retain,1.0,not identified as universal/generic by v2 policy,medium
ogura-an,1,1,retain,1.0,not identified as universal/generic by v2 policy,medium
orange glaze,1,1,retain,1.0,not identified as universal/generic by v2 policy,medium
orange juice concentrate thawed and undiluted,1,1,retain,1.0,not identified as universal/generic by v2 policy,medium
orange pekoe tea,1,1,retain,1.0,not identified as universal/generic by v2 policy,medium
oil of orange,1,1,retain,1.0,not identified as universal/generic by v2 policy,medium
oil packed anchovy,1,1,retain,1.0,not identified as universal/generic by v2 policy,medium
old bay blackened seasoning,1,1,retain,1.0,not identified as universal/generic by v2 policy,medium
old el pasotm mild red enchilada sauce,1,1,retain,1.0,not identified as universal/generic by v2 policy,medium
old fashioned stone ground grit,1,1,retain,1.0,not identified as universal/generic by v2 policy,medium
ornamental kale,1,1,retain,1.0,not identified as universal/generic by v2 policy,medium
ortega tostada shell,1,1,retain,1.0,not identified as universal/generic by v2 policy,medium
oscar mayer cotto salami,1,1,retain,1.0,not identified as universal/generic by v2 policy,medium
osetra caviar,1,1,retain,1.0,not identified as universal/generic by v2 policy,medium
one third less sodium chicken broth,1,1,retain,1.0,not identified as universal/generic by v2 policy,medium
opo squash,1,1,retain,1.0,not identified as universal/generic by v2 policy,medium
orange blossom extract,1,1,retain,1.0,not identified as universal/generic by v2 policy,medium
orange flavored brandy,1,1,retain,1.0,not identified as universal/generic by v2 policy,medium
rotini pasta cook and drain,1,1,retain,1.0,not identified as universal/generic by v2 policy,medium
royal baking powder,1,1,retain,1.0,not identified as universal/generic by v2 policy,medium
royal olive,1,1,retain,1.0,not identified as universal/generic by v2 policy,medium
rub seasoning,1,1,retain,1.0,not identified as universal/generic by v2 policy,medium
rum raisin ice cream,1,1,retain,1.0,not identified as universal/generic by v2 policy,medium
mung bean vermicelli,1,1,retain,1.0,not identified as universal/generic by v2 policy,medium
muscadet,1,1,retain,1.0,not identified as universal/generic by v2 policy,medium
muscovy,1,1,retain,1.0,not identified as universal/generic by v2 policy,medium
ngo gai,1,1,retain,1.0,not identified as universal/generic by v2 policy,medium
nian gao,1,1,retain,1.0,not identified as universal/generic by v2 policy,medium
nido milk powder,1,1,retain,1.0,not identified as universal/generic by v2 policy,medium
nielsen-massey vanilla extract,1,1,retain,1.0,not identified as universal/generic by v2 policy,medium
nigari tofu,1,1,retain,1.0,not identified as universal/generic by v2 policy,medium
no salt added canned tomatoe,1,1,retain,1.0,not identified as universal/generic by v2 policy,medium
no-calorie sweetener,1,1,retain,1.0,not identified as universal/generic by v2 policy,medium
rotel diced tomatoes and green chily,1,1,retain,1.0,not identified as universal/generic by v2 policy,medium
nonfat mozzarella cheese,1,1,retain,1.0,not identified as universal/generic by v2 policy,medium
nonfat vanilla yogurt,1,1,retain,1.0,not identified as universal/generic by v2 policy,medium
nashi,1,1,retain,1.0,not identified as universal/generic by v2 policy,medium
neapolitan ice cream,1,1,retain,1.0,not identified as universal/generic by v2 policy,medium
neem leave,1,1,retain,1.0,not identified as universal/generic by v2 policy,medium
new mexico chile pod,1,1,retain,1.0,not identified as universal/generic by v2 policy,medium
new mexico red chile powder,1,1,retain,1.0,not identified as universal/generic by v2 policy,medium
new york style panetini toast,1,1,retain,1.0,not identified as universal/generic by v2 policy,medium
non-dairy margarine,1,1,retain,1.0,not identified as universal/generic by v2 policy,medium
nondairy whipped topping,1,1,retain,1.0,not identified as universal/generic by v2 policy,medium
nonfat block cream cheese,1,1,retain,1.0,not identified as universal/generic by v2 policy,medium
nonfat dried milk,1,1,retain,1.0,not identified as universal/generic by v2 policy,medium
nonfat frozen yogurt,1,1,retain,1.0,not identified as universal/generic by v2 policy,medium
nonfat half-and-half,1,1,retain,1.0,not identified as universal/generic by v2 policy,medium
nonfat italian dressing,1,1,retain,1.0,not identified as universal/generic by v2 policy,medium
nonfat milk powder,1,1,retain,1.0,not identified as universal/generic by v2 policy,medium
saffron road vegetable broth,1,1,retain,1.0,not identified as universal/generic by v2 policy,medium
saki,1,1,retain,1.0,not identified as universal/generic by v2 policy,medium
mini pepperoni slice,1,1,retain,1.0,not identified as universal/generic by v2 policy,medium
mini ravioli,1,1,retain,1.0,not identified as universal/generic by v2 policy,medium
mint chocolate chip ice cream,1,1,retain,1.0,not identified as universal/generic by v2 policy,medium
mint extract,1,1,retain,1.0,not identified as universal/generic by v2 policy,medium
mint syrup,1,1,retain,1.0,not identified as universal/generic by v2 policy,medium
minute steak,1,1,retain,1.0,not identified as universal/generic by v2 policy,medium
mixed frozen seafood,1,1,retain,1.0,not identified as universal/generic by v2 policy,medium
mo qua,1,1,retain,1.0,not identified as universal/generic by v2 policy,medium
mojo marinade,1,1,retain,1.0,not identified as universal/generic by v2 policy,medium
mooli,1,1,retain,1.0,not identified as universal/generic by v2 policy,medium
moonshine,1,1,retain,1.0,not identified as universal/generic by v2 policy,medium
rusk,1,1,retain,1.0,not identified as universal/generic by v2 policy,medium
saba,1,1,retain,1.0,not identified as universal/generic by v2 policy,medium
sablefish,1,1,retain,1.0,not identified as universal/generic by v2 policy,medium
morsel,1,1,retain,1.0,not identified as universal/generic by v2 policy,medium
moulard duck breast halve,1,1,retain,1.0,not identified as universal/generic by v2 policy,medium
mountain dew soda,1,1,retain,1.0,not identified as universal/generic by v2 policy,medium
mousse,1,1,retain,1.0,not identified as universal/generic by v2 policy,medium
mozzarella string cheese,1,1,retain,1.0,not identified as universal/generic by v2 policy,medium
mrs dash seasoning mix,1,1,retain,1.0,not identified as universal/generic by v2 policy,medium
multi-grain penne pasta,1,1,retain,1.0,not identified as universal/generic by v2 policy,medium
multigrain cereal,1,1,retain,1.0,not identified as universal/generic by v2 policy,medium
mushroom broth,1,1,retain,1.0,not identified as universal/generic by v2 policy,medium
nacho cheese tortilla chip,1,1,retain,1.0,not identified as universal/generic by v2 policy,medium
nakano seasoned rice vinegar,1,1,retain,1.0,not identified as universal/generic by v2 policy,medium
nam prik,1,1,retain,1.0,not identified as universal/generic by v2 policy,medium
nama shoyu,1,1,retain,1.0,not identified as universal/generic by v2 policy,medium
moose,1,1,retain,1.0,not identified as universal/generic by v2 policy,medium
mora chile,1,1,retain,1.0,not identified as universal/generic by v2 policy,medium
morcilla,1,1,retain,1.0,not identified as universal/generic by v2 policy,medium
san marzano crushed tomatoe,1,1,retain,1.0,not identified as universal/generic by v2 policy,medium
san marzano diced tomatoe,1,1,retain,1.0,not identified as universal/generic by v2 policy,medium
meat dripping,1,1,retain,1.0,not identified as universal/generic by v2 policy,medium
meat extract,1,1,retain,1.0,not identified as universal/generic by v2 policy,medium
meat fat,1,1,retain,1.0,not identified as universal/generic by v2 policy,medium
meat loaf mixture,1,1,retain,1.0,not identified as universal/generic by v2 policy,medium
meat seasoning,1,1,retain,1.0,not identified as universal/generic by v2 policy,medium
meat-filled tortellini,1,1,retain,1.0,not identified as universal/generic by v2 policy,medium
mezzetta sliced greek kalamata olive,1,1,retain,1.0,not identified as universal/generic by v2 policy,medium
mian,1,1,retain,1.0,not identified as universal/generic by v2 policy,medium
salmon caviar,1,1,retain,1.0,not identified as universal/generic by v2 policy,medium
salt free cajun creole seasoning,1,1,retain,1.0,not identified as universal/generic by v2 policy,medium
salt free chili powder,1,1,retain,1.0,not identified as universal/generic by v2 policy,medium
salt free herb seasoning,1,1,retain,1.0,not identified as universal/generic by v2 policy,medium
saltpeter,1,1,retain,1.0,not identified as universal/generic by v2 policy,medium
samphire,1,1,retain,1.0,not identified as universal/generic by v2 policy,medium
mincemeat pie filling,1,1,retain,1.0,not identified as universal/generic by v2 policy,medium
mineral water,1,1,retain,1.0,not identified as universal/generic by v2 policy,medium
mini banana,1,1,retain,1.0,not identified as universal/generic by v2 policy,medium
mesquite flavored seasoning mix,1,1,retain,1.0,not identified as universal/generic by v2 policy,medium
mexican lager beer,1,1,retain,1.0,not identified as universal/generic by v2 policy,medium
mexican style 2 milk finely shredded four cheese,1,1,retain,1.0,not identified as universal/generic by v2 policy,medium
mexican style shredded four cheese with a touch of philadelphia,1,1,retain,1.0,not identified as universal/generic by v2 policy,medium
meyer lemon peel,1,1,retain,1.0,not identified as universal/generic by v2 policy,medium
minute white rice,1,1,retain,1.0,not identified as universal/generic by v2 policy,medium
miso sesame grilling sauce,1,1,retain,1.0,not identified as universal/generic by v2 policy,medium
mission corn tortilla,1,1,retain,1.0,not identified as universal/generic by v2 policy,medium
mission yellow corn tortilla,1,1,retain,1.0,not identified as universal/generic by v2 policy,medium
miswa,1,1,retain,1.0,not identified as universal/generic by v2 policy,medium
mild sausage,1,1,retain,1.0,not identified as universal/generic by v2 policy,medium
milk chocolate kisse,1,1,retain,1.0,not identified as universal/generic by v2 policy,medium
milk chocolate piece,1,1,retain,1.0,not identified as universal/generic by v2 policy,medium
manischewitz matzo meal,1,1,retain,1.0,not identified as universal/generic by v2 policy,medium
manischewitz potato starch,1,1,retain,1.0,not identified as universal/generic by v2 policy,medium
manouri,1,1,retain,1.0,not identified as universal/generic by v2 policy,medium
mantou,1,1,retain,1.0,not identified as universal/generic by v2 policy,medium
maple flavored extract,1,1,retain,1.0,not identified as universal/generic by v2 policy,medium
maraschino,1,1,retain,1.0,not identified as universal/generic by v2 policy,medium
margarine spread,1,1,retain,1.0,not identified as universal/generic by v2 policy,medium
margherita pepperoni,1,1,retain,1.0,not identified as universal/generic by v2 policy,medium
mazola chicken flavor bouillon powder,1,1,retain,1.0,not identified as universal/generic by v2 policy,medium
sandwich steak,1,1,retain,1.0,not identified as universal/generic by v2 policy,medium
sandwich wrap,1,1,retain,1.0,not identified as universal/generic by v2 policy,medium
sangiovese,1,1,retain,1.0,not identified as universal/generic by v2 policy,medium
sato imo,1,1,retain,1.0,not identified as universal/generic by v2 policy,medium
satsuma juice,1,1,retain,1.0,not identified as universal/generic by v2 policy,medium
sauce mix,1,1,retain,1.0,not identified as universal/generic by v2 policy,medium
sauerkraut juice,1,1,retain,1.0,not identified as universal/generic by v2 policy,medium
masago,1,1,retain,1.0,not identified as universal/generic by v2 policy,medium
mashed cauliflower,1,1,retain,1.0,not identified as universal/generic by v2 policy,medium
masur dal,1,1,retain,1.0,not identified as universal/generic by v2 policy,medium
matcha,1,1,retain,1.0,not identified as universal/generic by v2 policy,medium
matsutake mushroom,1,1,retain,1.0,not identified as universal/generic by v2 policy,medium
matzo,1,1,retain,1.0,not identified as universal/generic by v2 policy,medium
matzo cake meal,1,1,retain,1.0,not identified as universal/generic by v2 policy,medium
mazola canola oil,1,1,retain,1.0,not identified as universal/generic by v2 policy,medium
melissa,1,1,retain,1.0,not identified as universal/generic by v2 policy,medium
mellow white miso,1,1,retain,1.0,not identified as universal/generic by v2 policy,medium
melted fat,1,1,retain,1.0,not identified as universal/generic by v2 policy,medium
membrillo,1,1,retain,1.0,not identified as universal/generic by v2 policy,medium
mentaiko,1,1,retain,1.0,not identified as universal/generic by v2 policy,medium
marshmallow fluff,1,1,retain,1.0,not identified as universal/generic by v2 policy,medium
marshmallow vodka,1,1,retain,1.0,not identified as universal/generic by v2 policy,medium
martha white cornbread mix,1,1,retain,1.0,not identified as universal/generic by v2 policy,medium
seafood glaze,1,1,retain,1.0,not identified as universal/generic by v2 policy,medium
seasoned crouton,1,1,retain,1.0,not identified as universal/generic by v2 policy,medium
low-fat vegetarian chili with bean,1,1,retain,1.0,not identified as universal/generic by v2 policy,medium
low-fat white sauce,1,1,retain,1.0,not identified as universal/generic by v2 policy,medium
low-moisture part-skim mozzarella cheese,1,1,retain,1.0,not identified as universal/generic by v2 policy,medium
lowfat monterey jack cheese,1,1,retain,1.0,not identified as universal/generic by v2 policy,medium
lowfat plain greekstyl yogurt,1,1,retain,1.0,not identified as universal/generic by v2 policy,medium
lox,1,1,retain,1.0,not identified as universal/generic by v2 policy,medium
sazon goya with coriander and annatto,1,1,retain,1.0,not identified as universal/generic by v2 policy,medium
scape pesto,1,1,retain,1.0,not identified as universal/generic by v2 policy,medium
schnapp,1,1,retain,1.0,not identified as universal/generic by v2 policy,medium
scone,1,1,retain,1.0,not identified as universal/generic by v2 policy,medium
scrod,1,1,retain,1.0,not identified as universal/generic by v2 policy,medium
sea bream,1,1,retain,1.0,not identified as universal/generic by v2 policy,medium
seafood base,1,1,retain,1.0,not identified as universal/generic by v2 policy,medium
seafood breader,1,1,retain,1.0,not identified as universal/generic by v2 policy,medium
malt powder,1,1,retain,1.0,not identified as universal/generic by v2 policy,medium
malted milk powder,1,1,retain,1.0,not identified as universal/generic by v2 policy,medium
mandarin juice,1,1,retain,1.0,not identified as universal/generic by v2 policy,medium
mandarin orange juice,1,1,retain,1.0,not identified as universal/generic by v2 policy,medium
mandarin pancake,1,1,retain,1.0,not identified as universal/generic by v2 policy,medium
savoy cabbage leave,1,1,retain,1.0,not identified as universal/generic by v2 policy,medium
savoy spinach,1,1,retain,1.0,not identified as universal/generic by v2 policy,medium
sazon goya,1,1,retain,1.0,not identified as universal/generic by v2 policy,medium
marron,1,1,retain,1.0,not identified as universal/generic by v2 policy,medium
marrons glace,1,1,retain,1.0,not identified as universal/generic by v2 policy,medium
mae ploy sweet chili sauce,1,1,retain,1.0,not identified as universal/generic by v2 policy,medium
magret duck breast halve,1,1,retain,1.0,not identified as universal/generic by v2 policy,medium
mahlab,1,1,retain,1.0,not identified as universal/generic by v2 policy,medium
maifun,1,1,retain,1.0,not identified as universal/generic by v2 policy,medium
makers mark whisky,1,1,retain,1.0,not identified as universal/generic by v2 policy,medium
malt,1,1,retain,1.0,not identified as universal/generic by v2 policy,medium
semi sweet mini chocolate chip,1,1,retain,1.0,not identified as universal/generic by v2 policy,medium
semi-soft cheese,1,1,retain,1.0,not identified as universal/generic by v2 policy,medium
semisweet chocolate chunk,1,1,retain,1.0,not identified as universal/generic by v2 policy,medium
semisweet vegan chocolate chip,1,1,retain,1.0,not identified as universal/generic by v2 policy,medium
low fat part skim ricotta chee,1,1,retain,1.0,not identified as universal/generic by v2 policy,medium
low fat pasta sauce,1,1,retain,1.0,not identified as universal/generic by v2 policy,medium
low fat reduced sodium pasta sauce,1,1,retain,1.0,not identified as universal/generic by v2 policy,medium
low fat shred cheddar chees sharp varieti,1,1,retain,1.0,not identified as universal/generic by v2 policy,medium
low-fat tartar sauce,1,1,retain,1.0,not identified as universal/generic by v2 policy,medium
low-fat turkey kielbasa,1,1,retain,1.0,not identified as universal/generic by v2 policy,medium
low-fat vanilla ice cream,1,1,retain,1.0,not identified as universal/generic by v2 policy,medium
low-fat vanilla wafer,1,1,retain,1.0,not identified as universal/generic by v2 policy,medium
low-fat vegetable primavera spaghetti sauce,1,1,retain,1.0,not identified as universal/generic by v2 policy,medium
seasoned ground turkey,1,1,retain,1.0,not identified as universal/generic by v2 policy,medium
seasoned panko bread crumb,1,1,retain,1.0,not identified as universal/generic by v2 policy,medium
seasoning rub,1,1,retain,1.0,not identified as universal/generic by v2 policy,medium
low-fat plain greek yogurt,1,1,retain,1.0,not identified as universal/generic by v2 policy,medium
low-fat salad dressing,1,1,retain,1.0,not identified as universal/generic by v2 policy,medium
low-fat sesame-ginger dressing,1,1,retain,1.0,not identified as universal/generic by v2 policy,medium
low-fat sharp cheddar,1,1,retain,1.0,not identified as universal/generic by v2 policy,medium
low-fat sharp cheddar cheese,1,1,retain,1.0,not identified as universal/generic by v2 policy,medium
low-fat soft goat cheese,1,1,retain,1.0,not identified as universal/generic by v2 policy,medium
low-fat soy milk,1,1,retain,1.0,not identified as universal/generic by v2 policy,medium
low-fat sweetened condensed milk,1,1,retain,1.0,not identified as universal/generic by v2 policy,medium
maca powder,1,1,retain,1.0,not identified as universal/generic by v2 policy,medium
macaron,1,1,retain,1.0,not identified as universal/generic by v2 policy,medium
macaroni and cheese dinner,1,1,retain,1.0,not identified as universal/generic by v2 policy,medium
madagascar bourbon vanilla extract,1,1,retain,1.0,not identified as universal/generic by v2 policy,medium
madeleine,1,1,retain,1.0,not identified as universal/generic by v2 policy,medium
low-fat jarlsberg cheese,1,1,retain,1.0,not identified as universal/generic by v2 policy,medium
low-fat monterey jack,1,1,retain,1.0,not identified as universal/generic by v2 policy,medium
low-fat parmesan cheese,1,1,retain,1.0,not identified as universal/generic by v2 policy,medium
long pasta,1,1,retain,1.0,not identified as universal/generic by v2 policy,medium
longan,1,1,retain,1.0,not identified as universal/generic by v2 policy,medium
longaniza,1,1,retain,1.0,not identified as universal/generic by v2 policy,medium
loose leaf black tea,1,1,retain,1.0,not identified as universal/generic by v2 policy,medium
lop chong,1,1,retain,1.0,not identified as universal/generic by v2 policy,medium
lotus leave,1,1,retain,1.0,not identified as universal/generic by v2 policy,medium
lotus seed paste,1,1,retain,1.0,not identified as universal/generic by v2 policy,medium
louisiana cajun seasoning,1,1,retain,1.0,not identified as universal/generic by v2 policy,medium
shank half,1,1,retain,1.0,not identified as universal/generic by v2 policy,medium
shark,1,1,retain,1.0,not identified as universal/generic by v2 policy,medium
shark steak,1,1,retain,1.0,not identified as universal/generic by v2 policy,medium
shaved chocolate,1,1,retain,1.0,not identified as universal/generic by v2 policy,medium
long bun,1,1,retain,1.0,not identified as universal/generic by v2 policy,medium
long green,1,1,retain,1.0,not identified as universal/generic by v2 policy,medium
long green chily,1,1,retain,1.0,not identified as universal/generic by v2 policy,medium
long green pepper,1,1,retain,1.0,not identified as universal/generic by v2 policy,medium
low-fat deli ham,1,1,retain,1.0,not identified as universal/generic by v2 policy,medium
low-fat feta,1,1,retain,1.0,not identified as universal/generic by v2 policy,medium
low-fat firm silken tofu,1,1,retain,1.0,not identified as universal/generic by v2 policy,medium
sesame butter,1,1,retain,1.0,not identified as universal/generic by v2 policy,medium
sesame seed paste,1,1,retain,1.0,not identified as universal/generic by v2 policy,medium
sesame seeds bun,1,1,retain,1.0,not identified as universal/generic by v2 policy,medium
seville orange,1,1,retain,1.0,not identified as universal/generic by v2 policy,medium
seville orange juice,1,1,retain,1.0,not identified as universal/generic by v2 policy,medium
low fat vegetable broth,1,1,retain,1.0,not identified as universal/generic by v2 policy,medium
low sodium chicken broth,1,1,retain,1.0,not identified as universal/generic by v2 policy,medium
low-fat balsamic vinaigrette,1,1,retain,1.0,not identified as universal/generic by v2 policy,medium
low-fat bottled italian dressing,1,1,retain,1.0,not identified as universal/generic by v2 policy,medium
low-fat caesar dressing,1,1,retain,1.0,not identified as universal/generic by v2 policy,medium
low-fat canned coconut milk,1,1,retain,1.0,not identified as universal/generic by v2 policy,medium
low-fat chicken broth,1,1,retain,1.0,not identified as universal/generic by v2 policy,medium
low-fat creme fraiche,1,1,retain,1.0,not identified as universal/generic by v2 policy,medium
sherbet,1,1,retain,1.0,not identified as universal/generic by v2 policy,medium
shiraz,1,1,retain,1.0,not identified as universal/generic by v2 policy,medium
shiromiso,1,1,retain,1.0,not identified as universal/generic by v2 policy,medium
shishito chile,1,1,retain,1.0,not identified as universal/generic by v2 policy,medium
shoga,1,1,retain,1.0,not identified as universal/generic by v2 policy,medium
leftover meat,1,1,retain,1.0,not identified as universal/generic by v2 policy,medium
leftover steak,1,1,retain,1.0,not identified as universal/generic by v2 policy,medium
leg of veal,1,1,retain,1.0,not identified as universal/generic by v2 policy,medium
less sodium mushroom flavored soy sauce,1,1,retain,1.0,not identified as universal/generic by v2 policy,medium
less sodium reduced fat ham,1,1,retain,1.0,not identified as universal/generic by v2 policy,medium
lesser galangal,1,1,retain,1.0,not identified as universal/generic by v2 policy,medium
levain bread,1,1,retain,1.0,not identified as universal/generic by v2 policy,medium
licor 43,1,1,retain,1.0,not identified as universal/generic by v2 policy,medium
lillet,1,1,retain,1.0,not identified as universal/generic by v2 policy,medium
sheepshead,1,1,retain,1.0,not identified as universal/generic by v2 policy,medium
shelled hemp seed,1,1,retain,1.0,not identified as universal/generic by v2 policy,medium
liquid sweetener,1,1,retain,1.0,not identified as universal/generic by v2 policy,medium
liquorice,1,1,retain,1.0,not identified as universal/generic by v2 policy,medium
liver sausage,1,1,retain,1.0,not identified as universal/generic by v2 policy,medium
liverwurst,1,1,retain,1.0,not identified as universal/generic by v2 policy,medium
lo bok,1,1,retain,1.0,not identified as universal/generic by v2 policy,medium
lobster stock,1,1,retain,1.0,not identified as universal/generic by v2 policy,medium
lemonade concentrate thawed and undiluted,1,1,retain,1.0,not identified as universal/generic by v2 policy,medium
less sodium fat free chicken broth,1,1,retain,1.0,not identified as universal/generic by v2 policy,medium
low fat chunky mushroom pasta sauce,1,1,retain,1.0,not identified as universal/generic by v2 policy,medium
low fat coleslaw dressing,1,1,retain,1.0,not identified as universal/generic by v2 policy,medium
low fat cream of celery soup,1,1,retain,1.0,not identified as universal/generic by v2 policy,medium
low fat graham cracker crumb,1,1,retain,1.0,not identified as universal/generic by v2 policy,medium
low fat mild italian turkey sausage,1,1,retain,1.0,not identified as universal/generic by v2 policy,medium
lingcod,1,1,retain,1.0,not identified as universal/generic by v2 policy,medium
linguisa,1,1,retain,1.0,not identified as universal/generic by v2 policy,medium
liquid egg substitute,1,1,retain,1.0,not identified as universal/generic by v2 policy,medium
laksa paste,1,1,retain,1.0,not identified as universal/generic by v2 policy,medium
lamb bouillon cube,1,1,retain,1.0,not identified as universal/generic by v2 policy,medium
lamb cube,1,1,retain,1.0,not identified as universal/generic by v2 policy,medium
lamb kidney,1,1,retain,1.0,not identified as universal/generic by v2 policy,medium
lamb leg steak,1,1,retain,1.0,not identified as universal/generic by v2 policy,medium
lamb neck fillet,1,1,retain,1.0,not identified as universal/generic by v2 policy,medium
lamb rib roast,1,1,retain,1.0,not identified as universal/generic by v2 policy,medium
lamb seasoning,1,1,retain,1.0,not identified as universal/generic by v2 policy,medium
lecithin,1,1,retain,1.0,not identified as universal/generic by v2 policy,medium
leek top,1,1,retain,1.0,not identified as universal/generic by v2 policy,medium
leftover gravy,1,1,retain,1.0,not identified as universal/generic by v2 policy,medium
shortbread,1,1,retain,1.0,not identified as universal/generic by v2 policy,medium
shoulder steak,1,1,retain,1.0,not identified as universal/generic by v2 policy,medium
shrimp chip,1,1,retain,1.0,not identified as universal/generic by v2 policy,medium
sichuan peppercorn oil,1,1,retain,1.0,not identified as universal/generic by v2 policy,medium
side pork,1,1,retain,1.0,not identified as universal/generic by v2 policy,medium
lemon twist,1,1,retain,1.0,not identified as universal/generic by v2 policy,medium
lemon verbena,1,1,retain,1.0,not identified as universal/generic by v2 policy,medium
lemon vodka,1,1,retain,1.0,not identified as universal/generic by v2 policy,medium
langoustine,1,1,retain,1.0,not identified as universal/generic by v2 policy,medium
lap cheong,1,1,retain,1.0,not identified as universal/generic by v2 policy,medium
lapsang,1,1,retain,1.0,not identified as universal/generic by v2 policy,medium
lapsang souchong,1,1,retain,1.0,not identified as universal/generic by v2 policy,medium
lavender honey,1,1,retain,1.0,not identified as universal/generic by v2 policy,medium
legume,1,1,retain,1.0,not identified as universal/generic by v2 policy,medium
lemon cake mix,1,1,retain,1.0,not identified as universal/generic by v2 policy,medium
lemon cucumber,1,1,retain,1.0,not identified as universal/generic by v2 policy,medium
lemon iced tea mix,1,1,retain,1.0,not identified as universal/generic by v2 policy,medium
lemon lime beverage,1,1,retain,1.0,not identified as universal/generic by v2 policy,medium
lemon olive oil,1,1,retain,1.0,not identified as universal/generic by v2 policy,medium
lemon pudding,1,1,retain,1.0,not identified as universal/generic by v2 policy,medium
lemon soda,1,1,retain,1.0,not identified as universal/generic by v2 policy,medium
smoked almond,1,1,retain,1.0,not identified as universal/generic by v2 policy,medium
kha,1,1,retain,1.0,not identified as universal/generic by v2 policy,medium
kielbasa not low fat,1,1,retain,1.0,not identified as universal/generic by v2 policy,medium
kikkoman less sodium soy sauce,1,1,retain,1.0,not identified as universal/generic by v2 policy,medium
kim chee,1,1,retain,1.0,not identified as universal/generic by v2 policy,medium
kim crawford sauvignon blanc,1,1,retain,1.0,not identified as universal/generic by v2 policy,medium
king crab,1,1,retain,1.0,not identified as universal/generic by v2 policy,medium
king oyster mushroom,1,1,retain,1.0,not identified as universal/generic by v2 policy,medium
single malt scotch,1,1,retain,1.0,not identified as universal/generic by v2 policy,medium
sirloin tip steak,1,1,retain,1.0,not identified as universal/generic by v2 policy,medium
skinned boned duck breast halve,1,1,retain,1.0,not identified as universal/generic by v2 policy,medium
skippy creamy peanut butter,1,1,retain,1.0,not identified as universal/generic by v2 policy,medium
slider roll,1,1,retain,1.0,not identified as universal/generic by v2 policy,medium
slim cut mozzarella cheese slice,1,1,retain,1.0,not identified as universal/generic by v2 policy,medium
sloe gin,1,1,retain,1.0,not identified as universal/generic by v2 policy,medium
smart balance cooking spray,1,1,retain,1.0,not identified as universal/generic by v2 policy,medium
korean buckwheat noodle,1,1,retain,1.0,not identified as universal/generic by v2 policy,medium
korean vermicelli,1,1,retain,1.0,not identified as universal/generic by v2 policy,medium
kosher wine,1,1,retain,1.0,not identified as universal/generic by v2 policy,medium
kroger black bean,1,1,retain,1.0,not identified as universal/generic by v2 policy,medium
kumquats in syrup,1,1,retain,1.0,not identified as universal/generic by v2 policy,medium
la victoria red chile sauce,1,1,retain,1.0,not identified as universal/generic by v2 policy,medium
lady apple,1,1,retain,1.0,not identified as universal/generic by v2 policy,medium
ladys house seasoning,1,1,retain,1.0,not identified as universal/generic by v2 policy,medium
lamb strip,1,1,retain,1.0,not identified as universal/generic by v2 policy,medium
lambrusco,1,1,retain,1.0,not identified as universal/generic by v2 policy,medium
lambs liver,1,1,retain,1.0,not identified as universal/generic by v2 policy,medium
klondike rose red skin potato,1,1,retain,1.0,not identified as universal/generic by v2 policy,medium
knudsen 2 milkfat low fat cottage cheese,1,1,retain,1.0,not identified as universal/generic by v2 policy,medium
knudsen light sour cream,1,1,retain,1.0,not identified as universal/generic by v2 policy,medium
knudsen sour cream,1,1,retain,1.0,not identified as universal/generic by v2 policy,medium
kochu chang,1,1,retain,1.0,not identified as universal/generic by v2 policy,medium
jonshonville cajun style chicken sausage,1,1,retain,1.0,not identified as universal/generic by v2 policy,medium
jose cuervo,1,1,retain,1.0,not identified as universal/generic by v2 policy,medium
jose cuervo gold tequila,1,1,retain,1.0,not identified as universal/generic by v2 policy,medium
jumbo macaroni shell,1,1,retain,1.0,not identified as universal/generic by v2 policy,medium
jumbo shell pasta cook and drain,1,1,retain,1.0,not identified as universal/generic by v2 policy,medium
kahlua liqueur,1,1,retain,1.0,not identified as universal/generic by v2 policy,medium
kalamata olive halve,1,1,retain,1.0,not identified as universal/generic by v2 policy,medium
japanese style bread crumb,1,1,retain,1.0,not identified as universal/generic by v2 policy,medium
smoked mackerel,1,1,retain,1.0,not identified as universal/generic by v2 policy,medium
smoked mozzarella,1,1,retain,1.0,not identified as universal/generic by v2 policy,medium
smoked rasher,1,1,retain,1.0,not identified as universal/generic by v2 policy,medium
smoked turkey drumstick,1,1,retain,1.0,not identified as universal/generic by v2 policy,medium
smoked whitefish,1,1,retain,1.0,not identified as universal/generic by v2 policy,medium
johnsonville hot and spicy breakfast link,1,1,retain,1.0,not identified as universal/generic by v2 policy,medium
johnsonville hot and spicy sausage slice,1,1,retain,1.0,not identified as universal/generic by v2 policy,medium
johnsonville hot n spicy brat,1,1,retain,1.0,not identified as universal/generic by v2 policy,medium
karo corn syrup,1,1,retain,1.0,not identified as universal/generic by v2 policy,medium
katsuo dashi,1,1,retain,1.0,not identified as universal/generic by v2 policy,medium
ketjap,1,1,retain,1.0,not identified as universal/generic by v2 policy,medium
kewra,1,1,retain,1.0,not identified as universal/generic by v2 policy,medium
smoked bratwurst,1,1,retain,1.0,not identified as universal/generic by v2 policy,medium
smoked chorizo,1,1,retain,1.0,not identified as universal/generic by v2 policy,medium
smoked eel,1,1,retain,1.0,not identified as universal/generic by v2 policy,medium
smoked hog jowl,1,1,retain,1.0,not identified as universal/generic by v2 policy,medium
king salmon,1,1,retain,1.0,not identified as universal/generic by v2 policy,medium
kingfish,1,1,retain,1.0,not identified as universal/generic by v2 policy,medium
kipper,1,1,retain,1.0,not identified as universal/generic by v2 policy,medium
kippered herring fillet,1,1,retain,1.0,not identified as universal/generic by v2 policy,medium
kampyo,1,1,retain,1.0,not identified as universal/generic by v2 policy,medium
kamut flour,1,1,retain,1.0,not identified as universal/generic by v2 policy,medium
kappa,1,1,retain,1.0,not identified as universal/generic by v2 policy,medium
karo,1,1,retain,1.0,not identified as universal/generic by v2 policy,medium
sodium free chicken broth,1,1,retain,1.0,not identified as universal/generic by v2 policy,medium
sodium free chicken stock,1,1,retain,1.0,not identified as universal/generic by v2 policy,medium
sodium reduced beef broth,1,1,retain,1.0,not identified as universal/generic by v2 policy,medium
sodium reduced chicken broth,1,1,retain,1.0,not identified as universal/generic by v2 policy,medium
soft margarine,1,1,retain,1.0,not identified as universal/generic by v2 policy,medium
soft roll,1,1,retain,1.0,not identified as universal/generic by v2 policy,medium
italian pizza crust,1,1,retain,1.0,not identified as universal/generic by v2 policy,medium
italian roll,1,1,retain,1.0,not identified as universal/generic by v2 policy,medium
jamon serrano,1,1,retain,1.0,not identified as universal/generic by v2 policy,medium
japanese peanut,1,1,retain,1.0,not identified as universal/generic by v2 policy,medium
japanese pumpkin,1,1,retain,1.0,not identified as universal/generic by v2 policy,medium
japanese radish,1,1,retain,1.0,not identified as universal/generic by v2 policy,medium
snap,1,1,retain,1.0,not identified as universal/generic by v2 policy,medium
snip fresh dill,1,1,retain,1.0,not identified as universal/generic by v2 policy,medium
snow crab,1,1,retain,1.0,not identified as universal/generic by v2 policy,medium
sobrasada,1,1,retain,1.0,not identified as universal/generic by v2 policy,medium
jack daniels whiskey,1,1,retain,1.0,not identified as universal/generic by v2 policy,medium
jagermeister liqueur,1,1,retain,1.0,not identified as universal/generic by v2 policy,medium
jamaican jerk,1,1,retain,1.0,not identified as universal/generic by v2 policy,medium
jamaican jerk marinade,1,1,retain,1.0,not identified as universal/generic by v2 policy,medium
jamaican jerk rub,1,1,retain,1.0,not identified as universal/generic by v2 policy,medium
jambalaya,1,1,retain,1.0,not identified as universal/generic by v2 policy,medium
jambon de bayonne,1,1,retain,1.0,not identified as universal/generic by v2 policy,medium
jameson whiskey,1,1,retain,1.0,not identified as universal/generic by v2 policy,medium
jarred chicken soup base,1,1,retain,1.0,not identified as universal/generic by v2 policy,medium
jerk rub seasoning,1,1,retain,1.0,not identified as universal/generic by v2 policy,medium
jerk seasoning mix,1,1,retain,1.0,not identified as universal/generic by v2 policy,medium
jimmy,1,1,retain,1.0,not identified as universal/generic by v2 policy,medium
jimmy dean all natural regular pork sausage,1,1,retain,1.0,not identified as universal/generic by v2 policy,medium
jimmy dean pork sausage,1,1,retain,1.0,not identified as universal/generic by v2 policy,medium
johnsonville andouille dinner sausage,1,1,retain,1.0,not identified as universal/generic by v2 policy,medium
johnsonville andouille fully cooked sausage,1,1,retain,1.0,not identified as universal/generic by v2 policy,medium
hurst family harvest chipotle lime black bean soup mix,1,1,retain,1.0,not identified as universal/generic by v2 policy,medium
hyssop,1,1,retain,1.0,not identified as universal/generic by v2 policy,medium
ibarra chocolate,1,1,retain,1.0,not identified as universal/generic by v2 policy,medium
ic pop,1,1,retain,1.0,not identified as universal/generic by v2 policy,medium
ice cream salt,1,1,retain,1.0,not identified as universal/generic by v2 policy,medium
iced tea brew family size tea bag,1,1,retain,1.0,not identified as universal/generic by v2 policy,medium
icing mix,1,1,retain,1.0,not identified as universal/generic by v2 policy,medium
ikura,1,1,retain,1.0,not identified as universal/generic by v2 policy,medium
soft-shell clam,1,1,retain,1.0,not identified as universal/generic by v2 policy,medium
soft-shelled crab,1,1,retain,1.0,not identified as universal/generic by v2 policy,medium
sorghum molasse,1,1,retain,1.0,not identified as universal/generic by v2 policy,medium
soup bone,1,1,retain,1.0,not identified as universal/generic by v2 policy,medium
soup pasta,1,1,retain,1.0,not identified as universal/generic by v2 policy,medium
sour salt,1,1,retain,1.0,not identified as universal/generic by v2 policy,medium
hubbard squash,1,1,retain,1.0,not identified as universal/generic by v2 policy,medium
huckleberry,1,1,retain,1.0,not identified as universal/generic by v2 policy,medium
indian flat bread,1,1,retain,1.0,not identified as universal/generic by v2 policy,medium
instant banana cream pudding,1,1,retain,1.0,not identified as universal/generic by v2 policy,medium
instant butterscotch pudding mix,1,1,retain,1.0,not identified as universal/generic by v2 policy,medium
instant chicken bouillon,1,1,retain,1.0,not identified as universal/generic by v2 policy,medium
instant chicken bouillon granule,1,1,retain,1.0,not identified as universal/generic by v2 policy,medium
instant oat,1,1,retain,1.0,not identified as universal/generic by v2 policy,medium
instant tea powder,1,1,retain,1.0,not identified as universal/generic by v2 policy,medium
irish oat,1,1,retain,1.0,not identified as universal/generic by v2 policy,medium
italian sauce,1,1,retain,1.0,not identified as universal/generic by v2 policy,medium
italian seasoned diced tomatoe,1,1,retain,1.0,not identified as universal/generic by v2 policy,medium
italian seasoned panko bread crumb,1,1,retain,1.0,not identified as universal/generic by v2 policy,medium
italian side creami garlic shell,1,1,retain,1.0,not identified as universal/generic by v2 policy,medium
italian style roll,1,1,retain,1.0,not identified as universal/generic by v2 policy,medium
italian vinaigrette,1,1,retain,1.0,not identified as universal/generic by v2 policy,medium
imperial sugar light brown sugar,1,1,retain,1.0,not identified as universal/generic by v2 policy,medium
india pale ale,1,1,retain,1.0,not identified as universal/generic by v2 policy,medium
soy-based liquid seasoning,1,1,retain,1.0,not identified as universal/generic by v2 policy,medium
soya cheese,1,1,retain,1.0,not identified as universal/generic by v2 policy,medium
soya flour,1,1,retain,1.0,not identified as universal/generic by v2 policy,medium
soybean oil,1,1,retain,1.0,not identified as universal/generic by v2 policy,medium
hibiscus blossom,1,1,retain,1.0,not identified as universal/generic by v2 policy,medium
hibiscus tea,1,1,retain,1.0,not identified as universal/generic by v2 policy,medium
hickory smoke,1,1,retain,1.0,not identified as universal/generic by v2 policy,medium
hickory-flavored liquid smoke,1,1,retain,1.0,not identified as universal/generic by v2 policy,medium
sourdough roll,1,1,retain,1.0,not identified as universal/generic by v2 policy,medium
soy crumble,1,1,retain,1.0,not identified as universal/generic by v2 policy,medium
soy glaze,1,1,retain,1.0,not identified as universal/generic by v2 policy,medium
soy marinade,1,1,retain,1.0,not identified as universal/generic by v2 policy,medium
soy nut,1,1,retain,1.0,not identified as universal/generic by v2 policy,medium
soy vay hoisin garlic marinade and sauce,1,1,retain,1.0,not identified as universal/generic by v2 policy,medium
soy vay toasted sesame dressing and marinade,1,1,retain,1.0,not identified as universal/generic by v2 policy,medium
soy vay veri veri teriyaki marinade and sauce,1,1,retain,1.0,not identified as universal/generic by v2 policy,medium
honey spread,1,1,retain,1.0,not identified as universal/generic by v2 policy,medium
honey whiskey,1,1,retain,1.0,not identified as universal/generic by v2 policy,medium
honey-flavored greek style yogurt,1,1,retain,1.0,not identified as universal/generic by v2 policy,medium
honeycomb tripe,1,1,retain,1.0,not identified as universal/generic by v2 policy,medium
honeysuckle white hot italian turkey sausage link,1,1,retain,1.0,not identified as universal/generic by v2 policy,medium
hop,1,1,retain,1.0,not identified as universal/generic by v2 policy,medium
hot,1,1,retain,1.0,not identified as universal/generic by v2 policy,medium
house seasoning,1,1,retain,1.0,not identified as universal/generic by v2 policy,medium
imitation seafood,1,1,retain,1.0,not identified as universal/generic by v2 policy,medium
imitation vanilla flavoring,1,1,retain,1.0,not identified as universal/generic by v2 policy,medium
homemade stock,1,1,retain,1.0,not identified as universal/generic by v2 policy,medium
homemade yogurt,1,1,retain,1.0,not identified as universal/generic by v2 policy,medium
homestyl stock beef,1,1,retain,1.0,not identified as universal/generic by v2 policy,medium
honey graham cracker,1,1,retain,1.0,not identified as universal/generic by v2 policy,medium
honey liqueur,1,1,retain,1.0,not identified as universal/generic by v2 policy,medium
honey mustard dressing,1,1,retain,1.0,not identified as universal/generic by v2 policy,medium
heinz tomato ketchup,1,1,retain,1.0,not identified as universal/generic by v2 policy,medium
heinz worcestershire sauce,1,1,retain,1.0,not identified as universal/generic by v2 policy,medium
heirloom squash,1,1,retain,1.0,not identified as universal/generic by v2 policy,medium
hellmannatm or best food canola cholesterol free mayonnai,1,1,retain,1.0,not identified as universal/generic by v2 policy,medium
hellmanns dijonnaise creamy dijon mustard,1,1,retain,1.0,not identified as universal/generic by v2 policy,medium
hen,1,1,retain,1.0,not identified as universal/generic by v2 policy,medium
hen of the wood,1,1,retain,1.0,not identified as universal/generic by v2 policy,medium
herb cheese,1,1,retain,1.0,not identified as universal/generic by v2 policy,medium
spice islands bay leave,1,1,retain,1.0,not identified as universal/generic by v2 policy,medium
spice islands garlic salt,1,1,retain,1.0,not identified as universal/generic by v2 policy,medium
spice islands ground cumin seed,1,1,retain,1.0,not identified as universal/generic by v2 policy,medium
spice islands minced garlic,1,1,retain,1.0,not identified as universal/generic by v2 policy,medium
spicy mayonnaise,1,1,retain,1.0,not identified as universal/generic by v2 policy,medium
spicy salami,1,1,retain,1.0,not identified as universal/generic by v2 policy,medium
heath candy bar,1,1,retain,1.0,not identified as universal/generic by v2 policy,medium
heinz ketchup,1,1,retain,1.0,not identified as universal/generic by v2 policy,medium
holland house white wine vinegar,1,1,retain,1.0,not identified as universal/generic by v2 policy,medium
home originals taco seasoning mix,1,1,retain,1.0,not identified as universal/generic by v2 policy,medium
homemade meatball,1,1,retain,1.0,not identified as universal/generic by v2 policy,medium
sparkling diet green tea with strawberry kiwi,1,1,retain,1.0,not identified as universal/generic by v2 policy,medium
sparkling lemonade,1,1,retain,1.0,not identified as universal/generic by v2 policy,medium
sparkling rose wine,1,1,retain,1.0,not identified as universal/generic by v2 policy,medium
sparkling sangria tradicional,1,1,retain,1.0,not identified as universal/generic by v2 policy,medium
speck,1,1,retain,1.0,not identified as universal/generic by v2 policy,medium
hierba santa,1,1,retain,1.0,not identified as universal/generic by v2 policy,medium
high gluten bread flour,1,1,retain,1.0,not identified as universal/generic by v2 policy,medium
high-fructose corn syrup,1,1,retain,1.0,not identified as universal/generic by v2 policy,medium
hijiki,1,1,retain,1.0,not identified as universal/generic by v2 policy,medium
hillshire farms low fat sausage,1,1,retain,1.0,not identified as universal/generic by v2 policy,medium
hoagi or roll,1,1,retain,1.0,not identified as universal/generic by v2 policy,medium
hogue cabernet sauvignon,1,1,retain,1.0,not identified as universal/generic by v2 policy,medium
hoja santa,1,1,retain,1.0,not identified as universal/generic by v2 policy,medium
spring mix,1,1,retain,1.0,not identified as universal/generic by v2 policy,medium
squash seed,1,1,retain,1.0,not identified as universal/generic by v2 policy,medium
green tomato relish,1,1,retain,1.0,not identified as universal/generic by v2 policy,medium
grilled chicken strip,1,1,retain,1.0,not identified as universal/generic by v2 policy,medium
grind white cornmeal,1,1,retain,1.0,not identified as universal/generic by v2 policy,medium
guacamol ranch dress,1,1,retain,1.0,not identified as universal/generic by v2 policy,medium
guacamole seasoning mix,1,1,retain,1.0,not identified as universal/generic by v2 policy,medium
guanabana,1,1,retain,1.0,not identified as universal/generic by v2 policy,medium
hamachi,1,1,retain,1.0,not identified as universal/generic by v2 policy,medium
hamachi fillet,1,1,retain,1.0,not identified as universal/generic by v2 policy,medium
spinach leaves rins and pat dry,1,1,retain,1.0,not identified as universal/generic by v2 policy,medium
spinach tortilla,1,1,retain,1.0,not identified as universal/generic by v2 policy,medium
spiny lobster,1,1,retain,1.0,not identified as universal/generic by v2 policy,medium
splenda granular,1,1,retain,1.0,not identified as universal/generic by v2 policy,medium
sports drink,1,1,retain,1.0,not identified as universal/generic by v2 policy,medium
spot prawn,1,1,retain,1.0,not identified as universal/generic by v2 policy,medium
hazelnut flour,1,1,retain,1.0,not identified as universal/generic by v2 policy,medium
guinness lager,1,1,retain,1.0,not identified as universal/generic by v2 policy,medium
haba,1,1,retain,1.0,not identified as universal/generic by v2 policy,medium
habanero powder,1,1,retain,1.0,not identified as universal/generic by v2 policy,medium
hachiya,1,1,retain,1.0,not identified as universal/generic by v2 policy,medium
hake fillet,1,1,retain,1.0,not identified as universal/generic by v2 policy,medium
hakusai,1,1,retain,1.0,not identified as universal/generic by v2 policy,medium
haloumi,1,1,retain,1.0,not identified as universal/generic by v2 policy,medium
herb dressing,1,1,retain,1.0,not identified as universal/generic by v2 policy,medium
herbsaint,1,1,retain,1.0,not identified as universal/generic by v2 policy,medium
herdez salsa,1,1,retain,1.0,not identified as universal/generic by v2 policy,medium
hard cheese,1,1,retain,1.0,not identified as universal/generic by v2 policy,medium
haricot bean,1,1,retain,1.0,not identified as universal/generic by v2 policy,medium
harusame,1,1,retain,1.0,not identified as universal/generic by v2 policy,medium
havarti,1,1,retain,1.0,not identified as universal/generic by v2 policy,medium
hawaiian salt,1,1,retain,1.0,not identified as universal/generic by v2 policy,medium
grain salt,1,1,retain,1.0,not identified as universal/generic by v2 policy,medium
grain spelt flour,1,1,retain,1.0,not identified as universal/generic by v2 policy,medium
grain thin spaghetti,1,1,retain,1.0,not identified as universal/generic by v2 policy,medium
grana,1,1,retain,1.0,not identified as universal/generic by v2 policy,medium
granary bread,1,1,retain,1.0,not identified as universal/generic by v2 policy,medium
granita,1,1,retain,1.0,not identified as universal/generic by v2 policy,medium
granular no-calorie sucralose sweetener,1,1,retain,1.0,not identified as universal/generic by v2 policy,medium
granular sucrolose sweetener,1,1,retain,1.0,not identified as universal/generic by v2 policy,medium
greek yogurt original ranch dip mix,1,1,retain,1.0,not identified as universal/generic by v2 policy,medium
green bellpepper,1,1,retain,1.0,not identified as universal/generic by v2 policy,medium
squid tube,1,1,retain,1.0,not identified as universal/generic by v2 policy,medium
st germain liqueur,1,1,retain,1.0,not identified as universal/generic by v2 policy,medium
standing rib roast,1,1,retain,1.0,not identified as universal/generic by v2 policy,medium
steak tip,1,1,retain,1.0,not identified as universal/generic by v2 policy,medium
stellette,1,1,retain,1.0,not identified as universal/generic by v2 policy,medium
stem ginger,1,1,retain,1.0,not identified as universal/generic by v2 policy,medium
graviera,1,1,retain,1.0,not identified as universal/generic by v2 policy,medium
gravlax,1,1,retain,1.0,not identified as universal/generic by v2 policy,medium
gravy mix mushroom,1,1,retain,1.0,not identified as universal/generic by v2 policy,medium
greek 100 blackberry pie yogurt,1,1,retain,1.0,not identified as universal/generic by v2 policy,medium
greek 2 caramel yogurt,1,1,retain,1.0,not identified as universal/generic by v2 policy,medium
greek black olive,1,1,retain,1.0,not identified as universal/generic by v2 policy,medium
greek seasoning mix,1,1,retain,1.0,not identified as universal/generic by v2 policy,medium
greek style seasoning,1,1,retain,1.0,not identified as universal/generic by v2 policy,medium
guava paste,1,1,retain,1.0,not identified as universal/generic by v2 policy,medium
green cauliflower,1,1,retain,1.0,not identified as universal/generic by v2 policy,medium
green fig,1,1,retain,1.0,not identified as universal/generic by v2 policy,medium
green giant whole kernel sweet corn,1,1,retain,1.0,not identified as universal/generic by v2 policy,medium
green gianttm sliced mushroom,1,1,retain,1.0,not identified as universal/generic by v2 policy,medium
green pesto,1,1,retain,1.0,not identified as universal/generic by v2 policy,medium
green soybean,1,1,retain,1.0,not identified as universal/generic by v2 policy,medium
gravenstein apple,1,1,retain,1.0,not identified as universal/generic by v2 policy,medium
strawberry extract,1,1,retain,1.0,not identified as universal/generic by v2 policy,medium
strawberry gelatin,1,1,retain,1.0,not identified as universal/generic by v2 policy,medium
gluten-free pie crust,1,1,retain,1.0,not identified as universal/generic by v2 policy,medium
gluten-free rolled oat,1,1,retain,1.0,not identified as universal/generic by v2 policy,medium
gluten-free tamari sauce,1,1,retain,1.0,not identified as universal/generic by v2 policy,medium
gnocchetti sardi,1,1,retain,1.0,not identified as universal/generic by v2 policy,medium
goat milk feta,1,1,retain,1.0,not identified as universal/generic by v2 policy,medium
goat s milk cheese,1,1,retain,1.0,not identified as universal/generic by v2 policy,medium
grain rotini,1,1,retain,1.0,not identified as universal/generic by v2 policy,medium
stick butter,1,1,retain,1.0,not identified as universal/generic by v2 policy,medium
stolichnaya,1,1,retain,1.0,not identified as universal/generic by v2 policy,medium
stonefire tandoori garlic naan,1,1,retain,1.0,not identified as universal/generic by v2 policy,medium
store bought low sodium vegetable stock,1,1,retain,1.0,not identified as universal/generic by v2 policy,medium
store-bought pound cake,1,1,retain,1.0,not identified as universal/generic by v2 policy,medium
straight bourbon whiskey,1,1,retain,1.0,not identified as universal/generic by v2 policy,medium
strawberry compote,1,1,retain,1.0,not identified as universal/generic by v2 policy,medium
goya ground cumin,1,1,retain,1.0,not identified as universal/generic by v2 policy,medium
goya hot sauce,1,1,retain,1.0,not identified as universal/generic by v2 policy,medium
graham flour,1,1,retain,1.0,not identified as universal/generic by v2 policy,medium
grain alcohol,1,1,retain,1.0,not identified as universal/generic by v2 policy,medium
grain baguette,1,1,retain,1.0,not identified as universal/generic by v2 policy,medium
grain bun,1,1,retain,1.0,not identified as universal/generic by v2 policy,medium
grain english muffin,1,1,retain,1.0,not identified as universal/generic by v2 policy,medium
grain roll,1,1,retain,1.0,not identified as universal/generic by v2 policy,medium
granulated tapioca,1,1,retain,1.0,not identified as universal/generic by v2 policy,medium
grape vine leave,1,1,retain,1.0,not identified as universal/generic by v2 policy,medium
gomashio,1,1,retain,1.0,not identified as universal/generic by v2 policy,medium
goose,1,1,retain,1.0,not identified as universal/generic by v2 policy,medium
goose liver,1,1,retain,1.0,not identified as universal/generic by v2 policy,medium
gourmet garden oregano,1,1,retain,1.0,not identified as universal/generic by v2 policy,medium
gourmet garden parsley,1,1,retain,1.0,not identified as universal/generic by v2 policy,medium
goya extra virgin olive oil,1,1,retain,1.0,not identified as universal/generic by v2 policy,medium
suckling pig,1,1,retain,1.0,not identified as universal/generic by v2 policy,medium
sucralose sweetener,1,1,retain,1.0,not identified as universal/generic by v2 policy,medium
sugar cane juice,1,1,retain,1.0,not identified as universal/generic by v2 policy,medium
sugar in the raw,1,1,retain,1.0,not identified as universal/generic by v2 policy,medium
sugar pearl,1,1,retain,1.0,not identified as universal/generic by v2 policy,medium
gelatin sheet,1,1,retain,1.0,not identified as universal/generic by v2 policy,medium
genmai miso,1,1,retain,1.0,not identified as universal/generic by v2 policy,medium
genoise,1,1,retain,1.0,not identified as universal/generic by v2 policy,medium
gluten-free oyster sauce,1,1,retain,1.0,not identified as universal/generic by v2 policy,medium
gluten-free penne,1,1,retain,1.0,not identified as universal/generic by v2 policy,medium
strawberry yogurt,1,1,retain,1.0,not identified as universal/generic by v2 policy,medium
strip loin,1,1,retain,1.0,not identified as universal/generic by v2 policy,medium
strip loin steak,1,1,retain,1.0,not identified as universal/generic by v2 policy,medium
sturgeon,1,1,retain,1.0,not identified as universal/generic by v2 policy,medium
sturgeon fillet,1,1,retain,1.0,not identified as universal/generic by v2 policy,medium
success white rice,1,1,retain,1.0,not identified as universal/generic by v2 policy,medium
gluten free lasagna noodle,1,1,retain,1.0,not identified as universal/generic by v2 policy,medium
gluten free marinara sauce,1,1,retain,1.0,not identified as universal/generic by v2 policy,medium
gluten free vanilla extract,1,1,retain,1.0,not identified as universal/generic by v2 policy,medium
gluten-free baking powder,1,1,retain,1.0,not identified as universal/generic by v2 policy,medium
gluten-free bread,1,1,retain,1.0,not identified as universal/generic by v2 policy,medium
gluten-free broth,1,1,retain,1.0,not identified as universal/generic by v2 policy,medium
gluten-free chicken stock,1,1,retain,1.0,not identified as universal/generic by v2 policy,medium
gluten-free oat,1,1,retain,1.0,not identified as universal/generic by v2 policy,medium
golden veggie fettuccine pasta,1,1,retain,1.0,not identified as universal/generic by v2 policy,medium
goma,1,1,retain,1.0,not identified as universal/generic by v2 policy,medium
glucose,1,1,retain,1.0,not identified as universal/generic by v2 policy,medium
glucose syrup,1,1,retain,1.0,not identified as universal/generic by v2 policy,medium
gluten flour,1,1,retain,1.0,not identified as universal/generic by v2 policy,medium
gluten free barbecue sauce,1,1,retain,1.0,not identified as universal/generic by v2 policy,medium
gluten free chicken broth,1,1,retain,1.0,not identified as universal/generic by v2 policy,medium
gluten free cooking spray,1,1,retain,1.0,not identified as universal/generic by v2 policy,medium
fruit juice,1,1,retain,1.0,not identified as universal/generic by v2 policy,medium
fruit puree,1,1,retain,1.0,not identified as universal/generic by v2 policy,medium
fruitcake,1,1,retain,1.0,not identified as universal/generic by v2 policy,medium
fryer,1,1,retain,1.0,not identified as universal/generic by v2 policy,medium
fudge cake mix,1,1,retain,1.0,not identified as universal/generic by v2 policy,medium
fudge topping,1,1,retain,1.0,not identified as universal/generic by v2 policy,medium
fully cooked luncheon meat,1,1,retain,1.0,not identified as universal/generic by v2 policy,medium
galliano,1,1,retain,1.0,not identified as universal/generic by v2 policy,medium
sun dried tomato dressing,1,1,retain,1.0,not identified as universal/generic by v2 policy,medium
sun dried tomato vinaigrette,1,1,retain,1.0,not identified as universal/generic by v2 policy,medium
sunflower kernel,1,1,retain,1.0,not identified as universal/generic by v2 policy,medium
sunflower seed butter,1,1,retain,1.0,not identified as universal/generic by v2 policy,medium
superfine white sugar,1,1,retain,1.0,not identified as universal/generic by v2 policy,medium
sushi vinegar,1,1,retain,1.0,not identified as universal/generic by v2 policy,medium
swanson chicken stock,1,1,retain,1.0,not identified as universal/generic by v2 policy,medium
swanson vegetable broth,1,1,retain,1.0,not identified as universal/generic by v2 policy,medium
garlic herb spreadable cheese,1,1,retain,1.0,not identified as universal/generic by v2 policy,medium
garlic mayonnaise,1,1,retain,1.0,not identified as universal/generic by v2 policy,medium
garlic naan,1,1,retain,1.0,not identified as universal/generic by v2 policy,medium
garlic olive oil,1,1,retain,1.0,not identified as universal/generic by v2 policy,medium
garlic pepper blend,1,1,retain,1.0,not identified as universal/generic by v2 policy,medium
gebhardt chili powder,1,1,retain,1.0,not identified as universal/generic by v2 policy,medium
sugarcane juice,1,1,retain,1.0,not identified as universal/generic by v2 policy,medium
sumac powder,1,1,retain,1.0,not identified as universal/generic by v2 policy,medium
george dickel,1,1,retain,1.0,not identified as universal/generic by v2 policy,medium
german mustard,1,1,retain,1.0,not identified as universal/generic by v2 policy,medium
ginger liqueur,1,1,retain,1.0,not identified as universal/generic by v2 policy,medium
ginseng tea,1,1,retain,1.0,not identified as universal/generic by v2 policy,medium
garbanzo bean flour,1,1,retain,1.0,not identified as universal/generic by v2 policy,medium
garbonzo bean,1,1,retain,1.0,not identified as universal/generic by v2 policy,medium
garden cress,1,1,retain,1.0,not identified as universal/generic by v2 policy,medium
garland chrysanthemum,1,1,retain,1.0,not identified as universal/generic by v2 policy,medium
flax egg,1,1,retain,1.0,not identified as universal/generic by v2 policy,medium
flora buttery,1,1,retain,1.0,not identified as universal/generic by v2 policy,medium
flora original,1,1,retain,1.0,not identified as universal/generic by v2 policy,medium
flora pro activ,1,1,retain,1.0,not identified as universal/generic by v2 policy,medium
flower petal,1,1,retain,1.0,not identified as universal/generic by v2 policy,medium
flowering chinese chive,1,1,retain,1.0,not identified as universal/generic by v2 policy,medium
flowering garlic chive,1,1,retain,1.0,not identified as universal/generic by v2 policy,medium
foccacia,1,1,retain,1.0,not identified as universal/generic by v2 policy,medium
sweetened red bean,1,1,retain,1.0,not identified as universal/generic by v2 policy,medium
swiss,1,1,retain,1.0,not identified as universal/generic by v2 policy,medium
swiss steak,1,1,retain,1.0,not identified as universal/generic by v2 policy,medium
tabasco chipotle pepper sauce,1,1,retain,1.0,not identified as universal/generic by v2 policy,medium
table syrup,1,1,retain,1.0,not identified as universal/generic by v2 policy,medium
table wine,1,1,retain,1.0,not identified as universal/generic by v2 policy,medium
taco seasoned cheese,1,1,retain,1.0,not identified as universal/generic by v2 policy,medium
flavored wine,1,1,retain,1.0,not identified as universal/generic by v2 policy,medium
foster farms boneless skinless chicken breast,1,1,retain,1.0,not identified as universal/generic by v2 policy,medium
fowl,1,1,retain,1.0,not identified as universal/generic by v2 policy,medium
framboise liqueur,1,1,retain,1.0,not identified as universal/generic by v2 policy,medium
frank,1,1,retain,1.0,not identified as universal/generic by v2 policy,medium
frankfurter,1,1,retain,1.0,not identified as universal/generic by v2 policy,medium
franks hot sauce,1,1,retain,1.0,not identified as universal/generic by v2 policy,medium
freeze-dried strawberry,1,1,retain,1.0,not identified as universal/generic by v2 policy,medium
sweetened raspberry,1,1,retain,1.0,not identified as universal/generic by v2 policy,medium
game,1,1,retain,1.0,not identified as universal/generic by v2 policy,medium
garbanzo,1,1,retain,1.0,not identified as universal/generic by v2 policy,medium
french style sandwich roll,1,1,retain,1.0,not identified as universal/generic by v2 policy,medium
fresno pepper,1,1,retain,1.0,not identified as universal/generic by v2 policy,medium
fried wonton strip,1,1,retain,1.0,not identified as universal/generic by v2 policy,medium
friselle,1,1,retain,1.0,not identified as universal/generic by v2 policy,medium
food gel,1,1,retain,1.0,not identified as universal/generic by v2 policy,medium
forest mushroom,1,1,retain,1.0,not identified as universal/generic by v2 policy,medium
tamarind pod,1,1,retain,1.0,not identified as universal/generic by v2 policy,medium
tamarind puree,1,1,retain,1.0,not identified as universal/generic by v2 policy,medium
tandoori masala mix,1,1,retain,1.0,not identified as universal/generic by v2 policy,medium
tangelo,1,1,retain,1.0,not identified as universal/generic by v2 policy,medium
tangzhong roux,1,1,retain,1.0,not identified as universal/generic by v2 policy,medium
farmhouse originals italian with herbs dressing,1,1,retain,1.0,not identified as universal/generic by v2 policy,medium
fat free cream of mushroom soup,1,1,retain,1.0,not identified as universal/generic by v2 policy,medium
fat free ground turkey breast,1,1,retain,1.0,not identified as universal/generic by v2 policy,medium
fermented bean curd,1,1,retain,1.0,not identified as universal/generic by v2 policy,medium
fern,1,1,retain,1.0,not identified as universal/generic by v2 policy,medium
fettuccini,1,1,retain,1.0,not identified as universal/generic by v2 policy,medium
fiber one,1,1,retain,1.0,not identified as universal/generic by v2 policy,medium
taiwanese bok choy,1,1,retain,1.0,not identified as universal/generic by v2 policy,medium
tallow,1,1,retain,1.0,not identified as universal/generic by v2 policy,medium
tamari almond,1,1,retain,1.0,not identified as universal/generic by v2 policy,medium
tamari tamari,1,1,retain,1.0,not identified as universal/generic by v2 policy,medium
file,1,1,retain,1.0,not identified as universal/generic by v2 policy,medium
filipino eggplant,1,1,retain,1.0,not identified as universal/generic by v2 policy,medium
fillet medallion,1,1,retain,1.0,not identified as universal/generic by v2 policy,medium
fillet of beef,1,1,retain,1.0,not identified as universal/generic by v2 policy,medium
fingerling,1,1,retain,1.0,not identified as universal/generic by v2 policy,medium
fat-free parmesan cheese,1,1,retain,1.0,not identified as universal/generic by v2 policy,medium
fat-trimmed beef flank steak,1,1,retain,1.0,not identified as universal/generic by v2 policy,medium
fedelini,1,1,retain,1.0,not identified as universal/generic by v2 policy,medium
fish bone,1,1,retain,1.0,not identified as universal/generic by v2 policy,medium
fish stock cube,1,1,retain,1.0,not identified as universal/generic by v2 policy,medium
fisher pecan,1,1,retain,1.0,not identified as universal/generic by v2 policy,medium
fisher pecan halve,1,1,retain,1.0,not identified as universal/generic by v2 policy,medium
flaked oat,1,1,retain,1.0,not identified as universal/generic by v2 policy,medium
fiddlehead fern,1,1,retain,1.0,not identified as universal/generic by v2 policy,medium
fideos pasta,1,1,retain,1.0,not identified as universal/generic by v2 policy,medium
fiesta sides spanish rice,1,1,retain,1.0,not identified as universal/generic by v2 policy,medium
taro leaf,1,1,retain,1.0,not identified as universal/generic by v2 policy,medium
tart crust,1,1,retain,1.0,not identified as universal/generic by v2 policy,medium
tart filling,1,1,retain,1.0,not identified as universal/generic by v2 policy,medium
tea cake,1,1,retain,1.0,not identified as universal/generic by v2 policy,medium
teff,1,1,retain,1.0,not identified as universal/generic by v2 policy,medium
dulong,1,1,retain,1.0,not identified as universal/generic by v2 policy,medium
dumpling dough,1,1,retain,1.0,not identified as universal/generic by v2 policy,medium
earth balance buttery spread,1,1,retain,1.0,not identified as universal/generic by v2 policy,medium
elmlea single light,1,1,retain,1.0,not identified as universal/generic by v2 policy,medium
empanada wrapper,1,1,retain,1.0,not identified as universal/generic by v2 policy,medium
energy drink,1,1,retain,1.0,not identified as universal/generic by v2 policy,medium
english breakfast tea,1,1,retain,1.0,not identified as universal/generic by v2 policy,medium
english breakfast tea bag,1,1,retain,1.0,not identified as universal/generic by v2 policy,medium
english breakfast tea leave,1,1,retain,1.0,not identified as universal/generic by v2 policy,medium
english walnut,1,1,retain,1.0,not identified as universal/generic by v2 policy,medium
tapatio hot sauce,1,1,retain,1.0,not identified as universal/generic by v2 policy,medium
extra,1,1,retain,1.0,not identified as universal/generic by v2 policy,medium
eye of the round,1,1,retain,1.0,not identified as universal/generic by v2 policy,medium
eye steak,1,1,retain,1.0,not identified as universal/generic by v2 policy,medium
falafel,1,1,retain,1.0,not identified as universal/generic by v2 policy,medium
farfalline,1,1,retain,1.0,not identified as universal/generic by v2 policy,medium
eggnog,1,1,retain,1.0,not identified as universal/generic by v2 policy,medium
elderflower cordial,1,1,retain,1.0,not identified as universal/generic by v2 policy,medium
elmlea single,1,1,retain,1.0,not identified as universal/generic by v2 policy,medium
fat free vegetable broth,1,1,retain,1.0,not identified as universal/generic by v2 policy,medium
fat free whipped topping,1,1,retain,1.0,not identified as universal/generic by v2 policy,medium
fat-free crouton,1,1,retain,1.0,not identified as universal/generic by v2 policy,medium
essence seasoning,1,1,retain,1.0,not identified as universal/generic by v2 policy,medium
estancia pinot noir,1,1,retain,1.0,not identified as universal/generic by v2 policy,medium
evapor low-fat milk,1,1,retain,1.0,not identified as universal/generic by v2 policy,medium
evaporated low-fat 2 milk,1,1,retain,1.0,not identified as universal/generic by v2 policy,medium
everglades seasoning,1,1,retain,1.0,not identified as universal/generic by v2 policy,medium
dinosaur kale,1,1,retain,1.0,not identified as universal/generic by v2 policy,medium
dip mix,1,1,retain,1.0,not identified as universal/generic by v2 policy,medium
dipping chocolate,1,1,retain,1.0,not identified as universal/generic by v2 policy,medium
distilled malt vinegar,1,1,retain,1.0,not identified as universal/generic by v2 policy,medium
thai black glutinous rice,1,1,retain,1.0,not identified as universal/generic by v2 policy,medium
thick curd,1,1,retain,1.0,not identified as universal/generic by v2 policy,medium
cuttlefish,1,1,retain,1.0,not identified as universal/generic by v2 policy,medium
daikon sprout,1,1,retain,1.0,not identified as universal/generic by v2 policy,medium
double-dark soi sauc,1,1,retain,1.0,not identified as universal/generic by v2 policy,medium
dragon fruit,1,1,retain,1.0,not identified as universal/generic by v2 policy,medium
dri fruit tropic,1,1,retain,1.0,not identified as universal/generic by v2 policy,medium
dried shrimp,1,1,retain,1.0,not identified as universal/generic by v2 policy,medium
drum,1,1,retain,1.0,not identified as universal/generic by v2 policy,medium
demi baguette,1,1,retain,1.0,not identified as universal/generic by v2 policy,medium
deviled ham,1,1,retain,1.0,not identified as universal/generic by v2 policy,medium
dhaniya powder,1,1,retain,1.0,not identified as universal/generic by v2 policy,medium
duck dripping,1,1,retain,1.0,not identified as universal/generic by v2 policy,medium
duck sauce,1,1,retain,1.0,not identified as universal/generic by v2 policy,medium
do chua,1,1,retain,1.0,not identified as universal/generic by v2 policy,medium
dole seven lettuce,1,1,retain,1.0,not identified as universal/generic by v2 policy,medium
domino confectioners sugar,1,1,retain,1.0,not identified as universal/generic by v2 policy,medium
doritos tortilla chip,1,1,retain,1.0,not identified as universal/generic by v2 policy,medium
double crust,1,1,retain,1.0,not identified as universal/generic by v2 policy,medium
double smoked bacon,1,1,retain,1.0,not identified as universal/generic by v2 policy,medium
earth balance natural buttery spread,1,1,retain,1.0,not identified as universal/generic by v2 policy,medium
edible gold leaf,1,1,retain,1.0,not identified as universal/generic by v2 policy,medium
egg beater,1,1,retain,1.0,not identified as universal/generic by v2 policy,medium
egg pasta,1,1,retain,1.0,not identified as universal/generic by v2 policy,medium
egg roll skin,1,1,retain,1.0,not identified as universal/generic by v2 policy,medium
dry fettuccine,1,1,retain,1.0,not identified as universal/generic by v2 policy,medium
dry jack,1,1,retain,1.0,not identified as universal/generic by v2 policy,medium
duck bone,1,1,retain,1.0,not identified as universal/generic by v2 policy,medium
toasted sunflower seed,1,1,retain,1.0,not identified as universal/generic by v2 policy,medium
crumpet,1,1,retain,1.0,not identified as universal/generic by v2 policy,medium
crusty loaf,1,1,retain,1.0,not identified as universal/generic by v2 policy,medium
crusty whole wheat toast,1,1,retain,1.0,not identified as universal/generic by v2 policy,medium
crystal farms reduced fat shredded marble jack cheese,1,1,retain,1.0,not identified as universal/generic by v2 policy,medium
crystal farms shredded cheddar cheese,1,1,retain,1.0,not identified as universal/generic by v2 policy,medium
crystal farms shredded gouda cheese,1,1,retain,1.0,not identified as universal/generic by v2 policy,medium
cubed mango,1,1,retain,1.0,not identified as universal/generic by v2 policy,medium
curry mix,1,1,retain,1.0,not identified as universal/generic by v2 policy,medium
curry sauce mix,1,1,retain,1.0,not identified as universal/generic by v2 policy,medium
custard dessert mix,1,1,retain,1.0,not identified as universal/generic by v2 policy,medium
ti leave,1,1,retain,1.0,not identified as universal/generic by v2 policy,medium
tiger lily bud,1,1,retain,1.0,not identified as universal/generic by v2 policy,medium
tipo 00 flour,1,1,retain,1.0,not identified as universal/generic by v2 policy,medium
toasted bun,1,1,retain,1.0,not identified as universal/generic by v2 policy,medium
toasted nut,1,1,retain,1.0,not identified as universal/generic by v2 policy,medium
delallo extra virgin olive oil,1,1,retain,1.0,not identified as universal/generic by v2 policy,medium
delallo penne ziti,1,1,retain,1.0,not identified as universal/generic by v2 policy,medium
delicata squash,1,1,retain,1.0,not identified as universal/generic by v2 policy,medium
cured chorizo,1,1,retain,1.0,not identified as universal/generic by v2 policy,medium
cured meat,1,1,retain,1.0,not identified as universal/generic by v2 policy,medium
cured pork,1,1,retain,1.0,not identified as universal/generic by v2 policy,medium
curly leaf spinach,1,1,retain,1.0,not identified as universal/generic by v2 policy,medium
curry guy smoked garam masala,1,1,retain,1.0,not identified as universal/generic by v2 policy,medium
dairy free coconut ice cream,1,1,retain,1.0,not identified as universal/generic by v2 policy,medium
daiya,1,1,retain,1.0,not identified as universal/generic by v2 policy,medium
dandelion,1,1,retain,1.0,not identified as universal/generic by v2 policy,medium
dangmyun,1,1,retain,1.0,not identified as universal/generic by v2 policy,medium
darjeeling tea leave,1,1,retain,1.0,not identified as universal/generic by v2 policy,medium
dasheen,1,1,retain,1.0,not identified as universal/generic by v2 policy,medium
date molasse,1,1,retain,1.0,not identified as universal/generic by v2 policy,medium
date sugar,1,1,retain,1.0,not identified as universal/generic by v2 policy,medium
tomato garlic pasta sauce,1,1,retain,1.0,not identified as universal/generic by v2 policy,medium
tomato jam,1,1,retain,1.0,not identified as universal/generic by v2 policy,medium
tomato sauce low sodium,1,1,retain,1.0,not identified as universal/generic by v2 policy,medium
crab stick,1,1,retain,1.0,not identified as universal/generic by v2 policy,medium
crabapple,1,1,retain,1.0,not identified as universal/generic by v2 policy,medium
crabmeat frozen,1,1,retain,1.0,not identified as universal/generic by v2 policy,medium
cracked wheat,1,1,retain,1.0,not identified as universal/generic by v2 policy,medium
cranberry juice concentrate,1,1,retain,1.0,not identified as universal/generic by v2 policy,medium
creamer potatoe,1,1,retain,1.0,not identified as universal/generic by v2 policy,medium
creamy gravy,1,1,retain,1.0,not identified as universal/generic by v2 policy,medium
creme de framboise,1,1,retain,1.0,not identified as universal/generic by v2 policy,medium
tofu sour cream,1,1,retain,1.0,not identified as universal/generic by v2 policy,medium
tomate verde,1,1,retain,1.0,not identified as universal/generic by v2 policy,medium
tomato and basil sauce,1,1,retain,1.0,not identified as universal/generic by v2 policy,medium
tomato bouillon with chicken flavor,1,1,retain,1.0,not identified as universal/generic by v2 policy,medium
tomato cream sauce,1,1,retain,1.0,not identified as universal/generic by v2 policy,medium
crosswise,1,1,retain,1.0,not identified as universal/generic by v2 policy,medium
crouton italian season,1,1,retain,1.0,not identified as universal/generic by v2 policy,medium
crumbled corn bread,1,1,retain,1.0,not identified as universal/generic by v2 policy,medium
cream of tomato soup,1,1,retain,1.0,not identified as universal/generic by v2 policy,medium
cream or half and half,1,1,retain,1.0,not identified as universal/generic by v2 policy,medium
cream powder,1,1,retain,1.0,not identified as universal/generic by v2 policy,medium
cream yogurt,1,1,retain,1.0,not identified as universal/generic by v2 policy,medium
creamed spinach,1,1,retain,1.0,not identified as universal/generic by v2 policy,medium
cubed pancetta,1,1,retain,1.0,not identified as universal/generic by v2 policy,medium
cucuzza,1,1,retain,1.0,not identified as universal/generic by v2 policy,medium
culinary lavender,1,1,retain,1.0,not identified as universal/generic by v2 policy,medium
cumberland sausage,1,1,retain,1.0,not identified as universal/generic by v2 policy,medium
creole seafood seasoning,1,1,retain,1.0,not identified as universal/generic by v2 policy,medium
creole seasoning mix,1,1,retain,1.0,not identified as universal/generic by v2 policy,medium
creole spice mix,1,1,retain,1.0,not identified as universal/generic by v2 policy,medium
cross rib roast,1,1,retain,1.0,not identified as universal/generic by v2 policy,medium
toulouse sausage,1,1,retain,1.0,not identified as universal/generic by v2 policy,medium
tradit sauc,1,1,retain,1.0,not identified as universal/generic by v2 policy,medium
cola-flavored carbonated beverage,1,1,retain,1.0,not identified as universal/generic by v2 policy,medium
colby and monterey jack cheese,1,1,retain,1.0,not identified as universal/generic by v2 policy,medium
cold coffee,1,1,retain,1.0,not identified as universal/generic by v2 policy,medium
cold-smoked salmon,1,1,retain,1.0,not identified as universal/generic by v2 policy,medium
coleslaw dressing,1,1,retain,1.0,not identified as universal/generic by v2 policy,medium
colmans mustard powder,1,1,retain,1.0,not identified as universal/generic by v2 policy,medium
conimex woksaus specials vietnamese gember knoflook,1,1,retain,1.0,not identified as universal/generic by v2 policy,medium
cooki vanilla wafer,1,1,retain,1.0,not identified as universal/generic by v2 policy,medium
tongue,1,1,retain,1.0,not identified as universal/generic by v2 policy,medium
tonic water,1,1,retain,1.0,not identified as universal/generic by v2 policy,medium
tony chacheres seasoning,1,1,retain,1.0,not identified as universal/generic by v2 policy,medium
topside steak,1,1,retain,1.0,not identified as universal/generic by v2 policy,medium
torpedo roll,1,1,retain,1.0,not identified as universal/generic by v2 policy,medium
tortelloni,1,1,retain,1.0,not identified as universal/generic by v2 policy,medium
corn bread crumb,1,1,retain,1.0,not identified as universal/generic by v2 policy,medium
corn muffin,1,1,retain,1.0,not identified as universal/generic by v2 policy,medium
corn niblet,1,1,retain,1.0,not identified as universal/generic by v2 policy,medium
conchiglie,1,1,retain,1.0,not identified as universal/generic by v2 policy,medium
condensed cream of broccoli soup,1,1,retain,1.0,not identified as universal/generic by v2 policy,medium
cone,1,1,retain,1.0,not identified as universal/generic by v2 policy,medium
conger eel,1,1,retain,1.0,not identified as universal/generic by v2 policy,medium
conimex wok olie,1,1,retain,1.0,not identified as universal/generic by v2 policy,medium
cream butter,1,1,retain,1.0,not identified as universal/generic by v2 policy,medium
cornbread crumb,1,1,retain,1.0,not identified as universal/generic by v2 policy,medium
cornstarch noodle,1,1,retain,1.0,not identified as universal/generic by v2 policy,medium
cortland apple,1,1,retain,1.0,not identified as universal/generic by v2 policy,medium
country gravy,1,1,retain,1.0,not identified as universal/generic by v2 policy,medium
country style italian bread,1,1,retain,1.0,not identified as universal/generic by v2 policy,medium
coxs orange pippin,1,1,retain,1.0,not identified as universal/generic by v2 policy,medium
cooking salt,1,1,retain,1.0,not identified as universal/generic by v2 policy,medium
classico pasta sauce,1,1,retain,1.0,not identified as universal/generic by v2 policy,medium
claw,1,1,retain,1.0,not identified as universal/generic by v2 policy,medium
clementine juice,1,1,retain,1.0,not identified as universal/generic by v2 policy,medium
clementine section,1,1,retain,1.0,not identified as universal/generic by v2 policy,medium
cloud ear,1,1,retain,1.0,not identified as universal/generic by v2 policy,medium
cloud ear fungus,1,1,retain,1.0,not identified as universal/generic by v2 policy,medium
cocktail pumpernickel bread,1,1,retain,1.0,not identified as universal/generic by v2 policy,medium
ciabatta loaf,1,1,retain,1.0,not identified as universal/generic by v2 policy,medium
truffle puree,1,1,retain,1.0,not identified as universal/generic by v2 policy,medium
truvia baking blend,1,1,retain,1.0,not identified as universal/generic by v2 policy,medium
truvia natural sweetener,1,1,retain,1.0,not identified as universal/generic by v2 policy,medium
tuaca,1,1,retain,1.0,not identified as universal/generic by v2 policy,medium
tuaca liqueur,1,1,retain,1.0,not identified as universal/generic by v2 policy,medium
tubettini,1,1,retain,1.0,not identified as universal/generic by v2 policy,medium
clam sauce,1,1,retain,1.0,not identified as universal/generic by v2 policy,medium
classic alfredo sauce,1,1,retain,1.0,not identified as universal/generic by v2 policy,medium
traditional sauce,1,1,retain,1.0,not identified as universal/generic by v2 policy,medium
tree ear,1,1,retain,1.0,not identified as universal/generic by v2 policy,medium
treviso,1,1,retain,1.0,not identified as universal/generic by v2 policy,medium
treviso radicchio,1,1,retain,1.0,not identified as universal/generic by v2 policy,medium
tri-tip steak,1,1,retain,1.0,not identified as universal/generic by v2 policy,medium
trout caviar,1,1,retain,1.0,not identified as universal/generic by v2 policy,medium
true cinnamon,1,1,retain,1.0,not identified as universal/generic by v2 policy,medium
truffle butter,1,1,retain,1.0,not identified as universal/generic by v2 policy,medium
comice pear,1,1,retain,1.0,not identified as universal/generic by v2 policy,medium
coconut chip,1,1,retain,1.0,not identified as universal/generic by v2 policy,medium
coconut syrup,1,1,retain,1.0,not identified as universal/generic by v2 policy,medium
cod cheek,1,1,retain,1.0,not identified as universal/generic by v2 policy,medium
cod roe,1,1,retain,1.0,not identified as universal/generic by v2 policy,medium
coffee extract,1,1,retain,1.0,not identified as universal/generic by v2 policy,medium
coffee low-fat frozen yogurt,1,1,retain,1.0,not identified as universal/generic by v2 policy,medium
traditional cut shredded mozzarella cheese,1,1,retain,1.0,not identified as universal/generic by v2 policy,medium
turkey breast steak,1,1,retain,1.0,not identified as universal/generic by v2 policy,medium
turkey burger,1,1,retain,1.0,not identified as universal/generic by v2 policy,medium
turkey giblet stock,1,1,retain,1.0,not identified as universal/generic by v2 policy,medium
turkey gravy,1,1,retain,1.0,not identified as universal/generic by v2 policy,medium
turkey ham,1,1,retain,1.0,not identified as universal/generic by v2 policy,medium
turkey hot dog,1,1,retain,1.0,not identified as universal/generic by v2 policy,medium
chocolate frosting,1,1,retain,1.0,not identified as universal/generic by v2 policy,medium
chocolate fudge ice cream,1,1,retain,1.0,not identified as universal/generic by v2 policy,medium
chuck tender,1,1,retain,1.0,not identified as universal/generic by v2 policy,medium
chunky style pasta sauce,1,1,retain,1.0,not identified as universal/generic by v2 policy,medium
chunky tomatoe,1,1,retain,1.0,not identified as universal/generic by v2 policy,medium
ciabatta bun,1,1,retain,1.0,not identified as universal/generic by v2 policy,medium
tuna drain and flake,1,1,retain,1.0,not identified as universal/generic by v2 policy,medium
tuong,1,1,retain,1.0,not identified as universal/generic by v2 policy,medium
tupelo honey,1,1,retain,1.0,not identified as universal/generic by v2 policy,medium
turbot fillet,1,1,retain,1.0,not identified as universal/generic by v2 policy,medium
citric acid powder,1,1,retain,1.0,not identified as universal/generic by v2 policy,medium
citrus peel,1,1,retain,1.0,not identified as universal/generic by v2 policy,medium
citrus vinaigrette,1,1,retain,1.0,not identified as universal/generic by v2 policy,medium
chorizo spanish,1,1,retain,1.0,not identified as universal/generic by v2 policy,medium
chourico,1,1,retain,1.0,not identified as universal/generic by v2 policy,medium
chowchow,1,1,retain,1.0,not identified as universal/generic by v2 policy,medium
chrysanthemum,1,1,retain,1.0,not identified as universal/generic by v2 policy,medium
chuck short rib,1,1,retain,1.0,not identified as universal/generic by v2 policy,medium
cilantro minicub,1,1,retain,1.0,not identified as universal/generic by v2 policy,medium
cilantro pesto,1,1,retain,1.0,not identified as universal/generic by v2 policy,medium
cinnamon candy cane,1,1,retain,1.0,not identified as universal/generic by v2 policy,medium
cinnamon graham cracker,1,1,retain,1.0,not identified as universal/generic by v2 policy,medium
cinnamon hot candy,1,1,retain,1.0,not identified as universal/generic by v2 policy,medium
cinnamon ice cream,1,1,retain,1.0,not identified as universal/generic by v2 policy,medium
cinnamon toast crunch cereal,1,1,retain,1.0,not identified as universal/generic by v2 policy,medium
cipollini,1,1,retain,1.0,not identified as universal/generic by v2 policy,medium
chocolate chip cookie dough ice cream,1,1,retain,1.0,not identified as universal/generic by v2 policy,medium
chocolate chip cookie mix,1,1,retain,1.0,not identified as universal/generic by v2 policy,medium
chocolate cocoa powder,1,1,retain,1.0,not identified as universal/generic by v2 policy,medium
chocolate cookie crumb,1,1,retain,1.0,not identified as universal/generic by v2 policy,medium
chocolate drink,1,1,retain,1.0,not identified as universal/generic by v2 policy,medium
chocolate extract,1,1,retain,1.0,not identified as universal/generic by v2 policy,medium
chocolate flavored liqueur,1,1,retain,1.0,not identified as universal/generic by v2 policy,medium
chinese hot mustard,1,1,retain,1.0,not identified as universal/generic by v2 policy,medium
tuscan sausage,1,1,retain,1.0,not identified as universal/generic by v2 policy,medium
tuttorosso diced tomatoe,1,1,retain,1.0,not identified as universal/generic by v2 policy,medium
tyson crispy chicken strip,1,1,retain,1.0,not identified as universal/generic by v2 policy,medium
umeboshi plum vinegar,1,1,retain,1.0,not identified as universal/generic by v2 policy,medium
umeboshi vinegar,1,1,retain,1.0,not identified as universal/generic by v2 policy,medium
chipped beef,1,1,retain,1.0,not identified as universal/generic by v2 policy,medium
chive blossom,1,1,retain,1.0,not identified as universal/generic by v2 policy,medium
chocolate candy,1,1,retain,1.0,not identified as universal/generic by v2 policy,medium
chocolatecovered espresso bean,1,1,retain,1.0,not identified as universal/generic by v2 policy,medium
cholesterol free egg substitute,1,1,retain,1.0,not identified as universal/generic by v2 policy,medium
chop,1,1,retain,1.0,not identified as universal/generic by v2 policy,medium
chopmeat,1,1,retain,1.0,not identified as universal/generic by v2 policy,medium
turkey meatball,1,1,retain,1.0,not identified as universal/generic by v2 policy,medium
turkey mince,1,1,retain,1.0,not identified as universal/generic by v2 policy,medium
turkey salami,1,1,retain,1.0,not identified as universal/generic by v2 policy,medium
turtle,1,1,retain,1.0,not identified as universal/generic by v2 policy,medium
chocolate graham cracker,1,1,retain,1.0,not identified as universal/generic by v2 policy,medium
chocolate graham cracker crumb,1,1,retain,1.0,not identified as universal/generic by v2 policy,medium
chocolate ice cream mix,1,1,retain,1.0,not identified as universal/generic by v2 policy,medium
chocolate leave,1,1,retain,1.0,not identified as universal/generic by v2 policy,medium
chocolate liqueur,1,1,retain,1.0,not identified as universal/generic by v2 policy,medium
chocolate milk,1,1,retain,1.0,not identified as universal/generic by v2 policy,medium
chocolate milk mix,1,1,retain,1.0,not identified as universal/generic by v2 policy,medium
chocolate stick,1,1,retain,1.0,not identified as universal/generic by v2 policy,medium
v8 juice,1,1,retain,1.0,not identified as universal/generic by v2 policy,medium
vadouvan curry,1,1,retain,1.0,not identified as universal/generic by v2 policy,medium
val,1,1,retain,1.0,not identified as universal/generic by v2 policy,medium
chilcostle chile,1,1,retain,1.0,not identified as universal/generic by v2 policy,medium
chile colorado,1,1,retain,1.0,not identified as universal/generic by v2 policy,medium
chile con queso,1,1,retain,1.0,not identified as universal/generic by v2 policy,medium
chile piquin,1,1,retain,1.0,not identified as universal/generic by v2 policy,medium
chicken flavored rice,1,1,retain,1.0,not identified as universal/generic by v2 policy,medium
unhulled sesame seed,1,1,retain,1.0,not identified as universal/generic by v2 policy,medium
uni,1,1,retain,1.0,not identified as universal/generic by v2 policy,medium
unsweetened baking chocolate,1,1,retain,1.0,not identified as universal/generic by v2 policy,medium
unsweetened dried coconut,1,1,retain,1.0,not identified as universal/generic by v2 policy,medium
unsweetened iced tea,1,1,retain,1.0,not identified as universal/generic by v2 policy,medium
unsweetened vanilla almond milk,1,1,retain,1.0,not identified as universal/generic by v2 policy,medium
usukuchi soy sauce,1,1,retain,1.0,not identified as universal/generic by v2 policy,medium
v 8 juice,1,1,retain,1.0,not identified as universal/generic by v2 policy,medium
chilled seltzer,1,1,retain,1.0,not identified as universal/generic by v2 policy,medium
chiltepin,1,1,retain,1.0,not identified as universal/generic by v2 policy,medium
chimichurri,1,1,retain,1.0,not identified as universal/generic by v2 policy,medium
chinese baby corn,1,1,retain,1.0,not identified as universal/generic by v2 policy,medium
chinese bun,1,1,retain,1.0,not identified as universal/generic by v2 policy,medium
chinese celery cabbage,1,1,retain,1.0,not identified as universal/generic by v2 policy,medium
chinese duck sauce,1,1,retain,1.0,not identified as universal/generic by v2 policy,medium
uncle bens ready rice whole grain brown rice,1,1,retain,1.0,not identified as universal/generic by v2 policy,medium
chinese jujube,1,1,retain,1.0,not identified as universal/generic by v2 policy,medium
chinese pea pod,1,1,retain,1.0,not identified as universal/generic by v2 policy,medium
chinese pepper,1,1,retain,1.0,not identified as universal/generic by v2 policy,medium
chinese radish,1,1,retain,1.0,not identified as universal/generic by v2 policy,medium
chinese red vinegar,1,1,retain,1.0,not identified as universal/generic by v2 policy,medium
chinese winter melon,1,1,retain,1.0,not identified as universal/generic by v2 policy,medium
chinese wolfberry,1,1,retain,1.0,not identified as universal/generic by v2 policy,medium
chioggia,1,1,retain,1.0,not identified as universal/generic by v2 policy,medium
vanilla glaze,1,1,retain,1.0,not identified as universal/generic by v2 policy,medium
vanilla low-fat frozen yogurt,1,1,retain,1.0,not identified as universal/generic by v2 policy,medium
vanilla vodka,1,1,retain,1.0,not identified as universal/generic by v2 policy,medium
veal bone,1,1,retain,1.0,not identified as universal/generic by v2 policy,medium
center cut pork roast,1,1,retain,1.0,not identified as universal/generic by v2 policy,medium
century egg,1,1,retain,1.0,not identified as universal/generic by v2 policy,medium
cereal,1,1,retain,1.0,not identified as universal/generic by v2 policy,medium
chai tea concentrate,1,1,retain,1.0,not identified as universal/generic by v2 policy,medium
cherry syrup,1,1,retain,1.0,not identified as universal/generic by v2 policy,medium
cherry vanilla ice cream,1,1,retain,1.0,not identified as universal/generic by v2 policy,medium
cherry vinegar,1,1,retain,1.0,not identified as universal/generic by v2 policy,medium
vanilla almondmilk,1,1,retain,1.0,not identified as universal/generic by v2 policy,medium
vanilla bean seed,1,1,retain,1.0,not identified as universal/generic by v2 policy,medium
vanilla cake mix,1,1,retain,1.0,not identified as universal/generic by v2 policy,medium
vanilla custard,1,1,retain,1.0,not identified as universal/generic by v2 policy,medium
vanilla frozen yogurt,1,1,retain,1.0,not identified as universal/generic by v2 policy,medium
chicken and rice soup,1,1,retain,1.0,not identified as universal/generic by v2 policy,medium
chicken chorizo sausage,1,1,retain,1.0,not identified as universal/generic by v2 policy,medium
chicken consomme,1,1,retain,1.0,not identified as universal/generic by v2 policy,medium
chicken egg,1,1,retain,1.0,not identified as universal/generic by v2 policy,medium
cheese cracker,1,1,retain,1.0,not identified as universal/generic by v2 policy,medium
cheese curd,1,1,retain,1.0,not identified as universal/generic by v2 policy,medium
cheesi doubl cheddar sauc,1,1,retain,1.0,not identified as universal/generic by v2 policy,medium
cherry coke,1,1,retain,1.0,not identified as universal/generic by v2 policy,medium
chicken heart,1,1,retain,1.0,not identified as universal/generic by v2 policy,medium
chicken in water,1,1,retain,1.0,not identified as universal/generic by v2 policy,medium
chicken nugget,1,1,retain,1.0,not identified as universal/generic by v2 policy,medium
chicken pan dripping,1,1,retain,1.0,not identified as universal/generic by v2 policy,medium
chicken salad,1,1,retain,1.0,not identified as universal/generic by v2 policy,medium
chestnut flour,1,1,retain,1.0,not identified as universal/generic by v2 policy,medium
chestnut spread,1,1,retain,1.0,not identified as universal/generic by v2 policy,medium
chicharron,1,1,retain,1.0,not identified as universal/generic by v2 policy,medium
vegan chicken flavored bouillon,1,1,retain,1.0,not identified as universal/generic by v2 policy,medium
vegan coffee creamer,1,1,retain,1.0,not identified as universal/generic by v2 policy,medium
vegan yogurt,1,1,retain,1.0,not identified as universal/generic by v2 policy,medium
vegeta seasoning,1,1,retain,1.0,not identified as universal/generic by v2 policy,medium
caponata,1,1,retain,1.0,not identified as universal/generic by v2 policy,medium
cappuccino,1,1,retain,1.0,not identified as universal/generic by v2 policy,medium
cara cara orange,1,1,retain,1.0,not identified as universal/generic by v2 policy,medium
caramel flavored syrup,1,1,retain,1.0,not identified as universal/generic by v2 policy,medium
cassava root flour,1,1,retain,1.0,not identified as universal/generic by v2 policy,medium
cassis liqueur,1,1,retain,1.0,not identified as universal/generic by v2 policy,medium
castelvetrano olive,1,1,retain,1.0,not identified as universal/generic by v2 policy,medium
veal escalope,1,1,retain,1.0,not identified as universal/generic by v2 policy,medium
veal kidney,1,1,retain,1.0,not identified as universal/generic by v2 policy,medium
veal loin,1,1,retain,1.0,not identified as universal/generic by v2 policy,medium
veal medallion,1,1,retain,1.0,not identified as universal/generic by v2 policy,medium
vegan bouillon cube,1,1,retain,1.0,not identified as universal/generic by v2 policy,medium
ceci bean,1,1,retain,1.0,not identified as universal/generic by v2 policy,medium
celery powder,1,1,retain,1.0,not identified as universal/generic by v2 policy,medium
celery top,1,1,retain,1.0,not identified as universal/generic by v2 policy,medium
cardoon,1,1,retain,1.0,not identified as universal/generic by v2 policy,medium
carnation condensed milk,1,1,retain,1.0,not identified as universal/generic by v2 policy,medium
carrot green,1,1,retain,1.0,not identified as universal/generic by v2 policy,medium
carrot juice,1,1,retain,1.0,not identified as universal/generic by v2 policy,medium
cashew milk,1,1,retain,1.0,not identified as universal/generic by v2 policy,medium
challenge butter,1,1,retain,1.0,not identified as universal/generic by v2 policy,medium
chambord liqueur,1,1,retain,1.0,not identified as universal/generic by v2 policy,medium
champagne grape,1,1,retain,1.0,not identified as universal/generic by v2 policy,medium
chapatti flour,1,1,retain,1.0,not identified as universal/generic by v2 policy,medium
chartreuse liqueur,1,1,retain,1.0,not identified as universal/generic by v2 policy,medium
chateaubriand,1,1,retain,1.0,not identified as universal/generic by v2 policy,medium
caulifloweret,1,1,retain,1.0,not identified as universal/generic by v2 policy,medium
cavenders greek seasoning,1,1,retain,1.0,not identified as universal/generic by v2 policy,medium
venison roast,1,1,retain,1.0,not identified as universal/generic by v2 policy,medium
venison steak,1,1,retain,1.0,not identified as universal/generic by v2 policy,medium
cabbage lettuce,1,1,retain,1.0,not identified as universal/generic by v2 policy,medium
cabernet,1,1,retain,1.0,not identified as universal/generic by v2 policy,medium
cactus,1,1,retain,1.0,not identified as universal/generic by v2 policy,medium
cactus leaf,1,1,retain,1.0,not identified as universal/generic by v2 policy,medium
cajun remoulade,1,1,retain,1.0,not identified as universal/generic by v2 policy,medium
cake mix or white yellow,1,1,retain,1.0,not identified as universal/generic by v2 policy,medium
vegetable slaw,1,1,retain,1.0,not identified as universal/generic by v2 policy,medium
vegetable soup,1,1,retain,1.0,not identified as universal/generic by v2 policy,medium
vegetable-filled ravioli,1,1,retain,1.0,not identified as universal/generic by v2 policy,medium
vegetarian chicken,1,1,retain,1.0,not identified as universal/generic by v2 policy,medium
vegetarian protein crumble,1,1,retain,1.0,not identified as universal/generic by v2 policy,medium
veggie patty,1,1,retain,1.0,not identified as universal/generic by v2 policy,medium
velveeta cheese spread,1,1,retain,1.0,not identified as universal/generic by v2 policy,medium
velveeta queso blanco,1,1,retain,1.0,not identified as universal/generic by v2 policy,medium
calamari steak,1,1,retain,1.0,not identified as universal/generic by v2 policy,medium
camellia red kidney bean,1,1,retain,1.0,not identified as universal/generic by v2 policy,medium
candied bacon,1,1,retain,1.0,not identified as universal/generic by v2 policy,medium
candied chestnut,1,1,retain,1.0,not identified as universal/generic by v2 policy,medium
candied citron peel,1,1,retain,1.0,not identified as universal/generic by v2 policy,medium
candied jalapeno,1,1,retain,1.0,not identified as universal/generic by v2 policy,medium
vegetable fat,1,1,retain,1.0,not identified as universal/generic by v2 policy,medium
vegetable gumbo mixture,1,1,retain,1.0,not identified as universal/generic by v2 policy,medium
caramel syrup,1,1,retain,1.0,not identified as universal/generic by v2 policy,medium
carbonated beverage,1,1,retain,1.0,not identified as universal/generic by v2 policy,medium
canned chicken,1,1,retain,1.0,not identified as universal/generic by v2 policy,medium
canned chicken breast,1,1,retain,1.0,not identified as universal/generic by v2 policy,medium
canned low sodium tomatoe,1,1,retain,1.0,not identified as universal/generic by v2 policy,medium
canned peas and carrot,1,1,retain,1.0,not identified as universal/generic by v2 policy,medium
canned salmon,1,1,retain,1.0,not identified as universal/generic by v2 policy,medium
cannelloni,1,1,retain,1.0,not identified as universal/generic by v2 policy,medium
violet,1,1,retain,1.0,not identified as universal/generic by v2 policy,medium
vodka sauc made with fresh cream,1,1,retain,1.0,not identified as universal/generic by v2 policy,medium
vodka sauce,1,1,retain,1.0,not identified as universal/generic by v2 policy,medium
waffle fry,1,1,retain,1.0,not identified as universal/generic by v2 policy,medium
wagon wheel,1,1,retain,1.0,not identified as universal/generic by v2 policy,medium
broiler chicken,1,1,retain,1.0,not identified as universal/generic by v2 policy,medium
brown beech mushroom,1,1,retain,1.0,not identified as universal/generic by v2 policy,medium
brown muscavado sugar,1,1,retain,1.0,not identified as universal/generic by v2 policy,medium
bulb fennel,1,1,retain,1.0,not identified as universal/generic by v2 policy,medium
burger roll,1,1,retain,1.0,not identified as universal/generic by v2 policy,medium
burger style crumble,1,1,retain,1.0,not identified as universal/generic by v2 policy,medium
burgundy snail,1,1,retain,1.0,not identified as universal/generic by v2 policy,medium
burrito seasoning mix,1,1,retain,1.0,not identified as universal/generic by v2 policy,medium
burro banana,1,1,retain,1.0,not identified as universal/generic by v2 policy,medium
verjuice,1,1,retain,1.0,not identified as universal/generic by v2 policy,medium
vindaloo paste,1,1,retain,1.0,not identified as universal/generic by v2 policy,medium
buttercup squash,1,1,retain,1.0,not identified as universal/generic by v2 policy,medium
buttermilk ranch dressing,1,1,retain,1.0,not identified as universal/generic by v2 policy,medium
buttermilk self-rising white cornmeal mix,1,1,retain,1.0,not identified as universal/generic by v2 policy,medium
butternut,1,1,retain,1.0,not identified as universal/generic by v2 policy,medium
butterscotch filling,1,1,retain,1.0,not identified as universal/generic by v2 policy,medium
cabbage head,1,1,retain,1.0,not identified as universal/generic by v2 policy,medium
buckwheat honey,1,1,retain,1.0,not identified as universal/generic by v2 policy,medium
budweiser,1,1,retain,1.0,not identified as universal/generic by v2 policy,medium
cake pound prepar,1,1,retain,1.0,not identified as universal/generic by v2 policy,medium
calabash,1,1,retain,1.0,not identified as universal/generic by v2 policy,medium
calabrese sausage,1,1,retain,1.0,not identified as universal/generic by v2 policy,medium
butter cake,1,1,retain,1.0,not identified as universal/generic by v2 policy,medium
butter flavor shortening,1,1,retain,1.0,not identified as universal/generic by v2 policy,medium
butter flavor vegetable shortening,1,1,retain,1.0,not identified as universal/generic by v2 policy,medium
butter salt,1,1,retain,1.0,not identified as universal/generic by v2 policy,medium
butter-flavored spray,1,1,retain,1.0,not identified as universal/generic by v2 policy,medium
wensleydale,1,1,retain,1.0,not identified as universal/generic by v2 policy,medium
wheat bread cube,1,1,retain,1.0,not identified as universal/generic by v2 policy,medium
wheat bread dough,1,1,retain,1.0,not identified as universal/generic by v2 policy,medium
boned skinned duck breast halve,1,1,retain,1.0,not identified as universal/generic by v2 policy,medium
boneless turkey breast halve,1,1,retain,1.0,not identified as universal/generic by v2 policy,medium
boquerone,1,1,retain,1.0,not identified as universal/generic by v2 policy,medium
bordelaise sauce,1,1,retain,1.0,not identified as universal/generic by v2 policy,medium
borlotti,1,1,retain,1.0,not identified as universal/generic by v2 policy,medium
branston pickle,1,1,retain,1.0,not identified as universal/generic by v2 policy,medium
branzino fillet,1,1,retain,1.0,not identified as universal/generic by v2 policy,medium
warm bun,1,1,retain,1.0,not identified as universal/generic by v2 policy,medium
wasabe,1,1,retain,1.0,not identified as universal/generic by v2 policy,medium
water chestnut powder,1,1,retain,1.0,not identified as universal/generic by v2 policy,medium
water cracker,1,1,retain,1.0,not identified as universal/generic by v2 policy,medium
watermelon radishe,1,1,retain,1.0,not identified as universal/generic by v2 policy,medium
watermelon seed,1,1,retain,1.0,not identified as universal/generic by v2 policy,medium
broccoli romanesco,1,1,retain,1.0,not identified as universal/generic by v2 policy,medium
boursin,1,1,retain,1.0,not identified as universal/generic by v2 policy,medium
boy choy,1,1,retain,1.0,not identified as universal/generic by v2 policy,medium
braggs liquid amino,1,1,retain,1.0,not identified as universal/generic by v2 policy,medium
braising beef,1,1,retain,1.0,not identified as universal/generic by v2 policy,medium
bran flake,1,1,retain,1.0,not identified as universal/generic by v2 policy,medium
branca menta,1,1,retain,1.0,not identified as universal/generic by v2 policy,medium
brandy extract,1,1,retain,1.0,not identified as universal/generic by v2 policy,medium
brown rice penne,1,1,retain,1.0,not identified as universal/generic by v2 policy,medium
brown rice spaghetti,1,1,retain,1.0,not identified as universal/generic by v2 policy,medium
brown sauce,1,1,retain,1.0,not identified as universal/generic by v2 policy,medium
brownie layer,1,1,retain,1.0,not identified as universal/generic by v2 policy,medium
bread yeast,1,1,retain,1.0,not identified as universal/generic by v2 policy,medium
breadcrumb mix,1,1,retain,1.0,not identified as universal/generic by v2 policy,medium
breakfast sausage link,1,1,retain,1.0,not identified as universal/generic by v2 policy,medium
brill,1,1,retain,1.0,not identified as universal/generic by v2 policy,medium
wheat penne rigate,1,1,retain,1.0,not identified as universal/generic by v2 policy,medium
wheat pita bread round,1,1,retain,1.0,not identified as universal/generic by v2 policy,medium
wheat pita pocket,1,1,retain,1.0,not identified as universal/generic by v2 policy,medium
black bean sauce with garlic,1,1,retain,1.0,not identified as universal/generic by v2 policy,medium
black bean stir fry sauce,1,1,retain,1.0,not identified as universal/generic by v2 policy,medium
black cherry,1,1,retain,1.0,not identified as universal/generic by v2 policy,medium
black chicken,1,1,retain,1.0,not identified as universal/generic by v2 policy,medium
black garlic,1,1,retain,1.0,not identified as universal/generic by v2 policy,medium
blood,1,1,retain,1.0,not identified as universal/generic by v2 policy,medium
blood sausage,1,1,retain,1.0,not identified as universal/generic by v2 policy,medium
wheat bread flour,1,1,retain,1.0,not identified as universal/generic by v2 policy,medium
wheat english muffin,1,1,retain,1.0,not identified as universal/generic by v2 policy,medium
wheat fusilli,1,1,retain,1.0,not identified as universal/generic by v2 policy,medium
wheat orzo,1,1,retain,1.0,not identified as universal/generic by v2 policy,medium
wheat pasta shell,1,1,retain,1.0,not identified as universal/generic by v2 policy,medium
wheat peasant bread,1,1,retain,1.0,not identified as universal/generic by v2 policy,medium
bone in,1,1,retain,1.0,not identified as universal/generic by v2 policy,medium
bone-in ribeye steak,1,1,retain,1.0,not identified as universal/generic by v2 policy,medium
bone-in short rib,1,1,retain,1.0,not identified as universal/generic by v2 policy,medium
black sea bass,1,1,retain,1.0,not identified as universal/generic by v2 policy,medium
blackberry brandy,1,1,retain,1.0,not identified as universal/generic by v2 policy,medium
blackcurrant syrup,1,1,retain,1.0,not identified as universal/generic by v2 policy,medium
blackpepper,1,1,retain,1.0,not identified as universal/generic by v2 policy,medium
blanco chees queso,1,1,retain,1.0,not identified as universal/generic by v2 policy,medium
bottled balsamic vinaigrette,1,1,retain,1.0,not identified as universal/generic by v2 policy,medium
bottled low sodium salsa,1,1,retain,1.0,not identified as universal/generic by v2 policy,medium
bourbon liqueur,1,1,retain,1.0,not identified as universal/generic by v2 policy,medium
blue curacao,1,1,retain,1.0,not identified as universal/generic by v2 policy,medium
blueberri preserv,1,1,retain,1.0,not identified as universal/generic by v2 policy,medium
blueberry pie filling,1,1,retain,1.0,not identified as universal/generic by v2 policy,medium
bob evans italian sausage,1,1,retain,1.0,not identified as universal/generic by v2 policy,medium
bock beer,1,1,retain,1.0,not identified as universal/generic by v2 policy,medium
beet juice,1,1,retain,1.0,not identified as universal/generic by v2 policy,medium
beetroot,1,1,retain,1.0,not identified as universal/generic by v2 policy,medium
belacan,1,1,retain,1.0,not identified as universal/generic by v2 policy,medium
beluga lentil,1,1,retain,1.0,not identified as universal/generic by v2 policy,medium
benedictine,1,1,retain,1.0,not identified as universal/generic by v2 policy,medium
benne seed,1,1,retain,1.0,not identified as universal/generic by v2 policy,medium
bermuda onion,1,1,retain,1.0,not identified as universal/generic by v2 policy,medium
beef carpaccio,1,1,retain,1.0,not identified as universal/generic by v2 policy,medium
wheat thin italian pizza crust,1,1,retain,1.0,not identified as universal/generic by v2 policy,medium
wheat tortilla wrap,1,1,retain,1.0,not identified as universal/generic by v2 policy,medium
wheat uncooked lasagna noodle,1,1,retain,1.0,not identified as universal/generic by v2 policy,medium
whipped dessert topping,1,1,retain,1.0,not identified as universal/generic by v2 policy,medium
white almond bark,1,1,retain,1.0,not identified as universal/generic by v2 policy,medium
beef stew,1,1,retain,1.0,not identified as universal/generic by v2 policy,medium
beef stew seasoning mix,1,1,retain,1.0,not identified as universal/generic by v2 policy,medium
beer batter,1,1,retain,1.0,not identified as universal/generic by v2 policy,medium
biscuit crumb,1,1,retain,1.0,not identified as universal/generic by v2 policy,medium
blacan,1,1,retain,1.0,not identified as universal/generic by v2 policy,medium
wheat potato bun,1,1,retain,1.0,not identified as universal/generic by v2 policy,medium
wheat sandwich bread,1,1,retain,1.0,not identified as universal/generic by v2 policy,medium
wheat seasoned breadcrumb,1,1,retain,1.0,not identified as universal/generic by v2 policy,medium
wheat sourdough bread,1,1,retain,1.0,not identified as universal/generic by v2 policy,medium
wheat spaghettini,1,1,retain,1.0,not identified as universal/generic by v2 policy,medium
wheat submarine loave,1,1,retain,1.0,not identified as universal/generic by v2 policy,medium
black grape,1,1,retain,1.0,not identified as universal/generic by v2 policy,medium
black radish,1,1,retain,1.0,not identified as universal/generic by v2 policy,medium
better than bouillon chicken base,1,1,retain,1.0,not identified as universal/generic by v2 policy,medium
betty crockertm oatmeal cookie mix,1,1,retain,1.0,not identified as universal/generic by v2 policy,medium
big slice pepper jack cheese slice,1,1,retain,1.0,not identified as universal/generic by v2 policy,medium
biga,1,1,retain,1.0,not identified as universal/generic by v2 policy,medium
bigoli,1,1,retain,1.0,not identified as universal/generic by v2 policy,medium
bird pepper,1,1,retain,1.0,not identified as universal/generic by v2 policy,medium
balm leave,1,1,retain,1.0,not identified as universal/generic by v2 policy,medium
bamboo,1,1,retain,1.0,not identified as universal/generic by v2 policy,medium
banana bread,1,1,retain,1.0,not identified as universal/generic by v2 policy,medium
banana extract,1,1,retain,1.0,not identified as universal/generic by v2 policy,medium
banana flower,1,1,retain,1.0,not identified as universal/generic by v2 policy,medium
banana puree,1,1,retain,1.0,not identified as universal/generic by v2 policy,medium
banh hoi,1,1,retain,1.0,not identified as universal/generic by v2 policy,medium
baobab fruit powder,1,1,retain,1.0,not identified as universal/generic by v2 policy,medium
bass,1,1,retain,1.0,not identified as universal/generic by v2 policy,medium
batarde,1,1,retain,1.0,not identified as universal/generic by v2 policy,medium
white bread crumb,1,1,retain,1.0,not identified as universal/generic by v2 policy,medium
white bread slice,1,1,retain,1.0,not identified as universal/generic by v2 policy,medium
white creme de cacao,1,1,retain,1.0,not identified as universal/generic by v2 policy,medium
white grape juice,1,1,retain,1.0,not identified as universal/generic by v2 policy,medium
white grapefruit juice,1,1,retain,1.0,not identified as universal/generic by v2 policy,medium
baking sugar,1,1,retain,1.0,not identified as universal/generic by v2 policy,medium
barilla linguine,1,1,retain,1.0,not identified as universal/generic by v2 policy,medium
barilla piccolini mini,1,1,retain,1.0,not identified as universal/generic by v2 policy,medium
barilla plus pasta,1,1,retain,1.0,not identified as universal/generic by v2 policy,medium
barley flake,1,1,retain,1.0,not identified as universal/generic by v2 policy,medium
barley grit,1,1,retain,1.0,not identified as universal/generic by v2 policy,medium
barramundi fillet,1,1,retain,1.0,not identified as universal/generic by v2 policy,medium
basa fillet,1,1,retain,1.0,not identified as universal/generic by v2 policy,medium
basil olive oil,1,1,retain,1.0,not identified as universal/generic by v2 policy,medium
beef cheek,1,1,retain,1.0,not identified as universal/generic by v2 policy,medium
beef hot dog,1,1,retain,1.0,not identified as universal/generic by v2 policy,medium
beef round steak,1,1,retain,1.0,not identified as universal/generic by v2 policy,medium
beef shin,1,1,retain,1.0,not identified as universal/generic by v2 policy,medium
bean curd stick,1,1,retain,1.0,not identified as universal/generic by v2 policy,medium
bear,1,1,retain,1.0,not identified as universal/generic by v2 policy,medium
barbecue seasoning,1,1,retain,1.0,not identified as universal/generic by v2 policy,medium
barberry,1,1,retain,1.0,not identified as universal/generic by v2 policy,medium
asian,1,1,retain,1.0,not identified as universal/generic by v2 policy,medium
asian black bean sauce,1,1,retain,1.0,not identified as universal/generic by v2 policy,medium
asian dressing,1,1,retain,1.0,not identified as universal/generic by v2 policy,medium
asian sweet chili sauce,1,1,retain,1.0,not identified as universal/generic by v2 policy,medium
asparagus bean,1,1,retain,1.0,not identified as universal/generic by v2 policy,medium
assam,1,1,retain,1.0,not identified as universal/generic by v2 policy,medium
asti spumante,1,1,retain,1.0,not identified as universal/generic by v2 policy,medium
atlantic cod fillet,1,1,retain,1.0,not identified as universal/generic by v2 policy,medium
white quinoa,1,1,retain,1.0,not identified as universal/generic by v2 policy,medium
white truffle,1,1,retain,1.0,not identified as universal/generic by v2 policy,medium
white tuna,1,1,retain,1.0,not identified as universal/generic by v2 policy,medium
white zinfandel,1,1,retain,1.0,not identified as universal/generic by v2 policy,medium
wholesome sweeteners organic sugar,1,1,retain,1.0,not identified as universal/generic by v2 policy,medium
wiener,1,1,retain,1.0,not identified as universal/generic by v2 policy,medium
asakusa nori,1,1,retain,1.0,not identified as universal/generic by v2 policy,medium
ascorbic acid,1,1,retain,1.0,not identified as universal/generic by v2 policy,medium
au jus gravy,1,1,retain,1.0,not identified as universal/generic by v2 policy,medium
avocado dressing,1,1,retain,1.0,not identified as universal/generic by v2 policy,medium
awase miso,1,1,retain,1.0,not identified as universal/generic by v2 policy,medium
azteca flour tortilla,1,1,retain,1.0,not identified as universal/generic by v2 policy,medium
azuki bean,1,1,retain,1.0,not identified as universal/generic by v2 policy,medium
baby beet,1,1,retain,1.0,not identified as universal/generic by v2 policy,medium
baby goat,1,1,retain,1.0,not identified as universal/generic by v2 policy,medium
white miso paste,1,1,retain,1.0,not identified as universal/generic by v2 policy,medium
bacardi mixers margarita mix,1,1,retain,1.0,not identified as universal/generic by v2 policy,medium
bacardi superior,1,1,retain,1.0,not identified as universal/generic by v2 policy,medium
back rib,1,1,retain,1.0,not identified as universal/generic by v2 policy,medium
bacon rind,1,1,retain,1.0,not identified as universal/generic by v2 policy,medium
bagel chip,1,1,retain,1.0,not identified as universal/generic by v2 policy,medium
bai cai,1,1,retain,1.0,not identified as universal/generic by v2 policy,medium
baked corn tortilla chip,1,1,retain,1.0,not identified as universal/generic by v2 policy,medium
baked pita chip,1,1,retain,1.0,not identified as universal/generic by v2 policy,medium
aleppo,1,1,retain,1.0,not identified as universal/generic by v2 policy,medium
alexia waffle fry,1,1,retain,1.0,not identified as universal/generic by v2 policy,medium
xuxu,1,1,retain,1.0,not identified as universal/generic by v2 policy,medium
yam bean,1,1,retain,1.0,not identified as universal/generic by v2 policy,medium
yam noodle,1,1,retain,1.0,not identified as universal/generic by v2 policy,medium
yellow heirloom tomatoe,1,1,retain,1.0,not identified as universal/generic by v2 policy,medium
2 milk shredded mozzarella cheese,1,1,retain,1.0,not identified as universal/generic by v2 policy,medium
ratatouille,1,1,retain,1.0,not identified as universal/generic by v2 policy,medium
amber rum,1,1,retain,1.0,not identified as universal/generic by v2 policy,medium
amberjack fillet,1,1,retain,1.0,not identified as universal/generic by v2 policy,medium
america,1,1,retain,1.0,not identified as universal/generic by v2 policy,medium
adobo style seasoning,1,1,retain,1.0,not identified as universal/generic by v2 policy,medium
agar agar flake,1,1,retain,1.0,not identified as universal/generic by v2 policy,medium
agave tequila,1,1,retain,1.0,not identified as universal/generic by v2 policy,medium
aged gouda,1,1,retain,1.0,not identified as universal/generic by v2 policy,medium
alaskan king salmon,1,1,retain,1.0,not identified as universal/generic by v2 policy,medium
and sour stir fry sauce,1,1,retain,1.0,not identified as universal/generic by v2 policy,medium
angled loofah,1,1,retain,1.0,not identified as universal/generic by v2 policy,medium
angus,1,1,retain,1.0,not identified as universal/generic by v2 policy,medium
almond oil,1,1,retain,1.0,not identified as universal/generic by v2 policy,medium
almond syrup,1,1,retain,1.0,not identified as universal/generic by v2 policy,medium
aloe juice,1,1,retain,1.0,not identified as universal/generic by v2 policy,medium
amarena cherry,1,1,retain,1.0,not identified as universal/generic by v2 policy,medium
amba,1,1,retain,1.0,not identified as universal/generic by v2 policy,medium
apple schnapp,1,1,retain,1.0,not identified as universal/generic by v2 policy,medium
apple slice,1,1,retain,1.0,not identified as universal/generic by v2 policy,medium
american cheese food,1,1,retain,1.0,not identified as universal/generic by v2 policy,medium
ammonium bicarbonate,1,1,retain,1.0,not identified as universal/generic by v2 policy,medium
amontillado sherry,1,1,retain,1.0,not identified as universal/generic by v2 policy,medium
and boneless chicken breast fillet,1,1,retain,1.0,not identified as universal/generic by v2 policy,medium
and carrot green pea,1,1,retain,1.0,not identified as universal/generic by v2 policy,medium
and cook drain pasta ziti,1,1,retain,1.0,not identified as universal/generic by v2 policy,medium
red drum,1,1,retain,1.0,not identified as universal/generic by v2 policy,medium
red grapefruit juice,1,1,retain,1.0,not identified as universal/generic by v2 policy,medium
prune juice,1,1,retain,1.0,not identified as universal/generic by v2 policy,medium
prune puree,1,1,retain,1.0,not identified as universal/generic by v2 policy,medium
psyllium husk,1,1,retain,1.0,not identified as universal/generic by v2 policy,medium
puff paste,1,1,retain,1.0,not identified as universal/generic by v2 policy,medium
puff pastry cup,1,1,retain,1.0,not identified as universal/generic by v2 policy,medium
pullman loaf,1,1,retain,1.0,not identified as universal/generic by v2 policy,medium
puy lentil,1,1,retain,1.0,not identified as universal/generic by v2 policy,medium
quahog clam,1,1,retain,1.0,not identified as universal/generic by v2 policy,medium
queso crema,1,1,retain,1.0,not identified as universal/generic by v2 policy,medium
quick yeast,1,1,retain,1.0,not identified as universal/generic by v2 policy,medium
quorn chikn tender,1,1,retain,1.0,not identified as universal/generic by v2 policy,medium
quorn crumble,1,1,retain,1.0,not identified as universal/generic by v2 policy,medium
red chard,1,1,retain,1.0,not identified as universal/generic by v2 policy,medium
red currant,1,1,retain,1.0,not identified as universal/generic by v2 policy,medium
ramen noodle soup,1,1,retain,1.0,not identified as universal/generic by v2 policy,medium
ranch dip,1,1,retain,1.0,not identified as universal/generic by v2 policy,medium
ranch-style seasoning,1,1,retain,1.0,not identified as universal/generic by v2 policy,medium
rape,1,1,retain,1.0,not identified as universal/generic by v2 policy,medium
raspberry fruit spread,1,1,retain,1.0,not identified as universal/generic by v2 policy,medium
pure wesson vegetable oil,1,1,retain,1.0,not identified as universal/generic by v2 policy,medium
purple grape,1,1,retain,1.0,not identified as universal/generic by v2 policy,medium
purple potatoe,1,1,retain,1.0,not identified as universal/generic by v2 policy,medium
raw buckwheat groat,1,1,retain,1.0,not identified as universal/generic by v2 policy,medium
raw milk,1,1,retain,1.0,not identified as universal/generic by v2 policy,medium
raw peeled prawn,1,1,retain,1.0,not identified as universal/generic by v2 policy,medium
raw prawn,1,1,retain,1.0,not identified as universal/generic by v2 policy,medium
ready-made pie crust,1,1,retain,1.0,not identified as universal/generic by v2 policy,medium
recip secret golden onion soup mix,1,1,retain,1.0,not identified as universal/generic by v2 policy,medium
red anjou pear,1,1,retain,1.0,not identified as universal/generic by v2 policy,medium
raki,1,1,retain,1.0,not identified as universal/generic by v2 policy,medium
