{
"type": "FeatureCollection",
"name": "cities_with_hotspots",
"crs": { "type": "name", "properties": { "name": "urn:ogc:def:crs:OGC:1.3:CRS84" } },
"features": [
{ "type": "Feature", "properties": { "city_id": 1012619903, "city": "Skikda", "city_ascii": "Skikda", "country": "Algeria", "iso2": "DZ", "iso3": "DZA", "admin_name": "Skikda", "population": 163318.0, "openalex_ai_works_recent": 28, "openalex_ai_institution_count": 1, "overlay_match_count": 1, "openalex_match_km": 2.1168222693660108, "dist_km_nearest_region": 870.89271329629764, "access_score": 64.697582065982772, "nearest_provider": "azure", "nearest_region": "francesouth", "nearest_location_name": "Marseille, France South, Europe", "spatial_lag_log_ai_works": 4.1806488990155044, "gi_star_z": 0.53357608911852517, "gi_star_p": 0.59363485491608103, "hotspot_class": "not_significant", "hotspot_rank": 102.0, "k_nn": 8 }, "geometry": { "type": "Point", "coordinates": [ 6.9, 36.8667 ] } },
{ "type": "Feature", "properties": { "city_id": 1012782547, "city": "Jijel", "city_ascii": "Jijel", "country": "Algeria", "iso2": "DZ", "iso3": "DZA", "admin_name": "Jijel", "population": 131513.0, "openalex_ai_works_recent": 9, "openalex_ai_institution_count": 1, "overlay_match_count": 1, "openalex_match_km": 2.5303547832549871, "dist_km_nearest_region": 836.32922945671385, "access_score": 65.825386122509784, "nearest_provider": "azure", "nearest_region": "francesouth", "nearest_location_name": "Marseille, France South, Europe", "spatial_lag_log_ai_works": 4.3224596204948309, "gi_star_z": 0.50281510701306464, "gi_star_p": 0.61509427130064454, "hotspot_class": "not_significant", "hotspot_rank": 109.0, "k_nn": 8 }, "geometry": { "type": "Point", "coordinates": [ 5.7667, 36.8206 ] } },
{ "type": "Feature", "properties": { "city_id": 1012973369, "city": "Algiers", "city_ascii": "Algiers", "country": "Algeria", "iso2": "DZ", "iso3": "DZA", "admin_name": "Alger", "population": 3415811.0, "openalex_ai_works_recent": 25, "openalex_ai_institution_count": 1, "overlay_match_count": 1, "openalex_match_km": 5.2153103232472198, "dist_km_nearest_region": 713.24042379211528, "access_score": 70.003831347835018, "nearest_provider": "gcp", "nearest_region": "europe-southwest1", "nearest_location_name": "Madrid, Spain, Europe", "spatial_lag_log_ai_works": 4.2035553651450481, "gi_star_z": 0.60099937955869809, "gi_star_p": 0.54784039954463137, "hotspot_class": "not_significant", "hotspot_rank": 89.0, "k_nn": 8 }, "geometry": { "type": "Point", "coordinates": [ 3.0586, 36.7764 ] } },
{ "type": "Feature", "properties": { "city_id": 1036142029, "city": "Canberra", "city_ascii": "Canberra", "country": "Australia", "iso2": "AU", "iso3": "AUS", "admin_name": "Australian Capital Territory", "population": 426704.0, "openalex_ai_works_recent": 23, "openalex_ai_institution_count": 1, "overlay_match_count": 1, "openalex_match_km": 1.0771679363227398, "dist_km_nearest_region": 1.6172022732082179, "access_score": 99.919172569319741, "nearest_provider": "azure", "nearest_region": "australiacentral", "nearest_location_name": "Canberra, Australia Central, Asia Pacific", "spatial_lag_log_ai_works": 3.3471254298073703, "gi_star_z": -1.0327077435442145, "gi_star_p": 0.30174068864089665, "hotspot_class": "not_significant", "hotspot_rank": null, "k_nn": 8 }, "geometry": { "type": "Point", "coordinates": [ 149.1269, -35.2931 ] } },
{ "type": "Feature", "properties": { "city_id": 1050529279, "city": "Dhaka", "city_ascii": "Dhaka", "country": "Bangladesh", "iso2": "BD", "iso3": "BGD", "admin_name": "Dhaka", "population": 15443000.0, "openalex_ai_works_recent": 70, "openalex_ai_institution_count": 2, "overlay_match_count": 1, "openalex_match_km": 2.4482980796296516, "dist_km_nearest_region": 1196.4898149518144, "access_score": 54.977569705429183, "nearest_provider": "azure", "nearest_region": "jioindiacentral", "nearest_location_name": "Nagpur, Jio India Central, Asia Pacific", "spatial_lag_log_ai_works": 3.8109622520743915, "gi_star_z": 0.021365894050848686, "gi_star_p": 0.98295377995624478, "hotspot_class": "not_significant", "hotspot_rank": 154.0, "k_nn": 8 }, "geometry": { "type": "Point", "coordinates": [ 90.3944, 23.7289 ] } },
{ "type": "Feature", "properties": { "city_id": 1050667339, "city": "Khulna", "city_ascii": "Khulna", "country": "Bangladesh", "iso2": "BD", "iso3": "BGD", "admin_name": "Khulna", "population": 1311100.0, "openalex_ai_works_recent": 56, "openalex_ai_institution_count": 1, "overlay_match_count": 1, "openalex_match_km": 1.6632723484867198, "dist_km_nearest_region": 1094.2700460289627, "access_score": 57.860512840079181, "nearest_provider": "azure", "nearest_region": "jioindiacentral", "nearest_location_name": "Nagpur, Jio India Central, Asia Pacific", "spatial_lag_log_ai_works": 3.835365430875143, "gi_star_z": 0.021365894050848686, "gi_star_p": 0.98295377995624478, "hotspot_class": "not_significant", "hotspot_rank": 154.0, "k_nn": 8 }, "geometry": { "type": "Point", "coordinates": [ 89.55, 22.8167 ] } },
{ "type": "Feature", "properties": { "city_id": 1056062897, "city": "Gent", "city_ascii": "Gent", "country": "Belgium", "iso2": "BE", "iso3": "BEL", "admin_name": "Flanders", "population": 262219.0, "openalex_ai_works_recent": 24, "openalex_ai_institution_count": 1, "overlay_match_count": 1, "openalex_match_km": 0.72401180860132142, "dist_km_nearest_region": 67.693054748921639, "access_score": 96.671985828791563, "nearest_provider": "gcp", "nearest_region": "europe-west1", "nearest_location_name": "St. Ghislain, Belgium, Europe", "spatial_lag_log_ai_works": 3.4111937768031808, "gi_star_z": -0.95632166487883841, "gi_star_p": 0.33890974762860082, "hotspot_class": "not_significant", "hotspot_rank": null, "k_nn": 8 }, "geometry": { "type": "Point", "coordinates": [ 3.7253, 51.0536 ] } },
{ "type": "Feature", "properties": { "city_id": 1100762037, "city": "Sofia", "city_ascii": "Sofia", "country": "Bulgaria", "iso2": "BG", "iso3": "BGR", "admin_name": "Sofia-Grad", "population": 1355142.0, "openalex_ai_works_recent": 128, "openalex_ai_institution_count": 2, "overlay_match_count": 1, "openalex_match_km": 0.2048736000156553, "dist_km_nearest_region": 1074.1785717624109, "access_score": 58.444693693313489, "nearest_provider": "gcp", "nearest_region": "europe-central2", "nearest_location_name": "Warsaw, Poland, Europe", "spatial_lag_log_ai_works": 3.8305515906495384, "gi_star_z": 0.14569376942676521, "gi_star_p": 0.88416314016246789, "hotspot_class": "not_significant", "hotspot_rank": 139.0, "k_nn": 8 }, "geometry": { "type": "Point", "coordinates": [ 23.3217, 42.6979 ] } },
{ "type": "Feature", "properties": { "city_id": 1100789115, "city": "Varna", "city_ascii": "Varna", "country": "Bulgaria", "iso2": "BG", "iso3": "BGR", "admin_name": "Varna", "population": 369162.0, "openalex_ai_works_recent": 13, "openalex_ai_institution_count": 1, "overlay_match_count": 1, "openalex_match_km": 2.258482598338404, "dist_km_nearest_region": 1126.9923863208746, "access_score": 56.921549361060066, "nearest_provider": "gcp", "nearest_region": "europe-central2", "nearest_location_name": "Warsaw, Poland, Europe", "spatial_lag_log_ai_works": 4.146483369447405, "gi_star_z": 0.40480678766622569, "gi_star_p": 0.68561953905964845, "hotspot_class": "not_significant", "hotspot_rank": 119.0, "k_nn": 8 }, "geometry": { "type": "Point", "coordinates": [ 27.9111, 43.2114 ] } },
{ "type": "Feature", "properties": { "city_id": 1104616656, "city": "Rangoon", "city_ascii": "Rangoon", "country": "Myanmar", "iso2": "MM", "iso3": "MMR", "admin_name": "Yangon", "population": 5430000.0, "openalex_ai_works_recent": 1, "openalex_ai_institution_count": 1, "overlay_match_count": 1, "openalex_match_km": 2.7749631385524105, "dist_km_nearest_region": 1768.8506274853155, "access_score": 41.295142260807836, "nearest_provider": "azure", "nearest_region": "southindia", "nearest_location_name": "Chennai, South India, Asia Pacific", "spatial_lag_log_ai_works": 4.8923666457106201, "gi_star_z": 1.3195037524402824, "gi_star_p": 0.18700075645662284, "hotspot_class": "not_significant", "hotspot_rank": 40.0, "k_nn": 8 }, "geometry": { "type": "Point", "coordinates": [ 96.15, 16.8 ] } },
{ "type": "Feature", "properties": { "city_id": 1124080626, "city": "Kelowna", "city_ascii": "Kelowna", "country": "Canada", "iso2": "CA", "iso3": "CAN", "admin_name": "British Columbia", "population": 142146.0, "openalex_ai_works_recent": 85, "openalex_ai_institution_count": 1, "overlay_match_count": 1, "openalex_match_km": 152.3306082740603, "dist_km_nearest_region": 296.39579796248, "access_score": 86.226045759002375, "nearest_provider": "azure", "nearest_region": "westus2", "nearest_location_name": "Washington, West US 2, US", "spatial_lag_log_ai_works": 4.1706809359746284, "gi_star_z": 0.71063384048944889, "gi_star_p": 0.47731116711082244, "hotspot_class": "not_significant", "hotspot_rank": 81.0, "k_nn": 8 }, "geometry": { "type": "Point", "coordinates": [ -119.4956, 49.8881 ] } },
{ "type": "Feature", "properties": { "city_id": 1124261024, "city": "Windsor", "city_ascii": "Windsor", "country": "Canada", "iso2": "CA", "iso3": "CAN", "admin_name": "Ontario", "population": 276165.0, "openalex_ai_works_recent": 54, "openalex_ai_institution_count": 1, "overlay_match_count": 1, "openalex_match_km": 2.3091498895868452, "dist_km_nearest_region": 230.31286693119796, "access_score": 89.122671531775538, "nearest_provider": "aws", "nearest_region": "us-east-2", "nearest_location_name": "US East (Ohio)", "spatial_lag_log_ai_works": 4.0738062600272853, "gi_star_z": 0.46584863284805228, "gi_star_p": 0.64132385137098291, "hotspot_class": "not_significant", "hotspot_rank": 113.0, "k_nn": 8 }, "geometry": { "type": "Point", "coordinates": [ -83.0, 42.2833 ] } },
{ "type": "Feature", "properties": { "city_id": 1124279679, "city": "Toronto", "city_ascii": "Toronto", "country": "Canada", "iso2": "CA", "iso3": "CAN", "admin_name": "Ontario", "population": 5429524.0, "openalex_ai_works_recent": 251, "openalex_ai_institution_count": 2, "overlay_match_count": 1, "openalex_match_km": 7.064349748351475, "dist_km_nearest_region": 9.8466284186929638, "access_score": 99.508878543712427, "nearest_provider": "gcp", "nearest_region": "northamerica-northeast2", "nearest_location_name": "Toronto, Ontario, North America", "spatial_lag_log_ai_works": 3.8273611675451948, "gi_star_z": 0.34012506854308977, "gi_star_p": 0.73376234402220986, "hotspot_class": "not_significant", "hotspot_rank": 123.0, "k_nn": 8 }, "geometry": { "type": "Point", "coordinates": [ -79.3733, 43.7417 ] } },
{ "type": "Feature", "properties": { "city_id": 1124586170, "city": "Montréal", "city_ascii": "Montreal", "country": "Canada", "iso2": "CA", "iso3": "CAN", "admin_name": "Quebec", "population": 3519595.0, "openalex_ai_works_recent": 162, "openalex_ai_institution_count": 1, "overlay_match_count": 1, "openalex_match_km": 2.0343861753382715, "dist_km_nearest_region": 0.89626440392419748, "access_score": 99.955196819427556, "nearest_provider": "aws", "nearest_region": "ca-central-1", "nearest_location_name": "Canada (Central)", "spatial_lag_log_ai_works": 3.5262390943889681, "gi_star_z": -0.34332766021883382, "gi_star_p": 0.73135197418167608, "hotspot_class": "not_significant", "hotspot_rank": null, "k_nn": 8 }, "geometry": { "type": "Point", "coordinates": [ -73.5617, 45.5089 ] } },
{ "type": "Feature", "properties": { "city_id": 1124823933, "city": "Quebec City", "city_ascii": "Quebec City", "country": "Canada", "iso2": "CA", "iso3": "CAN", "admin_name": "Quebec", "population": 705103.0, "openalex_ai_works_recent": 5, "openalex_ai_institution_count": 1, "overlay_match_count": 1, "openalex_match_km": 0.52208581338410154, "dist_km_nearest_region": 0.7599340952281205, "access_score": 99.962010513072258, "nearest_provider": "azure", "nearest_region": "canadaeast", "nearest_location_name": "Quebec, Canada East, Canada", "spatial_lag_log_ai_works": 3.6885891866959994, "gi_star_z": -0.73447539661634342, "gi_star_p": 0.46265904976485972, "hotspot_class": "not_significant", "hotspot_rank": null, "k_nn": 8 }, "geometry": { "type": "Point", "coordinates": [ -71.2081, 46.8139 ] } },
{ "type": "Feature", "properties": { "city_id": 1144251314, "city": "Colombo", "city_ascii": "Colombo", "country": "Sri Lanka", "iso2": "LK", "iso3": "LKA", "admin_name": "Western", "population": 752993.0, "openalex_ai_works_recent": 35, "openalex_ai_institution_count": 1, "overlay_match_count": 1, "openalex_match_km": 2.691184433978238, "dist_km_nearest_region": 675.42223479998711, "access_score": 71.340134736942744, "nearest_provider": "azure", "nearest_region": "southindia", "nearest_location_name": "Chennai, South India, Asia Pacific", "spatial_lag_log_ai_works": 4.5851504210906544, "gi_star_z": 1.2525901121083047, "gi_star_p": 0.21035491519012861, "hotspot_class": "not_significant", "hotspot_rank": 45.0, "k_nn": 8 }, "geometry": { "type": "Point", "coordinates": [ 79.8333, 6.9167 ] } },
{ "type": "Feature", "properties": { "city_id": 1144324309, "city": "Moratuwa", "city_ascii": "Moratuwa", "country": "Sri Lanka", "iso2": "LK", "iso3": "LKA", "admin_name": "Western", "population": 200000.0, "openalex_ai_works_recent": 97, "openalex_ai_institution_count": 1, "overlay_match_count": 1, "openalex_match_km": 0.84160826502732222, "dist_km_nearest_region": 690.30834030661231, "access_score": 70.811117544354403, "nearest_provider": "azure", "nearest_region": "southindia", "nearest_location_name": "Chennai, South India, Asia Pacific", "spatial_lag_log_ai_works": 4.4599693535638467, "gi_star_z": 1.2525901121083047, "gi_star_p": 0.21035491519012861, "hotspot_class": "not_significant", "hotspot_rank": 45.0, "k_nn": 8 }, "geometry": { "type": "Point", "coordinates": [ 79.88, 6.7804 ] } },
{ "type": "Feature", "properties": { "city_id": 1152858037, "city": "Las Condes", "city_ascii": "Las Condes", "country": "Chile", "iso2": "CL", "iso3": "CHL", "admin_name": "Región Metropolitana", "population": 249893.0, "openalex_ai_works_recent": 1, "openalex_ai_institution_count": 1, "overlay_match_count": 1, "openalex_match_km": 2.7751794063933222, "dist_km_nearest_region": 6.657750247648373, "access_score": 99.667665943797928, "nearest_provider": "gcp", "nearest_region": "southamerica-west1", "nearest_location_name": "Santiago, Chile, South America", "spatial_lag_log_ai_works": 3.1571353961097568, "gi_star_z": -1.9204400158369648, "gi_star_p": 0.054802343106118125, "hotspot_class": "not_significant", "hotspot_rank": null, "k_nn": 8 }, "geometry": { "type": "Point", "coordinates": [ -70.5833, -33.4167 ] } },
{ "type": "Feature", "properties": { "city_id": 1156038165, "city": "Jingdezhen", "city_ascii": "Jingdezhen", "country": "China", "iso2": "CN", "iso3": "CHN", "admin_name": "Jiangxi", "population": 1587477.0, "openalex_ai_works_recent": 63, "openalex_ai_institution_count": 1, "overlay_match_count": 1, "openalex_match_km": 0.42005495616232502, "dist_km_nearest_region": 668.40359733500054, "access_score": 71.590929810693822, "nearest_provider": "gcp", "nearest_region": "asia-east1", "nearest_location_name": "Changhua County, Taiwan, APAC", "spatial_lag_log_ai_works": 4.2492969844521031, "gi_star_z": 0.83044283749201764, "gi_star_p": 0.40628845424118598, "hotspot_class": "not_significant", "hotspot_rank": 74.0, "k_nn": 8 }, "geometry": { "type": "Point", "coordinates": [ 117.2036, 29.2942 ] } },
{ "type": "Feature", "properties": { "city_id": 1156051276, "city": "Ürümqi", "city_ascii": "Urumqi", "country": "China", "iso2": "CN", "iso3": "CHN", "admin_name": "Xinjiang", "population": 3112559.0, "openalex_ai_works_recent": 443, "openalex_ai_institution_count": 2, "overlay_match_count": 1, "openalex_match_km": 2.582700080569619, "dist_km_nearest_region": 1705.7630533555507, "access_score": 42.618509717165971, "nearest_provider": "aws", "nearest_region": "cn-northwest-1", "nearest_location_name": "China (Ningxia)", "spatial_lag_log_ai_works": 3.8483969782968335, "gi_star_z": 0.50297876976998923, "gi_star_p": 0.61497919862031525, "hotspot_class": "not_significant", "hotspot_rank": 108.0, "k_nn": 8 }, "geometry": { "type": "Point", "coordinates": [ 87.6125, 43.8225 ] } },
{ "type": "Feature", "properties": { "city_id": 1156072884, "city": "Zhangjiajie", "city_ascii": "Zhangjiajie", "country": "China", "iso2": "CN", "iso3": "CHN", "admin_name": "Hunan", "population": 1549200.0, "openalex_ai_works_recent": 64, "openalex_ai_institution_count": 1, "overlay_match_count": 1, "openalex_match_km": 0.73437542719449067, "dist_km_nearest_region": 845.61559450488562, "access_score": 65.520455312565502, "nearest_provider": "aws", "nearest_region": "ap-east-1", "nearest_location_name": "Asia Pacific (Hong Kong)", "spatial_lag_log_ai_works": 3.6047365029964382, "gi_star_z": -0.47646854044194509, "gi_star_p": 0.63374061478287369, "hotspot_class": "not_significant", "hotspot_rank": null, "k_nn": 8 }, "geometry": { "type": "Point", "coordinates": [ 110.4844, 29.1255 ] } },
{ "type": "Feature", "properties": { "city_id": 1156073548, "city": "Shanghai", "city_ascii": "Shanghai", "country": "China", "iso2": "CN", "iso3": "CHN", "admin_name": "Shanghai", "population": 22120000.0, "openalex_ai_works_recent": 170, "openalex_ai_institution_count": 3, "overlay_match_count": 1, "openalex_match_km": 4.6507986237692274, "dist_km_nearest_region": 793.7047997479217, "access_score": 67.243326954360768, "nearest_provider": "gcp", "nearest_region": "asia-east1", "nearest_location_name": "Changhua County, Taiwan, APAC", "spatial_lag_log_ai_works": 4.3107176006439918, "gi_star_z": 1.1954475217373353, "gi_star_p": 0.23191222812676726, "hotspot_class": "not_significant", "hotspot_rank": 51.0, "k_nn": 8 }, "geometry": { "type": "Point", "coordinates": [ 121.4667, 31.1667 ] } },
{ "type": "Feature", "properties": { "city_id": 1156157151, "city": "Jinzhou", "city_ascii": "Jinzhou", "country": "China", "iso2": "CN", "iso3": "CHN", "admin_name": "Liaoning", "population": 3000000.0, "openalex_ai_works_recent": 40, "openalex_ai_institution_count": 1, "overlay_match_count": 1, "openalex_match_km": 3.4956662234453817, "dist_km_nearest_region": 422.40726851203431, "access_score": 80.960918592989955, "nearest_provider": "aws", "nearest_region": "cn-north-1", "nearest_location_name": "China (Beijing)", "spatial_lag_log_ai_works": 4.2972413825462059, "gi_star_z": 0.88107326557963161, "gi_star_p": 0.37827816619014754, "hotspot_class": "not_significant", "hotspot_rank": 71.0, "k_nn": 8 }, "geometry": { "type": "Point", "coordinates": [ 121.1292, 41.1144 ] } },
{ "type": "Feature", "properties": { "city_id": 1156158707, "city": "Shenzhen", "city_ascii": "Shenzhen", "country": "China", "iso2": "CN", "iso3": "CHN", "admin_name": "Guangdong", "population": 15929000.0, "openalex_ai_works_recent": 978, "openalex_ai_institution_count": 2, "overlay_match_count": 1, "openalex_match_km": 1.8788720022265293, "dist_km_nearest_region": 30.550959495336876, "access_score": 98.48405985907084, "nearest_provider": "aws", "nearest_region": "ap-east-1", "nearest_location_name": "Asia Pacific (Hong Kong)", "spatial_lag_log_ai_works": 4.530133944842798, "gi_star_z": 1.9373439252220459, "gi_star_p": 0.052703316238633099, "hotspot_class": "not_significant", "hotspot_rank": 8.0, "k_nn": 8 }, "geometry": { "type": "Point", "coordinates": [ 114.054, 22.535 ] } },
{ "type": "Feature", "properties": { "city_id": 1156180376, "city": "Quzhou", "city_ascii": "Quzhou", "country": "China", "iso2": "CN", "iso3": "CHN", "admin_name": "Zhejiang", "population": 2185000.0, "openalex_ai_works_recent": 149, "openalex_ai_institution_count": 1, "overlay_match_count": 1, "openalex_match_km": 3.2190852585873939, "dist_km_nearest_region": 567.31041729381536, "access_score": 75.302623688618496, "nearest_provider": "gcp", "nearest_region": "asia-east1", "nearest_location_name": "Changhua County, Taiwan, APAC", "spatial_lag_log_ai_works": 3.7374923019276842, "gi_star_z": -0.061435712547727131, "gi_star_p": 0.95101221156307059, "hotspot_class": "not_significant", "hotspot_rank": null, "k_nn": 8 }, "geometry": { "type": "Point", "coordinates": [ 118.8763, 28.9545 ] } },
{ "type": "Feature", "properties": { "city_id": 1156203130, "city": "Leshan", "city_ascii": "Leshan", "country": "China", "iso2": "CN", "iso3": "CHN", "admin_name": "Sichuan", "population": 3364000.0, "openalex_ai_works_recent": 23, "openalex_ai_institution_count": 1, "overlay_match_count": 1, "openalex_match_km": 0.80889601596052263, "dist_km_nearest_region": 882.79731620308871, "access_score": 64.313626397786166, "nearest_provider": "aws", "nearest_region": "cn-northwest-1", "nearest_location_name": "China (Ningxia)", "spatial_lag_log_ai_works": 3.2938246495540171, "gi_star_z": -1.1272273294777648, "gi_star_p": 0.25964637837714022, "hotspot_class": "not_significant", "hotspot_rank": null, "k_nn": 8 }, "geometry": { "type": "Point", "coordinates": [ 103.7575, 29.5854 ] } },
{ "type": "Feature", "properties": { "city_id": 1156210167, "city": "Hohhot", "city_ascii": "Hohhot", "country": "China", "iso2": "CN", "iso3": "CHN", "admin_name": "Inner Mongolia", "population": 2635000.0, "openalex_ai_works_recent": 192, "openalex_ai_institution_count": 1, "overlay_match_count": 1, "openalex_match_km": 1.0308421995408223, "dist_km_nearest_region": 413.12094160483446, "access_score": 81.337707440542871, "nearest_provider": "aws", "nearest_region": "cn-north-1", "nearest_location_name": "China (Beijing)", "spatial_lag_log_ai_works": 3.9705977090601841, "gi_star_z": 0.53500312218686252, "gi_star_p": 0.59264769831959008, "hotspot_class": "not_significant", "hotspot_rank": 100.0, "k_nn": 8 }, "geometry": { "type": "Point", "coordinates": [ 111.6629, 40.8151 ] } },
{ "type": "Feature", "properties": { "city_id": 1156228865, "city": "Beijing", "city_ascii": "Beijing", "country": "China", "iso2": "CN", "iso3": "CHN", "admin_name": "Beijing", "population": 19433000.0, "openalex_ai_works_recent": 3387, "openalex_ai_institution_count": 18, "overlay_match_count": 1, "openalex_match_km": 3.038798302098813, "dist_km_nearest_region": 0.13573912687136322, "access_score": 99.993213273965097, "nearest_provider": "aws", "nearest_region": "cn-north-1", "nearest_location_name": "China (Beijing)", "spatial_lag_log_ai_works": 3.6998724531803231, "gi_star_z": 0.62492886939611758, "gi_star_p": 0.53201774371082367, "hotspot_class": "not_significant", "hotspot_rank": 87.0, "k_nn": 8 }, "geometry": { "type": "Point", "coordinates": [ 116.3914, 39.905 ] } },
{ "type": "Feature", "properties": { "city_id": 1156234290, "city": "Huangshi", "city_ascii": "Huangshi", "country": "China", "iso2": "CN", "iso3": "CHN", "admin_name": "Hubei", "population": 2471700.0, "openalex_ai_works_recent": 50, "openalex_ai_institution_count": 1, "overlay_match_count": 1, "openalex_match_km": 5.2496206481312591, "dist_km_nearest_region": 872.33409328886728, "access_score": 64.650971963538694, "nearest_provider": "gcp", "nearest_region": "asia-east1", "nearest_location_name": "Changhua County, Taiwan, APAC", "spatial_lag_log_ai_works": 4.3240421505518585, "gi_star_z": 1.0808722464167653, "gi_star_p": 0.27975394568607403, "hotspot_class": "not_significant", "hotspot_rank": 58.0, "k_nn": 8 }, "geometry": { "type": "Point", "coordinates": [ 115.0326, 30.2018 ] } },
{ "type": "Feature", "properties": { "city_id": 1156237133, "city": "Guangzhou", "city_ascii": "Guangzhou", "country": "China", "iso2": "CN", "iso3": "CHN", "admin_name": "Guangdong", "population": 20902000.0, "openalex_ai_works_recent": 236, "openalex_ai_institution_count": 1, "overlay_match_count": 1, "openalex_match_km": 1.6328297244393832, "dist_km_nearest_region": 132.35325701532778, "access_score": 93.596553149575328, "nearest_provider": "aws", "nearest_region": "ap-east-1", "nearest_location_name": "Asia Pacific (Hong Kong)", "spatial_lag_log_ai_works": 4.664670848911368, "gi_star_z": 1.893608756088184, "gi_star_p": 0.058276960421225529, "hotspot_class": "not_significant", "hotspot_rank": 11.0, "k_nn": 8 }, "geometry": { "type": "Point", "coordinates": [ 113.259, 23.1288 ] } },
{ "type": "Feature", "properties": { "city_id": 1156238875, "city": "Anqing", "city_ascii": "Anqing", "country": "China", "iso2": "CN", "iso3": "CHN", "admin_name": "Anhui", "population": 4723000.0, "openalex_ai_works_recent": 63, "openalex_ai_institution_count": 1, "overlay_match_count": 1, "openalex_match_km": 2.1167629242948727, "dist_km_nearest_region": 794.02479865384487, "access_score": 67.232568919495563, "nearest_provider": "gcp", "nearest_region": "asia-east1", "nearest_location_name": "Changhua County, Taiwan, APAC", "spatial_lag_log_ai_works": 4.4622664814598414, "gi_star_z": 1.3026039303640824, "gi_star_p": 0.19271001525740217, "hotspot_class": "not_significant", "hotspot_rank": 41.0, "k_nn": 8 }, "geometry": { "type": "Point", "coordinates": [ 117.0333, 30.5 ] } },
{ "type": "Feature", "properties": { "city_id": 1156244079, "city": "Xi’an", "city_ascii": "Xi'an", "country": "China", "iso2": "CN", "iso3": "CHN", "admin_name": "Shaanxi", "population": 7135000.0, "openalex_ai_works_recent": 37, "openalex_ai_institution_count": 1, "overlay_match_count": 1, "openalex_match_km": 14.385376099685345, "dist_km_nearest_region": 429.78689138159478, "access_score": 80.662738522215435, "nearest_provider": "aws", "nearest_region": "cn-northwest-1", "nearest_location_name": "China (Ningxia)", "spatial_lag_log_ai_works": 3.9803944239139093, "gi_star_z": 0.22843808839335705, "gi_star_p": 0.81930568186594199, "hotspot_class": "not_significant", "hotspot_rank": 132.0, "k_nn": 8 }, "geometry": { "type": "Point", "coordinates": [ 108.9, 34.2667 ] } },
{ "type": "Feature", "properties": { "city_id": 1156275243, "city": "Hangzhou", "city_ascii": "Hangzhou", "country": "China", "iso2": "CN", "iso3": "CHN", "admin_name": "Zhejiang", "population": 6446000.0, "openalex_ai_works_recent": 555, "openalex_ai_institution_count": 3, "overlay_match_count": 1, "openalex_match_km": 4.4502658183274937, "dist_km_nearest_region": 687.57700150052335, "access_score": 70.90788818429094, "nearest_provider": "gcp", "nearest_region": "asia-east1", "nearest_location_name": "Changhua County, Taiwan, APAC", "spatial_lag_log_ai_works": 4.2196649806168072, "gi_star_z": 1.2112197414584442, "gi_star_p": 0.22581119865096888, "hotspot_class": "not_significant", "hotspot_rank": 48.0, "k_nn": 8 }, "geometry": { "type": "Point", "coordinates": [ 120.1675, 30.25 ] } },
{ "type": "Feature", "properties": { "city_id": 1156280566, "city": "Lanzhou", "city_ascii": "Lanzhou", "country": "China", "iso2": "CN", "iso3": "CHN", "admin_name": "Gansu", "population": 3616163.0, "openalex_ai_works_recent": 4, "openalex_ai_institution_count": 1, "overlay_match_count": 1, "openalex_match_km": 0.89313366848349762, "dist_km_nearest_region": 235.1383647308956, "access_score": 88.907900103038301, "nearest_provider": "aws", "nearest_region": "cn-northwest-1", "nearest_location_name": "China (Ningxia)", "spatial_lag_log_ai_works": 4.076767916453603, "gi_star_z": 0.014327098623594279, "gi_star_p": 0.98856902027325255, "hotspot_class": "not_significant", "hotspot_rank": 155.0, "k_nn": 8 }, "geometry": { "type": "Point", "coordinates": [ 103.8318, 36.0617 ] } },
{ "type": "Feature", "properties": { "city_id": 1156310366, "city": "Shaoyang", "city_ascii": "Shaoyang", "country": "China", "iso2": "CN", "iso3": "CHN", "admin_name": "Hunan", "population": 7302400.0, "openalex_ai_works_recent": 29, "openalex_ai_institution_count": 1, "overlay_match_count": 1, "openalex_match_km": 5.5599342151030653, "dist_km_nearest_region": 614.98000811165457, "access_score": 73.52902174310303, "nearest_provider": "aws", "nearest_region": "ap-east-1", "nearest_location_name": "Asia Pacific (Hong Kong)", "spatial_lag_log_ai_works": 4.4491038297149164, "gi_star_z": 1.3868919925869736, "gi_star_p": 0.16547469990809716, "hotspot_class": "not_significant", "hotspot_rank": 28.0, "k_nn": 8 }, "geometry": { "type": "Point", "coordinates": [ 111.4725, 27.2418 ] } },
{ "type": "Feature", "properties": { "city_id": 1156332710, "city": "Hefei", "city_ascii": "Hefei", "country": "China", "iso2": "CN", "iso3": "CHN", "admin_name": "Anhui", "population": 7457027.0, "openalex_ai_works_recent": 13, "openalex_ai_institution_count": 1, "overlay_match_count": 1, "openalex_match_km": 11.264522008865333, "dist_km_nearest_region": 897.83438374815898, "access_score": 63.831895450165518, "nearest_provider": "aws", "nearest_region": "cn-north-1", "nearest_location_name": "China (Beijing)", "spatial_lag_log_ai_works": 5.0326171402840014, "gi_star_z": 2.2851300583794019, "gi_star_p": 0.022305202770384499, "hotspot_class": "hot_spot_95", "hotspot_rank": 4.0, "k_nn": 8 }, "geometry": { "type": "Point", "coordinates": [ 117.2808, 31.8639 ] } },
{ "type": "Feature", "properties": { "city_id": 1156421555, "city": "Chengdu", "city_ascii": "Chengdu", "country": "China", "iso2": "CN", "iso3": "CHN", "admin_name": "Sichuan", "population": 11309000.0, "openalex_ai_works_recent": 11, "openalex_ai_institution_count": 1, "overlay_match_count": 1, "openalex_match_km": 23.285158675285945, "dist_km_nearest_region": 759.76092736215548, "access_score": 68.394316037388521, "nearest_provider": "aws", "nearest_region": "cn-northwest-1", "nearest_location_name": "China (Ningxia)", "spatial_lag_log_ai_works": 3.4421752746419636, "gi_star_z": -1.0178003836360594, "gi_star_p": 0.30877282968745223, "hotspot_class": "not_significant", "hotspot_rank": null, "k_nn": 8 }, "geometry": { "type": "Point", "coordinates": [ 104.0633, 30.66 ] } },
{ "type": "Feature", "properties": { "city_id": 1156605439, "city": "Nanning", "city_ascii": "Nanning", "country": "China", "iso2": "CN", "iso3": "CHN", "admin_name": "Guangxi", "population": 7153300.0, "openalex_ai_works_recent": 46, "openalex_ai_institution_count": 2, "overlay_match_count": 1, "openalex_match_km": 0.32941496826365413, "dist_km_nearest_region": 603.48812632470515, "access_score": 73.952731295255433, "nearest_provider": "aws", "nearest_region": "ap-east-1", "nearest_location_name": "Asia Pacific (Hong Kong)", "spatial_lag_log_ai_works": 4.8843109896109462, "gi_star_z": 2.4193296601822341, "gi_star_p": 0.015549141380142005, "hotspot_class": "hot_spot_95", "hotspot_rank": 3.0, "k_nn": 8 }, "geometry": { "type": "Point", "coordinates": [ 108.315, 22.8192 ] } },
{ "type": "Feature", "properties": { "city_id": 1156796454, "city": "Zaozhuang", "city_ascii": "Zaozhuang", "country": "China", "iso2": "CN", "iso3": "CHN", "admin_name": "Shandong", "population": 3650000.0, "openalex_ai_works_recent": 26, "openalex_ai_institution_count": 1, "overlay_match_count": 1, "openalex_match_km": 0.43949373830980015, "dist_km_nearest_region": 569.62773553920249, "access_score": 75.215424143748393, "nearest_provider": "aws", "nearest_region": "cn-north-1", "nearest_location_name": "China (Beijing)", "spatial_lag_log_ai_works": 4.7451485975834959, "gi_star_z": 1.8018340714287202, "gi_star_p": 0.071571515436066366, "hotspot_class": "not_significant", "hotspot_rank": 12.0, "k_nn": 8 }, "geometry": { "type": "Point", "coordinates": [ 117.55, 34.8667 ] } },
{ "type": "Feature", "properties": { "city_id": 1156932620, "city": "Guiyang", "city_ascii": "Guiyang", "country": "China", "iso2": "CN", "iso3": "CHN", "admin_name": "Guizhou", "population": 4365000.0, "openalex_ai_works_recent": 37, "openalex_ai_institution_count": 1, "overlay_match_count": 1, "openalex_match_km": 0.98412130143894871, "dist_km_nearest_region": 893.13735070457722, "access_score": 63.981981882496633, "nearest_provider": "aws", "nearest_region": "ap-east-1", "nearest_location_name": "Asia Pacific (Hong Kong)", "spatial_lag_log_ai_works": 3.5157728362591549, "gi_star_z": -0.70616678693851365, "gi_star_p": 0.48008442222388104, "hotspot_class": "not_significant", "hotspot_rank": null, "k_nn": 8 }, "geometry": { "type": "Point", "coordinates": [ 106.7078, 26.5794 ] } },
{ "type": "Feature", "properties": { "city_id": 1156936556, "city": "Chongqing", "city_ascii": "Chongqing", "country": "China", "iso2": "CN", "iso3": "CHN", "admin_name": "Chongqing", "population": 7739000.0, "openalex_ai_works_recent": 34, "openalex_ai_institution_count": 2, "overlay_match_count": 1, "openalex_match_km": 0.55238840894536079, "dist_km_nearest_region": 863.14412823714315, "access_score": 64.948725612504163, "nearest_provider": "aws", "nearest_region": "cn-northwest-1", "nearest_location_name": "China (Ningxia)", "spatial_lag_log_ai_works": 3.308370098179287, "gi_star_z": -1.0178003836360594, "gi_star_p": 0.30877282968745223, "hotspot_class": "not_significant", "hotspot_rank": null, "k_nn": 8 }, "geometry": { "type": "Point", "coordinates": [ 106.5528, 29.5628 ] } },
{ "type": "Feature", "properties": { "city_id": 1156961497, "city": "Changsha", "city_ascii": "Changsha", "country": "China", "iso2": "CN", "iso3": "CHN", "admin_name": "Hunan", "population": 8394500.0, "openalex_ai_works_recent": 76, "openalex_ai_institution_count": 1, "overlay_match_count": 1, "openalex_match_km": 12.665650412729377, "dist_km_nearest_region": 669.01745788115818, "access_score": 71.568959758866541, "nearest_provider": "aws", "nearest_region": "ap-east-1", "nearest_location_name": "Asia Pacific (Hong Kong)", "spatial_lag_log_ai_works": 4.2891903995383647, "gi_star_z": 1.2016306188401993, "gi_star_p": 0.22950667302991079, "hotspot_class": "not_significant", "hotspot_rank": 50.0, "k_nn": 8 }, "geometry": { "type": "Point", "coordinates": [ 112.9709, 28.1987 ] } },
{ "type": "Feature", "properties": { "city_id": 1156972469, "city": "Jinan", "city_ascii": "Jinan", "country": "China", "iso2": "CN", "iso3": "CHN", "admin_name": "Shandong", "population": 7967400.0, "openalex_ai_works_recent": 271, "openalex_ai_institution_count": 2, "overlay_match_count": 1, "openalex_match_km": 5.2233575312866147, "dist_km_nearest_region": 363.9026895134358, "access_score": 83.364190047847543, "nearest_provider": "aws", "nearest_region": "cn-north-1", "nearest_location_name": "China (Beijing)", "spatial_lag_log_ai_works": 4.101645590795064, "gi_star_z": 0.86825414043239657, "gi_star_p": 0.38525522148176294, "hotspot_class": "not_significant", "hotspot_rank": 72.0, "k_nn": 8 }, "geometry": { "type": "Point", "coordinates": [ 116.9833, 36.6667 ] } },
{ "type": "Feature", "properties": { "city_id": 1158126203, "city": "Bade", "city_ascii": "Bade", "country": "Taiwan", "iso2": "TW", "iso3": "TWN", "admin_name": "Taoyuan", "population": 172065.0, "openalex_ai_works_recent": 106, "openalex_ai_institution_count": 1, "overlay_match_count": 1, "openalex_match_km": 3.44727078919624, "dist_km_nearest_region": 124.26791799729718, "access_score": 93.975698945345627, "nearest_provider": "gcp", "nearest_region": "asia-east1", "nearest_location_name": "Changhua County, Taiwan, APAC", "spatial_lag_log_ai_works": 2.724081184351983, "gi_star_z": -2.0904429583977646, "gi_star_p": 0.036578027366561947, "hotspot_class": "cold_spot_95", "hotspot_rank": null, "k_nn": 8 }, "geometry": { "type": "Point", "coordinates": [ 121.2989, 24.9575 ] } },
{ "type": "Feature", "properties": { "city_id": 1158127875, "city": "Taoyuan District", "city_ascii": "Taoyuan District", "country": "Taiwan", "iso2": "TW", "iso3": "TWN", "admin_name": "Taoyuan", "population": 443273.0, "openalex_ai_works_recent": 3, "openalex_ai_institution_count": 1, "overlay_match_count": 1, "openalex_match_km": 9.6763647571093152, "dist_km_nearest_region": 127.78076170805411, "access_score": 93.810782847360386, "nearest_provider": "gcp", "nearest_region": "asia-east1", "nearest_location_name": "Changhua County, Taiwan, APAC", "spatial_lag_log_ai_works": 3.0527346316861843, "gi_star_z": -2.0904429583977646, "gi_star_p": 0.036578027366561947, "hotspot_class": "cold_spot_95", "hotspot_rank": null, "k_nn": 8 }, "geometry": { "type": "Point", "coordinates": [ 121.3111, 24.9889 ] } },
{ "type": "Feature", "properties": { "city_id": 1158209038, "city": "Pingtung", "city_ascii": "Pingtung", "country": "Taiwan", "iso2": "TW", "iso3": "TWN", "admin_name": "Pingtung", "population": 503530.0, "openalex_ai_works_recent": 14, "openalex_ai_institution_count": 1, "overlay_match_count": 1, "openalex_match_km": 10.666000907845017, "dist_km_nearest_region": 155.69836200805085, "access_score": 92.510393926998304, "nearest_provider": "gcp", "nearest_region": "asia-east1", "nearest_location_name": "Changhua County, Taiwan, APAC", "spatial_lag_log_ai_works": 3.7196630417924603, "gi_star_z": -0.49815150205332659, "gi_star_p": 0.61837726245667923, "hotspot_class": "not_significant", "hotspot_rank": null, "k_nn": 8 }, "geometry": { "type": "Point", "coordinates": [ 120.4942, 22.6761 ] } },
{ "type": "Feature", "properties": { "city_id": 1158276420, "city": "Hsinchu", "city_ascii": "Hsinchu", "country": "Taiwan", "iso2": "TW", "iso3": "TWN", "admin_name": "Hsinchu", "population": 445635.0, "openalex_ai_works_recent": 4, "openalex_ai_institution_count": 1, "overlay_match_count": 1, "openalex_match_km": 5.4876979290731827, "dist_km_nearest_region": 91.875817884385668, "access_score": 95.510126359742173, "nearest_provider": "gcp", "nearest_region": "asia-east1", "nearest_location_name": "Changhua County, Taiwan, APAC", "spatial_lag_log_ai_works": 3.0304202765547634, "gi_star_z": -2.0904429583977646, "gi_star_p": 0.036578027366561947, "hotspot_class": "cold_spot_95", "hotspot_rank": null, "k_nn": 8 }, "geometry": { "type": "Point", "coordinates": [ 120.9714, 24.8047 ] } },
{ "type": "Feature", "properties": { "city_id": 1158439005, "city": "Changhua", "city_ascii": "Changhua", "country": "Taiwan", "iso2": "TW", "iso3": "TWN", "admin_name": "Changhua", "population": 750000.0, "openalex_ai_works_recent": 3, "openalex_ai_institution_count": 1, "overlay_match_count": 1, "openalex_match_km": 9.7822341945395443, "dist_km_nearest_region": 1.5024486983089431, "access_score": 99.924905774921285, "nearest_provider": "gcp", "nearest_region": "asia-east1", "nearest_location_name": "Changhua County, Taiwan, APAC", "spatial_lag_log_ai_works": 3.0641272861099811, "gi_star_z": -2.1335511908938085, "gi_star_p": 0.032879537027809137, "hotspot_class": "cold_spot_95", "hotspot_rank": null, "k_nn": 8 }, "geometry": { "type": "Point", "coordinates": [ 120.5333, 24.0667 ] } },
{ "type": "Feature", "properties": { "city_id": 1158689622, "city": "Taichung", "city_ascii": "Taichung", "country": "Taiwan", "iso2": "TW", "iso3": "TWN", "admin_name": "Taichung", "population": 2803894.0, "openalex_ai_works_recent": 15, "openalex_ai_institution_count": 1, "overlay_match_count": 1, "openalex_match_km": 6.4742195359224182, "dist_km_nearest_region": 14.913262987450103, "access_score": 99.257110021171229, "nearest_provider": "gcp", "nearest_region": "asia-east1", "nearest_location_name": "Changhua County, Taiwan, APAC", "spatial_lag_log_ai_works": 2.9141051955741957, "gi_star_z": -2.0904429583977646, "gi_star_p": 0.036578027366561947, "hotspot_class": "cold_spot_95", "hotspot_rank": null, "k_nn": 8 }, "geometry": { "type": "Point", "coordinates": [ 120.6667, 24.15 ] } },
{ "type": "Feature", "properties": { "city_id": 1158732750, "city": "Douliu", "city_ascii": "Douliu", "country": "Taiwan", "iso2": "TW", "iso3": "TWN", "admin_name": "Yunlin", "population": 106653.0, "openalex_ai_works_recent": 79, "openalex_ai_institution_count": 1, "overlay_match_count": 1, "openalex_match_km": 1.9703166043923606, "dist_km_nearest_region": 40.927246790835007, "access_score": 97.974433559858682, "nearest_provider": "gcp", "nearest_region": "asia-east1", "nearest_location_name": "Changhua County, Taiwan, APAC", "spatial_lag_log_ai_works": 3.484940544296641, "gi_star_z": -0.78347930017565637, "gi_star_p": 0.43334570461940536, "hotspot_class": "not_significant", "hotspot_rank": null, "k_nn": 8 }, "geometry": { "type": "Point", "coordinates": [ 120.5439, 23.7075 ] } },
{ "type": "Feature", "properties": { "city_id": 1158881289, "city": "Taipei", "city_ascii": "Taipei", "country": "Taiwan", "iso2": "TW", "iso3": "TWN", "admin_name": "Taipei", "population": 2684567.0, "openalex_ai_works_recent": 225, "openalex_ai_institution_count": 5, "overlay_match_count": 1, "openalex_match_km": 3.5874201599776945, "dist_km_nearest_region": 147.17116413563278, "access_score": 92.905663180141389, "nearest_provider": "gcp", "nearest_region": "asia-east1", "nearest_location_name": "Changhua County, Taiwan, APAC", "spatial_lag_log_ai_works": 3.1629614607885581, "gi_star_z": -1.2292608780588536, "gi_star_p": 0.21897401028869867, "hotspot_class": "not_significant", "hotspot_rank": null, "k_nn": 8 }, "geometry": { "type": "Point", "coordinates": [ 121.5319, 25.0478 ] } },
{ "type": "Feature", "properties": { "city_id": 1191233290, "city": "Zagreb", "city_ascii": "Zagreb", "country": "Croatia", "iso2": "HR", "iso3": "HRV", "admin_name": "Zagreb, Grad", "population": 790017.0, "openalex_ai_works_recent": 4, "openalex_ai_institution_count": 1, "overlay_match_count": 1, "openalex_match_km": 2.5854992276828761, "dist_km_nearest_region": 526.81547277365291, "access_score": 76.842851716013541, "nearest_provider": "aws", "nearest_region": "eu-south-1", "nearest_location_name": "EU (Milan)", "spatial_lag_log_ai_works": 3.0930187331726668, "gi_star_z": -1.8310295584941321, "gi_star_p": 0.067096131324644537, "hotspot_class": "not_significant", "hotspot_rank": null, "k_nn": 8 }, "geometry": { "type": "Point", "coordinates": [ 15.95, 45.8 ] } },
{ "type": "Feature", "properties": { "city_id": 1196944155, "city": "Nicosia", "city_ascii": "Nicosia", "country": "Cyprus", "iso2": "CY", "iso3": "CYP", "admin_name": "Lefkosía", "population": 330000.0, "openalex_ai_works_recent": 6, "openalex_ai_institution_count": 1, "overlay_match_count": 1, "openalex_match_km": 0.32060317119974585, "dist_km_nearest_region": 428.21840798437893, "access_score": 80.726022416979546, "nearest_provider": "aws", "nearest_region": "il-central-1", "nearest_location_name": "Middle East (Israel) - ???", "spatial_lag_log_ai_works": 4.0891761651059442, "gi_star_z": 0.060786535640267383, "gi_star_p": 0.95152921349399278, "hotspot_class": "not_significant", "hotspot_rank": 152.0, "k_nn": 8 }, "geometry": { "type": "Point", "coordinates": [ 33.365, 35.1725 ] } },
{ "type": "Feature", "properties": { "city_id": 1203402469, "city": "Plzeň", "city_ascii": "Plzen", "country": "Czechia", "iso2": "CZ", "iso3": "CZE", "admin_name": "Plzeňský Kraj", "population": 175219.0, "openalex_ai_works_recent": 74, "openalex_ai_institution_count": 1, "overlay_match_count": 1, "openalex_match_km": 0.76159918374126989, "dist_km_nearest_region": 338.91540242625393, "access_score": 84.412245908121804, "nearest_provider": "gcp", "nearest_region": "europe-west3", "nearest_location_name": "Frankfurt, Germany Europe", "spatial_lag_log_ai_works": 4.7554341628633656, "gi_star_z": 1.7172541650624908, "gi_star_p": 0.085932742729631514, "hotspot_class": "not_significant", "hotspot_rank": 15.0, "k_nn": 8 }, "geometry": { "type": "Point", "coordinates": [ 13.3825, 49.7414 ] } },
{ "type": "Feature", "properties": { "city_id": 1203582141, "city": "Zlín", "city_ascii": "Zlin", "country": "Czechia", "iso2": "CZ", "iso3": "CZE", "admin_name": "Zlínský Kraj", "population": 74478.0, "openalex_ai_works_recent": 9, "openalex_ai_institution_count": 1, "overlay_match_count": 1, "openalex_match_km": 0.78780752287506417, "dist_km_nearest_region": 407.88171621064055, "access_score": 81.551060060314015, "nearest_provider": "gcp", "nearest_region": "europe-central2", "nearest_location_name": "Warsaw, Poland, Europe", "spatial_lag_log_ai_works": 3.9592775137276877, "gi_star_z": -0.034149634774991243, "gi_star_p": 0.97275782871778749, "hotspot_class": "not_significant", "hotspot_rank": null, "k_nn": 8 }, "geometry": { "type": "Point", "coordinates": [ 17.6669, 49.2331 ] } },
{ "type": "Feature", "properties": { "city_id": 1203676514, "city": "Brno", "city_ascii": "Brno", "country": "Czechia", "iso2": "CZ", "iso3": "CZE", "admin_name": "Jihomoravský Kraj", "population": 382405.0, "openalex_ai_works_recent": 101, "openalex_ai_institution_count": 1, "overlay_match_count": 1, "openalex_match_km": 0.02625849203886977, "dist_km_nearest_region": 458.00579420849112, "access_score": 79.532622935876063, "nearest_provider": "gcp", "nearest_region": "europe-central2", "nearest_location_name": "Warsaw, Poland, Europe", "spatial_lag_log_ai_works": 3.8297656754863665, "gi_star_z": 0.11584107377679313, "gi_star_p": 0.90777849745742656, "hotspot_class": "not_significant", "hotspot_rank": 146.0, "k_nn": 8 }, "geometry": { "type": "Point", "coordinates": [ 16.6083, 49.1953 ] } },
{ "type": "Feature", "properties": { "city_id": 1203687206, "city": "Ostrava", "city_ascii": "Ostrava", "country": "Czechia", "iso2": "CZ", "iso3": "CZE", "admin_name": "Moravskoslezský Kraj", "population": 284982.0, "openalex_ai_works_recent": 128, "openalex_ai_institution_count": 2, "overlay_match_count": 1, "openalex_match_km": 0.75761547297828913, "dist_km_nearest_region": 327.09590468930134, "access_score": 84.912578045324068, "nearest_provider": "gcp", "nearest_region": "europe-central2", "nearest_location_name": "Warsaw, Poland, Europe", "spatial_lag_log_ai_works": 3.9008682244758055, "gi_star_z": 0.31432365214735036, "gi_star_p": 0.75327523607637248, "hotspot_class": "not_significant", "hotspot_rank": 125.0, "k_nn": 8 }, "geometry": { "type": "Point", "coordinates": [ 18.2925, 49.8356 ] } },
{ "type": "Feature", "properties": { "city_id": 1203744823, "city": "Prague", "city_ascii": "Prague", "country": "Czechia", "iso2": "CZ", "iso3": "CZE", "admin_name": "Praha, Hlavní Město", "population": 1335084.0, "openalex_ai_works_recent": 381, "openalex_ai_institution_count": 4, "overlay_match_count": 2, "openalex_match_km": 0.60140228347927871, "dist_km_nearest_region": 408.9600634871976, "access_score": 81.507101730207125, "nearest_provider": "azure", "nearest_region": "germanywestcentral", "nearest_location_name": "Frankfurt, Germany West Central, Europe", "spatial_lag_log_ai_works": 4.4160543611352505, "gi_star_z": 1.5690155617648645, "gi_star_p": 0.1166443130060365, "hotspot_class": "not_significant", "hotspot_rank": 17.0, "k_nn": 8 }, "geometry": { "type": "Point", "coordinates": [ 14.4167, 50.0833 ] } },
{ "type": "Feature", "properties": { "city_id": 1208763942, "city": "Copenhagen", "city_ascii": "Copenhagen", "country": "Denmark", "iso2": "DK", "iso3": "DNK", "admin_name": "Hovedstaden", "population": 602481.0, "openalex_ai_works_recent": 113, "openalex_ai_institution_count": 2, "overlay_match_count": 1, "openalex_match_km": 0.4415583538153196, "dist_km_nearest_region": 378.21037586940287, "access_score": 82.769943812108266, "nearest_provider": "azure", "nearest_region": "germanynorth", "nearest_location_name": "Berlin, Germany North, Europe", "spatial_lag_log_ai_works": 3.2094266511071075, "gi_star_z": -0.93150535132126111, "gi_star_p": 0.35159221776349747, "hotspot_class": "not_significant", "hotspot_rank": null, "k_nn": 8 }, "geometry": { "type": "Point", "coordinates": [ 12.5689, 55.6761 ] } },
{ "type": "Feature", "properties": { "city_id": 1233260021, "city": "Tallinn", "city_ascii": "Tallinn", "country": "Estonia", "iso2": "EE", "iso3": "EST", "admin_name": "Harjumaa", "population": 438341.0, "openalex_ai_works_recent": 21, "openalex_ai_institution_count": 1, "overlay_match_count": 1, "openalex_match_km": 0.48307082833550558, "dist_km_nearest_region": 185.13511923504811, "access_score": 91.158762237292706, "nearest_provider": "gcp", "nearest_region": "europe-north1", "nearest_location_name": "Hamina, Finland, Europe", "spatial_lag_log_ai_works": 2.6962614424113931, "gi_star_z": -2.7013540002672962, "gi_star_p": 0.0069057792379901379, "hotspot_class": "cold_spot_99", "hotspot_rank": null, "k_nn": 8 }, "geometry": { "type": "Point", "coordinates": [ 24.745, 59.4372 ] } },
{ "type": "Feature", "properties": { "city_id": 1233809410, "city": "Tartu", "city_ascii": "Tartu", "country": "Estonia", "iso2": "EE", "iso3": "EST", "admin_name": "Tartumaa", "population": 91407.0, "openalex_ai_works_recent": 143, "openalex_ai_institution_count": 1, "overlay_match_count": 1, "openalex_match_km": 0.16594174383787344, "dist_km_nearest_region": 244.8090978796084, "access_score": 88.479035509043584, "nearest_provider": "gcp", "nearest_region": "europe-north1", "nearest_location_name": "Hamina, Finland, Europe", "spatial_lag_log_ai_works": 2.604554966387572, "gi_star_z": -2.2711351073870958, "gi_star_p": 0.023138800299628323, "hotspot_class": "cold_spot_95", "hotspot_rank": null, "k_nn": 8 }, "geometry": { "type": "Point", "coordinates": [ 26.7225, 58.38 ] } },
{ "type": "Feature", "properties": { "city_id": 1242615095, "city": "Suva", "city_ascii": "Suva", "country": "Fiji", "iso2": "FJ", "iso3": "FJI", "admin_name": "Rewa", "population": 88271.0, "openalex_ai_works_recent": 16, "openalex_ai_institution_count": 1, "overlay_match_count": 1, "openalex_match_km": 0.9312363821645625, "dist_km_nearest_region": 3217.7227751805181, "access_score": 20.011533821324626, "nearest_provider": "azure", "nearest_region": "australiaeast", "nearest_location_name": "New South Wales, Australia East, Asia Pacific", "spatial_lag_log_ai_works": 3.1605321381559008, "gi_star_z": -1.4400374872900683, "gi_star_p": 0.14985679345341479, "hotspot_class": "not_significant", "hotspot_rank": null, "k_nn": 8 }, "geometry": { "type": "Point", "coordinates": [ 178.4333, -18.1333 ] } },
{ "type": "Feature", "properties": { "city_id": 1246177997, "city": "Helsinki", "city_ascii": "Helsinki", "country": "Finland", "iso2": "FI", "iso3": "FIN", "admin_name": "Uusimaa", "population": 642045.0, "openalex_ai_works_recent": 0, "openalex_ai_institution_count": 1, "overlay_match_count": 1, "openalex_match_km": 0.67944212880584454, "dist_km_nearest_region": 131.38648352069325, "access_score": 93.641807419738441, "nearest_provider": "gcp", "nearest_region": "europe-north1", "nearest_location_name": "Hamina, Finland, Europe", "spatial_lag_log_ai_works": 2.8825918312737873, "gi_star_z": -2.786179957534793, "gi_star_p": 0.0053333254195699724, "hotspot_class": "cold_spot_99", "hotspot_rank": null, "k_nn": 8 }, "geometry": { "type": "Point", "coordinates": [ 24.9342, 60.1756 ] } },
{ "type": "Feature", "properties": { "city_id": 1246357316, "city": "Espoo", "city_ascii": "Espoo", "country": "Finland", "iso2": "FI", "iso3": "FIN", "admin_name": "Uusimaa", "population": 269802.0, "openalex_ai_works_recent": 12, "openalex_ai_institution_count": 1, "overlay_match_count": 1, "openalex_match_km": 0.68598887147836984, "dist_km_nearest_region": 144.51149929630537, "access_score": 93.029294329144037, "nearest_provider": "gcp", "nearest_region": "europe-north1", "nearest_location_name": "Hamina, Finland, Europe", "spatial_lag_log_ai_works": 2.2182324531378921, "gi_star_z": -3.3555241115396042, "gi_star_p": 0.00079214750865529366, "hotspot_class": "cold_spot_99", "hotspot_rank": null, "k_nn": 8 }, "geometry": { "type": "Point", "coordinates": [ 24.66, 60.21 ] } },
{ "type": "Feature", "properties": { "city_id": 1246456609, "city": "Turku", "city_ascii": "Turku", "country": "Finland", "iso2": "FI", "iso3": "FIN", "admin_name": "Varsinais-Suomi", "population": 187604.0, "openalex_ai_works_recent": 3, "openalex_ai_institution_count": 1, "overlay_match_count": 1, "openalex_match_km": 0.99877904819988772, "dist_km_nearest_region": 265.56216211889523, "access_score": 87.565676897930942, "nearest_provider": "aws", "nearest_region": "eu-north-1", "nearest_location_name": "EU (Stockholm)", "spatial_lag_log_ai_works": 2.1442203785023, "gi_star_z": -3.5630202852399089, "gi_star_p": 0.00036661233765517194, "hotspot_class": "cold_spot_99", "hotspot_rank": null, "k_nn": 8 }, "geometry": { "type": "Point", "coordinates": [ 22.27, 60.4517 ] } },
{ "type": "Feature", "properties": { "city_id": 1246964318, "city": "Tampere", "city_ascii": "Tampere", "country": "Finland", "iso2": "FI", "iso3": "FIN", "admin_name": "Pirkanmaa", "population": 225118.0, "openalex_ai_works_recent": 8, "openalex_ai_institution_count": 1, "overlay_match_count": 1, "openalex_match_km": 2.6411919242588504, "dist_km_nearest_region": 211.48547102755896, "access_score": 89.965606786267529, "nearest_provider": "gcp", "nearest_region": "europe-north1", "nearest_location_name": "Hamina, Finland, Europe", "spatial_lag_log_ai_works": 2.042854101475259, "gi_star_z": -3.5630202852399089, "gi_star_p": 0.00036661233765517194, "hotspot_class": "cold_spot_99", "hotspot_rank": null, "k_nn": 8 }, "geometry": { "type": "Point", "coordinates": [ 23.7608, 61.4981 ] } },
{ "type": "Feature", "properties": { "city_id": 1250000540, "city": "Saint-Étienne", "city_ascii": "Saint-Etienne", "country": "France", "iso2": "FR", "iso3": "FRA", "admin_name": "Auvergne-Rhône-Alpes", "population": 172565.0, "openalex_ai_works_recent": 30, "openalex_ai_institution_count": 1, "overlay_match_count": 1, "openalex_match_km": 0.093060240654066567, "dist_km_nearest_region": 160.54443076945063, "access_score": 92.28650941141764, "nearest_provider": "azure", "nearest_region": "switzerlandwest", "nearest_location_name": "Geneva, Switzerland West, Europe", "spatial_lag_log_ai_works": 4.789098174252441, "gi_star_z": 1.9217421756002364, "gi_star_p": 0.054638207515268288, "hotspot_class": "not_significant", "hotspot_rank": 9.0, "k_nn": 8 }, "geometry": { "type": "Point", "coordinates": [ 4.3903, 45.4347 ] } },
{ "type": "Feature", "properties": { "city_id": 1250001272, "city": "Caen", "city_ascii": "Caen", "country": "France", "iso2": "FR", "iso3": "FRA", "admin_name": "Normandie", "population": 105354.0, "openalex_ai_works_recent": 49, "openalex_ai_institution_count": 1, "overlay_match_count": 1, "openalex_match_km": 1.0239512617947424, "dist_km_nearest_region": 198.19378256484026, "access_score": 90.565495370240839, "nearest_provider": "azure", "nearest_region": "uksouth", "nearest_location_name": "London, UK South, Europe", "spatial_lag_log_ai_works": 3.9072888797008658, "gi_star_z": 0.13658743450024949, "gi_star_p": 0.8913569092246012, "hotspot_class": "not_significant", "hotspot_rank": 144.0, "k_nn": 8 }, "geometry": { "type": "Point", "coordinates": [ -0.37, 49.18 ] } },
{ "type": "Feature", "properties": { "city_id": 1250001687, "city": "Aix-en-Provence", "city_ascii": "Aix-en-Provence", "country": "France", "iso2": "FR", "iso3": "FRA", "admin_name": "Provence-Alpes-Côte d’Azur", "population": 142482.0, "openalex_ai_works_recent": 49, "openalex_ai_institution_count": 1, "overlay_match_count": 1, "openalex_match_km": 0.41391088906165308, "dist_km_nearest_region": 263.43021765650889, "access_score": 87.659069245891089, "nearest_provider": "azure", "nearest_region": "francesouth", "nearest_location_name": "Marseille, France South, Europe", "spatial_lag_log_ai_works": 4.2765696256628978, "gi_star_z": 0.92640188607501361, "gi_star_p": 0.35423716430732866, "hotspot_class": "not_significant", "hotspot_rank": 68.0, "k_nn": 8 }, "geometry": { "type": "Point", "coordinates": [ 5.4454, 43.5263 ] } },
{ "type": "Feature", "properties": { "city_id": 1250015082, "city": "Paris", "city_ascii": "Paris", "country": "France", "iso2": "FR", "iso3": "FRA", "admin_name": "Île-de-France", "population": 11020000.0, "openalex_ai_works_recent": 504, "openalex_ai_institution_count": 12, "overlay_match_count": 1, "openalex_match_km": 0.63798931383852098, "dist_km_nearest_region": 2.3664441763721618, "access_score": 99.881747764306255, "nearest_provider": "aws", "nearest_region": "eu-west-3", "nearest_location_name": "EU (Paris)", "spatial_lag_log_ai_works": 3.7116910779427652, "gi_star_z": 0.14238068458770536, "gi_star_p": 0.88677931841081947, "hotspot_class": "not_significant", "hotspot_rank": 142.0, "k_nn": 8 }, "geometry": { "type": "Point", "coordinates": [ 2.3522, 48.8566 ] } },
{ "type": "Feature", "properties": { "city_id": 1250071647, "city": "Grenoble", "city_ascii": "Grenoble", "country": "France", "iso2": "FR", "iso3": "FRA", "admin_name": "Auvergne-Rhône-Alpes", "population": 687985.0, "openalex_ai_works_recent": 340, "openalex_ai_institution_count": 3, "overlay_match_count": 1, "openalex_match_km": 0.99756577422570625, "dist_km_nearest_region": 119.41166588710348, "access_score": 94.204161043640354, "nearest_provider": "azure", "nearest_region": "switzerlandwest", "nearest_location_name": "Geneva, Switzerland West, Europe", "spatial_lag_log_ai_works": 4.0529837423518815, "gi_star_z": 0.82976948032618092, "gi_star_p": 0.40666912940378486, "hotspot_class": "not_significant", "hotspot_rank": 75.0, "k_nn": 8 }, "geometry": { "type": "Point", "coordinates": [ 5.7224, 45.1715 ] } },
{ "type": "Feature", "properties": { "city_id": 1250071961, "city": "Lille", "city_ascii": "Lille", "country": "France", "iso2": "FR", "iso3": "FRA", "admin_name": "Hauts-de-France", "population": 232787.0, "openalex_ai_works_recent": 73, "openalex_ai_institution_count": 2, "overlay_match_count": 1, "openalex_match_km": 7.7420886576426176, "dist_km_nearest_region": 57.401684504559199, "access_score": 97.170711470118036, "nearest_provider": "gcp", "nearest_region": "europe-west1", "nearest_location_name": "St. Ghislain, Belgium, Europe", "spatial_lag_log_ai_works": 3.5330786387382243, "gi_star_z": -0.57561549531189771, "gi_star_p": 0.56487510508964722, "hotspot_class": "not_significant", "hotspot_rank": null, "k_nn": 8 }, "geometry": { "type": "Point", "coordinates": [ 3.0583, 50.6278 ] } },
{ "type": "Feature", "properties": { "city_id": 1250091495, "city": "Nantes", "city_ascii": "Nantes", "country": "France", "iso2": "FR", "iso3": "FRA", "admin_name": "Pays de la Loire", "population": 633690.0, "openalex_ai_works_recent": 82, "openalex_ai_institution_count": 3, "overlay_match_count": 1, "openalex_match_km": 0.52810156956123511, "dist_km_nearest_region": 313.0840290413206, "access_score": 85.509559051682899, "nearest_provider": "azure", "nearest_region": "francecentral", "nearest_location_name": "Paris, France Central, Europe", "spatial_lag_log_ai_works": 4.367187699855271, "gi_star_z": 1.1086801541867364, "gi_star_p": 0.26756818624173428, "hotspot_class": "not_significant", "hotspot_rank": 56.0, "k_nn": 8 }, "geometry": { "type": "Point", "coordinates": [ -1.5528, 47.2181 ] } },
{ "type": "Feature", "properties": { "city_id": 1250143827, "city": "Versailles", "city_ascii": "Versailles", "country": "France", "iso2": "FR", "iso3": "FRA", "admin_name": "Île-de-France", "population": 85862.0, "openalex_ai_works_recent": 98, "openalex_ai_institution_count": 3, "overlay_match_count": 1, "openalex_match_km": 13.562976942962083, "dist_km_nearest_region": 14.79717089631348, "access_score": 99.262871671121388, "nearest_provider": "aws", "nearest_region": "eu-west-3", "nearest_location_name": "EU (Paris)", "spatial_lag_log_ai_works": 4.1368611928340373, "gi_star_z": 0.78702933847876366, "gi_star_p": 0.43126469188644956, "hotspot_class": "not_significant", "hotspot_rank": 76.0, "k_nn": 8 }, "geometry": { "type": "Point", "coordinates": [ 2.135, 48.8053 ] } },
{ "type": "Feature", "properties": { "city_id": 1250182208, "city": "Noisy-le-Grand", "city_ascii": "Noisy-le-Grand", "country": "France", "iso2": "FR", "iso3": "FRA", "admin_name": "Île-de-France", "population": 68183.0, "openalex_ai_works_recent": 45, "openalex_ai_institution_count": 1, "overlay_match_count": 1, "openalex_match_km": 3.4623520887506456, "dist_km_nearest_region": 17.07441355672508, "access_score": 99.149913168823062, "nearest_provider": "aws", "nearest_region": "eu-west-3", "nearest_location_name": "EU (Paris)", "spatial_lag_log_ai_works": 3.8490942516254791, "gi_star_z": 0.0027540729166891285, "gi_star_p": 0.99780257051833576, "hotspot_class": "not_significant", "hotspot_rank": 157.0, "k_nn": 8 }, "geometry": { "type": "Point", "coordinates": [ 2.5528, 48.8478 ] } },
{ "type": "Feature", "properties": { "city_id": 1250196189, "city": "Lyon", "city_ascii": "Lyon", "country": "France", "iso2": "FR", "iso3": "FRA", "admin_name": "Auvergne-Rhône-Alpes", "population": 516092.0, "openalex_ai_works_recent": 94, "openalex_ai_institution_count": 2, "overlay_match_count": 1, "openalex_match_km": 1.3847740380579068, "dist_km_nearest_region": 112.16117302177666, "access_score": 94.546294126069739, "nearest_provider": "azure", "nearest_region": "switzerlandwest", "nearest_location_name": "Geneva, Switzerland West, Europe", "spatial_lag_log_ai_works": 4.3885628766184119, "gi_star_z": 1.119071535512145, "gi_star_p": 0.26310962208890187, "hotspot_class": "not_significant", "hotspot_rank": 55.0, "k_nn": 8 }, "geometry": { "type": "Point", "coordinates": [ 4.84, 45.76 ] } },
{ "type": "Feature", "properties": { "city_id": 1250213494, "city": "Antibes", "city_ascii": "Antibes", "country": "France", "iso2": "FR", "iso3": "FRA", "admin_name": "Provence-Alpes-Côte d’Azur", "population": 72999.0, "openalex_ai_works_recent": 6, "openalex_ai_institution_count": 1, "overlay_match_count": 1, "openalex_match_km": 0.094000458831829281, "dist_km_nearest_region": 265.83503963191617, "access_score": 87.553730360865842, "nearest_provider": "aws", "nearest_region": "eu-south-1", "nearest_location_name": "EU (Milan)", "spatial_lag_log_ai_works": 4.3008364826240619, "gi_star_z": 0.46202547296418311, "gi_star_p": 0.64406305340712333, "hotspot_class": "not_significant", "hotspot_rank": 114.0, "k_nn": 8 }, "geometry": { "type": "Point", "coordinates": [ 7.1239, 43.5808 ] } },
{ "type": "Feature", "properties": { "city_id": 1250258110, "city": "Toulouse", "city_ascii": "Toulouse", "country": "France", "iso2": "FR", "iso3": "FRA", "admin_name": "Occitanie", "population": 968638.0, "openalex_ai_works_recent": 623, "openalex_ai_institution_count": 5, "overlay_match_count": 1, "openalex_match_km": 0.03765912501932487, "dist_km_nearest_region": 65.711132625323572, "access_score": 96.767831484327573, "nearest_provider": "azure", "nearest_region": "francesouth", "nearest_location_name": "Marseille, France South, Europe", "spatial_lag_log_ai_works": 4.769057619141897, "gi_star_z": 2.4583456760293956, "gi_star_p": 0.013957875146159069, "hotspot_class": "hot_spot_95", "hotspot_rank": 2.0, "k_nn": 8 }, "geometry": { "type": "Point", "coordinates": [ 1.444, 43.6045 ] } },
{ "type": "Feature", "properties": { "city_id": 1250292604, "city": "Pessac", "city_ascii": "Pessac", "country": "France", "iso2": "FR", "iso3": "FRA", "admin_name": "Nouvelle-Aquitaine", "population": 63808.0, "openalex_ai_works_recent": 56, "openalex_ai_institution_count": 1, "overlay_match_count": 1, "openalex_match_km": 3.3154317147004666, "dist_km_nearest_region": 249.6044194325377, "access_score": 88.267146916056674, "nearest_provider": "azure", "nearest_region": "francesouth", "nearest_location_name": "Marseille, France South, Europe", "spatial_lag_log_ai_works": 4.6023502918631145, "gi_star_z": 1.5610880761682897, "gi_star_p": 0.11850297106772535, "hotspot_class": "not_significant", "hotspot_rank": 18.0, "k_nn": 8 }, "geometry": { "type": "Point", "coordinates": [ -0.6311, 44.8067 ] } },
{ "type": "Feature", "properties": { "city_id": 1250372069, "city": "Rouen", "city_ascii": "Rouen", "country": "France", "iso2": "FR", "iso3": "FRA", "admin_name": "Normandie", "population": 494382.0, "openalex_ai_works_recent": 46, "openalex_ai_institution_count": 1, "overlay_match_count": 1, "openalex_match_km": 7.3050985120916971, "dist_km_nearest_region": 110.61847926660752, "access_score": 94.619250248452417, "nearest_provider": "aws", "nearest_region": "eu-west-3", "nearest_location_name": "EU (Paris)", "spatial_lag_log_ai_works": 4.1008646210550674, "gi_star_z": 0.54163030014201297, "gi_star_p": 0.58807321401204626, "hotspot_class": "not_significant", "hotspot_rank": 97.0, "k_nn": 8 }, "geometry": { "type": "Point", "coordinates": [ 1.0886, 49.4428 ] } },
{ "type": "Feature", "properties": { "city_id": 1250449238, "city": "Bordeaux", "city_ascii": "Bordeaux", "country": "France", "iso2": "FR", "iso3": "FRA", "admin_name": "Nouvelle-Aquitaine", "population": 257804.0, "openalex_ai_works_recent": 222, "openalex_ai_institution_count": 1, "overlay_match_count": 1, "openalex_match_km": 0.062832321473059186, "dist_km_nearest_region": 247.54056031791882, "access_score": 88.358279406967128, "nearest_provider": "azure", "nearest_region": "francesouth", "nearest_location_name": "Marseille, France South, Europe", "spatial_lag_log_ai_works": 4.4659382415005577, "gi_star_z": 1.5610880761682897, "gi_star_p": 0.11850297106772535, "hotspot_class": "not_significant", "hotspot_rank": 18.0, "k_nn": 8 }, "geometry": { "type": "Point", "coordinates": [ -0.58, 44.84 ] } },
{ "type": "Feature", "properties": { "city_id": 1250487828, "city": "Cannes", "city_ascii": "Cannes", "country": "France", "iso2": "FR", "iso3": "FRA", "admin_name": "Provence-Alpes-Côte d’Azur", "population": 73868.0, "openalex_ai_works_recent": 43, "openalex_ai_institution_count": 1, "overlay_match_count": 1, "openalex_match_km": 9.142464488570635, "dist_km_nearest_region": 273.91398047972643, "access_score": 87.200773016889585, "nearest_provider": "aws", "nearest_region": "eu-south-1", "nearest_location_name": "EU (Milan)", "spatial_lag_log_ai_works": 4.0303236063238757, "gi_star_z": 0.35836250662460084, "gi_star_p": 0.72007204630136434, "hotspot_class": "not_significant", "hotspot_rank": 122.0, "k_nn": 8 }, "geometry": { "type": "Point", "coordinates": [ 7.0128, 43.5513 ] } },
{ "type": "Feature", "properties": { "city_id": 1250553439, "city": "Cergy", "city_ascii": "Cergy", "country": "France", "iso2": "FR", "iso3": "FRA", "admin_name": "Île-de-France", "population": 65177.0, "openalex_ai_works_recent": 11, "openalex_ai_institution_count": 1, "overlay_match_count": 1, "openalex_match_km": 1.1346212129205875, "dist_km_nearest_region": 27.209551995784661, "access_score": 98.648735070613128, "nearest_provider": "aws", "nearest_region": "eu-west-3", "nearest_location_name": "EU (Paris)", "spatial_lag_log_ai_works": 4.2371337646769991, "gi_star_z": 0.56742531053666212, "gi_star_p": 0.57042525777656916, "hotspot_class": "not_significant", "hotspot_rank": 93.0, "k_nn": 8 }, "geometry": { "type": "Point", "coordinates": [ 2.0631, 49.0361 ] } },
{ "type": "Feature", "properties": { "city_id": 1250570123, "city": "Antony", "city_ascii": "Antony", "country": "France", "iso2": "FR", "iso3": "FRA", "admin_name": "Île-de-France", "population": 62570.0, "openalex_ai_works_recent": 20, "openalex_ai_institution_count": 1, "overlay_match_count": 1, "openalex_match_km": 10.355164969495624, "dist_km_nearest_region": 11.790469982752954, "access_score": 99.412210780972671, "nearest_provider": "aws", "nearest_region": "eu-west-3", "nearest_location_name": "EU (Paris)", "spatial_lag_log_ai_works": 4.003656610006419, "gi_star_z": 0.24375889722397465, "gi_star_p": 0.80741755545076743, "hotspot_class": "not_significant", "hotspot_rank": 129.0, "k_nn": 8 }, "geometry": { "type": "Point", "coordinates": [ 2.2975, 48.7539 ] } },
{ "type": "Feature", "properties": { "city_id": 1250579473, "city": "Courcouronnes", "city_ascii": "Courcouronnes", "country": "France", "iso2": "FR", "iso3": "FRA", "admin_name": "Île-de-France", "population": 67967.0, "openalex_ai_works_recent": 73, "openalex_ai_institution_count": 1, "overlay_match_count": 1, "openalex_match_km": 31.193830554899851, "dist_km_nearest_region": 27.33253102754481, "access_score": 98.642669394141109, "nearest_provider": "aws", "nearest_region": "eu-west-3", "nearest_location_name": "EU (Paris)", "spatial_lag_log_ai_works": 4.0915374599402883, "gi_star_z": 0.63203244159089478, "gi_star_p": 0.52736567878229212, "hotspot_class": "not_significant", "hotspot_rank": 86.0, "k_nn": 8 }, "geometry": { "type": "Point", "coordinates": [ 2.4294, 48.6239 ] } },
{ "type": "Feature", "properties": { "city_id": 1250608730, "city": "Reims", "city_ascii": "Reims", "country": "France", "iso2": "FR", "iso3": "FRA", "admin_name": "Grand Est", "population": 182460.0, "openalex_ai_works_recent": 6, "openalex_ai_institution_count": 1, "overlay_match_count": 1, "openalex_match_km": 0.52458592146997152, "dist_km_nearest_region": 132.66018897422805, "access_score": 93.582190365000656, "nearest_provider": "gcp", "nearest_region": "europe-west1", "nearest_location_name": "St. Ghislain, Belgium, Europe", "spatial_lag_log_ai_works": 4.4223927481288525, "gi_star_z": 1.0021739092771955, "gi_star_p": 0.31625960658131158, "hotspot_class": "not_significant", "hotspot_rank": 65.0, "k_nn": 8 }, "geometry": { "type": "Point", "coordinates": [ 4.0347, 49.2628 ] } },
{ "type": "Feature", "properties": { "city_id": 1250623782, "city": "La Rochelle", "city_ascii": "La Rochelle", "country": "France", "iso2": "FR", "iso3": "FRA", "admin_name": "Nouvelle-Aquitaine", "population": 75735.0, "openalex_ai_works_recent": 94, "openalex_ai_institution_count": 1, "overlay_match_count": 1, "openalex_match_km": 0.44436483947012156, "dist_km_nearest_region": 271.9948416220721, "access_score": 87.284488371770749, "nearest_provider": "azure", "nearest_region": "francecentral", "nearest_location_name": "Paris, France Central, Europe", "spatial_lag_log_ai_works": 4.8388916679786806, "gi_star_z": 1.9176506687069363, "gi_star_p": 0.055155320794094381, "hotspot_class": "not_significant", "hotspot_rank": 10.0, "k_nn": 8 }, "geometry": { "type": "Point", "coordinates": [ -1.1517, 46.1591 ] } },
{ "type": "Feature", "properties": { "city_id": 1250637012, "city": "Villejuif", "city_ascii": "Villejuif", "country": "France", "iso2": "FR", "iso3": "FRA", "admin_name": "Île-de-France", "population": 54753.0, "openalex_ai_works_recent": 32, "openalex_ai_institution_count": 1, "overlay_match_count": 1, "openalex_match_km": 0.3494663239391706, "dist_km_nearest_region": 8.1027631183963482, "access_score": 99.595681421526535, "nearest_provider": "aws", "nearest_region": "eu-west-3", "nearest_location_name": "EU (Paris)", "spatial_lag_log_ai_works": 3.9471087455829088, "gi_star_z": 0.14715098696002132, "gi_star_p": 0.88301284609262776, "hotspot_class": "not_significant", "hotspot_rank": 138.0, "k_nn": 8 }, "geometry": { "type": "Point", "coordinates": [ 2.3636, 48.7919 ] } },
{ "type": "Feature", "properties": { "city_id": 1250645342, "city": "Avignon", "city_ascii": "Avignon", "country": "France", "iso2": "FR", "iso3": "FRA", "admin_name": "Provence-Alpes-Côte d’Azur", "population": 93671.0, "openalex_ai_works_recent": 142, "openalex_ai_institution_count": 2, "overlay_match_count": 1, "openalex_match_km": 0.21671437662733173, "dist_km_nearest_region": 209.55409468093049, "access_score": 90.052527471129906, "nearest_provider": "azure", "nearest_region": "francesouth", "nearest_location_name": "Marseille, France South, Europe", "spatial_lag_log_ai_works": 4.3689662188191276, "gi_star_z": 1.3723446516849231, "gi_star_p": 0.16995617151566711, "hotspot_class": "not_significant", "hotspot_rank": 32.0, "k_nn": 8 }, "geometry": { "type": "Point", "coordinates": [ 4.8075, 43.95 ] } },
{ "type": "Feature", "properties": { "city_id": 1250774071, "city": "Marseille", "city_ascii": "Marseille", "country": "France", "iso2": "FR", "iso3": "FRA", "admin_name": "Provence-Alpes-Côte d’Azur", "population": 870018.0, "openalex_ai_works_recent": 76, "openalex_ai_institution_count": 1, "overlay_match_count": 1, "openalex_match_km": 0.89799184995131009, "dist_km_nearest_region": 262.52486298555095, "access_score": 87.698759502549933, "nearest_provider": "azure", "nearest_region": "francesouth", "nearest_location_name": "Marseille, France South, Europe", "spatial_lag_log_ai_works": 4.4205528195196466, "gi_star_z": 1.3723446516849231, "gi_star_p": 0.16995617151566711, "hotspot_class": "not_significant", "hotspot_rank": 32.0, "k_nn": 8 }, "geometry": { "type": "Point", "coordinates": [ 5.37, 43.2964 ] } },
{ "type": "Feature", "properties": { "city_id": 1250774553, "city": "Nice", "city_ascii": "Nice", "country": "France", "iso2": "FR", "iso3": "FRA", "admin_name": "Provence-Alpes-Côte d’Azur", "population": 1006402.0, "openalex_ai_works_recent": 24, "openalex_ai_institution_count": 1, "overlay_match_count": 1, "openalex_match_km": 0.034844186057422323, "dist_km_nearest_region": 248.04754433194529, "access_score": 88.335884128016048, "nearest_provider": "aws", "nearest_region": "eu-south-1", "nearest_location_name": "EU (Milan)", "spatial_lag_log_ai_works": 3.4544959557127224, "gi_star_z": -0.95170030514685522, "gi_star_p": 0.3412489945841285, "hotspot_class": "not_significant", "hotspot_rank": null, "k_nn": 8 }, "geometry": { "type": "Point", "coordinates": [ 7.2663, 43.7034 ] } },
{ "type": "Feature", "properties": { "city_id": 1250819356, "city": "Montpellier", "city_ascii": "Montpellier", "country": "France", "iso2": "FR", "iso3": "FRA", "admin_name": "Occitanie", "population": 607896.0, "openalex_ai_works_recent": 53, "openalex_ai_institution_count": 1, "overlay_match_count": 1, "openalex_match_km": 0.12773663793835338, "dist_km_nearest_region": 137.25130550148285, "access_score": 93.367613375797987, "nearest_provider": "azure", "nearest_region": "francesouth", "nearest_location_name": "Marseille, France South, Europe", "spatial_lag_log_ai_works": 4.5871386479962801, "gi_star_z": 1.7519957329214526, "gi_star_p": 0.079774541651955216, "hotspot_class": "not_significant", "hotspot_rank": 13.0, "k_nn": 8 }, "geometry": { "type": "Point", "coordinates": [ 3.8772, 43.6119 ] } },
{ "type": "Feature", "properties": { "city_id": 1250827686, "city": "Meaux", "city_ascii": "Meaux", "country": "France", "iso2": "FR", "iso3": "FRA", "admin_name": "Île-de-France", "population": 54991.0, "openalex_ai_works_recent": 37, "openalex_ai_institution_count": 2, "overlay_match_count": 1, "openalex_match_km": 51.087939453758423, "dist_km_nearest_region": 43.033538884052398, "access_score": 97.871306485953141, "nearest_provider": "aws", "nearest_region": "eu-west-3", "nearest_location_name": "EU (Paris)", "spatial_lag_log_ai_works": 3.9745483655728973, "gi_star_z": 0.23259081503834445, "gi_star_p": 0.81607916026846328, "hotspot_class": "not_significant", "hotspot_rank": 131.0, "k_nn": 8 }, "geometry": { "type": "Point", "coordinates": [ 2.8883, 48.9603 ] } },
{ "type": "Feature", "properties": { "city_id": 1250886409, "city": "Nanterre", "city_ascii": "Nanterre", "country": "France", "iso2": "FR", "iso3": "FRA", "admin_name": "Île-de-France", "population": 95105.0, "openalex_ai_works_recent": 76, "openalex_ai_institution_count": 1, "overlay_match_count": 1, "openalex_match_km": 1.0457520543683192, "dist_km_nearest_region": 10.03917093600411, "access_score": 99.499299159844696, "nearest_provider": "aws", "nearest_region": "eu-west-3", "nearest_location_name": "EU (Paris)", "spatial_lag_log_ai_works": 4.0322632332589743, "gi_star_z": 0.50736685761655076, "gi_star_p": 0.6118974356509248, "hotspot_class": "not_significant", "hotspot_rank": 105.0, "k_nn": 8 }, "geometry": { "type": "Point", "coordinates": [ 2.1969, 48.8988 ] } },
{ "type": "Feature", "properties": { "city_id": 1250904959, "city": "Épinay-sur-Seine", "city_ascii": "Epinay-sur-Seine", "country": "France", "iso2": "FR", "iso3": "FRA", "admin_name": "Île-de-France", "population": 55084.0, "openalex_ai_works_recent": 220, "openalex_ai_institution_count": 2, "overlay_match_count": 1, "openalex_match_km": 2.3945781849666563, "dist_km_nearest_region": 10.749591461289459, "access_score": 99.46396226404292, "nearest_provider": "aws", "nearest_region": "eu-west-3", "nearest_location_name": "EU (Paris)", "spatial_lag_log_ai_works": 3.8273411972645084, "gi_star_z": 0.22385825070279844, "gi_star_p": 0.82286760241531565, "hotspot_class": "not_significant", "hotspot_rank": 133.0, "k_nn": 8 }, "geometry": { "type": "Point", "coordinates": [ 2.3092, 48.9553 ] } },
{ "type": "Feature", "properties": { "city_id": 1250925250, "city": "Nancy", "city_ascii": "Nancy", "country": "France", "iso2": "FR", "iso3": "FRA", "admin_name": "Grand Est", "population": 434565.0, "openalex_ai_works_recent": 195, "openalex_ai_institution_count": 3, "overlay_match_count": 2, "openalex_match_km": 1.0244475745084014, "dist_km_nearest_region": 224.35519430231201, "access_score": 89.38854918857956, "nearest_provider": "azure", "nearest_region": "switzerlandnorth", "nearest_location_name": "Zurich, Switzerland North, Europe", "spatial_lag_log_ai_works": 4.3895684338527747, "gi_star_z": 1.3320959920353632, "gi_star_p": 0.1828286472117765, "hotspot_class": "not_significant", "hotspot_rank": 39.0, "k_nn": 8 }, "geometry": { "type": "Point", "coordinates": [ 6.1846, 48.6936 ] } },
{ "type": "Feature", "properties": { "city_id": 1250935115, "city": "Saint-Denis", "city_ascii": "Saint-Denis", "country": "France", "iso2": "FR", "iso3": "FRA", "admin_name": "Île-de-France", "population": 111135.0, "openalex_ai_works_recent": 36, "openalex_ai_institution_count": 2, "overlay_match_count": 1, "openalex_match_km": 0.88737973509669521, "dist_km_nearest_region": 8.8816581150889604, "access_score": 99.556901684376768, "nearest_provider": "aws", "nearest_region": "eu-west-3", "nearest_location_name": "EU (Paris)", "spatial_lag_log_ai_works": 3.9281504967209595, "gi_star_z": 0.14925786473612881, "gi_star_p": 0.88135016184143966, "hotspot_class": "not_significant", "hotspot_rank": 137.0, "k_nn": 8 }, "geometry": { "type": "Point", "coordinates": [ 2.3539, 48.9356 ] } },
{ "type": "Feature", "properties": { "city_id": 1276053525, "city": "Weimar", "city_ascii": "Weimar", "country": "Germany", "iso2": "DE", "iso3": "DEU", "admin_name": "Thuringia", "population": 65090.0, "openalex_ai_works_recent": 52, "openalex_ai_institution_count": 1, "overlay_match_count": 1, "openalex_match_km": 0.92534309989951469, "dist_km_nearest_region": 209.89487932528687, "access_score": 90.037184519053824, "nearest_provider": "azure", "nearest_region": "germanywestcentral", "nearest_location_name": "Frankfurt, Germany West Central, Europe", "spatial_lag_log_ai_works": 4.5083736701890924, "gi_star_z": 1.4986413124291491, "gi_star_p": 0.13396670920832859, "hotspot_class": "not_significant", "hotspot_rank": 24.0, "k_nn": 8 }, "geometry": { "type": "Point", "coordinates": [ 11.3167, 50.9833 ] } },
{ "type": "Feature", "properties": { "city_id": 1276112885, "city": "Bielefeld", "city_ascii": "Bielefeld", "country": "Germany", "iso2": "DE", "iso3": "DEU", "admin_name": "North Rhine-Westphalia", "population": 333786.0, "openalex_ai_works_recent": 101, "openalex_ai_institution_count": 1, "overlay_match_count": 1, "openalex_match_km": 1.8491753234945369, "dist_km_nearest_region": 118.96805332492626, "access_score": 94.225058435765249, "nearest_provider": "azure", "nearest_region": "germanynorth", "nearest_location_name": "Berlin, Germany North, Europe", "spatial_lag_log_ai_works": 3.6458518817241541, "gi_star_z": -0.24589082521480984, "gi_star_p": 0.80576674624848521, "hotspot_class": "not_significant", "hotspot_rank": null, "k_nn": 8 }, "geometry": { "type": "Point", "coordinates": [ 8.5333, 52.0167 ] } },
{ "type": "Feature", "properties": { "city_id": 1276150104, "city": "Mannheim", "city_ascii": "Mannheim", "country": "Germany", "iso2": "DE", "iso3": "DEU", "admin_name": "Baden-Württemberg", "population": 309370.0, "openalex_ai_works_recent": 138, "openalex_ai_institution_count": 2, "overlay_match_count": 1, "openalex_match_km": 0.18078040926189956, "dist_km_nearest_region": 70.970941549229551, "access_score": 96.513675681759892, "nearest_provider": "gcp", "nearest_region": "europe-west3", "nearest_location_name": "Frankfurt, Germany Europe", "spatial_lag_log_ai_works": 4.5572547491333983, "gi_star_z": 1.5025822494253123, "gi_star_p": 0.13294680357136077, "hotspot_class": "not_significant", "hotspot_rank": 23.0, "k_nn": 8 }, "geometry": { "type": "Point", "coordinates": [ 8.4661, 49.4878 ] } },
{ "type": "Feature", "properties": { "city_id": 1276171358, "city": "Stuttgart", "city_ascii": "Stuttgart", "country": "Germany", "iso2": "DE", "iso3": "DEU", "admin_name": "Baden-Württemberg", "population": 634830.0, "openalex_ai_works_recent": 309, "openalex_ai_institution_count": 1, "overlay_match_count": 1, "openalex_match_km": 0.69231751473453351, "dist_km_nearest_region": 152.65517253578139, "access_score": 92.6512644021429, "nearest_provider": "gcp", "nearest_region": "europe-west3", "nearest_location_name": "Frankfurt, Germany Europe", "spatial_lag_log_ai_works": 4.4745651974174843, "gi_star_z": 1.5337444287106938, "gi_star_p": 0.12509253906437484, "hotspot_class": "not_significant", "hotspot_rank": 20.0, "k_nn": 8 }, "geometry": { "type": "Point", "coordinates": [ 9.1775, 48.7761 ] } },
{ "type": "Feature", "properties": { "city_id": 1276203240, "city": "Tübingen", "city_ascii": "Tubingen", "country": "Germany", "iso2": "DE", "iso3": "DEU", "admin_name": "Baden-Württemberg", "population": 90546.0, "openalex_ai_works_recent": 23, "openalex_ai_institution_count": 1, "overlay_match_count": 1, "openalex_match_km": 1.8690367249590576, "dist_km_nearest_region": 124.29998036457769, "access_score": 93.974192415733881, "nearest_provider": "azure", "nearest_region": "switzerlandnorth", "nearest_location_name": "Zurich, Switzerland North, Europe", "spatial_lag_log_ai_works": 4.7943800058088906, "gi_star_z": 1.5337444287106938, "gi_star_p": 0.12509253906437484, "hotspot_class": "not_significant", "hotspot_rank": 20.0, "k_nn": 8 }, "geometry": { "type": "Point", "coordinates": [ 9.0556, 48.52 ] } },
{ "type": "Feature", "properties": { "city_id": 1276244190, "city": "Hildesheim", "city_ascii": "Hildesheim", "country": "Germany", "iso2": "DE", "iso3": "DEU", "admin_name": "Lower Saxony", "population": 101990.0, "openalex_ai_works_recent": 34, "openalex_ai_institution_count": 1, "overlay_match_count": 1, "openalex_match_km": 0.11476140632286362, "dist_km_nearest_region": 128.48738572410778, "access_score": 93.777644225779213, "nearest_provider": "azure", "nearest_region": "germanynorth", "nearest_location_name": "Berlin, Germany North, Europe", "spatial_lag_log_ai_works": 4.1969041901228001, "gi_star_z": 0.68855264510949887, "gi_star_p": 0.49110483006612649, "hotspot_class": "not_significant", "hotspot_rank": 82.0, "k_nn": 8 }, "geometry": { "type": "Point", "coordinates": [ 9.95, 52.15 ] } },
{ "type": "Feature", "properties": { "city_id": 1276395100, "city": "Potsdam", "city_ascii": "Potsdam", "country": "Germany", "iso2": "DE", "iso3": "DEU", "admin_name": "Brandenburg", "population": 182219.0, "openalex_ai_works_recent": 247, "openalex_ai_institution_count": 2, "overlay_match_count": 1, "openalex_match_km": 0.14502410120031342, "dist_km_nearest_region": 296.39679805758101, "access_score": 86.22600264189019, "nearest_provider": "azure", "nearest_region": "germanynorth", "nearest_location_name": "Berlin, Germany North, Europe", "spatial_lag_log_ai_works": 3.9467412221454867, "gi_star_z": 0.53397983779393476, "gi_star_p": 0.5933554835999495, "hotspot_class": "not_significant", "hotspot_rank": 101.0, "k_nn": 8 }, "geometry": { "type": "Point", "coordinates": [ 13.0667, 52.4 ] } },
{ "type": "Feature", "properties": { "city_id": 1276419711, "city": "Saarbrücken", "city_ascii": "Saarbrucken", "country": "Germany", "iso2": "DE", "iso3": "DEU", "admin_name": "Saarland", "population": 180741.0, "openalex_ai_works_recent": 318, "openalex_ai_institution_count": 2, "overlay_match_count": 1, "openalex_match_km": 2.4065110263274598, "dist_km_nearest_region": 155.45796607702212, "access_score": 92.521514156438343, "nearest_provider": "gcp", "nearest_region": "europe-west3", "nearest_location_name": "Frankfurt, Germany Europe", "spatial_lag_log_ai_works": 4.2003673823645284, "gi_star_z": 1.0538464963036889, "gi_star_p": 0.29195320197803143, "hotspot_class": "not_significant", "hotspot_rank": 62.0, "k_nn": 8 }, "geometry": { "type": "Point", "coordinates": [ 7.0, 49.2333 ] } },
{ "type": "Feature", "properties": { "city_id": 1276451290, "city": "Berlin", "city_ascii": "Berlin", "country": "Germany", "iso2": "DE", "iso3": "DEU", "admin_name": "Berlin", "population": 3644826.0, "openalex_ai_works_recent": 230, "openalex_ai_institution_count": 3, "overlay_match_count": 1, "openalex_match_km": 1.6872113024714899, "dist_km_nearest_region": 313.84179537826742, "access_score": 85.47716705579316, "nearest_provider": "azure", "nearest_region": "germanynorth", "nearest_location_name": "Berlin, Germany North, Europe", "spatial_lag_log_ai_works": 4.0058537204544988, "gi_star_z": 0.65248009963514086, "gi_star_p": 0.51409150656543234, "hotspot_class": "not_significant", "hotspot_rank": 84.0, "k_nn": 8 }, "geometry": { "type": "Point", "coordinates": [ 13.3833, 52.5167 ] } },
{ "type": "Feature", "properties": { "city_id": 1276457707, "city": "Hannover", "city_ascii": "Hannover", "country": "Germany", "iso2": "DE", "iso3": "DEU", "admin_name": "Lower Saxony", "population": 538068.0, "openalex_ai_works_recent": 104, "openalex_ai_institution_count": 2, "overlay_match_count": 1, "openalex_match_km": 0.56520573479580505, "dist_km_nearest_region": 99.930245990712848, "access_score": 95.126260111231659, "nearest_provider": "azure", "nearest_region": "germanynorth", "nearest_location_name": "Berlin, Germany North, Europe", "spatial_lag_log_ai_works": 3.7854206560826316, "gi_star_z": 0.0036849245789200031, "gi_star_p": 0.99705986222461795, "hotspot_class": "not_significant", "hotspot_rank": 156.0, "k_nn": 8 }, "geometry": { "type": "Point", "coordinates": [ 9.7386, 52.3744 ] } },
{ "type": "Feature", "properties": { "city_id": 1276485277, "city": "Landshut", "city_ascii": "Landshut", "country": "Germany", "iso2": "DE", "iso3": "DEU", "admin_name": "Bavaria", "population": 72404.0, "openalex_ai_works_recent": 60, "openalex_ai_institution_count": 1, "overlay_match_count": 1, "openalex_match_km": 94.288601195118417, "dist_km_nearest_region": 292.96384588531112, "access_score": 86.374134609548065, "nearest_provider": "azure", "nearest_region": "switzerlandnorth", "nearest_location_name": "Zurich, Switzerland North, Europe", "spatial_lag_log_ai_works": 4.6393424925541424, "gi_star_z": 1.5597297202627038, "gi_star_p": 0.11882376570121599, "hotspot_class": "not_significant", "hotspot_rank": 19.0, "k_nn": 8 }, "geometry": { "type": "Point", "coordinates": [ 12.1508, 48.5397 ] } },
{ "type": "Feature", "properties": { "city_id": 1276563678, "city": "Leipzig", "city_ascii": "Leipzig", "country": "Germany", "iso2": "DE", "iso3": "DEU", "admin_name": "Saxony", "population": 593197.0, "openalex_ai_works_recent": 374, "openalex_ai_institution_count": 4, "overlay_match_count": 1, "openalex_match_km": 0.14299289217158875, "dist_km_nearest_region": 293.82136087560156, "access_score": 86.337108990020681, "nearest_provider": "azure", "nearest_region": "germanywestcentral", "nearest_location_name": "Frankfurt, Germany West Central, Europe", "spatial_lag_log_ai_works": 4.2748365910291719, "gi_star_z": 1.251261251879259, "gi_star_p": 0.21083917744827663, "hotspot_class": "not_significant", "hotspot_rank": 46.0, "k_nn": 8 }, "geometry": { "type": "Point", "coordinates": [ 12.3833, 51.3333 ] } },
{ "type": "Feature", "properties": { "city_id": 1276659978, "city": "Jena", "city_ascii": "Jena", "country": "Germany", "iso2": "DE", "iso3": "DEU", "admin_name": "Thuringia", "population": 111407.0, "openalex_ai_works_recent": 19, "openalex_ai_institution_count": 1, "overlay_match_count": 1, "openalex_match_km": 0.30170144887192368, "dist_km_nearest_region": 224.47880458685347, "access_score": 89.383024687302637, "nearest_provider": "azure", "nearest_region": "germanywestcentral", "nearest_location_name": "Frankfurt, Germany West Central, Europe", "spatial_lag_log_ai_works": 4.558233613557868, "gi_star_z": 1.3473202835733717, "gi_star_p": 0.1778771021796689, "hotspot_class": "not_significant", "hotspot_rank": 37.0, "k_nn": 8 }, "geometry": { "type": "Point", "coordinates": [ 11.5864, 50.9272 ] } },
{ "type": "Feature", "properties": { "city_id": 1276674534, "city": "Kaiserslautern", "city_ascii": "Kaiserslautern", "country": "Germany", "iso2": "DE", "iso3": "DEU", "admin_name": "Rhineland-Palatinate", "population": 100030.0, "openalex_ai_works_recent": 216, "openalex_ai_institution_count": 1, "overlay_match_count": 1, "openalex_match_km": 0.27217890490182334, "dist_km_nearest_region": 98.907475784472709, "access_score": 95.17491870414743, "nearest_provider": "gcp", "nearest_region": "europe-west3", "nearest_location_name": "Frankfurt, Germany Europe", "spatial_lag_log_ai_works": 4.2485291010200763, "gi_star_z": 1.0538464963036889, "gi_star_p": 0.29195320197803143, "hotspot_class": "not_significant", "hotspot_rank": 62.0, "k_nn": 8 }, "geometry": { "type": "Point", "coordinates": [ 7.7689, 49.4447 ] } },
{ "type": "Feature", "properties": { "city_id": 1276941443, "city": "Braunschweig", "city_ascii": "Braunschweig", "country": "Germany", "iso2": "DE", "iso3": "DEU", "admin_name": "Lower Saxony", "population": 248292.0, "openalex_ai_works_recent": 7, "openalex_ai_institution_count": 1, "overlay_match_count": 1, "openalex_match_km": 11.729116928382561, "dist_km_nearest_region": 146.17168827710861, "access_score": 92.952103266845654, "nearest_provider": "azure", "nearest_region": "germanynorth", "nearest_location_name": "Berlin, Germany North, Europe", "spatial_lag_log_ai_works": 4.1051769055793068, "gi_star_z": 0.20920496924140281, "gi_star_p": 0.83428823336350277, "hotspot_class": "not_significant", "hotspot_rank": 135.0, "k_nn": 8 }, "geometry": { "type": "Point", "coordinates": [ 10.5211, 52.2692 ] } },
{ "type": "Feature", "properties": { "city_id": 1300051191, "city": "Xánthi", "city_ascii": "Xanthi", "country": "Greece", "iso2": "GR", "iso3": "GRC", "admin_name": "Anatolikí Makedonía kai Thráki", "population": 56122.0, "openalex_ai_works_recent": 60, "openalex_ai_institution_count": 1, "overlay_match_count": 1, "openalex_match_km": 43.754544630085455, "dist_km_nearest_region": 1268.5728305902883, "access_score": 53.03137771310957, "nearest_provider": "gcp", "nearest_region": "europe-central2", "nearest_location_name": "Warsaw, Poland, Europe", "spatial_lag_log_ai_works": 4.0744413079810018, "gi_star_z": 0.53585665755050671, "gi_star_p": 0.59205762133114648, "hotspot_class": "not_significant", "hotspot_rank": 99.0, "k_nn": 8 }, "geometry": { "type": "Point", "coordinates": [ 24.8833, 41.1333 ] } },
{ "type": "Feature", "properties": { "city_id": 1300201099, "city": "Pátra", "city_ascii": "Patra", "country": "Greece", "iso2": "GR", "iso3": "GRC", "admin_name": "Dytikí Elláda", "population": 167446.0, "openalex_ai_works_recent": 91, "openalex_ai_institution_count": 1, "overlay_match_count": 1, "openalex_match_km": 0.62640720353671586, "dist_km_nearest_region": 1309.9380355497401, "access_score": 51.945815630728156, "nearest_provider": "aws", "nearest_region": "eu-south-1", "nearest_location_name": "EU (Milan)", "spatial_lag_log_ai_works": 3.99471780253098, "gi_star_z": 0.42428267052425422, "gi_star_p": 0.67135967593739898, "hotspot_class": "not_significant", "hotspot_rank": 117.0, "k_nn": 8 }, "geometry": { "type": "Point", "coordinates": [ 21.7333, 38.25 ] } },
{ "type": "Feature", "properties": { "city_id": 1300233408, "city": "Chaniá", "city_ascii": "Chania", "country": "Greece", "iso2": "GR", "iso3": "GRC", "admin_name": "Kríti", "population": 78728.0, "openalex_ai_works_recent": 20, "openalex_ai_institution_count": 1, "overlay_match_count": 1, "openalex_match_km": 1.107512750150724, "dist_km_nearest_region": 1098.019445928087, "access_score": 57.752143351452389, "nearest_provider": "aws", "nearest_region": "il-central-1", "nearest_location_name": "Middle East (Israel) - ???", "spatial_lag_log_ai_works": 4.0838313380589177, "gi_star_z": 0.41040286366441525, "gi_star_p": 0.68151044594877641, "hotspot_class": "not_significant", "hotspot_rank": 118.0, "k_nn": 8 }, "geometry": { "type": "Point", "coordinates": [ 24.0195, 35.5173 ] } },
{ "type": "Feature", "properties": { "city_id": 1300317204, "city": "Ioánnina", "city_ascii": "Ioannina", "country": "Greece", "iso2": "GR", "iso3": "GRC", "admin_name": "Ípeiros", "population": 65574.0, "openalex_ai_works_recent": 41, "openalex_ai_institution_count": 1, "overlay_match_count": 1, "openalex_match_km": 79.922403542659282, "dist_km_nearest_region": 1150.7020379194762, "access_score": 56.25073833918578, "nearest_provider": "aws", "nearest_region": "eu-south-1", "nearest_location_name": "EU (Milan)", "spatial_lag_log_ai_works": 4.0818421312827207, "gi_star_z": 0.42428267052425422, "gi_star_p": 0.67135967593739898, "hotspot_class": "not_significant", "hotspot_rank": 117.0, "k_nn": 8 }, "geometry": { "type": "Point", "coordinates": [ 20.8522, 39.6636 ] } },
{ "type": "Feature", "properties": { "city_id": 1300397999, "city": "Thessaloníki", "city_ascii": "Thessaloniki", "country": "Greece", "iso2": "GR", "iso3": "GRC", "admin_name": "Kentrikí Makedonía", "population": 315196.0, "openalex_ai_works_recent": 67, "openalex_ai_institution_count": 2, "overlay_match_count": 1, "openalex_match_km": 5.8512868143481622, "dist_km_nearest_region": 1236.8293794868475, "access_score": 53.879792276971351, "nearest_provider": "aws", "nearest_region": "eu-south-1", "nearest_location_name": "EU (Milan)", "spatial_lag_log_ai_works": 3.8601916323430538, "gi_star_z": 0.10000603545108262, "gi_star_p": 0.92033953387202316, "hotspot_class": "not_significant", "hotspot_rank": 147.0, "k_nn": 8 }, "geometry": { "type": "Point", "coordinates": [ 22.9356, 40.6403 ] } },
{ "type": "Feature", "properties": { "city_id": 1300443208, "city": "Chalándri", "city_ascii": "Chalandri", "country": "Greece", "iso2": "GR", "iso3": "GRC", "admin_name": "Attikí", "population": 74192.0, "openalex_ai_works_recent": 39, "openalex_ai_institution_count": 1, "overlay_match_count": 1, "openalex_match_km": 3.7027961717772198, "dist_km_nearest_region": 1240.1843456933084, "access_score": 53.789485600959267, "nearest_provider": "aws", "nearest_region": "il-central-1", "nearest_location_name": "Middle East (Israel) - ???", "spatial_lag_log_ai_works": 4.1273855947641591, "gi_star_z": 0.50034153171163298, "gi_star_p": 0.61683461504130488, "hotspot_class": "not_significant", "hotspot_rank": 110.0, "k_nn": 8 }, "geometry": { "type": "Point", "coordinates": [ 23.8, 38.0167 ] } },
{ "type": "Feature", "properties": { "city_id": 1344982653, "city": "Hong Kong", "city_ascii": "Hong Kong", "country": "Hong Kong", "iso2": "HK", "iso3": "HKG", "admin_name": null, "population": 7347000.0, "openalex_ai_works_recent": 493, "openalex_ai_institution_count": 2, "overlay_match_count": 1, "openalex_match_km": 3.1505975491793201, "dist_km_nearest_region": 3.6550701064603688, "access_score": 99.81741338721271, "nearest_provider": "aws", "nearest_region": "ap-east-1", "nearest_location_name": "Asia Pacific (Hong Kong)", "spatial_lag_log_ai_works": 4.7379457426342295, "gi_star_z": 2.2682326188632165, "gi_star_p": 0.023315032323631347, "hotspot_class": "hot_spot_95", "hotspot_rank": 5.0, "k_nn": 8 }, "geometry": { "type": "Point", "coordinates": [ 114.185, 22.305 ] } },
{ "type": "Feature", "properties": { "city_id": 1348279762, "city": "Veszprém", "city_ascii": "Veszprem", "country": "Hungary", "iso2": "HU", "iso3": "HUN", "admin_name": "Veszprém", "population": 59738.0, "openalex_ai_works_recent": 0, "openalex_ai_institution_count": 1, "overlay_match_count": 1, "openalex_match_km": 1.2288793649588616, "dist_km_nearest_region": 612.30642190919343, "access_score": 73.627380560156084, "nearest_provider": "gcp", "nearest_region": "europe-central2", "nearest_location_name": "Warsaw, Poland, Europe", "spatial_lag_log_ai_works": 3.2453421803524738, "gi_star_z": -2.0520043116975413, "gi_star_p": 0.040169243386514848, "hotspot_class": "cold_spot_95", "hotspot_rank": null, "k_nn": 8 }, "geometry": { "type": "Point", "coordinates": [ 17.9167, 47.1 ] } },
{ "type": "Feature", "properties": { "city_id": 1348460698, "city": "Debrecen", "city_ascii": "Debrecen", "country": "Hungary", "iso2": "HU", "iso3": "HUN", "admin_name": "Hajdú-Bihar", "population": 201432.0, "openalex_ai_works_recent": 0, "openalex_ai_institution_count": 1, "overlay_match_count": 1, "openalex_match_km": 1.1236541609972754, "dist_km_nearest_region": 524.78919448189788, "access_score": 76.920743668198156, "nearest_provider": "gcp", "nearest_region": "europe-central2", "nearest_location_name": "Warsaw, Poland, Europe", "spatial_lag_log_ai_works": 3.0257973300170309, "gi_star_z": -2.4234870623192375, "gi_star_p": 0.015372300809542864, "hotspot_class": "cold_spot_95", "hotspot_rank": null, "k_nn": 8 }, "geometry": { "type": "Point", "coordinates": [ 21.6392, 47.53 ] } },
{ "type": "Feature", "properties": { "city_id": 1348507878, "city": "Győr", "city_ascii": "Gyor", "country": "Hungary", "iso2": "HU", "iso3": "HUN", "admin_name": "Győr-Moson-Sopron", "population": 132034.0, "openalex_ai_works_recent": 14, "openalex_ai_institution_count": 1, "overlay_match_count": 1, "openalex_match_km": 0.11070345708622428, "dist_km_nearest_region": 560.13413632298875, "access_score": 75.57330541294705, "nearest_provider": "gcp", "nearest_region": "europe-central2", "nearest_location_name": "Warsaw, Poland, Europe", "spatial_lag_log_ai_works": 3.1193588934466256, "gi_star_z": -1.8299341569682512, "gi_star_p": 0.067259785107217265, "hotspot_class": "not_significant", "hotspot_rank": null, "k_nn": 8 }, "geometry": { "type": "Point", "coordinates": [ 17.6344, 47.6842 ] } },
{ "type": "Feature", "properties": { "city_id": 1348611435, "city": "Budapest", "city_ascii": "Budapest", "country": "Hungary", "iso2": "HU", "iso3": "HUN", "admin_name": "Budapest", "population": 1752286.0, "openalex_ai_works_recent": 177, "openalex_ai_institution_count": 6, "overlay_match_count": 1, "openalex_match_km": 0.61993812262309567, "dist_km_nearest_region": 544.83872477320813, "access_score": 76.153483505097668, "nearest_provider": "gcp", "nearest_region": "europe-central2", "nearest_location_name": "Warsaw, Poland, Europe", "spatial_lag_log_ai_works": 2.5275629672294282, "gi_star_z": -2.6890351440755595, "gi_star_p": 0.0071658874528181737, "hotspot_class": "cold_spot_99", "hotspot_rank": null, "k_nn": 8 }, "geometry": { "type": "Point", "coordinates": [ 19.0408, 47.4983 ] } },
{ "type": "Feature", "properties": { "city_id": 1356060520, "city": "Kolkāta", "city_ascii": "Kolkata", "country": "India", "iso2": "IN", "iso3": "IND", "admin_name": "West Bengal", "population": 17560000.0, "openalex_ai_works_recent": 180, "openalex_ai_institution_count": 3, "overlay_match_count": 1, "openalex_match_km": 3.5282390602989753, "dist_km_nearest_region": 966.93097022547579, "access_score": 61.664271855185724, "nearest_provider": "azure", "nearest_region": "jioindiacentral", "nearest_location_name": "Nagpur, Jio India Central, Asia Pacific", "spatial_lag_log_ai_works": 3.6097082641212332, "gi_star_z": -0.1630344644287339, "gi_star_p": 0.87049129900148603, "hotspot_class": "not_significant", "hotspot_rank": null, "k_nn": 8 }, "geometry": { "type": "Point", "coordinates": [ 88.3378, 22.5411 ] } },
{ "type": "Feature", "properties": { "city_id": 1356081074, "city": "Pune", "city_ascii": "Pune", "country": "India", "iso2": "IN", "iso3": "IND", "admin_name": "Mahārāshtra", "population": 7764000.0, "openalex_ai_works_recent": 236, "openalex_ai_institution_count": 3, "overlay_match_count": 1, "openalex_match_km": 0.0060674681925410139, "dist_km_nearest_region": 9.7232668531644855, "access_score": 99.515016518528597, "nearest_provider": "azure", "nearest_region": "centralindia", "nearest_location_name": "Pune, Central India, Asia Pacific", "spatial_lag_log_ai_works": 4.4112242383673221, "gi_star_z": 1.361900444288912, "gi_star_p": 0.17322930597166231, "hotspot_class": "not_significant", "hotspot_rank": 34.0, "k_nn": 8 }, "geometry": { "type": "Point", "coordinates": [ 73.8553, 18.5196 ] } },
{ "type": "Feature", "properties": { "city_id": 1356102365, "city": "Hubli", "city_ascii": "Hubli", "country": "India", "iso2": "IN", "iso3": "IND", "admin_name": "Karnātaka", "population": 890000.0, "openalex_ai_works_recent": 51, "openalex_ai_institution_count": 1, "overlay_match_count": 1, "openalex_match_km": 16.782651880757431, "dist_km_nearest_region": 380.52599583569867, "access_score": 82.674167400999693, "nearest_provider": "azure", "nearest_region": "centralindia", "nearest_location_name": "Pune, Central India, Asia Pacific", "spatial_lag_log_ai_works": 4.4346488087196585, "gi_star_z": 1.2052823916043525, "gi_star_p": 0.22809430485107096, "hotspot_class": "not_significant", "hotspot_rank": 49.0, "k_nn": 8 }, "geometry": { "type": "Point", "coordinates": [ 75.125, 15.36 ] } },
{ "type": "Feature", "properties": { "city_id": 1356106153, "city": "Dindigul", "city_ascii": "Dindigul", "country": "India", "iso2": "IN", "iso3": "IND", "admin_name": "Tamil Nādu", "population": 207327.0, "openalex_ai_works_recent": 31, "openalex_ai_institution_count": 1, "overlay_match_count": 1, "openalex_match_km": 3.9335496334017366, "dist_km_nearest_region": 379.1604381738365, "access_score": 82.730634847560836, "nearest_provider": "azure", "nearest_region": "southindia", "nearest_location_name": "Chennai, South India, Asia Pacific", "spatial_lag_log_ai_works": 4.5998733005477019, "gi_star_z": 1.2525901121083047, "gi_star_p": 0.21035491519012861, "hotspot_class": "not_significant", "hotspot_rank": 45.0, "k_nn": 8 }, "geometry": { "type": "Point", "coordinates": [ 77.95, 10.35 ] } },
{ "type": "Feature", "properties": { "city_id": 1356140143, "city": "Bhubaneshwar", "city_ascii": "Bhubaneshwar", "country": "India", "iso2": "IN", "iso3": "IND", "admin_name": "Odisha", "population": 837737.0, "openalex_ai_works_recent": 143, "openalex_ai_institution_count": 1, "overlay_match_count": 1, "openalex_match_km": 3.8099133239738605, "dist_km_nearest_region": 707.73983073533577, "access_score": 70.196627644129123, "nearest_provider": "azure", "nearest_region": "jioindiacentral", "nearest_location_name": "Nagpur, Jio India Central, Asia Pacific", "spatial_lag_log_ai_works": 4.0346467364825278, "gi_star_z": 0.59434254896267791, "gi_star_p": 0.55228302559572373, "hotspot_class": "not_significant", "hotspot_rank": 91.0, "k_nn": 8 }, "geometry": { "type": "Point", "coordinates": [ 85.8281, 20.2644 ] } },
{ "type": "Feature", "properties": { "city_id": 1356187395, "city": "Āgra", "city_ascii": "Agra", "country": "India", "iso2": "IN", "iso3": "IND", "admin_name": "Uttar Pradesh", "population": 1585705.0, "openalex_ai_works_recent": 24, "openalex_ai_institution_count": 2, "overlay_match_count": 1, "openalex_match_km": 0.49559801447372193, "dist_km_nearest_region": 181.46281062605868, "access_score": 91.326297554243894, "nearest_provider": "gcp", "nearest_region": "asia-south2", "nearest_location_name": "Delhi, India APAC", "spatial_lag_log_ai_works": 4.4383379563352792, "gi_star_z": 1.0653845332615921, "gi_star_p": 0.28670195300568757, "hotspot_class": "not_significant", "hotspot_rank": 60.0, "k_nn": 8 }, "geometry": { "type": "Point", "coordinates": [ 78.02, 27.18 ] } },
{ "type": "Feature", "properties": { "city_id": 1356293537, "city": "Jaipur", "city_ascii": "Jaipur", "country": "India", "iso2": "IN", "iso3": "IND", "admin_name": "Rājasthān", "population": 3073350.0, "openalex_ai_works_recent": 132, "openalex_ai_institution_count": 2, "overlay_match_count": 1, "openalex_match_km": 32.379490047235628, "dist_km_nearest_region": 234.50444362229322, "access_score": 88.93608486682993, "nearest_provider": "gcp", "nearest_region": "asia-south2", "nearest_location_name": "Delhi, India APAC", "spatial_lag_log_ai_works": 4.2972393766005323, "gi_star_z": 1.0317096371475698, "gi_star_p": 0.30220816142927287, "hotspot_class": "not_significant", "hotspot_rank": 64.0, "k_nn": 8 }, "geometry": { "type": "Point", "coordinates": [ 75.8667, 26.9167 ] } },
{ "type": "Feature", "properties": { "city_id": 1356410365, "city": "Bangalore", "city_ascii": "Bangalore", "country": "India", "iso2": "IN", "iso3": "IND", "admin_name": "Karnātaka", "population": 13707000.0, "openalex_ai_works_recent": 206, "openalex_ai_institution_count": 3, "overlay_match_count": 1, "openalex_match_km": 0.37420071783828307, "dist_km_nearest_region": 277.99932979016398, "access_score": 87.022832007599263, "nearest_provider": "azure", "nearest_region": "southindia", "nearest_location_name": "Chennai, South India, Asia Pacific", "spatial_lag_log_ai_works": 4.2965013012512641, "gi_star_z": 1.2052823916043525, "gi_star_p": 0.22809430485107096, "hotspot_class": "not_significant", "hotspot_rank": 49.0, "k_nn": 8 }, "geometry": { "type": "Point", "coordinates": [ 77.598, 12.9699 ] } },
{ "type": "Feature", "properties": { "city_id": 1356458416, "city": "Patiāla", "city_ascii": "Patiala", "country": "India", "iso2": "IN", "iso3": "IND", "admin_name": "Punjab", "population": 329224.0, "openalex_ai_works_recent": 53, "openalex_ai_institution_count": 1, "overlay_match_count": 1, "openalex_match_km": 7.9536636819952715, "dist_km_nearest_region": 202.46017525775309, "access_score": 90.372507300307987, "nearest_provider": "gcp", "nearest_region": "asia-south2", "nearest_location_name": "Delhi, India APAC", "spatial_lag_log_ai_works": 4.4689389702936362, "gi_star_z": 1.3494442877353832, "gi_star_p": 0.17719430371052813, "hotspot_class": "not_significant", "hotspot_rank": 36.0, "k_nn": 8 }, "geometry": { "type": "Point", "coordinates": [ 76.385, 30.3204 ] } },
{ "type": "Feature", "properties": { "city_id": 1356506985, "city": "Bodhan", "city_ascii": "Bodhan", "country": "India", "iso2": "IN", "iso3": "IND", "admin_name": "Telangana", "population": 77573.0, "openalex_ai_works_recent": 12, "openalex_ai_institution_count": 1, "overlay_match_count": 1, "openalex_match_km": 18.07075803624312, "dist_km_nearest_region": 157.74681397831532, "access_score": 92.41569088458084, "nearest_provider": "aws", "nearest_region": "ap-south-2", "nearest_location_name": "Asia Pacific (Hyderabad)", "spatial_lag_log_ai_works": 4.4285626941198535, "gi_star_z": 0.74912742604598614, "gi_star_p": 0.45378040604549919, "hotspot_class": "not_significant", "hotspot_rank": 79.0, "k_nn": 8 }, "geometry": { "type": "Point", "coordinates": [ 77.9, 18.67 ] } },
{ "type": "Feature", "properties": { "city_id": 1356739179, "city": "Chandīgarh", "city_ascii": "Chandigarh", "country": "India", "iso2": "IN", "iso3": "IND", "admin_name": "Chandīgarh", "population": 1026459.0, "openalex_ai_works_recent": 11, "openalex_ai_institution_count": 1, "overlay_match_count": 1, "openalex_match_km": 0.28066364217006889, "dist_km_nearest_region": 235.39128976668388, "access_score": 88.896657297042353, "nearest_provider": "gcp", "nearest_region": "asia-south2", "nearest_location_name": "Delhi, India APAC", "spatial_lag_log_ai_works": 4.6056732790914792, "gi_star_z": 1.3494442877353832, "gi_star_p": 0.17719430371052813, "hotspot_class": "not_significant", "hotspot_rank": 36.0, "k_nn": 8 }, "geometry": { "type": "Point", "coordinates": [ 76.7911, 30.7353 ] } },
{ "type": "Feature", "properties": { "city_id": 1356772339, "city": "Sambalpur", "city_ascii": "Sambalpur", "country": "India", "iso2": "IN", "iso3": "IND", "admin_name": "Odisha", "population": 310852.0, "openalex_ai_works_recent": 22, "openalex_ai_institution_count": 1, "overlay_match_count": 1, "openalex_match_km": 0.81549587616495278, "dist_km_nearest_region": 506.92343946786258, "access_score": 77.610945403289577, "nearest_provider": "azure", "nearest_region": "jioindiacentral", "nearest_location_name": "Nagpur, Jio India Central, Asia Pacific", "spatial_lag_log_ai_works": 4.2658478474778665, "gi_star_z": 0.6462610369748566, "gi_star_p": 0.51811031659224394, "hotspot_class": "not_significant", "hotspot_rank": 85.0, "k_nn": 8 }, "geometry": { "type": "Point", "coordinates": [ 83.9701, 21.4704 ] } },
{ "type": "Feature", "properties": { "city_id": 1356779437, "city": "Secunderābād", "city_ascii": "Secunderabad", "country": "India", "iso2": "IN", "iso3": "IND", "admin_name": "Telangana", "population": 213698.0, "openalex_ai_works_recent": 164, "openalex_ai_institution_count": 1, "overlay_match_count": 1, "openalex_match_km": 47.937695041873177, "dist_km_nearest_region": 10.31596772860979, "access_score": 99.485529569274306, "nearest_provider": "aws", "nearest_region": "ap-south-2", "nearest_location_name": "Asia Pacific (Hyderabad)", "spatial_lag_log_ai_works": 4.2608798776618988, "gi_star_z": 1.1921692879663719, "gi_star_p": 0.23319487315856879, "hotspot_class": "not_significant", "hotspot_rank": 52.0, "k_nn": 8 }, "geometry": { "type": "Point", "coordinates": [ 78.5, 17.45 ] } },
{ "type": "Feature", "properties": { "city_id": 1356820491, "city": "Bilāspur", "city_ascii": "Bilaspur", "country": "India", "iso2": "IN", "iso3": "IND", "admin_name": "Chhattīsgarh", "population": 331030.0, "openalex_ai_works_recent": 59, "openalex_ai_institution_count": 1, "overlay_match_count": 1, "openalex_match_km": 11.838439189349954, "dist_km_nearest_region": 322.50153294734196, "access_score": 85.107862236042891, "nearest_provider": "azure", "nearest_region": "jioindiacentral", "nearest_location_name": "Nagpur, Jio India Central, Asia Pacific", "spatial_lag_log_ai_works": 4.3417616328582636, "gi_star_z": 1.2922861985831753, "gi_star_p": 0.19625804972142624, "hotspot_class": "not_significant", "hotspot_rank": 43.0, "k_nn": 8 }, "geometry": { "type": "Point", "coordinates": [ 82.0167, 22.15 ] } },
{ "type": "Feature", "properties": { "city_id": 1356821429, "city": "Patna", "city_ascii": "Patna", "country": "India", "iso2": "IN", "iso3": "IND", "admin_name": "Bihār", "population": 1684222.0, "openalex_ai_works_recent": 138, "openalex_ai_institution_count": 1, "overlay_match_count": 1, "openalex_match_km": 1.8624585803646008, "dist_km_nearest_region": 792.20593583341065, "access_score": 67.293740140759496, "nearest_provider": "azure", "nearest_region": "jioindiacentral", "nearest_location_name": "Nagpur, Jio India Central, Asia Pacific", "spatial_lag_log_ai_works": 4.2733239004525077, "gi_star_z": 1.154019240759059, "gi_star_p": 0.24849228070709539, "hotspot_class": "not_significant", "hotspot_rank": 54.0, "k_nn": 8 }, "geometry": { "type": "Point", "coordinates": [ 85.1414, 25.61 ] } },
{ "type": "Feature", "properties": { "city_id": 1356871768, "city": "Hyderābād", "city_ascii": "Hyderabad", "country": "India", "iso2": "IN", "iso3": "IND", "admin_name": "Telangana", "population": 9746000.0, "openalex_ai_works_recent": 126, "openalex_ai_institution_count": 1, "overlay_match_count": 1, "openalex_match_km": 2.2194586420846987, "dist_km_nearest_region": 1.0354096038060696, "access_score": 99.948242918410529, "nearest_provider": "aws", "nearest_region": "ap-south-2", "nearest_location_name": "Asia Pacific (Hyderabad)", "spatial_lag_log_ai_works": 4.3764752150931274, "gi_star_z": 1.3670447498917719, "gi_star_p": 0.17161127937214471, "hotspot_class": "not_significant", "hotspot_rank": 33.0, "k_nn": 8 }, "geometry": { "type": "Point", "coordinates": [ 78.4667, 17.3667 ] } },
{ "type": "Feature", "properties": { "city_id": 1356872604, "city": "Delhi", "city_ascii": "Delhi", "country": "India", "iso2": "IN", "iso3": "IND", "admin_name": "Delhi", "population": 29617000.0, "openalex_ai_works_recent": 409, "openalex_ai_institution_count": 6, "overlay_match_count": 2, "openalex_match_km": 0.90681321198333908, "dist_km_nearest_region": 1.2111279159787238, "access_score": 99.939461935885902, "nearest_provider": "gcp", "nearest_region": "asia-south2", "nearest_location_name": "Delhi, India APAC", "spatial_lag_log_ai_works": 4.3259954549188029, "gi_star_z": 1.4020874156643335, "gi_star_p": 0.16088914448846015, "hotspot_class": "not_significant", "hotspot_rank": 27.0, "k_nn": 8 }, "geometry": { "type": "Point", "coordinates": [ 77.23, 28.66 ] } },
{ "type": "Feature", "properties": { "city_id": 1356977661, "city": "Vellore", "city_ascii": "Vellore", "country": "India", "iso2": "IN", "iso3": "IND", "admin_name": "Tamil Nādu", "population": 177081.0, "openalex_ai_works_recent": 32, "openalex_ai_institution_count": 1, "overlay_match_count": 1, "openalex_match_km": 1.9042656750307279, "dist_km_nearest_region": 110.05483371347555, "access_score": 94.645919866150365, "nearest_provider": "azure", "nearest_region": "southindia", "nearest_location_name": "Chennai, South India, Asia Pacific", "spatial_lag_log_ai_works": 4.480122424431153, "gi_star_z": 1.2052823916043525, "gi_star_p": 0.22809430485107096, "hotspot_class": "not_significant", "hotspot_rank": 49.0, "k_nn": 8 }, "geometry": { "type": "Point", "coordinates": [ 79.15, 12.9204 ] } },
{ "type": "Feature", "properties": { "city_id": 1356999503, "city": "Coimbatore", "city_ascii": "Coimbatore", "country": "India", "iso2": "IN", "iso3": "IND", "admin_name": "Tamil Nādu", "population": 959823.0, "openalex_ai_works_recent": 364, "openalex_ai_institution_count": 1, "overlay_match_count": 1, "openalex_match_km": 0.62037135618792894, "dist_km_nearest_region": 411.67603789497088, "access_score": 81.396491249838448, "nearest_provider": "azure", "nearest_region": "southindia", "nearest_location_name": "Chennai, South India, Asia Pacific", "spatial_lag_log_ai_works": 4.4258761216371099, "gi_star_z": 1.5318898853622054, "gi_star_p": 0.12554960990615266, "hotspot_class": "not_significant", "hotspot_rank": 21.0, "k_nn": 8 }, "geometry": { "type": "Point", "coordinates": [ 76.9667, 11.0 ] } },
{ "type": "Feature", "properties": { "city_id": 1364073420, "city": "Qazvīn", "city_ascii": "Qazvin", "country": "Iran", "iso2": "IR", "iso3": "IRN", "admin_name": "Qazvīn", "population": 381598.0, "openalex_ai_works_recent": 16, "openalex_ai_institution_count": 1, "overlay_match_count": 1, "openalex_match_km": 0.0035244403003764097, "dist_km_nearest_region": 1125.7152178134104, "access_score": 56.957910174665948, "nearest_provider": "aws", "nearest_region": "me-south-1", "nearest_location_name": "Middle East (Bahrain)", "spatial_lag_log_ai_works": 4.2632745889854569, "gi_star_z": 0.51548285121756676, "gi_star_p": 0.60621564997256683, "hotspot_class": "not_significant", "hotspot_rank": 104.0, "k_nn": 8 }, "geometry": { "type": "Point", "coordinates": [ 50.0041, 36.2688 ] } },
{ "type": "Feature", "properties": { "city_id": 1364305026, "city": "Tehran", "city_ascii": "Tehran", "country": "Iran", "iso2": "IR", "iso3": "IRN", "admin_name": "Tehrān", "population": 13633000.0, "openalex_ai_works_recent": 198, "openalex_ai_institution_count": 3, "overlay_match_count": 1, "openalex_match_km": 1.8947109851497967, "dist_km_nearest_region": 1064.6580820520669, "access_score": 58.723567974103574, "nearest_provider": "aws", "nearest_region": "me-south-1", "nearest_location_name": "Middle East (Bahrain)", "spatial_lag_log_ai_works": 3.9509031374048362, "gi_star_z": 0.50372915453130918, "gi_star_p": 0.61445171800613374, "hotspot_class": "not_significant", "hotspot_rank": 107.0, "k_nn": 8 }, "geometry": { "type": "Point", "coordinates": [ 51.4167, 35.7 ] } },
{ "type": "Feature", "properties": { "city_id": 1372499968, "city": "Galway", "city_ascii": "Galway", "country": "Ireland", "iso2": "IE", "iso3": "IRL", "admin_name": "Galway", "population": 79504.0, "openalex_ai_works_recent": 125, "openalex_ai_institution_count": 1, "overlay_match_count": 1, "openalex_match_km": 0.61049575967530434, "dist_km_nearest_region": 184.9774880374826, "access_score": 91.165947252864683, "nearest_provider": "aws", "nearest_region": "eu-west-1", "nearest_location_name": "EU (Ireland)", "spatial_lag_log_ai_works": 4.0965271000797969, "gi_star_z": 0.66379677365497414, "gi_star_p": 0.50682039093315701, "hotspot_class": "not_significant", "hotspot_rank": 83.0, "k_nn": 8 }, "geometry": { "type": "Point", "coordinates": [ -9.0418, 53.2729 ] } },
{ "type": "Feature", "properties": { "city_id": 1372595407, "city": "Dublin", "city_ascii": "Dublin", "country": "Ireland", "iso2": "IE", "iso3": "IRL", "admin_name": "Dublin", "population": 1173179.0, "openalex_ai_works_recent": 179, "openalex_ai_institution_count": 1, "overlay_match_count": 1, "openalex_match_km": 1.999215279790113, "dist_km_nearest_region": 0.0073893931582779153, "access_score": 99.999630531024621, "nearest_provider": "aws", "nearest_region": "eu-west-1", "nearest_location_name": "EU (Ireland)", "spatial_lag_log_ai_works": 4.3355281747522501, "gi_star_z": 1.166685821245846, "gi_star_p": 0.24333727083559431, "hotspot_class": "not_significant", "hotspot_rank": 53.0, "k_nn": 8 }, "geometry": { "type": "Point", "coordinates": [ -6.2603, 53.3497 ] } },
{ "type": "Feature", "properties": { "city_id": 1376261644, "city": "Jerusalem", "city_ascii": "Jerusalem", "country": "Israel", "iso2": "IL", "iso3": "ISR", "admin_name": "Southern", "population": 919438.0, "openalex_ai_works_recent": 21, "openalex_ai_institution_count": 1, "overlay_match_count": 1, "openalex_match_km": 1.5860275344641928, "dist_km_nearest_region": 43.383411405949353, "access_score": 97.85418674301792, "nearest_provider": "aws", "nearest_region": "il-central-1", "nearest_location_name": "Middle East (Israel) - ???", "spatial_lag_log_ai_works": 3.9257037593482687, "gi_star_z": 0.050408004868001434, "gi_star_p": 0.95979725753550826, "hotspot_class": "not_significant", "hotspot_rank": 153.0, "k_nn": 8 }, "geometry": { "type": "Point", "coordinates": [ 35.2167, 31.7833 ] } },
{ "type": "Feature", "properties": { "city_id": 1376401542, "city": "Tel Aviv-Yafo", "city_ascii": "Tel Aviv-Yafo", "country": "Israel", "iso2": "IL", "iso3": "ISR", "admin_name": "Tel Aviv", "population": 451523.0, "openalex_ai_works_recent": 199, "openalex_ai_institution_count": 1, "overlay_match_count": 1, "openalex_match_km": 0.11161976476153913, "dist_km_nearest_region": 61.559941429402436, "access_score": 96.968890956276127, "nearest_provider": "aws", "nearest_region": "il-central-1", "nearest_location_name": "Middle East (Israel) - ???", "spatial_lag_log_ai_works": 3.5006623650754363, "gi_star_z": -0.40249938972083532, "gi_star_p": 0.68731653740757315, "hotspot_class": "not_significant", "hotspot_rank": null, "k_nn": 8 }, "geometry": { "type": "Point", "coordinates": [ 34.78, 32.08 ] } },
{ "type": "Feature", "properties": { "city_id": 1376739486, "city": "Givatayim", "city_ascii": "Givatayim", "country": "Israel", "iso2": "IL", "iso3": "ISR", "admin_name": "Tel Aviv", "population": 59518.0, "openalex_ai_works_recent": 207, "openalex_ai_institution_count": 1, "overlay_match_count": 1, "openalex_match_km": 1.4012190011034549, "dist_km_nearest_region": 60.091918443510167, "access_score": 97.040093365192675, "nearest_provider": "aws", "nearest_region": "il-central-1", "nearest_location_name": "Middle East (Israel) - ???", "spatial_lag_log_ai_works": 3.7528964034757304, "gi_star_z": 0.050408004868001434, "gi_star_p": 0.95979725753550826, "hotspot_class": "not_significant", "hotspot_rank": 153.0, "k_nn": 8 }, "geometry": { "type": "Point", "coordinates": [ 34.8117, 32.0697 ] } },
{ "type": "Feature", "properties": { "city_id": 1380310225, "city": "Pisa", "city_ascii": "Pisa", "country": "Italy", "iso2": "IT", "iso3": "ITA", "admin_name": "Tuscany", "population": 90118.0, "openalex_ai_works_recent": 68, "openalex_ai_institution_count": 1, "overlay_match_count": 1, "openalex_match_km": 0.95342893169303278, "dist_km_nearest_region": 216.65815143188075, "access_score": 89.733225758357818, "nearest_provider": "aws", "nearest_region": "eu-south-1", "nearest_location_name": "EU (Milan)", "spatial_lag_log_ai_works": 3.3169256699190495, "gi_star_z": -1.0477745369989966, "gi_star_p": 0.2947424966954526, "hotspot_class": "not_significant", "hotspot_rank": null, "k_nn": 8 }, "geometry": { "type": "Point", "coordinates": [ 10.4, 43.7167 ] } },
{ "type": "Feature", "properties": { "city_id": 1380522093, "city": "Modica", "city_ascii": "Modica", "country": "Italy", "iso2": "IT", "iso3": "ITA", "admin_name": "Sicilia", "population": 54530.0, "openalex_ai_works_recent": 60, "openalex_ai_institution_count": 1, "overlay_match_count": 1, "openalex_match_km": 111.21483064524169, "dist_km_nearest_region": 1062.9869249541587, "access_score": 58.772656633680143, "nearest_provider": "aws", "nearest_region": "eu-south-1", "nearest_location_name": "EU (Milan)", "spatial_lag_log_ai_works": 3.4700052113769622, "gi_star_z": -0.60802790988266708, "gi_star_p": 0.5431689631941371, "hotspot_class": "not_significant", "hotspot_rank": null, "k_nn": 8 }, "geometry": { "type": "Point", "coordinates": [ 14.7614, 36.8672 ] } },
{ "type": "Feature", "properties": { "city_id": 1380597324, "city": "Ancona", "city_ascii": "Ancona", "country": "Italy", "iso2": "IT", "iso3": "ITA", "admin_name": "Marche", "population": 100924.0, "openalex_ai_works_recent": 0, "openalex_ai_institution_count": 1, "overlay_match_count": 1, "openalex_match_km": 4.6479428922793762, "dist_km_nearest_region": 399.67955508893374, "access_score": 81.886194263913666, "nearest_provider": "aws", "nearest_region": "eu-south-1", "nearest_location_name": "EU (Milan)", "spatial_lag_log_ai_works": 3.749356542647424, "gi_star_z": -0.96801881529032574, "gi_star_p": 0.33303497301132212, "hotspot_class": "not_significant", "hotspot_rank": null, "k_nn": 8 }, "geometry": { "type": "Point", "coordinates": [ 13.5167, 43.6167 ] } },
{ "type": "Feature", "properties": { "city_id": 1380716540, "city": "Genoa", "city_ascii": "Genoa", "country": "Italy", "iso2": "IT", "iso3": "ITA", "admin_name": "Liguria", "population": 580097.0, "openalex_ai_works_recent": 83, "openalex_ai_institution_count": 1, "overlay_match_count": 1, "openalex_match_km": 0.8681164174726439, "dist_km_nearest_region": 119.24245840603982, "access_score": 94.212131405194754, "nearest_provider": "aws", "nearest_region": "eu-south-1", "nearest_location_name": "EU (Milan)", "spatial_lag_log_ai_works": 3.2793808234518167, "gi_star_z": -0.95092438773654819, "gi_star_p": 0.34164276070816224, "hotspot_class": "not_significant", "hotspot_rank": null, "k_nn": 8 }, "geometry": { "type": "Point", "coordinates": [ 8.934, 44.4072 ] } },
{ "type": "Feature", "properties": { "city_id": 1380724377, "city": "Milan", "city_ascii": "Milan", "country": "Italy", "iso2": "IT", "iso3": "ITA", "admin_name": "Lombardy", "population": 1366180.0, "openalex_ai_works_recent": 0, "openalex_ai_institution_count": 1, "overlay_match_count": 1, "openalex_match_km": 3.2799305152218041, "dist_km_nearest_region": 0.30220699975889465, "access_score": 99.984890791567935, "nearest_provider": "aws", "nearest_region": "eu-south-1", "nearest_location_name": "EU (Milan)", "spatial_lag_log_ai_works": 3.8832532431099005, "gi_star_z": -0.73944406641349714, "gi_star_p": 0.45963739229391365, "hotspot_class": "not_significant", "hotspot_rank": null, "k_nn": 8 }, "geometry": { "type": "Point", "coordinates": [ 9.19, 45.4669 ] } },
{ "type": "Feature", "properties": { "city_id": 1380732659, "city": "Cosenza", "city_ascii": "Cosenza", "country": "Italy", "iso2": "IT", "iso3": "ITA", "admin_name": "Calabria", "population": 67239.0, "openalex_ai_works_recent": 33, "openalex_ai_institution_count": 1, "overlay_match_count": 1, "openalex_match_km": 6.9382994028281297, "dist_km_nearest_region": 897.09455989782339, "access_score": 63.855511997250503, "nearest_provider": "aws", "nearest_region": "eu-south-1", "nearest_location_name": "EU (Milan)", "spatial_lag_log_ai_works": 3.6895249693643422, "gi_star_z": -0.37903091410263229, "gi_star_p": 0.70466490748889599, "hotspot_class": "not_significant", "hotspot_rank": null, "k_nn": 8 }, "geometry": { "type": "Point", "coordinates": [ 16.25, 39.3 ] } },
{ "type": "Feature", "properties": { "city_id": 1380953307, "city": "Trento", "city_ascii": "Trento", "country": "Italy", "iso2": "IT", "iso3": "ITA", "admin_name": "Trentino-Alto Adige", "population": 117997.0, "openalex_ai_works_recent": 348, "openalex_ai_institution_count": 2, "overlay_match_count": 1, "openalex_match_km": 0.36212642239022258, "dist_km_nearest_region": 163.80212440558088, "access_score": 92.136311182374342, "nearest_provider": "aws", "nearest_region": "eu-south-1", "nearest_location_name": "EU (Milan)", "spatial_lag_log_ai_works": 3.3815262309428298, "gi_star_z": -0.45729853372209361, "gi_star_p": 0.64745648348680818, "hotspot_class": "not_significant", "hotspot_rank": null, "k_nn": 8 }, "geometry": { "type": "Point", "coordinates": [ 11.1167, 46.0667 ] } },
{ "type": "Feature", "properties": { "city_id": 1392129541, "city": "Kitaku", "city_ascii": "Kitaku", "country": "Japan", "iso2": "JP", "iso3": "JPN", "admin_name": "Fukuoka", "population": 997536.0, "openalex_ai_works_recent": 106, "openalex_ai_institution_count": 1, "overlay_match_count": 1, "openalex_match_km": 3.4816433453334974, "dist_km_nearest_region": 216.16524910709472, "access_score": 89.755343341491326, "nearest_provider": "azure", "nearest_region": "koreasouth", "nearest_location_name": "Busan, Korea South, Asia Pacific", "spatial_lag_log_ai_works": 3.2199424757180779, "gi_star_z": -1.1689359604983973, "gi_star_p": 0.2424294337249121, "hotspot_class": "not_significant", "hotspot_rank": null, "k_nn": 8 }, "geometry": { "type": "Point", "coordinates": [ 130.82, 33.8704 ] } },
{ "type": "Feature", "properties": { "city_id": 1392291253, "city": "Izuo", "city_ascii": "Izuo", "country": "Japan", "iso2": "JP", "iso3": "JPN", "admin_name": "Ōsaka", "population": 184299.0, "openalex_ai_works_recent": 20, "openalex_ai_institution_count": 1, "overlay_match_count": 1, "openalex_match_km": 11.770352382324685, "dist_km_nearest_region": 16.340612522425527, "access_score": 99.186297997638164, "nearest_provider": "gcp", "nearest_region": "asia-northeast2", "nearest_location_name": "Osaka, Japan, APAC", "spatial_lag_log_ai_works": 3.3961671527239994, "gi_star_z": -1.1913893545961169, "gi_star_p": 0.23350077007658687, "hotspot_class": "not_significant", "hotspot_rank": null, "k_nn": 8 }, "geometry": { "type": "Point", "coordinates": [ 135.4236, 34.4836 ] } },
{ "type": "Feature", "properties": { "city_id": 1392299085, "city": "Koja", "city_ascii": "Koja", "country": "Japan", "iso2": "JP", "iso3": "JPN", "admin_name": "Okinawa", "population": 58658.0, "openalex_ai_works_recent": 12, "openalex_ai_institution_count": 1, "overlay_match_count": 1, "openalex_match_km": 10.011339682933501, "dist_km_nearest_region": 772.35370554366091, "access_score": 67.965031700857764, "nearest_provider": "gcp", "nearest_region": "asia-east1", "nearest_location_name": "Changhua County, Taiwan, APAC", "spatial_lag_log_ai_works": 3.2782936556228561, "gi_star_z": -1.3996308167193023, "gi_star_p": 0.16162390079411881, "hotspot_class": "not_significant", "hotspot_rank": null, "k_nn": 8 }, "geometry": { "type": "Point", "coordinates": [ 127.8057, 26.3344 ] } },
{ "type": "Feature", "properties": { "city_id": 1392346493, "city": "Chigasaki", "city_ascii": "Chigasaki", "country": "Japan", "iso2": "JP", "iso3": "JPN", "admin_name": "Kanagawa", "population": 242347.0, "openalex_ai_works_recent": 8, "openalex_ai_institution_count": 1, "overlay_match_count": 1, "openalex_match_km": 4.4029309856236942, "dist_km_nearest_region": 50.364394429986582, "access_score": 97.513222946573137, "nearest_provider": "gcp", "nearest_region": "asia-northeast1", "nearest_location_name": "Tokyo, Japan, APAC", "spatial_lag_log_ai_works": 3.5869455855285461, "gi_star_z": -0.88313813145568898, "gi_star_p": 0.37716164401936236, "hotspot_class": "not_significant", "hotspot_rank": null, "k_nn": 8 }, "geometry": { "type": "Point", "coordinates": [ 139.4047, 35.3339 ] } },
{ "type": "Feature", "properties": { "city_id": 1392373695, "city": "Hiroshima", "city_ascii": "Hiroshima", "country": "Japan", "iso2": "JP", "iso3": "JPN", "admin_name": "Hiroshima", "population": 1306589.0, "openalex_ai_works_recent": 11, "openalex_ai_institution_count": 2, "overlay_match_count": 1, "openalex_match_km": 0.75566400643764831, "dist_km_nearest_region": 279.64136569464659, "access_score": 86.951414022002012, "nearest_provider": "gcp", "nearest_region": "asia-northeast2", "nearest_location_name": "Osaka, Japan, APAC", "spatial_lag_log_ai_works": 3.5427136830009327, "gi_star_z": -0.92826698303268862, "gi_star_p": 0.35326909627217384, "hotspot_class": "not_significant", "hotspot_rank": null, "k_nn": 8 }, "geometry": { "type": "Point", "coordinates": [ 132.45, 34.4 ] } },
{ "type": "Feature", "properties": { "city_id": 1392390581, "city": "Ikoma", "city_ascii": "Ikoma", "country": "Japan", "iso2": "JP", "iso3": "JPN", "admin_name": "Nara", "population": 116174.0, "openalex_ai_works_recent": 189, "openalex_ai_institution_count": 1, "overlay_match_count": 1, "openalex_match_km": 0.95447619614431256, "dist_km_nearest_region": 18.140321570955106, "access_score": 99.097084904062783, "nearest_provider": "azure", "nearest_region": "japanwest", "nearest_location_name": "Osaka, Japan West, Asia Pacific", "spatial_lag_log_ai_works": 3.4703385452697808, "gi_star_z": -0.62397878514309624, "gi_star_p": 0.53264151763471601, "hotspot_class": "not_significant", "hotspot_rank": null, "k_nn": 8 }, "geometry": { "type": "Point", "coordinates": [ 135.7006, 34.6919 ] } },
{ "type": "Feature", "properties": { "city_id": 1392512633, "city": "Yotsukaidō", "city_ascii": "Yotsukaido", "country": "Japan", "iso2": "JP", "iso3": "JPN", "admin_name": "Chiba", "population": 93233.0, "openalex_ai_works_recent": 26, "openalex_ai_institution_count": 1, "overlay_match_count": 1, "openalex_match_km": 4.783806694136902, "dist_km_nearest_region": 35.994795571664952, "access_score": 98.216358815497927, "nearest_provider": "azure", "nearest_region": "japaneast", "nearest_location_name": "Tokyo, Saitama, Japan East, Asia Pacific", "spatial_lag_log_ai_works": 3.7513917938831129, "gi_star_z": -0.30095408069965285, "gi_star_p": 0.76344951036467967, "hotspot_class": "not_significant", "hotspot_rank": null, "k_nn": 8 }, "geometry": { "type": "Point", "coordinates": [ 140.1683, 35.67 ] } },
{ "type": "Feature", "properties": { "city_id": 1392622735, "city": "Kyōto", "city_ascii": "Kyoto", "country": "Japan", "iso2": "JP", "iso3": "JPN", "admin_name": "Kyōto", "population": 1805000.0, "openalex_ai_works_recent": 42, "openalex_ai_institution_count": 2, "overlay_match_count": 1, "openalex_match_km": 1.6600090768987907, "dist_km_nearest_region": 42.74867442868824, "access_score": 97.88524750696385, "nearest_provider": "azure", "nearest_region": "japanwest", "nearest_location_name": "Osaka, Japan West, Asia Pacific", "spatial_lag_log_ai_works": 3.5525513757788016, "gi_star_z": -0.72700261580243475, "gi_star_p": 0.46722435332692969, "hotspot_class": "not_significant", "hotspot_rank": null, "k_nn": 8 }, "geometry": { "type": "Point", "coordinates": [ 135.7669, 35.0111 ] } },
{ "type": "Feature", "properties": { "city_id": 1392675180, "city": "Tamuramachi-moriyama", "city_ascii": "Tamuramachi-moriyama", "country": "Japan", "iso2": "JP", "iso3": "JPN", "admin_name": "Fukushima", "population": 340560.0, "openalex_ai_works_recent": 59, "openalex_ai_institution_count": 1, "overlay_match_count": 1, "openalex_match_km": 47.421927921144679, "dist_km_nearest_region": 191.74650994180345, "access_score": 90.857916666408613, "nearest_provider": "gcp", "nearest_region": "asia-northeast1", "nearest_location_name": "Tokyo, Japan, APAC", "spatial_lag_log_ai_works": 3.8696411711479946, "gi_star_z": 0.097532274656281767, "gi_star_p": 0.92230370493130509, "hotspot_class": "not_significant", "hotspot_rank": 148.0, "k_nn": 8 }, "geometry": { "type": "Point", "coordinates": [ 140.4134, 37.3252 ] } },
{ "type": "Feature", "properties": { "city_id": 1392685764, "city": "Tokyo", "city_ascii": "Tokyo", "country": "Japan", "iso2": "JP", "iso3": "JPN", "admin_name": "Tōkyō", "population": 37977000.0, "openalex_ai_works_recent": 778, "openalex_ai_institution_count": 14, "overlay_match_count": 1, "openalex_match_km": 1.5512337932174702, "dist_km_nearest_region": 6.121869536211257, "access_score": 99.694374511656335, "nearest_provider": "gcp", "nearest_region": "asia-northeast1", "nearest_location_name": "Tokyo, Japan, APAC", "spatial_lag_log_ai_works": 3.4151743758964708, "gi_star_z": -0.30095408069965285, "gi_star_p": 0.76344951036467967, "hotspot_class": "not_significant", "hotspot_rank": null, "k_nn": 8 }, "geometry": { "type": "Point", "coordinates": [ 139.6922, 35.6897 ] } },
{ "type": "Feature", "properties": { "city_id": 1392772700, "city": "Niiza", "city_ascii": "Niiza", "country": "Japan", "iso2": "JP", "iso3": "JPN", "admin_name": "Saitama", "population": 164653.0, "openalex_ai_works_recent": 26, "openalex_ai_institution_count": 1, "overlay_match_count": 1, "openalex_match_km": 5.2522579024524969, "dist_km_nearest_region": 21.399710568628123, "access_score": 98.935718454665817, "nearest_provider": "gcp", "nearest_region": "asia-northeast1", "nearest_location_name": "Tokyo, Japan, APAC", "spatial_lag_log_ai_works": 3.7164739789834185, "gi_star_z": -0.38095241860609425, "gi_star_p": 0.70323855545841485, "hotspot_class": "not_significant", "hotspot_rank": null, "k_nn": 8 }, "geometry": { "type": "Point", "coordinates": [ 139.5653, 35.7933 ] } },
{ "type": "Feature", "properties": { "city_id": 1392795984, "city": "Tokushima", "city_ascii": "Tokushima", "country": "Japan", "iso2": "JP", "iso3": "JPN", "admin_name": "Tokushima", "population": 254510.0, "openalex_ai_works_recent": 50, "openalex_ai_institution_count": 1, "overlay_match_count": 1, "openalex_match_km": 0.99128498909290186, "dist_km_nearest_region": 106.00527601870537, "access_score": 94.837751065025529, "nearest_provider": "gcp", "nearest_region": "asia-northeast2", "nearest_location_name": "Osaka, Japan, APAC", "spatial_lag_log_ai_works": 3.422137101089572, "gi_star_z": -0.92826698303268862, "gi_star_p": 0.35326909627217384, "hotspot_class": "not_significant", "hotspot_rank": null, "k_nn": 8 }, "geometry": { "type": "Point", "coordinates": [ 134.55, 34.0667 ] } },
{ "type": "Feature", "properties": { "city_id": 1392840575, "city": "Shirayamamachi", "city_ascii": "Shirayamamachi", "country": "Japan", "iso2": "JP", "iso3": "JPN", "admin_name": "Ishikawa", "population": 110135.0, "openalex_ai_works_recent": 134, "openalex_ai_institution_count": 1, "overlay_match_count": 1, "openalex_match_km": 8.9262411593015969, "dist_km_nearest_region": 224.09596034818276, "access_score": 89.400136213030891, "nearest_provider": "azure", "nearest_region": "japanwest", "nearest_location_name": "Osaka, Japan West, Asia Pacific", "spatial_lag_log_ai_works": 3.3775793995487802, "gi_star_z": -0.95336579906547592, "gi_star_p": 0.34040476368427186, "hotspot_class": "not_significant", "hotspot_rank": null, "k_nn": 8 }, "geometry": { "type": "Point", "coordinates": [ 136.5656, 36.5144 ] } },
{ "type": "Feature", "properties": { "city_id": 1392918777, "city": "Habikino", "city_ascii": "Habikino", "country": "Japan", "iso2": "JP", "iso3": "JPN", "admin_name": "Ōsaka", "population": 108373.0, "openalex_ai_works_recent": 3, "openalex_ai_institution_count": 1, "overlay_match_count": 1, "openalex_match_km": 4.0512328743730803, "dist_km_nearest_region": 12.645637980789614, "access_score": 99.369712796712221, "nearest_provider": "gcp", "nearest_region": "asia-northeast2", "nearest_location_name": "Osaka, Japan, APAC", "spatial_lag_log_ai_works": 3.5145668288273604, "gi_star_z": -1.1463574949503907, "gi_star_p": 0.2516472623153847, "hotspot_class": "not_significant", "hotspot_rank": null, "k_nn": 8 }, "geometry": { "type": "Point", "coordinates": [ 135.6061, 34.5578 ] } },
{ "type": "Feature", "properties": { "city_id": 1392981957, "city": "Morioka", "city_ascii": "Morioka", "country": "Japan", "iso2": "JP", "iso3": "JPN", "admin_name": "Iwate", "population": 290553.0, "openalex_ai_works_recent": 22, "openalex_ai_institution_count": 1, "overlay_match_count": 1, "openalex_match_km": 13.024035228400487, "dist_km_nearest_region": 461.33710129103639, "access_score": 79.400259407328704, "nearest_provider": "gcp", "nearest_region": "asia-northeast1", "nearest_location_name": "Tokyo, Japan, APAC", "spatial_lag_log_ai_works": 3.6623687780751197, "gi_star_z": -0.49773847764203438, "gi_star_p": 0.61866838396489088, "hotspot_class": "not_significant", "hotspot_rank": null, "k_nn": 8 }, "geometry": { "type": "Point", "coordinates": [ 141.15, 39.6833 ] } },
{ "type": "Feature", "properties": { "city_id": 1392993634, "city": "Neya", "city_ascii": "Neya", "country": "Japan", "iso2": "JP", "iso3": "JPN", "admin_name": "Ōsaka", "population": 227997.0, "openalex_ai_works_recent": 3, "openalex_ai_institution_count": 1, "overlay_match_count": 1, "openalex_match_km": 0.58897009137618883, "dist_km_nearest_region": 14.029522262947921, "access_score": 99.300978487706118, "nearest_provider": "azure", "nearest_region": "japanwest", "nearest_location_name": "Osaka, Japan West, Asia Pacific", "spatial_lag_log_ai_works": 3.693560034865754, "gi_star_z": -0.79578435938015901, "gi_star_p": 0.42615738413399384, "hotspot_class": "not_significant", "hotspot_rank": null, "k_nn": 8 }, "geometry": { "type": "Point", "coordinates": [ 135.6281, 34.7661 ] } },
{ "type": "Feature", "properties": { "city_id": 1400522593, "city": "Amman", "city_ascii": "Amman", "country": "Jordan", "iso2": "JO", "iso3": "JOR", "admin_name": "Al ‘Āşimah", "population": 4007526.0, "openalex_ai_works_recent": 33, "openalex_ai_institution_count": 1, "overlay_match_count": 1, "openalex_match_km": 1.2496537731663815, "dist_km_nearest_region": 111.08237976386489, "access_score": 94.597305834936691, "nearest_provider": "aws", "nearest_region": "il-central-1", "nearest_location_name": "Middle East (Israel) - ???", "spatial_lag_log_ai_works": 3.8922177538668956, "gi_star_z": 0.050408004868001434, "gi_star_p": 0.95979725753550826, "hotspot_class": "not_significant", "hotspot_rank": 153.0, "k_nn": 8 }, "geometry": { "type": "Point", "coordinates": [ 35.9333, 31.95 ] } },
{ "type": "Feature", "properties": { "city_id": 1410622472, "city": "Sŏngnam", "city_ascii": "Songnam", "country": "Korea, South", "iso2": "KR", "iso3": "KOR", "admin_name": "Gyeonggi", "population": 948757.0, "openalex_ai_works_recent": 97, "openalex_ai_institution_count": 1, "overlay_match_count": 1, "openalex_match_km": 5.1545078718876658, "dist_km_nearest_region": 20.020415195959323, "access_score": 99.003972777006439, "nearest_provider": "aws", "nearest_region": "ap-northeast-2", "nearest_location_name": "Asia Pacific (Seoul)", "spatial_lag_log_ai_works": 3.4230315083652383, "gi_star_z": -0.6461407108557975, "gi_star_p": 0.51818823222248789, "hotspot_class": "not_significant", "hotspot_rank": null, "k_nn": 8 }, "geometry": { "type": "Point", "coordinates": [ 127.1378, 37.4386 ] } },
{ "type": "Feature", "properties": { "city_id": 1410679777, "city": "Suwon", "city_ascii": "Suwon", "country": "Korea, South", "iso2": "KR", "iso3": "KOR", "admin_name": "Gyeonggi", "population": 1234300.0, "openalex_ai_works_recent": 36, "openalex_ai_institution_count": 1, "overlay_match_count": 1, "openalex_match_km": 8.9057187385012817, "dist_km_nearest_region": 31.340107250330885, "access_score": 98.445208287112365, "nearest_provider": "azure", "nearest_region": "koreacentral", "nearest_location_name": "Seoul, Korea Central, Asia Pacific", "spatial_lag_log_ai_works": 3.9909328197085436, "gi_star_z": 0.24427206793576911, "gi_star_p": 0.80702011487797443, "hotspot_class": "not_significant", "hotspot_rank": 128.0, "k_nn": 8 }, "geometry": { "type": "Point", "coordinates": [ 127.01, 37.2858 ] } },
{ "type": "Feature", "properties": { "city_id": 1410836482, "city": "Seoul", "city_ascii": "Seoul", "country": "Korea, South", "iso2": "KR", "iso3": "KOR", "admin_name": "Seoul", "population": 21794000.0, "openalex_ai_works_recent": 10, "openalex_ai_institution_count": 1, "overlay_match_count": 1, "openalex_match_km": 6.2702254279753546, "dist_km_nearest_region": 1.2714734344175118, "access_score": 99.936446532056152, "nearest_provider": "aws", "nearest_region": "ap-northeast-2", "nearest_location_name": "Asia Pacific (Seoul)", "spatial_lag_log_ai_works": 4.112235083693129, "gi_star_z": 0.24427206793576911, "gi_star_p": 0.80702011487797443, "hotspot_class": "not_significant", "hotspot_rank": 128.0, "k_nn": 8 }, "geometry": { "type": "Point", "coordinates": [ 126.99, 37.56 ] } },
{ "type": "Feature", "properties": { "city_id": 1410993875, "city": "Daejeon", "city_ascii": "Daejeon", "country": "Korea, South", "iso2": "KR", "iso3": "KOR", "admin_name": "Daejeon", "population": 1475221.0, "openalex_ai_works_recent": 35, "openalex_ai_institution_count": 1, "overlay_match_count": 1, "openalex_match_km": 0.20802928139989391, "dist_km_nearest_region": 139.91142902725616, "access_score": 93.243511233407389, "nearest_provider": "azure", "nearest_region": "koreacentral", "nearest_location_name": "Seoul, Korea Central, Asia Pacific", "spatial_lag_log_ai_works": 3.5551795356893914, "gi_star_z": -0.5738826177278642, "gi_star_p": 0.56604723636508369, "hotspot_class": "not_significant", "hotspot_rank": null, "k_nn": 8 }, "geometry": { "type": "Point", "coordinates": [ 127.385, 36.351 ] } },
{ "type": "Feature", "properties": { "city_id": 1440302852, "city": "Kaunas", "city_ascii": "Kaunas", "country": "Lithuania", "iso2": "LT", "iso3": "LTU", "admin_name": "Kauno Miestas", "population": 288466.0, "openalex_ai_works_recent": 37, "openalex_ai_institution_count": 1, "overlay_match_count": 1, "openalex_match_km": 1.5445202570727516, "dist_km_nearest_region": 354.00232629701748, "access_score": 83.777881006125355, "nearest_provider": "gcp", "nearest_region": "europe-central2", "nearest_location_name": "Warsaw, Poland, Europe", "spatial_lag_log_ai_works": 3.0011532963408003, "gi_star_z": -2.086913690877723, "gi_star_p": 0.03689593708798506, "hotspot_class": "cold_spot_95", "hotspot_rank": null, "k_nn": 8 }, "geometry": { "type": "Point", "coordinates": [ 23.9333, 54.9 ] } },
{ "type": "Feature", "properties": { "city_id": 1446227359, "city": "Macau", "city_ascii": "Macau", "country": "Macau", "iso2": "MO", "iso3": "MAC", "admin_name": null, "population": 568700.0, "openalex_ai_works_recent": 146, "openalex_ai_institution_count": 1, "overlay_match_count": 1, "openalex_match_km": 0.29452158938939116, "dist_km_nearest_region": 64.150458179517784, "access_score": 96.843372495112433, "nearest_provider": "aws", "nearest_region": "ap-east-1", "nearest_location_name": "Asia Pacific (Hong Kong)", "spatial_lag_log_ai_works": 5.0517976453983806, "gi_star_z": 2.7794189286490125, "gi_star_p": 0.0054456244784647475, "hotspot_class": "hot_spot_99", "hotspot_rank": 1.0, "k_nn": 8 }, "geometry": { "type": "Point", "coordinates": [ 113.545, 22.203 ] } },
{ "type": "Feature", "properties": { "city_id": 1484247881, "city": "Mexico City", "city_ascii": "Mexico City", "country": "Mexico", "iso2": "MX", "iso3": "MEX", "admin_name": "Ciudad de México", "population": 20996000.0, "openalex_ai_works_recent": 426, "openalex_ai_institution_count": 3, "overlay_match_count": 1, "openalex_match_km": 0.79888974222093689, "dist_km_nearest_region": 1111.9474895378507, "access_score": 57.351353340838905, "nearest_provider": "azure", "nearest_region": "southcentralus", "nearest_location_name": "Texas, South Central US, US", "spatial_lag_log_ai_works": 2.5380731771253862, "gi_star_z": -2.013723759807585, "gi_star_p": 0.044038544040145004, "hotspot_class": "cold_spot_95", "hotspot_rank": null, "k_nn": 8 }, "geometry": { "type": "Point", "coordinates": [ -99.1333, 19.4333 ] } },
{ "type": "Feature", "properties": { "city_id": 1484273506, "city": "Temixco", "city_ascii": "Temixco", "country": "Mexico", "iso2": "MX", "iso3": "MEX", "admin_name": "Morelos", "population": 116143.0, "openalex_ai_works_recent": 20, "openalex_ai_institution_count": 1, "overlay_match_count": 1, "openalex_match_km": 3.2571146777558218, "dist_km_nearest_region": 1177.3083316255195, "access_score": 55.507381958860577, "nearest_provider": "azure", "nearest_region": "southcentralus", "nearest_location_name": "Texas, South Central US, US", "spatial_lag_log_ai_works": 2.8727689077370746, "gi_star_z": -2.013723759807585, "gi_star_p": 0.044038544040145004, "hotspot_class": "cold_spot_95", "hotspot_rank": null, "k_nn": 8 }, "geometry": { "type": "Point", "coordinates": [ -99.2333, 18.85 ] } },
{ "type": "Feature", "properties": { "city_id": 1484416394, "city": "Puebla", "city_ascii": "Puebla", "country": "Mexico", "iso2": "MX", "iso3": "MEX", "admin_name": "Puebla", "population": 1576259.0, "openalex_ai_works_recent": 49, "openalex_ai_institution_count": 1, "overlay_match_count": 1, "openalex_match_km": 2.1808090645707621, "dist_km_nearest_region": 1155.0275706628165, "access_score": 56.129212597188513, "nearest_provider": "azure", "nearest_region": "southcentralus", "nearest_location_name": "Texas, South Central US, US", "spatial_lag_log_ai_works": 2.7763799557698836, "gi_star_z": -2.013723759807585, "gi_star_p": 0.044038544040145004, "hotspot_class": "cold_spot_95", "hotspot_rank": null, "k_nn": 8 }, "geometry": { "type": "Point", "coordinates": [ -98.1833, 19.0333 ] } },
{ "type": "Feature", "properties": { "city_id": 1484708778, "city": "Tijuana", "city_ascii": "Tijuana", "country": "Mexico", "iso2": "MX", "iso3": "MEX", "admin_name": "Baja California", "population": 2384609.0, "openalex_ai_works_recent": 119, "openalex_ai_institution_count": 1, "overlay_match_count": 1, "openalex_match_km": 3.721217348347877, "dist_km_nearest_region": 203.78981012713513, "access_score": 90.312446048933694, "nearest_provider": "gcp", "nearest_region": "us-west2", "nearest_location_name": "Los Angeles, California, North America", "spatial_lag_log_ai_works": 3.9187790969530596, "gi_star_z": 0.33629282179259334, "gi_star_p": 0.73665006242483533, "hotspot_class": "not_significant", "hotspot_rank": 124.0, "k_nn": 8 }, "geometry": { "type": "Point", "coordinates": [ -117.0333, 32.525 ] } },
{ "type": "Feature", "properties": { "city_id": 1496024767, "city": "Ulaanbaatar", "city_ascii": "Ulaanbaatar", "country": "Mongolia", "iso2": "MN", "iso3": "MNG", "admin_name": "Ulaanbaatar", "population": 1396288.0, "openalex_ai_works_recent": 22, "openalex_ai_institution_count": 1, "overlay_match_count": 1, "openalex_match_km": 0.21603061076515842, "dist_km_nearest_region": 1168.7025306455855, "access_score": 55.746739295982358, "nearest_provider": "aws", "nearest_region": "cn-north-1", "nearest_location_name": "China (Beijing)", "spatial_lag_log_ai_works": 4.6685931097842719, "gi_star_z": 1.3012494274976787, "gi_star_p": 0.19317309160567075, "hotspot_class": "not_significant", "hotspot_rank": 42.0, "k_nn": 8 }, "geometry": { "type": "Point", "coordinates": [ 106.9172, 47.9203 ] } },
{ "type": "Feature", "properties": { "city_id": 1504023252, "city": "Rabat", "city_ascii": "Rabat", "country": "Morocco", "iso2": "MA", "iso3": "MAR", "admin_name": "Rabat-Salé-Kénitra", "population": 572717.0, "openalex_ai_works_recent": 25, "openalex_ai_institution_count": 1, "overlay_match_count": 1, "openalex_match_km": 1.3794357288792511, "dist_km_nearest_region": 762.75391859458182, "access_score": 68.292040789581776, "nearest_provider": "gcp", "nearest_region": "europe-southwest1", "nearest_location_name": "Madrid, Spain, Europe", "spatial_lag_log_ai_works": 3.809398949613775, "gi_star_z": -0.19520401627699743, "gi_star_p": 0.84523323500873726, "hotspot_class": "not_significant", "hotspot_rank": null, "k_nn": 8 }, "geometry": { "type": "Point", "coordinates": [ -6.8361, 34.0253 ] } },
{ "type": "Feature", "properties": { "city_id": 1528012745, "city": "Oosterhout", "city_ascii": "Oosterhout", "country": "Netherlands", "iso2": "NL", "iso3": "NLD", "admin_name": "Noord-Brabant", "population": 55616.0, "openalex_ai_works_recent": 95, "openalex_ai_institution_count": 1, "overlay_match_count": 1, "openalex_match_km": 18.89362980530467, "dist_km_nearest_region": 80.514825576006061, "access_score": 96.054215149297548, "nearest_provider": "azure", "nearest_region": "westeurope", "nearest_location_name": "Netherlands, West Europe, Europe", "spatial_lag_log_ai_works": 3.5495935161414454, "gi_star_z": -0.36637236082335289, "gi_star_p": 0.71408724101340537, "hotspot_class": "not_significant", "hotspot_rank": null, "k_nn": 8 }, "geometry": { "type": "Point", "coordinates": [ 4.8569, 51.6431 ] } },
{ "type": "Feature", "properties": { "city_id": 1528355309, "city": "Amsterdam", "city_ascii": "Amsterdam", "country": "Netherlands", "iso2": "NL", "iso3": "NLD", "admin_name": "Noord-Holland", "population": 862965.0, "openalex_ai_works_recent": 602, "openalex_ai_institution_count": 4, "overlay_match_count": 1, "openalex_match_km": 0.92337330326195077, "dist_km_nearest_region": 1.1338687333825679, "access_score": 99.943322631023094, "nearest_provider": "azure", "nearest_region": "westeurope", "nearest_location_name": "Netherlands, West Europe, Europe", "spatial_lag_log_ai_works": 3.3198973904840265, "gi_star_z": -0.36637236082335289, "gi_star_p": 0.71408724101340537, "hotspot_class": "not_significant", "hotspot_rank": null, "k_nn": 8 }, "geometry": { "type": "Point", "coordinates": [ 4.8833, 52.3667 ] } },
{ "type": "Feature", "properties": { "city_id": 1528799905, "city": "The Hague", "city_ascii": "The Hague", "country": "Netherlands", "iso2": "NL", "iso3": "NLD", "admin_name": "Zuid-Holland", "population": 1406000.0, "openalex_ai_works_recent": 4, "openalex_ai_institution_count": 1, "overlay_match_count": 1, "openalex_match_km": 0.0034051377530042253, "dist_km_nearest_region": 52.135254545188104, "access_score": 97.426920021203173, "nearest_provider": "azure", "nearest_region": "westeurope", "nearest_location_name": "Netherlands, West Europe, Europe", "spatial_lag_log_ai_works": 3.9189573010206624, "gi_star_z": -0.36637236082335289, "gi_star_p": 0.71408724101340537, "hotspot_class": "not_significant", "hotspot_rank": null, "k_nn": 8 }, "geometry": { "type": "Point", "coordinates": [ 4.2986, 52.0767 ] } },
{ "type": "Feature", "properties": { "city_id": 1528862562, "city": "Arnhem", "city_ascii": "Arnhem", "country": "Netherlands", "iso2": "NL", "iso3": "NLD", "admin_name": "Gelderland", "population": 148070.0, "openalex_ai_works_recent": 62, "openalex_ai_institution_count": 1, "overlay_match_count": 1, "openalex_match_km": 16.258579911433738, "dist_km_nearest_region": 81.387213242494809, "access_score": 96.012326029544326, "nearest_provider": "azure", "nearest_region": "westeurope", "nearest_location_name": "Netherlands, West Europe, Europe", "spatial_lag_log_ai_works": 3.982810503991411, "gi_star_z": 0.30849346386810972, "gi_star_p": 0.75770687297171335, "hotspot_class": "not_significant", "hotspot_rank": 126.0, "k_nn": 8 }, "geometry": { "type": "Point", "coordinates": [ 5.9167, 51.9833 ] } },
{ "type": "Feature", "properties": { "city_id": 1528992603, "city": "Leeuwarden", "city_ascii": "Leeuwarden", "country": "Netherlands", "iso2": "NL", "iso3": "NLD", "admin_name": "Fryslân", "population": 124084.0, "openalex_ai_works_recent": 11, "openalex_ai_institution_count": 1, "overlay_match_count": 1, "openalex_match_km": 1.7860110958533599, "dist_km_nearest_region": 76.038843795150015, "access_score": 96.269424336063878, "nearest_provider": "gcp", "nearest_region": "europe-west4", "nearest_location_name": "Eemshaven, Netherlands, Europe", "spatial_lag_log_ai_works": 4.0964993846025077, "gi_star_z": 0.14252867056983645, "gi_star_p": 0.88666243469802231, "hotspot_class": "not_significant", "hotspot_rank": 141.0, "k_nn": 8 }, "geometry": { "type": "Point", "coordinates": [ 5.7833, 53.2 ] } },
{ "type": "Feature", "properties": { "city_id": 1578324706, "city": "Oslo", "city_ascii": "Oslo", "country": "Norway", "iso2": "NO", "iso3": "NOR", "admin_name": "Oslo", "population": 693494.0, "openalex_ai_works_recent": 1, "openalex_ai_institution_count": 1, "overlay_match_count": 1, "openalex_match_km": 2.7888453323874254, "dist_km_nearest_region": 0.30933899882501326, "access_score": 99.984534246129783, "nearest_provider": "azure", "nearest_region": "norwayeast", "nearest_location_name": "Norway, Norway East, Europe", "spatial_lag_log_ai_works": 2.2141723519942285, "gi_star_z": -3.5926195985145162, "gi_star_p": 0.00032737032007019914, "hotspot_class": "cold_spot_99", "hotspot_rank": null, "k_nn": 8 }, "geometry": { "type": "Point", "coordinates": [ 10.7528, 59.9111 ] } },
{ "type": "Feature", "properties": { "city_id": 1586001546, "city": "Mardan", "city_ascii": "Mardan", "country": "Pakistan", "iso2": "PK", "iso3": "PAK", "admin_name": "Khyber Pakhtunkhwa", "population": 300424.0, "openalex_ai_works_recent": 105, "openalex_ai_institution_count": 1, "overlay_match_count": 1, "openalex_match_km": 0.90935433390960108, "dist_km_nearest_region": 787.98742596500961, "access_score": 67.435829592952118, "nearest_provider": "gcp", "nearest_region": "asia-south2", "nearest_location_name": "Delhi, India APAC", "spatial_lag_log_ai_works": 4.5148787269132118, "gi_star_z": 1.5099290190277961, "gi_star_p": 0.13106153707221849, "hotspot_class": "not_significant", "hotspot_rank": 22.0, "k_nn": 8 }, "geometry": { "type": "Point", "coordinates": [ 72.0447, 34.1958 ] } },
{ "type": "Feature", "properties": { "city_id": 1586801463, "city": "Lahore", "city_ascii": "Lahore", "country": "Pakistan", "iso2": "PK", "iso3": "PAK", "admin_name": "Punjab", "population": 11021000.0, "openalex_ai_works_recent": 144, "openalex_ai_institution_count": 2, "overlay_match_count": 1, "openalex_match_km": 5.3404009613764929, "dist_km_nearest_region": 424.82224382952353, "access_score": 80.863218280779719, "nearest_provider": "gcp", "nearest_region": "asia-south2", "nearest_location_name": "Delhi, India APAC", "spatial_lag_log_ai_works": 4.4076234415151596, "gi_star_z": 1.3572011993329258, "gi_star_p": 0.17471728978403434, "hotspot_class": "not_significant", "hotspot_rank": 35.0, "k_nn": 8 }, "geometry": { "type": "Point", "coordinates": [ 74.3436, 31.5497 ] } },
{ "type": "Feature", "properties": { "city_id": 1608794590, "city": "Mandaue City", "city_ascii": "Mandaue City", "country": "Philippines", "iso2": "PH", "iso3": "PHL", "admin_name": "Mandaue", "population": 362654.0, "openalex_ai_works_recent": 0, "openalex_ai_institution_count": 1, "overlay_match_count": 1, "openalex_match_km": 1.4525968563105933, "dist_km_nearest_region": 1569.6409172998176, "access_score": 45.620160148467228, "nearest_provider": "gcp", "nearest_region": "asia-east1", "nearest_location_name": "Changhua County, Taiwan, APAC", "spatial_lag_log_ai_works": 3.3934124494053459, "gi_star_z": -1.7022489224653969, "gi_star_p": 0.088708715311985945, "hotspot_class": "not_significant", "hotspot_rank": null, "k_nn": 8 }, "geometry": { "type": "Point", "coordinates": [ 123.9333, 10.3333 ] } },
{ "type": "Feature", "properties": { "city_id": 1616024847, "city": "Warsaw", "city_ascii": "Warsaw", "country": "Poland", "iso2": "PL", "iso3": "POL", "admin_name": "Mazowieckie", "population": 1790658.0, "openalex_ai_works_recent": 299, "openalex_ai_institution_count": 3, "overlay_match_count": 1, "openalex_match_km": 4.8778406433136965, "dist_km_nearest_region": 2.4809719988275645, "access_score": 99.876028308529769, "nearest_provider": "gcp", "nearest_region": "europe-central2", "nearest_location_name": "Warsaw, Poland, Europe", "spatial_lag_log_ai_works": 3.6821416327291265, "gi_star_z": 0.080704072455253573, "gi_star_p": 0.93567729803288668, "hotspot_class": "not_significant", "hotspot_rank": 149.0, "k_nn": 8 }, "geometry": { "type": "Point", "coordinates": [ 21.0333, 52.2167 ] } },
{ "type": "Feature", "properties": { "city_id": 1616108520, "city": "Wrocław", "city_ascii": "Wroclaw", "country": "Poland", "iso2": "PL", "iso3": "POL", "admin_name": "Dolnośląskie", "population": 638586.0, "openalex_ai_works_recent": 141, "openalex_ai_institution_count": 1, "overlay_match_count": 1, "openalex_match_km": 1.1136325849887654, "dist_km_nearest_region": 301.07006534306237, "access_score": 86.024759270817029, "nearest_provider": "gcp", "nearest_region": "europe-central2", "nearest_location_name": "Warsaw, Poland, Europe", "spatial_lag_log_ai_works": 4.3778929978366179, "gi_star_z": 1.2420795960265067, "gi_star_p": 0.21420719593564952, "hotspot_class": "not_significant", "hotspot_rank": 47.0, "k_nn": 8 }, "geometry": { "type": "Point", "coordinates": [ 17.0325, 51.11 ] } },
{ "type": "Feature", "properties": { "city_id": 1616879570, "city": "Rzeszów", "city_ascii": "Rzeszow", "country": "Poland", "iso2": "PL", "iso3": "POL", "admin_name": "Podkarpackie", "population": 182548.0, "openalex_ai_works_recent": 8, "openalex_ai_institution_count": 1, "overlay_match_count": 1, "openalex_match_km": 0.96766948174699019, "dist_km_nearest_region": 252.31811426606538, "access_score": 88.147463080491903, "nearest_provider": "gcp", "nearest_region": "europe-central2", "nearest_location_name": "Warsaw, Poland, Europe", "spatial_lag_log_ai_works": 3.7768120138772847, "gi_star_z": -0.46017998327996318, "gi_star_p": 0.64538703734569824, "hotspot_class": "not_significant", "hotspot_rank": null, "k_nn": 8 }, "geometry": { "type": "Point", "coordinates": [ 22.0, 50.05 ] } },
{ "type": "Feature", "properties": { "city_id": 1616881632, "city": "Częstochowa", "city_ascii": "Czestochowa", "country": "Poland", "iso2": "PL", "iso3": "POL", "admin_name": "Śląskie", "population": 228179.0, "openalex_ai_works_recent": 54, "openalex_ai_institution_count": 1, "overlay_match_count": 1, "openalex_match_km": 1.4671276670151225, "dist_km_nearest_region": 204.96222777197602, "access_score": 90.25951961077358, "nearest_provider": "gcp", "nearest_region": "europe-central2", "nearest_location_name": "Warsaw, Poland, Europe", "spatial_lag_log_ai_works": 3.9565459858021494, "gi_star_z": 0.24356139274515842, "gi_star_p": 0.80757053202106166, "hotspot_class": "not_significant", "hotspot_rank": 130.0, "k_nn": 8 }, "geometry": { "type": "Point", "coordinates": [ 19.1222, 50.8096 ] } },
{ "type": "Feature", "properties": { "city_id": 1620174557, "city": "Setúbal", "city_ascii": "Setubal", "country": "Portugal", "iso2": "PT", "iso3": "PRT", "admin_name": "Setúbal", "population": 121185.0, "openalex_ai_works_recent": 0, "openalex_ai_institution_count": 1, "overlay_match_count": 1, "openalex_match_km": 0.38292958274097061, "dist_km_nearest_region": 492.50440639720961, "access_score": 78.172504650485024, "nearest_provider": "gcp", "nearest_region": "europe-southwest1", "nearest_location_name": "Madrid, Spain, Europe", "spatial_lag_log_ai_works": 4.4242435245615583, "gi_star_z": 0.1729071554755843, "gi_star_p": 0.86272440711607845, "hotspot_class": "not_significant", "hotspot_rank": 136.0, "k_nn": 8 }, "geometry": { "type": "Point", "coordinates": [ -8.8926, 38.5243 ] } },
{ "type": "Feature", "properties": { "city_id": 1620619017, "city": "Lisbon", "city_ascii": "Lisbon", "country": "Portugal", "iso2": "PT", "iso3": "PRT", "admin_name": "Lisboa", "population": 506654.0, "openalex_ai_works_recent": 153, "openalex_ai_institution_count": 2, "overlay_match_count": 1, "openalex_match_km": 2.0673499101900839, "dist_km_nearest_region": 503.12101065795019, "access_score": 77.758640806498121, "nearest_provider": "gcp", "nearest_region": "europe-southwest1", "nearest_location_name": "Madrid, Spain, Europe", "spatial_lag_log_ai_works": 3.7946244492598549, "gi_star_z": 0.1729071554755843, "gi_star_p": 0.86272440711607845, "hotspot_class": "not_significant", "hotspot_rank": 136.0, "k_nn": 8 }, "geometry": { "type": "Point", "coordinates": [ -9.1604, 38.7452 ] } },
{ "type": "Feature", "properties": { "city_id": 1634459660, "city": "Doha", "city_ascii": "Doha", "country": "Qatar", "iso2": "QA", "iso3": "QAT", "admin_name": "Ad Dawḩah", "population": 1312947.0, "openalex_ai_works_recent": 20, "openalex_ai_institution_count": 1, "overlay_match_count": 1, "openalex_match_km": 1.6349035661114291, "dist_km_nearest_region": 138.02934344585881, "access_score": 93.331298666820246, "nearest_provider": "aws", "nearest_region": "me-south-1", "nearest_location_name": "Middle East (Bahrain)", "spatial_lag_log_ai_works": 4.4009054263141332, "gi_star_z": 0.88312473777270906, "gi_star_p": 0.37716887974939817, "hotspot_class": "not_significant", "hotspot_rank": 70.0, "k_nn": 8 }, "geometry": { "type": "Point", "coordinates": [ 51.5333, 25.3 ] } },
{ "type": "Feature", "properties": { "city_id": 1642367695, "city": "Iaşi", "city_ascii": "Iasi", "country": "Romania", "iso2": "RO", "iso3": "ROU", "admin_name": "Iaşi", "population": 290422.0, "openalex_ai_works_recent": 72, "openalex_ai_institution_count": 2, "overlay_match_count": 1, "openalex_match_km": 0.97545068381538447, "dist_km_nearest_region": 735.53948076183917, "access_score": 69.227656667660426, "nearest_provider": "gcp", "nearest_region": "europe-central2", "nearest_location_name": "Warsaw, Poland, Europe", "spatial_lag_log_ai_works": 2.7354985339872999, "gi_star_z": -2.0115113736433092, "gi_star_p": 0.04427147019210486, "hotspot_class": "cold_spot_95", "hotspot_rank": null, "k_nn": 8 }, "geometry": { "type": "Point", "coordinates": [ 27.5889, 47.1622 ] } },
{ "type": "Feature", "properties": { "city_id": 1642414442, "city": "Bucharest", "city_ascii": "Bucharest", "country": "Romania", "iso2": "RO", "iso3": "ROU", "admin_name": "Bucureşti", "population": 1883425.0, "openalex_ai_works_recent": 233, "openalex_ai_institution_count": 2, "overlay_match_count": 1, "openalex_match_km": 4.0231264590976075, "dist_km_nearest_region": 947.75805129749472, "access_score": 62.258256453403249, "nearest_provider": "gcp", "nearest_region": "europe-central2", "nearest_location_name": "Warsaw, Poland, Europe", "spatial_lag_log_ai_works": 3.684126543022133, "gi_star_z": -0.061823805200584919, "gi_star_p": 0.95070314593755567, "hotspot_class": "not_significant", "hotspot_rank": null, "k_nn": 8 }, "geometry": { "type": "Point", "coordinates": [ 26.0833, 44.4 ] } },
{ "type": "Feature", "properties": { "city_id": 1642603121, "city": "Timişoara", "city_ascii": "Timisoara", "country": "Romania", "iso2": "RO", "iso3": "ROU", "admin_name": "Timiş", "population": 319279.0, "openalex_ai_works_recent": 35, "openalex_ai_institution_count": 1, "overlay_match_count": 1, "openalex_match_km": 0.74365972717040085, "dist_km_nearest_region": 719.86660851124225, "access_score": 69.772285966471287, "nearest_provider": "gcp", "nearest_region": "europe-central2", "nearest_location_name": "Warsaw, Poland, Europe", "spatial_lag_log_ai_works": 3.1671182181167619, "gi_star_z": -1.4911578046211706, "gi_star_p": 0.13592006892922626, "hotspot_class": "not_significant", "hotspot_rank": null, "k_nn": 8 }, "geometry": { "type": "Point", "coordinates": [ 21.23, 45.7597 ] } },
{ "type": "Feature", "properties": { "city_id": 1642781938, "city": "Piteşti", "city_ascii": "Pitesti", "country": "Romania", "iso2": "RO", "iso3": "ROU", "admin_name": "Argeş", "population": 155383.0, "openalex_ai_works_recent": 6, "openalex_ai_institution_count": 1, "overlay_match_count": 1, "openalex_match_km": 2.273097697297259, "dist_km_nearest_region": 866.94364606713066, "access_score": 64.825455820521711, "nearest_provider": "gcp", "nearest_region": "europe-central2", "nearest_location_name": "Warsaw, Poland, Europe", "spatial_lag_log_ai_works": 3.897055611193788, "gi_star_z": -0.25817476480012391, "gi_star_p": 0.79627203266364444, "hotspot_class": "not_significant", "hotspot_rank": null, "k_nn": 8 }, "geometry": { "type": "Point", "coordinates": [ 24.8833, 44.8667 ] } },
{ "type": "Feature", "properties": { "city_id": 1642996909, "city": "Arad", "city_ascii": "Arad", "country": "Romania", "iso2": "RO", "iso3": "ROU", "admin_name": "Arad", "population": 159074.0, "openalex_ai_works_recent": 7, "openalex_ai_institution_count": 1, "overlay_match_count": 1, "openalex_match_km": 1.8492352671770955, "dist_km_nearest_region": 674.8010504038491, "access_score": 71.362295867560221, "nearest_provider": "gcp", "nearest_region": "europe-central2", "nearest_location_name": "Warsaw, Poland, Europe", "spatial_lag_log_ai_works": 3.148256539169898, "gi_star_z": -1.7588675044024158, "gi_star_p": 0.078600015737092729, "hotspot_class": "not_significant", "hotspot_rank": null, "k_nn": 8 }, "geometry": { "type": "Point", "coordinates": [ 21.3167, 46.1667 ] } },
{ "type": "Feature", "properties": { "city_id": 1643175363, "city": "Khabarovsk", "city_ascii": "Khabarovsk", "country": "Russia", "iso2": "RU", "iso3": "RUS", "admin_name": "Khabarovskiy Kray", "population": 616242.0, "openalex_ai_works_recent": 28, "openalex_ai_institution_count": 1, "overlay_match_count": 1, "openalex_match_km": 1.3317459026149594, "dist_km_nearest_region": 1378.6711268329084, "access_score": 50.19094452971914, "nearest_provider": "aws", "nearest_region": "ap-northeast-2", "nearest_location_name": "Asia Pacific (Seoul)", "spatial_lag_log_ai_works": 3.7172878941764358, "gi_star_z": -0.33434109460854933, "gi_star_p": 0.73812218382700379, "hotspot_class": "not_significant", "hotspot_rank": null, "k_nn": 8 }, "geometry": { "type": "Point", "coordinates": [ 135.0667, 48.4833 ] } },
{ "type": "Feature", "properties": { "city_id": 1643223486, "city": "Zelënodol’sk", "city_ascii": "Zelenodol'sk", "country": "Russia", "iso2": "RU", "iso3": "RUS", "admin_name": "Tatarstan", "population": 99491.0, "openalex_ai_works_recent": 53, "openalex_ai_institution_count": 1, "overlay_match_count": 1, "openalex_match_km": 18.227603105356309, "dist_km_nearest_region": 1347.4376400986853, "access_score": 50.980915965418475, "nearest_provider": "gcp", "nearest_region": "europe-north1", "nearest_location_name": "Hamina, Finland, Europe", "spatial_lag_log_ai_works": 3.3772764426664552, "gi_star_z": -0.85840964206171377, "gi_star_p": 0.39066630525134682, "hotspot_class": "not_significant", "hotspot_rank": null, "k_nn": 8 }, "geometry": { "type": "Point", "coordinates": [ 48.5167, 55.85 ] } },
{ "type": "Feature", "properties": { "city_id": 1643318494, "city": "Moscow", "city_ascii": "Moscow", "country": "Russia", "iso2": "RU", "iso3": "RUS", "admin_name": "Moskva", "population": 17125000.0, "openalex_ai_works_recent": 605, "openalex_ai_institution_count": 7, "overlay_match_count": 1, "openalex_match_km": 5.49295029313953, "dist_km_nearest_region": 811.18152339056621, "access_score": 66.658290287130839, "nearest_provider": "gcp", "nearest_region": "europe-north1", "nearest_location_name": "Hamina, Finland, Europe", "spatial_lag_log_ai_works": 3.1473784794812518, "gi_star_z": -0.67120431369998002, "gi_star_p": 0.50209038102014358, "hotspot_class": "not_significant", "hotspot_rank": null, "k_nn": 8 }, "geometry": { "type": "Point", "coordinates": [ 37.6178, 55.7558 ] } },
{ "type": "Feature", "properties": { "city_id": 1643395657, "city": "Serpukhov", "city_ascii": "Serpukhov", "country": "Russia", "iso2": "RU", "iso3": "RUS", "admin_name": "Moskovskaya Oblast’", "population": 125817.0, "openalex_ai_works_recent": 15, "openalex_ai_institution_count": 1, "overlay_match_count": 1, "openalex_match_km": 16.782526536390083, "dist_km_nearest_region": 871.23942950512128, "access_score": 64.686367187918876, "nearest_provider": "gcp", "nearest_region": "europe-north1", "nearest_location_name": "Hamina, Finland, Europe", "spatial_lag_log_ai_works": 3.6016648874599442, "gi_star_z": -0.67120431369998002, "gi_star_p": 0.50209038102014358, "hotspot_class": "not_significant", "hotspot_rank": null, "k_nn": 8 }, "geometry": { "type": "Point", "coordinates": [ 37.4, 54.9167 ] } },
{ "type": "Feature", "properties": { "city_id": 1688374696, "city": "Belgrade", "city_ascii": "Belgrade", "country": "Serbia", "iso2": "RS", "iso3": "SRB", "admin_name": "Beograd", "population": 1378682.0, "openalex_ai_works_recent": 38, "openalex_ai_institution_count": 1, "overlay_match_count": 1, "openalex_match_km": 3.9343791112981368, "dist_km_nearest_region": 825.4922908889946, "access_score": 66.183027013381789, "nearest_provider": "gcp", "nearest_region": "europe-central2", "nearest_location_name": "Warsaw, Poland, Europe", "spatial_lag_log_ai_works": 2.6570960940485149, "gi_star_z": -2.292180585370581, "gi_star_p": 0.021895224779493336, "hotspot_class": "cold_spot_95", "hotspot_rank": null, "k_nn": 8 }, "geometry": { "type": "Point", "coordinates": [ 20.4667, 44.8167 ] } },
{ "type": "Feature", "properties": { "city_id": 1688661068, "city": "Niš", "city_ascii": "Nis", "country": "Serbia", "iso2": "RS", "iso3": "SRB", "admin_name": "Niš", "population": 183164.0, "openalex_ai_works_recent": 104, "openalex_ai_institution_count": 1, "overlay_match_count": 1, "openalex_match_km": 0.84783538335948527, "dist_km_nearest_region": 993.25990678560458, "access_score": 60.857814442620572, "nearest_provider": "gcp", "nearest_region": "europe-central2", "nearest_location_name": "Warsaw, Poland, Europe", "spatial_lag_log_ai_works": 3.6947463744667277, "gi_star_z": -0.20752479345806141, "gi_star_p": 0.83560003172893915, "hotspot_class": "not_significant", "hotspot_rank": null, "k_nn": 8 }, "geometry": { "type": "Point", "coordinates": [ 21.8961, 43.3192 ] } },
{ "type": "Feature", "properties": { "city_id": 1702341327, "city": "Singapore", "city_ascii": "Singapore", "country": "Singapore", "iso2": "SG", "iso3": "SGP", "admin_name": "Central Singapore", "population": 5745000.0, "openalex_ai_works_recent": 1072, "openalex_ai_institution_count": 4, "overlay_match_count": 1, "openalex_match_km": 3.8301670575116824, "dist_km_nearest_region": 4.1268908761535776, "access_score": 99.793868200192421, "nearest_provider": "azure", "nearest_region": "southeastasia", "nearest_location_name": "Singapore, Southeast Asia, Asia Pacific", "spatial_lag_log_ai_works": 3.4767584213826526, "gi_star_z": -0.040201509884146135, "gi_star_p": 0.96793247389134207, "hotspot_class": "not_significant", "hotspot_rank": null, "k_nn": 8 }, "geometry": { "type": "Point", "coordinates": [ 103.8, 1.3 ] } },
{ "type": "Feature", "properties": { "city_id": 1703195001, "city": "Bratislava", "city_ascii": "Bratislava", "country": "Slovakia", "iso2": "SK", "iso3": "SVK", "admin_name": "Bratislavský", "population": 429564.0, "openalex_ai_works_recent": 38, "openalex_ai_institution_count": 1, "overlay_match_count": 1, "openalex_match_km": 0.59162564560210917, "dist_km_nearest_region": 532.18241975450542, "access_score": 76.636922387027738, "nearest_provider": "gcp", "nearest_region": "europe-central2", "nearest_location_name": "Warsaw, Poland, Europe", "spatial_lag_log_ai_works": 3.4821167981428602, "gi_star_z": -0.76864217864642792, "gi_star_p": 0.44210575902337579, "hotspot_class": "not_significant", "hotspot_rank": null, "k_nn": 8 }, "geometry": { "type": "Point", "coordinates": [ 17.1128, 48.1447 ] } },
{ "type": "Feature", "properties": { "city_id": 1703890031, "city": "Nitra", "city_ascii": "Nitra", "country": "Slovakia", "iso2": "SK", "iso3": "SVK", "admin_name": "Nitriansky", "population": 77374.0, "openalex_ai_works_recent": 38, "openalex_ai_institution_count": 1, "overlay_match_count": 1, "openalex_match_km": 0.81640510150350432, "dist_km_nearest_region": 482.36431425376634, "access_score": 78.569849277229736, "nearest_provider": "gcp", "nearest_region": "europe-central2", "nearest_location_name": "Warsaw, Poland, Europe", "spatial_lag_log_ai_works": 3.2863211564170007, "gi_star_z": -1.3363375438656957, "gi_star_p": 0.18143897035883372, "hotspot_class": "not_significant", "hotspot_rank": null, "k_nn": 8 }, "geometry": { "type": "Point", "coordinates": [ 18.0875, 48.3147 ] } },
{ "type": "Feature", "properties": { "city_id": 1704413791, "city": "Hanoi", "city_ascii": "Hanoi", "country": "Vietnam", "iso2": "VN", "iso3": "VNM", "admin_name": "Hà Nội", "population": 7785000.0, "openalex_ai_works_recent": 226, "openalex_ai_institution_count": 4, "overlay_match_count": 1, "openalex_match_km": 1.6010789181408467, "dist_km_nearest_region": 871.1523999965242, "access_score": 64.68918206053732, "nearest_provider": "aws", "nearest_region": "ap-east-1", "nearest_location_name": "Asia Pacific (Hong Kong)", "spatial_lag_log_ai_works": 4.6051622107906107, "gi_star_z": 1.9842939236970638, "gi_star_p": 0.047223083174161594, "hotspot_class": "hot_spot_95", "hotspot_rank": 7.0, "k_nn": 8 }, "geometry": { "type": "Point", "coordinates": [ 105.8412, 21.0245 ] } },
{ "type": "Feature", "properties": { "city_id": 1704774326, "city": "Ho Chi Minh City", "city_ascii": "Ho Chi Minh City", "country": "Vietnam", "iso2": "VN", "iso3": "VNM", "admin_name": "Hồ Chí Minh", "population": 13312000.0, "openalex_ai_works_recent": 373, "openalex_ai_institution_count": 2, "overlay_match_count": 1, "openalex_match_km": 0.80814614736940815, "dist_km_nearest_region": 1096.802563487372, "access_score": 57.787292828142299, "nearest_provider": "aws", "nearest_region": "ap-southeast-1", "nearest_location_name": "Asia Pacific (Singapore)", "spatial_lag_log_ai_works": 4.2830354727608846, "gi_star_z": 1.2662412265050214, "gi_star_p": 0.20542673178041726, "hotspot_class": "not_significant", "hotspot_rank": 44.0, "k_nn": 8 }, "geometry": { "type": "Point", "coordinates": [ 106.6333, 10.8167 ] } },
{ "type": "Feature", "properties": { "city_id": 1705917455, "city": "Ljubljana", "city_ascii": "Ljubljana", "country": "Slovenia", "iso2": "SI", "iso3": "SVN", "admin_name": "Ljubljana", "population": 286745.0, "openalex_ai_works_recent": 351, "openalex_ai_institution_count": 3, "overlay_match_count": 1, "openalex_match_km": 0.90091750806542759, "dist_km_nearest_region": 418.29807201260144, "access_score": 81.127431754875843, "nearest_provider": "aws", "nearest_region": "eu-south-1", "nearest_location_name": "EU (Milan)", "spatial_lag_log_ai_works": 2.7013196490214177, "gi_star_z": -1.5826309814566939, "gi_star_p": 0.11350559774560275, "hotspot_class": "not_significant", "hotspot_rank": null, "k_nn": 8 }, "geometry": { "type": "Point", "coordinates": [ 14.5167, 46.05 ] } },
{ "type": "Feature", "properties": { "city_id": 1724196400, "city": "San Cugat del Vallés", "city_ascii": "San Cugat del Valles", "country": "Spain", "iso2": "ES", "iso3": "ESP", "admin_name": "Catalonia", "population": 92977.0, "openalex_ai_works_recent": 85, "openalex_ai_institution_count": 1, "overlay_match_count": 1, "openalex_match_km": 5.0268814641093433, "dist_km_nearest_region": 262.6912319783807, "access_score": 87.691464628818906, "nearest_provider": "azure", "nearest_region": "francesouth", "nearest_location_name": "Marseille, France South, Europe", "spatial_lag_log_ai_works": 4.4978410798250144, "gi_star_z": 1.7465152422447883, "gi_star_p": 0.080721460845197268, "hotspot_class": "not_significant", "hotspot_rank": 14.0, "k_nn": 8 }, "geometry": { "type": "Point", "coordinates": [ 2.0852, 41.4735 ] } },
{ "type": "Feature", "properties": { "city_id": 1724417375, "city": "A Coruña", "city_ascii": "A Coruna", "country": "Spain", "iso2": "ES", "iso3": "ESP", "admin_name": "Galicia", "population": 370610.0, "openalex_ai_works_recent": 87, "openalex_ai_institution_count": 1, "overlay_match_count": 1, "openalex_match_km": 1.8429339886824385, "dist_km_nearest_region": 510.00556142078989, "access_score": 77.491434314571578, "nearest_provider": "gcp", "nearest_region": "europe-southwest1", "nearest_location_name": "Madrid, Spain, Europe", "spatial_lag_log_ai_works": 4.0924112538525534, "gi_star_z": 0.57693227095277144, "gi_star_p": 0.56398520950436648, "hotspot_class": "not_significant", "hotspot_rank": 92.0, "k_nn": 8 }, "geometry": { "type": "Point", "coordinates": [ -8.4188, 43.3713 ] } },
{ "type": "Feature", "properties": { "city_id": 1724422840, "city": "San Sebastián de los Reyes", "city_ascii": "San Sebastian de los Reyes", "country": "Spain", "iso2": "ES", "iso3": "ESP", "admin_name": "Madrid", "population": 91224.0, "openalex_ai_works_recent": 79, "openalex_ai_institution_count": 1, "overlay_match_count": 1, "openalex_match_km": 9.6792054685661011, "dist_km_nearest_region": 15.901670551480562, "access_score": 99.208068901158512, "nearest_provider": "gcp", "nearest_region": "europe-southwest1", "nearest_location_name": "Madrid, Spain, Europe", "spatial_lag_log_ai_works": 4.2857384326108532, "gi_star_z": 1.0365229872691779, "gi_star_p": 0.29995822092478286, "hotspot_class": "not_significant", "hotspot_rank": 63.0, "k_nn": 8 }, "geometry": { "type": "Point", "coordinates": [ -3.6258, 40.5469 ] } },
{ "type": "Feature", "properties": { "city_id": 1724451934, "city": "San Vicente de Baracaldo", "city_ascii": "San Vicente de Baracaldo", "country": "Spain", "iso2": "ES", "iso3": "ESP", "admin_name": "Basque Country", "population": 101486.0, "openalex_ai_works_recent": 268, "openalex_ai_institution_count": 1, "overlay_match_count": 1, "openalex_match_km": 3.306153872820321, "dist_km_nearest_region": 325.67409109333965, "access_score": 84.972964436295285, "nearest_provider": "gcp", "nearest_region": "europe-southwest1", "nearest_location_name": "Madrid, Spain, Europe", "spatial_lag_log_ai_works": 4.3502709831098576, "gi_star_z": 1.4879665214285911, "gi_star_p": 0.13675972285633692, "hotspot_class": "not_significant", "hotspot_rank": 25.0, "k_nn": 8 }, "geometry": { "type": "Point", "coordinates": [ -2.9917, 43.2972 ] } },
{ "type": "Feature", "properties": { "city_id": 1724547778, "city": "Santiago de Compostela", "city_ascii": "Santiago de Compostela", "country": "Spain", "iso2": "ES", "iso3": "ESP", "admin_name": "Galicia", "population": 92430.0, "openalex_ai_works_recent": 25, "openalex_ai_institution_count": 1, "overlay_match_count": 1, "openalex_match_km": 1.5626164639957021, "dist_km_nearest_region": 486.36429918083718, "access_score": 78.412867204622188, "nearest_provider": "gcp", "nearest_region": "europe-southwest1", "nearest_location_name": "Madrid, Spain, Europe", "spatial_lag_log_ai_works": 4.1351807605887361, "gi_star_z": 0.42438263225031769, "gi_star_p": 0.67128678481011272, "hotspot_class": "not_significant", "hotspot_rank": 116.0, "k_nn": 8 }, "geometry": { "type": "Point", "coordinates": [ -8.5444, 42.8778 ] } },
{ "type": "Feature", "properties": { "city_id": 1724594040, "city": "Barcelona", "city_ascii": "Barcelona", "country": "Spain", "iso2": "ES", "iso3": "ESP", "admin_name": "Catalonia", "population": 4588000.0, "openalex_ai_works_recent": 680, "openalex_ai_institution_count": 4, "overlay_match_count": 1, "openalex_match_km": 1.6497775878125989, "dist_km_nearest_region": 272.65539544786208, "access_score": 87.255665080503547, "nearest_provider": "azure", "nearest_region": "francesouth", "nearest_location_name": "Marseille, France South, Europe", "spatial_lag_log_ai_works": 4.2442415259474684, "gi_star_z": 1.3842294789595027, "gi_star_p": 0.1662881996188329, "hotspot_class": "not_significant", "hotspot_rank": 30.0, "k_nn": 8 }, "geometry": { "type": "Point", "coordinates": [ 2.1769, 41.3825 ] } },
{ "type": "Feature", "properties": { "city_id": 1724616994, "city": "Madrid", "city_ascii": "Madrid", "country": "Spain", "iso2": "ES", "iso3": "ESP", "admin_name": "Madrid", "population": 6026000.0, "openalex_ai_works_recent": 150, "openalex_ai_institution_count": 3, "overlay_match_count": 1, "openalex_match_km": 1.1972781605640324, "dist_km_nearest_region": 1.1105053862348992, "access_score": 99.944490143113185, "nearest_provider": "gcp", "nearest_region": "europe-southwest1", "nearest_location_name": "Madrid, Spain, Europe", "spatial_lag_log_ai_works": 3.9984307250428834, "gi_star_z": 0.54224972037371522, "gi_star_p": 0.58764648760323379, "hotspot_class": "not_significant", "hotspot_rank": 96.0, "k_nn": 8 }, "geometry": { "type": "Point", "coordinates": [ -3.7167, 40.4167 ] } },
{ "type": "Feature", "properties": { "city_id": 1724923163, "city": "Alicante", "city_ascii": "Alicante", "country": "Spain", "iso2": "ES", "iso3": "ESP", "admin_name": "Valencia", "population": 337482.0, "openalex_ai_works_recent": 78, "openalex_ai_institution_count": 1, "overlay_match_count": 1, "openalex_match_km": 0.14116023781699999, "dist_km_nearest_region": 360.0454757840709, "access_score": 83.525121934330514, "nearest_provider": "gcp", "nearest_region": "europe-southwest1", "nearest_location_name": "Madrid, Spain, Europe", "spatial_lag_log_ai_works": 4.0290204707857127, "gi_star_z": 0.50490330169733288, "gi_star_p": 0.61362675501800945, "hotspot_class": "not_significant", "hotspot_rank": 106.0, "k_nn": 8 }, "geometry": { "type": "Point", "coordinates": [ -0.4831, 38.3453 ] } },
{ "type": "Feature", "properties": { "city_id": 1724981666, "city": "Valencia", "city_ascii": "Valencia", "country": "Spain", "iso2": "ES", "iso3": "ESP", "admin_name": "Valencia", "population": 800215.0, "openalex_ai_works_recent": 172, "openalex_ai_institution_count": 1, "overlay_match_count": 1, "openalex_match_km": 0.5171589853523767, "dist_km_nearest_region": 302.52501166422996, "access_score": 85.962201324674126, "nearest_provider": "gcp", "nearest_region": "europe-southwest1", "nearest_location_name": "Madrid, Spain, Europe", "spatial_lag_log_ai_works": 4.8104131944858972, "gi_star_z": 2.1035888801574782, "gi_star_p": 0.035414324780612273, "hotspot_class": "hot_spot_95", "hotspot_rank": 6.0, "k_nn": 8 }, "geometry": { "type": "Point", "coordinates": [ -0.3764, 39.47 ] } },
{ "type": "Feature", "properties": { "city_id": 1728444337, "city": "Juba", "city_ascii": "Juba", "country": "South Sudan", "iso2": "SS", "iso3": "SSD", "admin_name": "Central Equatoria", "population": 372410.0, "openalex_ai_works_recent": 105, "openalex_ai_institution_count": 1, "overlay_match_count": 1, "openalex_match_km": 1.6679219622827957, "dist_km_nearest_region": 2986.3523255757032, "access_score": 22.465797087574408, "nearest_provider": "aws", "nearest_region": "il-central-1", "nearest_location_name": "Middle East (Israel) - ???", "spatial_lag_log_ai_works": 3.822060059927566, "gi_star_z": 0.13876431179937301, "gi_star_p": 0.88963639614416756, "hotspot_class": "not_significant", "hotspot_rank": 143.0, "k_nn": 8 }, "geometry": { "type": "Point", "coordinates": [ 31.6, 4.85 ] } },
{ "type": "Feature", "properties": { "city_id": 1752263370, "city": "Växjö", "city_ascii": "Vaxjo", "country": "Sweden", "iso2": "SE", "iso3": "SWE", "admin_name": "Kronoberg", "population": 59600.0, "openalex_ai_works_recent": 0, "openalex_ai_institution_count": 1, "overlay_match_count": 1, "openalex_match_km": 1.0153522828227528, "dist_km_nearest_region": 331.96579818327098, "access_score": 84.706071957328732, "nearest_provider": "aws", "nearest_region": "eu-north-1", "nearest_location_name": "EU (Stockholm)", "spatial_lag_log_ai_works": 3.1930838431671646, "gi_star_z": -2.2517287113645144, "gi_star_p": 0.024339421111800038, "hotspot_class": "cold_spot_95", "hotspot_rank": null, "k_nn": 8 }, "geometry": { "type": "Point", "coordinates": [ 14.8167, 56.8837 ] } },
{ "type": "Feature", "properties": { "city_id": 1752392511, "city": "Halmstad", "city_ascii": "Halmstad", "country": "Sweden", "iso2": "SE", "iso3": "SWE", "admin_name": "Halland", "population": 55657.0, "openalex_ai_works_recent": 41, "openalex_ai_institution_count": 1, "overlay_match_count": 1, "openalex_match_km": 0.15791915416354194, "dist_km_nearest_region": 380.51215459068857, "access_score": 82.674739559683047, "nearest_provider": "azure", "nearest_region": "norwayeast", "nearest_location_name": "Norway, Norway East, Europe", "spatial_lag_log_ai_works": 3.3072204991473666, "gi_star_z": -1.0441473316158594, "gi_star_p": 0.29641723019141175, "hotspot_class": "not_significant", "hotspot_rank": null, "k_nn": 8 }, "geometry": { "type": "Point", "coordinates": [ 12.8587, 56.6754 ] } },
{ "type": "Feature", "properties": { "city_id": 1756055099, "city": "Lausanne", "city_ascii": "Lausanne", "country": "Switzerland", "iso2": "CH", "iso3": "CHE", "admin_name": "Vaud", "population": 138905.0, "openalex_ai_works_recent": 224, "openalex_ai_institution_count": 2, "overlay_match_count": 2, "openalex_match_km": 1.9240253838446995, "dist_km_nearest_region": 52.457882398161786, "access_score": 97.411204969751424, "nearest_provider": "azure", "nearest_region": "switzerlandwest", "nearest_location_name": "Geneva, Switzerland West, Europe", "spatial_lag_log_ai_works": 3.8615211209841505, "gi_star_z": 0.37558068653545623, "gi_star_p": 0.70722865120374179, "hotspot_class": "not_significant", "hotspot_rank": 121.0, "k_nn": 8 }, "geometry": { "type": "Point", "coordinates": [ 6.6333, 46.5333 ] } },
{ "type": "Feature", "properties": { "city_id": 1756362130, "city": "Winterthur", "city_ascii": "Winterthur", "country": "Switzerland", "iso2": "CH", "iso3": "CHE", "admin_name": "Zürich", "population": 109775.0, "openalex_ai_works_recent": 48, "openalex_ai_institution_count": 1, "overlay_match_count": 1, "openalex_match_km": 0.74166322136474516, "dist_km_nearest_region": 13.287608511407212, "access_score": 99.337821701646121, "nearest_provider": "azure", "nearest_region": "switzerlandnorth", "nearest_location_name": "Zurich, Switzerland North, Europe", "spatial_lag_log_ai_works": 4.4630697335213885, "gi_star_z": 1.3831521229427832, "gi_star_p": 0.16661822638512369, "hotspot_class": "not_significant", "hotspot_rank": 31.0, "k_nn": 8 }, "geometry": { "type": "Point", "coordinates": [ 8.7267, 47.4992 ] } },
{ "type": "Feature", "properties": { "city_id": 1756503816, "city": "Lugano", "city_ascii": "Lugano", "country": "Switzerland", "iso2": "CH", "iso3": "CHE", "admin_name": "Ticino", "population": 63185.0, "openalex_ai_works_recent": 103, "openalex_ai_institution_count": 2, "overlay_match_count": 2, "openalex_match_km": 0.19156557642184738, "dist_km_nearest_region": 63.230995480750323, "access_score": 96.887904665061441, "nearest_provider": "aws", "nearest_region": "eu-south-1", "nearest_location_name": "EU (Milan)", "spatial_lag_log_ai_works": 3.6575438823625603, "gi_star_z": -0.18906534601363897, "gi_star_p": 0.85004160148518992, "hotspot_class": "not_significant", "hotspot_rank": null, "k_nn": 8 }, "geometry": { "type": "Point", "coordinates": [ 8.9625, 46.0103 ] } },
{ "type": "Feature", "properties": { "city_id": 1756539143, "city": "Zürich", "city_ascii": "Zurich", "country": "Switzerland", "iso2": "CH", "iso3": "CHE", "admin_name": "Zürich", "population": 434008.0, "openalex_ai_works_recent": 25, "openalex_ai_institution_count": 2, "overlay_match_count": 1, "openalex_match_km": 0.78401956922174143, "dist_km_nearest_region": 0.46820550639177472, "access_score": 99.97659246467154, "nearest_provider": "aws", "nearest_region": "eu-central-2", "nearest_location_name": "EU (Zurich)", "spatial_lag_log_ai_works": 4.5526987907429532, "gi_star_z": 1.3861867542442887, "gi_star_p": 0.16568988504723758, "hotspot_class": "not_significant", "hotspot_rank": 29.0, "k_nn": 8 }, "geometry": { "type": "Point", "coordinates": [ 8.54, 47.3786 ] } },
{ "type": "Feature", "properties": { "city_id": 1764039814, "city": "Ban Talat Rangsit", "city_ascii": "Ban Talat Rangsit", "country": "Thailand", "iso2": "TH", "iso3": "THA", "admin_name": "Pathum Thani", "population": 79319.0, "openalex_ai_works_recent": 59, "openalex_ai_institution_count": 1, "overlay_match_count": 1, "openalex_match_km": 9.0183192876345206, "dist_km_nearest_region": 1446.5457088114724, "access_score": 48.516179079471144, "nearest_provider": "gcp", "nearest_region": "asia-southeast1", "nearest_location_name": "Jurong West, Singapore, APAC", "spatial_lag_log_ai_works": 4.2889924625752069, "gi_star_z": 0.84063836956137927, "gi_star_p": 0.40055055658230942, "hotspot_class": "not_significant", "hotspot_rank": 73.0, "k_nn": 8 }, "geometry": { "type": "Point", "coordinates": [ 100.6095, 13.987 ] } },
{ "type": "Feature", "properties": { "city_id": 1764662886, "city": "Chiang Mai", "city_ascii": "Chiang Mai", "country": "Thailand", "iso2": "TH", "iso3": "THA", "admin_name": "Chiang Mai", "population": 132634.0, "openalex_ai_works_recent": 22, "openalex_ai_institution_count": 1, "overlay_match_count": 1, "openalex_match_km": 0.21956672796145923, "dist_km_nearest_region": 1626.7038418169989, "access_score": 44.336943345288589, "nearest_provider": "aws", "nearest_region": "ap-east-1", "nearest_location_name": "Asia Pacific (Hong Kong)", "spatial_lag_log_ai_works": 4.4106873237886806, "gi_star_z": 0.99299163826808656, "gi_star_p": 0.32071402940595295, "hotspot_class": "not_significant", "hotspot_rank": 67.0, "k_nn": 8 }, "geometry": { "type": "Point", "coordinates": [ 98.9833, 18.7889 ] } },
{ "type": "Feature", "properties": { "city_id": 1784176710, "city": "Abu Dhabi", "city_ascii": "Abu Dhabi", "country": "United Arab Emirates", "iso2": "AE", "iso3": "ARE", "admin_name": "Abū Z̧aby", "population": 1000000.0, "openalex_ai_works_recent": 296, "openalex_ai_institution_count": 2, "overlay_match_count": 1, "openalex_match_km": 14.579134680118136, "dist_km_nearest_region": 1.2862265617254176, "access_score": 99.935709347215905, "nearest_provider": "azure", "nearest_region": "uaecentral", "nearest_location_name": "Abu Dhabi, UAE Central, Middle East", "spatial_lag_log_ai_works": 4.0360067625902163, "gi_star_z": 0.74940005288911182, "gi_star_p": 0.45361611910182342, "hotspot_class": "not_significant", "hotspot_rank": 78.0, "k_nn": 8 }, "geometry": { "type": "Point", "coordinates": [ 54.3686, 24.4781 ] } },
{ "type": "Feature", "properties": { "city_id": 1788608864, "city": "Manouba", "city_ascii": "Manouba", "country": "Tunisia", "iso2": "TN", "iso3": "TUN", "admin_name": "Manouba", "population": 58792.0, "openalex_ai_works_recent": 53, "openalex_ai_institution_count": 1, "overlay_match_count": 1, "openalex_match_km": 1.186117761998241, "dist_km_nearest_region": 966.40916019559393, "access_score": 61.680362471925442, "nearest_provider": "aws", "nearest_region": "eu-south-1", "nearest_location_name": "EU (Milan)", "spatial_lag_log_ai_works": 3.6771576811131395, "gi_star_z": -0.26769811185509929, "gi_star_p": 0.78893170330908258, "hotspot_class": "not_significant", "hotspot_rank": null, "k_nn": 8 }, "geometry": { "type": "Point", "coordinates": [ 10.1, 36.8 ] } },
{ "type": "Feature", "properties": { "city_id": 1788741658, "city": "Sfax", "city_ascii": "Sfax", "country": "Tunisia", "iso2": "TN", "iso3": "TUN", "admin_name": "Sfax", "population": 272801.0, "openalex_ai_works_recent": 157, "openalex_ai_institution_count": 1, "overlay_match_count": 1, "openalex_match_km": 0.067320387599551501, "dist_km_nearest_region": 1199.8660731645236, "access_score": 54.884838762736422, "nearest_provider": "aws", "nearest_region": "eu-south-1", "nearest_location_name": "EU (Milan)", "spatial_lag_log_ai_works": 3.5429563078053028, "gi_star_z": -0.26769811185509929, "gi_star_p": 0.78893170330908258, "hotspot_class": "not_significant", "hotspot_rank": null, "k_nn": 8 }, "geometry": { "type": "Point", "coordinates": [ 10.76, 34.74 ] } },
{ "type": "Feature", "properties": { "city_id": 1788939893, "city": "Le Bardo", "city_ascii": "Le Bardo", "country": "Tunisia", "iso2": "TN", "iso3": "TUN", "admin_name": "Tunis", "population": 73953.0, "openalex_ai_works_recent": 34, "openalex_ai_institution_count": 1, "overlay_match_count": 1, "openalex_match_km": 2.5376668653794892, "dist_km_nearest_region": 965.66169084620719, "access_score": 61.703418870348273, "nearest_provider": "aws", "nearest_region": "eu-south-1", "nearest_location_name": "EU (Milan)", "spatial_lag_log_ai_works": 3.7313621792474967, "gi_star_z": -0.26769811185509929, "gi_star_p": 0.78893170330908258, "hotspot_class": "not_significant", "hotspot_rank": null, "k_nn": 8 }, "geometry": { "type": "Point", "coordinates": [ 10.1406, 36.8092 ] } },
{ "type": "Feature", "properties": { "city_id": 1792572891, "city": "Ankara", "city_ascii": "Ankara", "country": "Turkey", "iso2": "TR", "iso3": "TUR", "admin_name": "Ankara", "population": 5503985.0, "openalex_ai_works_recent": 31, "openalex_ai_institution_count": 2, "overlay_match_count": 1, "openalex_match_km": 1.1839829324157676, "dist_km_nearest_region": 951.38993317805068, "access_score": 62.145301727235356, "nearest_provider": "aws", "nearest_region": "il-central-1", "nearest_location_name": "Middle East (Israel) - ???", "spatial_lag_log_ai_works": 3.9025353928102557, "gi_star_z": 0.063578479874238231, "gi_star_p": 0.9493058676396533, "hotspot_class": "not_significant", "hotspot_rank": 151.0, "k_nn": 8 }, "geometry": { "type": "Point", "coordinates": [ 32.85, 39.93 ] } },
{ "type": "Feature", "properties": { "city_id": 1792756324, "city": "Istanbul", "city_ascii": "Istanbul", "country": "Turkey", "iso2": "TR", "iso3": "TUR", "admin_name": "İstanbul", "population": 15154000.0, "openalex_ai_works_recent": 92, "openalex_ai_institution_count": 1, "overlay_match_count": 1, "openalex_match_km": 0.98964064977993405, "dist_km_nearest_region": 1178.7698750308248, "access_score": 55.466833552455199, "nearest_provider": "aws", "nearest_region": "il-central-1", "nearest_location_name": "Middle East (Israel) - ???", "spatial_lag_log_ai_works": 3.6021841594073747, "gi_star_z": -0.38489255147074058, "gi_star_p": 0.70031702465895118, "hotspot_class": "not_significant", "hotspot_rank": null, "k_nn": 8 }, "geometry": { "type": "Point", "coordinates": [ 28.9603, 41.01 ] } },
{ "type": "Feature", "properties": { "city_id": 1792945815, "city": "Kayseri", "city_ascii": "Kayseri", "country": "Turkey", "iso2": "TR", "iso3": "TUR", "admin_name": "Kayseri", "population": 1389680.0, "openalex_ai_works_recent": 69, "openalex_ai_institution_count": 2, "overlay_match_count": 1, "openalex_match_km": 0.38567368386502648, "dist_km_nearest_region": 802.77952681927059, "access_score": 66.938910680539138, "nearest_provider": "aws", "nearest_region": "il-central-1", "nearest_location_name": "Middle East (Israel) - ???", "spatial_lag_log_ai_works": 3.6911033452039415, "gi_star_z": -0.25101607642254259, "gi_star_p": 0.80180167984735129, "hotspot_class": "not_significant", "hotspot_rank": null, "k_nn": 8 }, "geometry": { "type": "Point", "coordinates": [ 35.4833, 38.7333 ] } },
{ "type": "Feature", "properties": { "city_id": 1804382913, "city": "Kyiv", "city_ascii": "Kyiv", "country": "Ukraine", "iso2": "UA", "iso3": "UKR", "admin_name": "Kyyiv, Misto", "population": 2963199.0, "openalex_ai_works_recent": 17, "openalex_ai_institution_count": 1, "overlay_match_count": 1, "openalex_match_km": 0.51836251356682161, "dist_km_nearest_region": 689.52729014617444, "access_score": 70.838776462112804, "nearest_provider": "gcp", "nearest_region": "europe-central2", "nearest_location_name": "Warsaw, Poland, Europe", "spatial_lag_log_ai_works": 3.4772056953284975, "gi_star_z": -0.93405129132136011, "gi_star_p": 0.35027743579636561, "hotspot_class": "not_significant", "hotspot_rank": null, "k_nn": 8 }, "geometry": { "type": "Point", "coordinates": [ 30.5236, 50.45 ] } },
{ "type": "Feature", "properties": { "city_id": 1804588111, "city": "Kharkiv", "city_ascii": "Kharkiv", "country": "Ukraine", "iso2": "UA", "iso3": "UKR", "admin_name": "Kharkivs’ka Oblast’", "population": 1446107.0, "openalex_ai_works_recent": 45, "openalex_ai_institution_count": 1, "overlay_match_count": 1, "openalex_match_km": 2.7286045404037202, "dist_km_nearest_region": 1088.9469698107864, "access_score": 58.014715917669768, "nearest_provider": "gcp", "nearest_region": "europe-central2", "nearest_location_name": "Warsaw, Poland, Europe", "spatial_lag_log_ai_works": 3.8087192373281655, "gi_star_z": -0.074307843163839968, "gi_star_p": 0.94076543634529397, "hotspot_class": "not_significant", "hotspot_rank": null, "k_nn": 8 }, "geometry": { "type": "Point", "coordinates": [ 36.2292, 50.0 ] } },
{ "type": "Feature", "properties": { "city_id": 1818925479, "city": "Giza", "city_ascii": "Giza", "country": "Egypt", "iso2": "EG", "iso3": "EGY", "admin_name": "Al Jīzah", "population": 5598402.0, "openalex_ai_works_recent": 13, "openalex_ai_institution_count": 1, "overlay_match_count": 1, "openalex_match_km": 2.5139914963749517, "dist_km_nearest_region": 389.1419175162178, "access_score": 82.318776380262932, "nearest_provider": "aws", "nearest_region": "il-central-1", "nearest_location_name": "Middle East (Israel) - ???", "spatial_lag_log_ai_works": 3.8468179166626353, "gi_star_z": -0.25264777761217611, "gi_star_p": 0.80054040621606259, "hotspot_class": "not_significant", "hotspot_rank": null, "k_nn": 8 }, "geometry": { "type": "Point", "coordinates": [ 31.2118, 29.987 ] } },
{ "type": "Feature", "properties": { "city_id": 1826267810, "city": "Islington", "city_ascii": "Islington", "country": "United Kingdom", "iso2": "GB", "iso3": "GBR", "admin_name": "Islington", "population": 206125.0, "openalex_ai_works_recent": 299, "openalex_ai_institution_count": 4, "overlay_match_count": 1, "openalex_match_km": 1.3597458156924671, "dist_km_nearest_region": 4.4285750466168734, "access_score": 99.778816220284327, "nearest_provider": "gcp", "nearest_region": "europe-west2", "nearest_location_name": "London, England, Europe", "spatial_lag_log_ai_works": 3.7759460550859121, "gi_star_z": 0.25852666661959683, "gi_star_p": 0.7960004712510691, "hotspot_class": "not_significant", "hotspot_rank": 127.0, "k_nn": 8 }, "geometry": { "type": "Point", "coordinates": [ -0.1027, 51.544 ] } },
{ "type": "Feature", "properties": { "city_id": 1826289852, "city": "Sheffield", "city_ascii": "Sheffield", "country": "United Kingdom", "iso2": "GB", "iso3": "GBR", "admin_name": "Sheffield", "population": 685368.0, "openalex_ai_works_recent": 254, "openalex_ai_institution_count": 1, "overlay_match_count": 1, "openalex_match_km": 0.064511374635119342, "dist_km_nearest_region": 227.47639495815557, "access_score": 89.249158184516986, "nearest_provider": "gcp", "nearest_region": "europe-west2", "nearest_location_name": "London, England, Europe", "spatial_lag_log_ai_works": 4.105873060600743, "gi_star_z": 0.90910802856633566, "gi_star_p": 0.36329310508698975, "hotspot_class": "not_significant", "hotspot_rank": 69.0, "k_nn": 8 }, "geometry": { "type": "Point", "coordinates": [ -1.4667, 53.3833 ] } },
{ "type": "Feature", "properties": { "city_id": 1826423213, "city": "Birmingham", "city_ascii": "Birmingham", "country": "United Kingdom", "iso2": "GB", "iso3": "GBR", "admin_name": "Birmingham", "population": 2897303.0, "openalex_ai_works_recent": 53, "openalex_ai_institution_count": 1, "overlay_match_count": 1, "openalex_match_km": 0.23995235138674895, "dist_km_nearest_region": 142.35252336194603, "access_score": 93.129772555728636, "nearest_provider": "azure", "nearest_region": "ukwest", "nearest_location_name": "Cardiff, UK West, Europe", "spatial_lag_log_ai_works": 4.0384333713455645, "gi_star_z": 0.49193480142598717, "gi_star_p": 0.62276543512119564, "hotspot_class": "not_significant", "hotspot_rank": 111.0, "k_nn": 8 }, "geometry": { "type": "Point", "coordinates": [ -1.9025, 52.48 ] } },
{ "type": "Feature", "properties": { "city_id": 1826431946, "city": "Leicester", "city_ascii": "Leicester", "country": "United Kingdom", "iso2": "GB", "iso3": "GBR", "admin_name": "Leicester", "population": 508916.0, "openalex_ai_works_recent": 28, "openalex_ai_institution_count": 1, "overlay_match_count": 1, "openalex_match_km": 0.59926484242111722, "dist_km_nearest_region": 142.82747134503668, "access_score": 93.107659282675641, "nearest_provider": "gcp", "nearest_region": "europe-west2", "nearest_location_name": "London, England, Europe", "spatial_lag_log_ai_works": 4.0782015914633982, "gi_star_z": 0.45512348577765632, "gi_star_p": 0.64902040265222571, "hotspot_class": "not_significant", "hotspot_rank": 115.0, "k_nn": 8 }, "geometry": { "type": "Point", "coordinates": [ -1.1333, 52.6333 ] } },
{ "type": "Feature", "properties": { "city_id": 1826492520, "city": "Edinburgh", "city_ascii": "Edinburgh", "country": "United Kingdom", "iso2": "GB", "iso3": "GBR", "admin_name": "Edinburgh, City of", "population": 488050.0, "openalex_ai_works_recent": 673, "openalex_ai_institution_count": 1, "overlay_match_count": 1, "openalex_match_km": 0.47726011229299897, "dist_km_nearest_region": 350.39456120335194, "access_score": 83.929142851767551, "nearest_provider": "aws", "nearest_region": "eu-west-1", "nearest_location_name": "EU (Ireland)", "spatial_lag_log_ai_works": 3.8291738251848906, "gi_star_z": 0.52992346600743723, "gi_star_p": 0.59616499559554104, "hotspot_class": "not_significant", "hotspot_rank": 103.0, "k_nn": 8 }, "geometry": { "type": "Point", "coordinates": [ -3.189, 55.953 ] } },
{ "type": "Feature", "properties": { "city_id": 1826549531, "city": "Paisley", "city_ascii": "Paisley", "country": "United Kingdom", "iso2": "GB", "iso3": "GBR", "admin_name": "Renfrewshire", "population": 77310.0, "openalex_ai_works_recent": 7, "openalex_ai_institution_count": 1, "overlay_match_count": 1, "openalex_match_km": 1.745160508778459, "dist_km_nearest_region": 301.7665436972747, "access_score": 85.994807294966208, "nearest_provider": "aws", "nearest_region": "eu-west-1", "nearest_location_name": "EU (Ireland)", "spatial_lag_log_ai_works": 4.4411321457387523, "gi_star_z": 0.66379677365497414, "gi_star_p": 0.50682039093315701, "hotspot_class": "not_significant", "hotspot_rank": 83.0, "k_nn": 8 }, "geometry": { "type": "Point", "coordinates": [ -4.4236, 55.8466 ] } },
{ "type": "Feature", "properties": { "city_id": 1826609057, "city": "Brighton", "city_ascii": "Brighton", "country": "United Kingdom", "iso2": "GB", "iso3": "GBR", "admin_name": "Brighton and Hove", "population": 134293.0, "openalex_ai_works_recent": 15, "openalex_ai_institution_count": 1, "overlay_match_count": 1, "openalex_match_km": 1.7134014936371689, "dist_km_nearest_region": 48.085999803234429, "access_score": 97.624373047099851, "nearest_provider": "azure", "nearest_region": "uksouth", "nearest_location_name": "London, UK South, Europe", "spatial_lag_log_ai_works": 3.8350903931188181, "gi_star_z": -0.25726511738177327, "gi_star_p": 0.79697411866334589, "hotspot_class": "not_significant", "hotspot_rank": null, "k_nn": 8 }, "geometry": { "type": "Point", "coordinates": [ -0.1313, 50.8429 ] } },
{ "type": "Feature", "properties": { "city_id": 1826629486, "city": "Ipswich", "city_ascii": "Ipswich", "country": "United Kingdom", "iso2": "GB", "iso3": "GBR", "admin_name": "Suffolk", "population": 180000.0, "openalex_ai_works_recent": 4, "openalex_ai_institution_count": 1, "overlay_match_count": 1, "openalex_match_km": 0.027578512249886274, "dist_km_nearest_region": 107.51852541732043, "access_score": 94.766021619699927, "nearest_provider": "gcp", "nearest_region": "europe-west2", "nearest_location_name": "London, England, Europe", "spatial_lag_log_ai_works": 4.0488645947337201, "gi_star_z": 0.071817410145395666, "gi_star_p": 0.94274721730485522, "hotspot_class": "not_significant", "hotspot_rank": 150.0, "k_nn": 8 }, "geometry": { "type": "Point", "coordinates": [ 1.1556, 52.0594 ] } },
{ "type": "Feature", "properties": { "city_id": 1826636841, "city": "Wolverhampton", "city_ascii": "Wolverhampton", "country": "United Kingdom", "iso2": "GB", "iso3": "GBR", "admin_name": "Wolverhampton", "population": 254406.0, "openalex_ai_works_recent": 86, "openalex_ai_institution_count": 1, "overlay_match_count": 1, "openalex_match_km": 0.73901378668501017, "dist_km_nearest_region": 144.10231411588481, "access_score": 93.048329380585116, "nearest_provider": "azure", "nearest_region": "ukwest", "nearest_location_name": "Cardiff, UK West, Europe", "spatial_lag_log_ai_works": 4.0043673661962567, "gi_star_z": 0.49193480142598717, "gi_star_p": 0.62276543512119564, "hotspot_class": "not_significant", "hotspot_rank": 111.0, "k_nn": 8 }, "geometry": { "type": "Point", "coordinates": [ -2.1333, 52.5833 ] } },
{ "type": "Feature", "properties": { "city_id": 1826689568, "city": "Oxford", "city_ascii": "Oxford", "country": "United Kingdom", "iso2": "GB", "iso3": "GBR", "admin_name": "Oxfordshire", "population": 154600.0, "openalex_ai_works_recent": 3, "openalex_ai_institution_count": 1, "overlay_match_count": 1, "openalex_match_km": 0.13156879009222155, "dist_km_nearest_region": 82.610850552119345, "access_score": 95.953601863489496, "nearest_provider": "gcp", "nearest_region": "europe-west2", "nearest_location_name": "London, England, Europe", "spatial_lag_log_ai_works": 4.2556669565899465, "gi_star_z": 0.25852666661959683, "gi_star_p": 0.7960004712510691, "hotspot_class": "not_significant", "hotspot_rank": 127.0, "k_nn": 8 }, "geometry": { "type": "Point", "coordinates": [ -1.2578, 51.7519 ] } },
{ "type": "Feature", "properties": { "city_id": 1826736387, "city": "Sunderland", "city_ascii": "Sunderland", "country": "United Kingdom", "iso2": "GB", "iso3": "GBR", "admin_name": "Sunderland", "population": 174286.0, "openalex_ai_works_recent": 2, "openalex_ai_institution_count": 1, "overlay_match_count": 1, "openalex_match_km": 0.17625020988891993, "dist_km_nearest_region": 361.85275385948364, "access_score": 83.449679465035274, "nearest_provider": "aws", "nearest_region": "eu-west-1", "nearest_location_name": "EU (Ireland)", "spatial_lag_log_ai_works": 4.5393151256121618, "gi_star_z": 0.73563649514664187, "gi_star_p": 0.46195194640896708, "hotspot_class": "not_significant", "hotspot_rank": 80.0, "k_nn": 8 }, "geometry": { "type": "Point", "coordinates": [ -1.3811, 54.9061 ] } },
{ "type": "Feature", "properties": { "city_id": 1826771105, "city": "Bedford", "city_ascii": "Bedford", "country": "United Kingdom", "iso2": "GB", "iso3": "GBR", "admin_name": "Bedford", "population": 106940.0, "openalex_ai_works_recent": 477, "openalex_ai_institution_count": 3, "overlay_match_count": 1, "openalex_match_km": 41.267611344232343, "dist_km_nearest_region": 73.654275209822046, "access_score": 96.384273311272935, "nearest_provider": "gcp", "nearest_region": "europe-west2", "nearest_location_name": "London, England, Europe", "spatial_lag_log_ai_works": 3.461629852660606, "gi_star_z": -0.30575070743714805, "gi_star_p": 0.75979446192075062, "hotspot_class": "not_significant", "hotspot_rank": null, "k_nn": 8 }, "geometry": { "type": "Point", "coordinates": [ -0.47, 52.135 ] } },
{ "type": "Feature", "properties": { "city_id": 1826836462, "city": "Glasgow", "city_ascii": "Glasgow", "country": "United Kingdom", "iso2": "GB", "iso3": "GBR", "admin_name": "Glasgow City", "population": 985290.0, "openalex_ai_works_recent": 48, "openalex_ai_institution_count": 1, "overlay_match_count": 1, "openalex_match_km": 0.51188544980181316, "dist_km_nearest_region": 307.71223563470539, "access_score": 85.739537605504665, "nearest_provider": "aws", "nearest_region": "eu-west-1", "nearest_location_name": "EU (Ireland)", "spatial_lag_log_ai_works": 4.1204415821628553, "gi_star_z": 0.52992346600743723, "gi_star_p": 0.59616499559554104, "hotspot_class": "not_significant", "hotspot_rank": 103.0, "k_nn": 8 }, "geometry": { "type": "Point", "coordinates": [ -4.2514, 55.8609 ] } },
{ "type": "Feature", "properties": { "city_id": 1826869043, "city": "Reading", "city_ascii": "Reading", "country": "United Kingdom", "iso2": "GB", "iso3": "GBR", "admin_name": "Reading", "population": 337108.0, "openalex_ai_works_recent": 107, "openalex_ai_institution_count": 2, "overlay_match_count": 1, "openalex_match_km": 1.5204625390221127, "dist_km_nearest_region": 58.340449450723455, "access_score": 97.125111943903434, "nearest_provider": "azure", "nearest_region": "uksouth", "nearest_location_name": "London, UK South, Europe", "spatial_lag_log_ai_works": 3.8894628603672428, "gi_star_z": 0.25852666661959683, "gi_star_p": 0.7960004712510691, "hotspot_class": "not_significant", "hotspot_rank": 127.0, "k_nn": 8 }, "geometry": { "type": "Point", "coordinates": [ -0.9731, 51.4542 ] } },
{ "type": "Feature", "properties": { "city_id": 1840000428, "city": "Waltham", "city_ascii": "Waltham", "country": "United States", "iso2": "US", "iso3": "USA", "admin_name": "Massachusetts", "population": 62495.0, "openalex_ai_works_recent": 92, "openalex_ai_institution_count": 2, "overlay_match_count": 2, "openalex_match_km": 1.4851200276178342, "dist_km_nearest_region": 393.20036318239039, "access_score": 82.151902608935856, "nearest_provider": "aws", "nearest_region": "ca-central-1", "nearest_location_name": "Canada (Central)", "spatial_lag_log_ai_works": 3.4873180985147956, "gi_star_z": -0.58336912237755245, "gi_star_p": 0.55964483950417598, "hotspot_class": "not_significant", "hotspot_rank": null, "k_nn": 8 }, "geometry": { "type": "Point", "coordinates": [ -71.2423, 42.3889 ] } },
{ "type": "Feature", "properties": { "city_id": 1840000429, "city": "Cambridge", "city_ascii": "Cambridge", "country": "United States", "iso2": "US", "iso3": "USA", "admin_name": "Massachusetts", "population": 118927.0, "openalex_ai_works_recent": 12, "openalex_ai_institution_count": 1, "overlay_match_count": 1, "openalex_match_km": 5.2655656643336943, "dist_km_nearest_region": 399.2566104610097, "access_score": 81.903512758022671, "nearest_provider": "aws", "nearest_region": "ca-central-1", "nearest_location_name": "Canada (Central)", "spatial_lag_log_ai_works": 3.6840831120839668, "gi_star_z": -0.58336912237755245, "gi_star_p": 0.55964483950417598, "hotspot_class": "not_significant", "hotspot_rank": null, "k_nn": 8 }, "geometry": { "type": "Point", "coordinates": [ -71.1185, 42.3759 ] } },
{ "type": "Feature", "properties": { "city_id": 1840000440, "city": "Waterloo", "city_ascii": "Waterloo", "country": "United States", "iso2": "US", "iso3": "USA", "admin_name": "Iowa", "population": 111631.0, "openalex_ai_works_recent": 222, "openalex_ai_institution_count": 1, "overlay_match_count": 1, "openalex_match_km": 1.5298808962949311, "dist_km_nearest_region": 144.96827494822523, "access_score": 93.008049996927383, "nearest_provider": "azure", "nearest_region": "centraluseuap", "nearest_location_name": ", Central US EUAP, US", "spatial_lag_log_ai_works": 2.5298182611337445, "gi_star_z": -2.1662004957227974, "gi_star_p": 0.03029586927841393, "hotspot_class": "cold_spot_95", "hotspot_rank": null, "k_nn": 8 }, "geometry": { "type": "Point", "coordinates": [ -92.3522, 42.492 ] } },
{ "type": "Feature", "properties": { "city_id": 1840000447, "city": "Sioux City", "city_ascii": "Sioux City", "country": "United States", "iso2": "US", "iso3": "USA", "admin_name": "Iowa", "population": 106455.0, "openalex_ai_works_recent": 4, "openalex_ai_institution_count": 1, "overlay_match_count": 1, "openalex_match_km": 59.416942023318029, "dist_km_nearest_region": 144.58991520413139, "access_score": 93.025646912363769, "nearest_provider": "gcp", "nearest_region": "us-central1", "nearest_location_name": "Council Bluffs, Iowa, North America", "spatial_lag_log_ai_works": 2.9881516845712421, "gi_star_z": -2.0169928776944466, "gi_star_p": 0.043696256582875348, "hotspot_class": "cold_spot_95", "hotspot_rank": null, "k_nn": 8 }, "geometry": { "type": "Point", "coordinates": [ -96.3901, 42.4959 ] } },
{ "type": "Feature", "properties": { "city_id": 1840000462, "city": "Chicopee", "city_ascii": "Chicopee", "country": "United States", "iso2": "US", "iso3": "USA", "admin_name": "Massachusetts", "population": 55126.0, "openalex_ai_works_recent": 320, "openalex_ai_institution_count": 2, "overlay_match_count": 1, "openalex_match_km": 22.544565583032522, "dist_km_nearest_region": 378.4717670755067, "access_score": 82.759126851267183, "nearest_provider": "aws", "nearest_region": "ca-central-1", "nearest_location_name": "Canada (Central)", "spatial_lag_log_ai_works": 3.3572887473795929, "gi_star_z": -0.66556895290036711, "gi_star_p": 0.5056866565801057, "hotspot_class": "not_significant", "hotspot_rank": null, "k_nn": 8 }, "geometry": { "type": "Point", "coordinates": [ -72.5719, 42.1764 ] } },
{ "type": "Feature", "properties": { "city_id": 1840000500, "city": "Poughkeepsie", "city_ascii": "Poughkeepsie", "country": "United States", "iso2": "US", "iso3": "USA", "admin_name": "New York", "population": 394760.0, "openalex_ai_works_recent": 16, "openalex_ai_institution_count": 1, "overlay_match_count": 1, "openalex_match_km": 3.0214166540660625, "dist_km_nearest_region": 422.05919721875028, "access_score": 80.975009904969752, "nearest_provider": "gcp", "nearest_region": "us-east4", "nearest_location_name": "Ashburn, Virginia, North America", "spatial_lag_log_ai_works": 3.7739534410684916, "gi_star_z": -0.34926503806885717, "gi_star_p": 0.72689034328783031, "hotspot_class": "not_significant", "hotspot_rank": null, "k_nn": 8 }, "geometry": { "type": "Point", "coordinates": [ -73.921, 41.6949 ] } },
{ "type": "Feature", "properties": { "city_id": 1840000782, "city": "New Rochelle", "city_ascii": "New Rochelle", "country": "United States", "iso2": "US", "iso3": "USA", "admin_name": "New York", "population": 78557.0, "openalex_ai_works_recent": 11, "openalex_ai_institution_count": 1, "overlay_match_count": 1, "openalex_match_km": 0.66503662909385075, "dist_km_nearest_region": 378.88133183154395, "access_score": 82.742180975635407, "nearest_provider": "gcp", "nearest_region": "us-east4", "nearest_location_name": "Ashburn, Virginia, North America", "spatial_lag_log_ai_works": 4.1105291856235953, "gi_star_z": 0.21479396496842279, "gi_star_p": 0.829927958344858, "hotspot_class": "not_significant", "hotspot_rank": 134.0, "k_nn": 8 }, "geometry": { "type": "Point", "coordinates": [ -73.7836, 40.9305 ] } },
{ "type": "Feature", "properties": { "city_id": 1840001034, "city": "Union City", "city_ascii": "Union City", "country": "United States", "iso2": "US", "iso3": "USA", "admin_name": "New Jersey", "population": 67982.0, "openalex_ai_works_recent": 275, "openalex_ai_institution_count": 6, "overlay_match_count": 1, "openalex_match_km": 4.816595643149455, "dist_km_nearest_region": 351.51778945706116, "access_score": 83.882020293073097, "nearest_provider": "gcp", "nearest_region": "us-east4", "nearest_location_name": "Ashburn, Virginia, North America", "spatial_lag_log_ai_works": 3.9407675537544815, "gi_star_z": 0.54053066630546542, "gi_star_p": 0.58883111828945423, "hotspot_class": "not_significant", "hotspot_rank": 98.0, "k_nn": 8 }, "geometry": { "type": "Point", "coordinates": [ -74.0323, 40.7674 ] } },
{ "type": "Feature", "properties": { "city_id": 1840001146, "city": "Monessen", "city_ascii": "Monessen", "country": "United States", "iso2": "US", "iso3": "USA", "admin_name": "Pennsylvania", "population": 61960.0, "openalex_ai_works_recent": 207, "openalex_ai_institution_count": 1, "overlay_match_count": 1, "openalex_match_km": 9.6224628993800767, "dist_km_nearest_region": 238.42843810767192, "access_score": 88.761763578409074, "nearest_provider": "aws", "nearest_region": "us-east-2", "nearest_location_name": "US East (Ohio)", "spatial_lag_log_ai_works": 4.2108045928340321, "gi_star_z": 1.0895715905723964, "gi_star_p": 0.27590190313669616, "hotspot_class": "not_significant", "hotspot_rank": 57.0, "k_nn": 8 }, "geometry": { "type": "Point", "coordinates": [ -79.8828, 40.1519 ] } },
{ "type": "Feature", "properties": { "city_id": 1840001254, "city": "Pittsburgh", "city_ascii": "Pittsburgh", "country": "United States", "iso2": "US", "iso3": "USA", "admin_name": "Pennsylvania", "population": 1703266.0, "openalex_ai_works_recent": 965, "openalex_ai_institution_count": 1, "overlay_match_count": 1, "openalex_match_km": 1.6701973337631695, "dist_km_nearest_region": 231.09709819744083, "access_score": 89.087731989620409, "nearest_provider": "aws", "nearest_region": "us-east-2", "nearest_location_name": "US East (Ohio)", "spatial_lag_log_ai_works": 4.3279759089433911, "gi_star_z": 1.606697977242413, "gi_star_p": 0.1081206375697764, "hotspot_class": "not_significant", "hotspot_rank": 16.0, "k_nn": 8 }, "geometry": { "type": "Point", "coordinates": [ -79.9762, 40.4396 ] } },
{ "type": "Feature", "properties": { "city_id": 1840001339, "city": "New Brunswick", "city_ascii": "New Brunswick", "country": "United States", "iso2": "US", "iso3": "USA", "admin_name": "New Jersey", "population": 55676.0, "openalex_ai_works_recent": 26, "openalex_ai_institution_count": 1, "overlay_match_count": 1, "openalex_match_km": 4.119032489338629, "dist_km_nearest_region": 305.55448444611864, "access_score": 85.832089817277136, "nearest_provider": "gcp", "nearest_region": "us-east4", "nearest_location_name": "Ashburn, Virginia, North America", "spatial_lag_log_ai_works": 4.1787466672712172, "gi_star_z": 0.59996279059765667, "gi_star_p": 0.54853103395360048, "hotspot_class": "not_significant", "hotspot_rank": 90.0, "k_nn": 8 }, "geometry": { "type": "Point", "coordinates": [ -74.445, 40.487 ] } },
{ "type": "Feature", "properties": { "city_id": 1840001383, "city": "Trenton", "city_ascii": "Trenton", "country": "United States", "iso2": "US", "iso3": "USA", "admin_name": "New Jersey", "population": 290716.0, "openalex_ai_works_recent": 38, "openalex_ai_institution_count": 1, "overlay_match_count": 1, "openalex_match_km": 14.134466645959343, "dist_km_nearest_region": 267.57015760060625, "access_score": 87.477805274985698, "nearest_provider": "gcp", "nearest_region": "us-east4", "nearest_location_name": "Ashburn, Virginia, North America", "spatial_lag_log_ai_works": 4.2280291148300426, "gi_star_z": 0.77547268849741957, "gi_star_p": 0.43806039782598083, "hotspot_class": "not_significant", "hotspot_rank": 77.0, "k_nn": 8 }, "geometry": { "type": "Point", "coordinates": [ -74.7641, 40.2236 ] } },
{ "type": "Feature", "properties": { "city_id": 1840002310, "city": "Burlington", "city_ascii": "Burlington", "country": "United States", "iso2": "US", "iso3": "USA", "admin_name": "Vermont", "population": 109763.0, "openalex_ai_works_recent": 0, "openalex_ai_institution_count": 1, "overlay_match_count": 1, "openalex_match_km": 33.777803162112704, "dist_km_nearest_region": 116.00940769544242, "access_score": 94.364550866158339, "nearest_provider": "aws", "nearest_region": "ca-central-1", "nearest_location_name": "Canada (Central)", "spatial_lag_log_ai_works": 4.092211338923053, "gi_star_z": -0.34332766021883382, "gi_star_p": 0.73135197418167608, "hotspot_class": "not_significant", "hotspot_rank": null, "k_nn": 8 }, "geometry": { "type": "Point", "coordinates": [ -73.2314, 44.4877 ] } },
{ "type": "Feature", "properties": { "city_id": 1840003123, "city": "Somerville", "city_ascii": "Somerville", "country": "United States", "iso2": "US", "iso3": "USA", "admin_name": "Massachusetts", "population": 81360.0, "openalex_ai_works_recent": 31, "openalex_ai_institution_count": 1, "overlay_match_count": 1, "openalex_match_km": 3.0292881076803995, "dist_km_nearest_region": 398.48309937704863, "access_score": 81.935195521836832, "nearest_provider": "aws", "nearest_region": "ca-central-1", "nearest_location_name": "Canada (Central)", "spatial_lag_log_ai_works": 3.5940044575501475, "gi_star_z": -0.58336912237755245, "gi_star_p": 0.55964483950417598, "hotspot_class": "not_significant", "hotspot_rank": null, "k_nn": 8 }, "geometry": { "type": "Point", "coordinates": [ -71.1013, 42.3908 ] } },
{ "type": "Feature", "properties": { "city_id": 1840003160, "city": "Kenosha", "city_ascii": "Kenosha", "country": "United States", "iso2": "US", "iso3": "USA", "admin_name": "Wisconsin", "population": 124972.0, "openalex_ai_works_recent": 0, "openalex_ai_institution_count": 1, "overlay_match_count": 1, "openalex_match_km": 6.2459278096823265, "dist_km_nearest_region": 80.968477246955004, "access_score": 96.032430042501389, "nearest_provider": "azure", "nearest_region": "northcentralus", "nearest_location_name": "Illinois, North Central US, US", "spatial_lag_log_ai_works": 2.92143938461632, "gi_star_z": -2.4920524261979558, "gi_star_p": 0.012700728911984583, "hotspot_class": "cold_spot_95", "hotspot_rank": null, "k_nn": 8 }, "geometry": { "type": "Point", "coordinates": [ -87.8765, 42.5864 ] } },
{ "type": "Feature", "properties": { "city_id": 1840003862, "city": "Newport News", "city_ascii": "Newport News", "country": "United States", "iso2": "US", "iso3": "USA", "admin_name": "Virginia", "population": 179225.0, "openalex_ai_works_recent": 3, "openalex_ai_institution_count": 1, "overlay_match_count": 1, "openalex_match_km": 5.1912578379615795, "dist_km_nearest_region": 173.29540610931727, "access_score": 91.700009506632441, "nearest_provider": "azure", "nearest_region": "eastus2", "nearest_location_name": "Virginia, East US 2, US", "spatial_lag_log_ai_works": 4.1961413497421045, "gi_star_z": 0.14568552797231932, "gi_star_p": 0.88416964647425067, "hotspot_class": "not_significant", "hotspot_rank": 140.0, "k_nn": 8 }, "geometry": { "type": "Point", "coordinates": [ -76.5185, 37.1051 ] } },
{ "type": "Feature", "properties": { "city_id": 1840005848, "city": "Gaithersburg", "city_ascii": "Gaithersburg", "country": "United States", "iso2": "US", "iso3": "USA", "admin_name": "Maryland", "population": 67985.0, "openalex_ai_works_recent": 23, "openalex_ai_institution_count": 2, "overlay_match_count": 2, "openalex_match_km": 0.8505386049793715, "dist_km_nearest_region": 25.739509102252814, "access_score": 98.721270660927971, "nearest_provider": "gcp", "nearest_region": "us-east4", "nearest_location_name": "Ashburn, Virginia, North America", "spatial_lag_log_ai_works": 4.4997088721576652, "gi_star_z": 1.3322692129136813, "gi_star_p": 0.18277174006483266, "hotspot_class": "not_significant", "hotspot_rank": 38.0, "k_nn": 8 }, "geometry": { "type": "Point", "coordinates": [ -77.2132, 39.1346 ] } },
{ "type": "Feature", "properties": { "city_id": 1840005849, "city": "Rockville", "city_ascii": "Rockville", "country": "United States", "iso2": "US", "iso3": "USA", "admin_name": "Maryland", "population": 68079.0, "openalex_ai_works_recent": 160, "openalex_ai_institution_count": 3, "overlay_match_count": 1, "openalex_match_km": 4.184888578585384, "dist_km_nearest_region": 29.026257353417957, "access_score": 98.559167913292029, "nearest_provider": "gcp", "nearest_region": "us-east4", "nearest_location_name": "Ashburn, Virginia, North America", "spatial_lag_log_ai_works": 4.2330660767040049, "gi_star_z": 1.0596679228474597, "gi_star_p": 0.28929570085315692, "hotspot_class": "not_significant", "hotspot_rank": 61.0, "k_nn": 8 }, "geometry": { "type": "Point", "coordinates": [ -77.1552, 39.0834 ] } },
{ "type": "Feature", "properties": { "city_id": 1840006060, "city": "Washington", "city_ascii": "Washington", "country": "United States", "iso2": "US", "iso3": "USA", "admin_name": "District of Columbia", "population": 5379184.0, "openalex_ai_works_recent": 175, "openalex_ai_institution_count": 7, "overlay_match_count": 2, "openalex_match_km": 2.0379783659910351, "dist_km_nearest_region": 43.5671657633603, "access_score": 97.845196589416744, "nearest_provider": "gcp", "nearest_region": "us-east4", "nearest_location_name": "Ashburn, Virginia, North America", "spatial_lag_log_ai_works": 4.2467314028457874, "gi_star_z": 1.0725340762645044, "gi_star_p": 0.28348021685143798, "hotspot_class": "not_significant", "hotspot_rank": 59.0, "k_nn": 8 }, "geometry": { "type": "Point", "coordinates": [ -77.0163, 38.9047 ] } },
{ "type": "Feature", "properties": { "city_id": 1840007560, "city": "Carbondale", "city_ascii": "Carbondale", "country": "United States", "iso2": "US", "iso3": "USA", "admin_name": "Illinois", "population": 65671.0, "openalex_ai_works_recent": 23, "openalex_ai_institution_count": 1, "overlay_match_count": 1, "openalex_match_km": 0.84534272200552385, "dist_km_nearest_region": 482.19821672931374, "access_score": 78.57637467691994, "nearest_provider": "azure", "nearest_region": "northcentralus", "nearest_location_name": "Illinois, North Central US, US", "spatial_lag_log_ai_works": 2.3207298938906225, "gi_star_z": -3.8182682380059179, "gi_star_p": 0.00013439175650298792, "hotspot_class": "cold_spot_99", "hotspot_rank": null, "k_nn": 8 }, "geometry": { "type": "Point", "coordinates": [ -89.2238, 37.7221 ] } },
{ "type": "Feature", "properties": { "city_id": 1840009315, "city": "Omaha", "city_ascii": "Omaha", "country": "United States", "iso2": "US", "iso3": "USA", "admin_name": "Nebraska", "population": 847819.0, "openalex_ai_works_recent": 4, "openalex_ai_institution_count": 1, "overlay_match_count": 1, "openalex_match_km": 5.2613805744032538, "dist_km_nearest_region": 16.743946907744746, "access_score": 99.16629739217143, "nearest_provider": "gcp", "nearest_region": "us-central1", "nearest_location_name": "Council Bluffs, Iowa, North America", "spatial_lag_log_ai_works": 2.9881516845712426, "gi_star_z": -2.0169928776944466, "gi_star_p": 0.043696256582875348, "hotspot_class": "cold_spot_95", "hotspot_rank": null, "k_nn": 8 }, "geometry": { "type": "Point", "coordinates": [ -96.0522, 41.2627 ] } },
{ "type": "Feature", "properties": { "city_id": 1840011306, "city": "Oak Lawn", "city_ascii": "Oak Lawn", "country": "United States", "iso2": "US", "iso3": "USA", "admin_name": "Illinois", "population": 55022.0, "openalex_ai_works_recent": 5, "openalex_ai_institution_count": 1, "overlay_match_count": 1, "openalex_match_km": 11.881491825708618, "dist_km_nearest_region": 21.362163038177751, "access_score": 98.937575868051738, "nearest_provider": "azure", "nearest_region": "northcentralus", "nearest_location_name": "Illinois, North Central US, US", "spatial_lag_log_ai_works": 2.6610193529094941, "gi_star_z": -2.7968329568949306, "gi_star_p": 0.0051606206888955408, "hotspot_class": "cold_spot_99", "hotspot_rank": null, "k_nn": 8 }, "geometry": { "type": "Point", "coordinates": [ -87.7528, 41.7139 ] } },
{ "type": "Feature", "properties": { "city_id": 1840013301, "city": "Bristol", "city_ascii": "Bristol", "country": "United States", "iso2": "US", "iso3": "USA", "admin_name": "Tennessee", "population": 70243.0, "openalex_ai_works_recent": 62, "openalex_ai_institution_count": 1, "overlay_match_count": 1, "openalex_match_km": 6.0393154745428985, "dist_km_nearest_region": 231.58419407610663, "access_score": 89.066037498006096, "nearest_provider": "azure", "nearest_region": "eastus", "nearest_location_name": "Virginia, East US, US", "spatial_lag_log_ai_works": 3.6902756037320632, "gi_star_z": -0.27309692753698156, "gi_star_p": 0.78477870846273123, "hotspot_class": "not_significant", "hotspot_rank": null, "k_nn": 8 }, "geometry": { "type": "Point", "coordinates": [ -82.2154, 36.5572 ] } },
{ "type": "Feature", "properties": { "city_id": 1840013356, "city": "Greensboro", "city_ascii": "Greensboro", "country": "United States", "iso2": "US", "iso3": "USA", "admin_name": "North Carolina", "population": 343090.0, "openalex_ai_works_recent": 40, "openalex_ai_institution_count": 1, "overlay_match_count": 1, "openalex_match_km": 4.0456287842872243, "dist_km_nearest_region": 141.92136517523511, "access_score": 93.149851551888716, "nearest_provider": "azure", "nearest_region": "eastus", "nearest_location_name": "Virginia, East US, US", "spatial_lag_log_ai_works": 4.1692119067900819, "gi_star_z": 0.62353686303784961, "gi_star_p": 0.53293178584682677, "hotspot_class": "not_significant", "hotspot_rank": 88.0, "k_nn": 8 }, "geometry": { "type": "Point", "coordinates": [ -79.8269, 36.0956 ] } },
{ "type": "Feature", "properties": { "city_id": 1840013730, "city": "Evansville", "city_ascii": "Evansville", "country": "United States", "iso2": "US", "iso3": "USA", "admin_name": "Indiana", "population": 230427.0, "openalex_ai_works_recent": 9, "openalex_ai_institution_count": 1, "overlay_match_count": 1, "openalex_match_km": 77.704490224502791, "dist_km_nearest_region": 433.04501377122403, "access_score": 80.531440959940142, "nearest_provider": "azure", "nearest_region": "northcentralus", "nearest_location_name": "Illinois, North Central US, US", "spatial_lag_log_ai_works": 2.8183285436750176, "gi_star_z": -2.5757978225741933, "gi_star_p": 0.010000910450522399, "hotspot_class": "cold_spot_95", "hotspot_rank": null, "k_nn": 8 }, "geometry": { "type": "Point", "coordinates": [ -87.5341, 37.9881 ] } },
{ "type": "Feature", "properties": { "city_id": 1840014207, "city": "Boca Raton", "city_ascii": "Boca Raton", "country": "United States", "iso2": "US", "iso3": "USA", "admin_name": "Florida", "population": 99805.0, "openalex_ai_works_recent": 54, "openalex_ai_institution_count": 1, "overlay_match_count": 1, "openalex_match_km": 3.0861700453005936, "dist_km_nearest_region": 758.64425102964481, "access_score": 68.432513857045095, "nearest_provider": "gcp", "nearest_region": "us-east1", "nearest_location_name": "Moncks Corner, South Carolina, North America", "spatial_lag_log_ai_works": 2.9038000595388804, "gi_star_z": -1.7521015717583259, "gi_star_p": 0.079756344066126639, "hotspot_class": "not_significant", "hotspot_rank": null, "k_nn": 8 }, "geometry": { "type": "Point", "coordinates": [ -80.108, 26.3752 ] } },
{ "type": "Feature", "properties": { "city_id": 1840014495, "city": "Murfreesboro", "city_ascii": "Murfreesboro", "country": "United States", "iso2": "US", "iso3": "USA", "admin_name": "Tennessee", "population": 179951.0, "openalex_ai_works_recent": 8, "openalex_ai_institution_count": 1, "overlay_match_count": 1, "openalex_match_km": 88.996973722194099, "dist_km_nearest_region": 546.46362247096499, "access_score": 76.091637821714897, "nearest_provider": "gcp", "nearest_region": "us-east5", "nearest_location_name": "Colombus, Ohio, North America", "spatial_lag_log_ai_works": 3.3225239051260007, "gi_star_z": -1.4721801503804484, "gi_star_p": 0.14097223612801726, "hotspot_class": "not_significant", "hotspot_rank": null, "k_nn": 8 }, "geometry": { "type": "Point", "coordinates": [ -86.4119, 35.8492 ] } },
{ "type": "Feature", "properties": { "city_id": 1840014528, "city": "Jackson", "city_ascii": "Jackson", "country": "United States", "iso2": "US", "iso3": "USA", "admin_name": "Tennessee", "population": 74065.0, "openalex_ai_works_recent": 15, "openalex_ai_institution_count": 1, "overlay_match_count": 1, "openalex_match_km": 29.618962910821963, "dist_km_nearest_region": 580.33717796068322, "access_score": 74.813742921974779, "nearest_provider": "gcp", "nearest_region": "us-central2", "nearest_location_name": "Mayes County, Oklahoma, North America", "spatial_lag_log_ai_works": 2.7892614541297949, "gi_star_z": -2.5532987088970143, "gi_star_p": 0.010670793779671263, "hotspot_class": "cold_spot_95", "hotspot_rank": null, "k_nn": 8 }, "geometry": { "type": "Point", "coordinates": [ -88.8353, 35.6535 ] } },
{ "type": "Feature", "properties": { "city_id": 1840015005, "city": "Pensacola", "city_ascii": "Pensacola", "country": "United States", "iso2": "US", "iso3": "USA", "admin_name": "Florida", "population": 346921.0, "openalex_ai_works_recent": 15, "openalex_ai_institution_count": 1, "overlay_match_count": 1, "openalex_match_km": 3.6089707285585231, "dist_km_nearest_region": 743.89178484222634, "access_score": 68.939154282238619, "nearest_provider": "gcp", "nearest_region": "us-east1", "nearest_location_name": "Moncks Corner, South Carolina, North America", "spatial_lag_log_ai_works": 3.0170408889706026, "gi_star_z": -2.1983275336348642, "gi_star_p": 0.027925773666795134, "hotspot_class": "cold_spot_95", "hotspot_rank": null, "k_nn": 8 }, "geometry": { "type": "Point", "coordinates": [ -87.1886, 30.4427 ] } },
{ "type": "Feature", "properties": { "city_id": 1840015044, "city": "Lafayette", "city_ascii": "Lafayette", "country": "United States", "iso2": "US", "iso3": "USA", "admin_name": "Louisiana", "population": 264357.0, "openalex_ai_works_recent": 58, "openalex_ai_institution_count": 1, "overlay_match_count": 1, "openalex_match_km": 2.116188307266591, "dist_km_nearest_region": 534.33504131840959, "access_score": 76.554481615071396, "nearest_provider": "gcp", "nearest_region": "us-south1", "nearest_location_name": "Dallas, Texas, North America", "spatial_lag_log_ai_works": 2.8300376151946889, "gi_star_z": -2.3249937816173856, "gi_star_p": 0.020072292710070466, "hotspot_class": "cold_spot_95", "hotspot_rank": null, "k_nn": 8 }, "geometry": { "type": "Point", "coordinates": [ -92.0323, 30.2084 ] } },
{ "type": "Feature", "properties": { "city_id": 1840015457, "city": "Memphis", "city_ascii": "Memphis", "country": "United States", "iso2": "US", "iso3": "USA", "admin_name": "Tennessee", "population": 1066967.0, "openalex_ai_works_recent": 122, "openalex_ai_institution_count": 1, "overlay_match_count": 1, "openalex_match_km": 8.2130849652089957, "dist_km_nearest_region": 493.11519012019829, "access_score": 78.148635048748702, "nearest_provider": "gcp", "nearest_region": "us-central2", "nearest_location_name": "Mayes County, Oklahoma, North America", "spatial_lag_log_ai_works": 2.2534622510084867, "gi_star_z": -3.3682506065222388, "gi_star_p": 0.00075646801266953398, "hotspot_class": "cold_spot_99", "hotspot_rank": null, "k_nn": 8 }, "geometry": { "type": "Point", "coordinates": [ -89.9773, 35.1046 ] } },
{ "type": "Feature", "properties": { "city_id": 1840016152, "city": "Chapel Hill", "city_ascii": "Chapel Hill", "country": "United States", "iso2": "US", "iso3": "USA", "admin_name": "North Carolina", "population": 64051.0, "openalex_ai_works_recent": 74, "openalex_ai_institution_count": 1, "overlay_match_count": 1, "openalex_match_km": 2.6979546101903198, "dist_km_nearest_region": 100.92610113515411, "access_score": 95.078905913938655, "nearest_provider": "azure", "nearest_region": "eastus2", "nearest_location_name": "Virginia, East US 2, US", "spatial_lag_log_ai_works": 4.3212198270814, "gi_star_z": 1.0001921383566352, "gi_star_p": 0.31721753308105727, "hotspot_class": "not_significant", "hotspot_rank": 66.0, "k_nn": 8 }, "geometry": { "type": "Point", "coordinates": [ -79.0391, 35.927 ] } },
{ "type": "Feature", "properties": { "city_id": 1840018774, "city": "Boulder", "city_ascii": "Boulder", "country": "United States", "iso2": "US", "iso3": "USA", "admin_name": "Colorado", "population": 124345.0, "openalex_ai_works_recent": 121, "openalex_ai_institution_count": 1, "overlay_match_count": 1, "openalex_match_km": 1.9052521848222075, "dist_km_nearest_region": 432.257612711874, "access_score": 80.563152472911696, "nearest_provider": "azure", "nearest_region": "westcentralus", "nearest_location_name": "Wyoming, West Central US, US", "spatial_lag_log_ai_works": 2.884766872920518, "gi_star_z": -1.4921985943856524, "gi_star_p": 0.13564709074790687, "hotspot_class": "not_significant", "hotspot_rank": null, "k_nn": 8 }, "geometry": { "type": "Point", "coordinates": [ -105.2523, 40.0249 ] } },
{ "type": "Feature", "properties": { "city_id": 1840018914, "city": "Berkeley", "city_ascii": "Berkeley", "country": "United States", "iso2": "US", "iso3": "USA", "admin_name": "California", "population": 121363.0, "openalex_ai_works_recent": 12, "openalex_ai_institution_count": 1, "overlay_match_count": 1, "openalex_match_km": 0.2959317554276813, "dist_km_nearest_region": 15.873185702800596, "access_score": 99.209481874635813, "nearest_provider": "azure", "nearest_region": "westus", "nearest_location_name": "California, West US, US", "spatial_lag_log_ai_works": 4.1856570642713216, "gi_star_z": 0.56165861264552186, "gi_star_p": 0.57434863773904443, "hotspot_class": "not_significant", "hotspot_rank": 94.0, "k_nn": 8 }, "geometry": { "type": "Point", "coordinates": [ -122.276, 37.8723 ] } },
{ "type": "Feature", "properties": { "city_id": 1840018950, "city": "Cupertino", "city_ascii": "Cupertino", "country": "United States", "iso2": "US", "iso3": "USA", "admin_name": "California", "population": 59276.0, "openalex_ai_works_recent": 29, "openalex_ai_institution_count": 1, "overlay_match_count": 1, "openalex_match_km": 1.4418118345971644, "dist_km_nearest_region": 61.03575136306403, "access_score": 96.994309351839789, "nearest_provider": "aws", "nearest_region": "us-west-1", "nearest_location_name": "US West (N. California)", "spatial_lag_log_ai_works": 3.8582898689016711, "gi_star_z": -0.059703083970030595, "gi_star_p": 0.95239211546598723, "hotspot_class": "not_significant", "hotspot_rank": null, "k_nn": 8 }, "geometry": { "type": "Point", "coordinates": [ -122.0465, 37.3168 ] } },
{ "type": "Feature", "properties": { "city_id": 1840019309, "city": "Chandler", "city_ascii": "Chandler", "country": "United States", "iso2": "US", "iso3": "USA", "admin_name": "Arizona", "population": 261165.0, "openalex_ai_works_recent": 179, "openalex_ai_institution_count": 1, "overlay_match_count": 1, "openalex_match_km": 2.7907887967401397, "dist_km_nearest_region": 27.685916131189018, "access_score": 98.625241508901411, "nearest_provider": "azure", "nearest_region": "westus3", "nearest_location_name": "Phoenix, West US 3, US", "spatial_lag_log_ai_works": 3.7478219421301509, "gi_star_z": 0.12449188911268454, "gi_star_p": 0.90092582197393478, "hotspot_class": "not_significant", "hotspot_rank": 145.0, "k_nn": 8 }, "geometry": { "type": "Point", "coordinates": [ -111.8516, 33.2826 ] } },
{ "type": "Feature", "properties": { "city_id": 1840019572, "city": "Cedar Park", "city_ascii": "Cedar Park", "country": "United States", "iso2": "US", "iso3": "USA", "admin_name": "Texas", "population": 79462.0, "openalex_ai_works_recent": 1, "openalex_ai_institution_count": 1, "overlay_match_count": 1, "openalex_match_km": 8.2671283918315375, "dist_km_nearest_region": 138.17112907572468, "access_score": 93.324682382862676, "nearest_provider": "azure", "nearest_region": "southcentralus", "nearest_location_name": "Texas, South Central US, US", "spatial_lag_log_ai_works": 3.247426861229775, "gi_star_z": -1.9186855694527094, "gi_star_p": 0.055024138868642672, "hotspot_class": "not_significant", "hotspot_rank": null, "k_nn": 8 }, "geometry": { "type": "Point", "coordinates": [ -97.8196, 30.5106 ] } },
{ "type": "Feature", "properties": { "city_id": 1840019835, "city": "Redmond", "city_ascii": "Redmond", "country": "United States", "iso2": "US", "iso3": "USA", "admin_name": "Washington", "population": 71929.0, "openalex_ai_works_recent": 426, "openalex_ai_institution_count": 1, "overlay_match_count": 1, "openalex_match_km": 0.42370064182751466, "dist_km_nearest_region": 177.27153779196064, "access_score": 91.51788494787634, "nearest_provider": "azure", "nearest_region": "westus2", "nearest_location_name": "Washington, West US 2, US", "spatial_lag_log_ai_works": 3.970376346352738, "gi_star_z": 0.71063384048944889, "gi_star_p": 0.47731116711082244, "hotspot_class": "not_significant", "hotspot_rank": 81.0, "k_nn": 8 }, "geometry": { "type": "Point", "coordinates": [ -122.1169, 47.6762 ] } },
{ "type": "Feature", "properties": { "city_id": 1840020121, "city": "Reno", "city_ascii": "Reno", "country": "United States", "iso2": "US", "iso3": "USA", "admin_name": "Nevada", "population": 445020.0, "openalex_ai_works_recent": 10, "openalex_ai_institution_count": 1, "overlay_match_count": 1, "openalex_match_km": 6.2633958871415416, "dist_km_nearest_region": 297.17609784636403, "access_score": 86.192411233936255, "nearest_provider": "azure", "nearest_region": "westus", "nearest_location_name": "California, West US, US", "spatial_lag_log_ai_works": 4.0921993789009772, "gi_star_z": 0.37752313586435521, "gi_star_p": 0.70578487425785685, "hotspot_class": "not_significant", "hotspot_rank": 120.0, "k_nn": 8 }, "geometry": { "type": "Point", "coordinates": [ -119.8483, 39.5497 ] } },
{ "type": "Feature", "properties": { "city_id": 1840020304, "city": "Redwood City", "city_ascii": "Redwood City", "country": "United States", "iso2": "US", "iso3": "USA", "admin_name": "California", "population": 85925.0, "openalex_ai_works_recent": 142, "openalex_ai_institution_count": 3, "overlay_match_count": 2, "openalex_match_km": 5.1894272708587996, "dist_km_nearest_region": 35.195032105095081, "access_score": 98.255641597007923, "nearest_provider": "aws", "nearest_region": "us-west-1", "nearest_location_name": "US West (N. California)", "spatial_lag_log_ai_works": 3.9933904900599595, "gi_star_z": 0.55145185816626097, "gi_star_p": 0.58132395973632267, "hotspot_class": "not_significant", "hotspot_rank": 95.0, "k_nn": 8 }, "geometry": { "type": "Point", "coordinates": [ -122.2252, 37.5026 ] } },
{ "type": "Feature", "properties": { "city_id": 1840020332, "city": "Mountain View", "city_ascii": "Mountain View", "country": "United States", "iso2": "US", "iso3": "USA", "admin_name": "California", "population": 82739.0, "openalex_ai_works_recent": 841, "openalex_ai_institution_count": 1, "overlay_match_count": 1, "openalex_match_km": 1.5959642334486959, "dist_km_nearest_region": 51.723760608194304, "access_score": 97.446967376918124, "nearest_provider": "aws", "nearest_region": "us-west-1", "nearest_location_name": "US West (N. California)", "spatial_lag_log_ai_works": 3.5551459932125651, "gi_star_z": -0.059703083970030595, "gi_star_p": 0.95239211546598723, "hotspot_class": "not_significant", "hotspot_rank": null, "k_nn": 8 }, "geometry": { "type": "Point", "coordinates": [ -122.0796, 37.4 ] } },
{ "type": "Feature", "properties": { "city_id": 1840020333, "city": "Palo Alto", "city_ascii": "Palo Alto", "country": "United States", "iso2": "US", "iso3": "USA", "admin_name": "California", "population": 65364.0, "openalex_ai_works_recent": 6, "openalex_ai_institution_count": 1, "overlay_match_count": 1, "openalex_match_km": 1.2739610802414711, "dist_km_nearest_region": 49.374828429920768, "access_score": 97.561482769650993, "nearest_provider": "aws", "nearest_region": "us-west-1", "nearest_location_name": "US West (N. California)", "spatial_lag_log_ai_works": 4.0445482051823296, "gi_star_z": -0.023813522720471002, "gi_star_p": 0.98100135353761897, "hotspot_class": "not_significant", "hotspot_rank": null, "k_nn": 8 }, "geometry": { "type": "Point", "coordinates": [ -122.1468, 37.3913 ] } },
{ "type": "Feature", "properties": { "city_id": 1840020622, "city": "National City", "city_ascii": "National City", "country": "United States", "iso2": "US", "iso3": "USA", "admin_name": "California", "population": 61394.0, "openalex_ai_works_recent": 14, "openalex_ai_institution_count": 1, "overlay_match_count": 1, "openalex_match_km": 8.3624322862432354, "dist_km_nearest_region": 187.42172742656427, "access_score": 91.054599607189687, "nearest_provider": "gcp", "nearest_region": "us-west2", "nearest_location_name": "Los Angeles, California, North America", "spatial_lag_log_ai_works": 4.1498281571397087, "gi_star_z": 0.33629282179259334, "gi_star_p": 0.73665006242483533, "hotspot_class": "not_significant", "hotspot_rank": 124.0, "k_nn": 8 }, "geometry": { "type": "Point", "coordinates": [ -117.0983, 32.6654 ] } },
{ "type": "Feature", "properties": { "city_id": 1840020875, "city": "Georgetown", "city_ascii": "Georgetown", "country": "United States", "iso2": "US", "iso3": "USA", "admin_name": "Texas", "population": 79604.0, "openalex_ai_works_recent": 1, "openalex_ai_institution_count": 1, "overlay_match_count": 1, "openalex_match_km": 4.1681199983840571, "dist_km_nearest_region": 159.12778278610654, "access_score": 92.351901316735066, "nearest_provider": "azure", "nearest_region": "southcentralus", "nearest_location_name": "Texas, South Central US, US", "spatial_lag_log_ai_works": 3.3671648753454275, "gi_star_z": -1.6802614356938301, "gi_star_p": 0.092906460781727193, "hotspot_class": "not_significant", "hotspot_rank": null, "k_nn": 8 }, "geometry": { "type": "Point", "coordinates": [ -97.6953, 30.6668 ] } },
{ "type": "Feature", "properties": { "city_id": 1840021117, "city": "Seattle", "city_ascii": "Seattle", "country": "United States", "iso2": "US", "iso3": "USA", "admin_name": "Washington", "population": 3789215.0, "openalex_ai_works_recent": 844, "openalex_ai_institution_count": 4, "overlay_match_count": 1, "openalex_match_km": 1.3741294837486422, "dist_km_nearest_region": 190.92202702997633, "access_score": 90.89537978765172, "nearest_provider": "azure", "nearest_region": "westus2", "nearest_location_name": "Washington, West US 2, US", "spatial_lag_log_ai_works": 3.8850572695866692, "gi_star_z": 0.71063384048944889, "gi_star_p": 0.47731116711082244, "hotspot_class": "not_significant", "hotspot_rank": 81.0, "k_nn": 8 }, "geometry": { "type": "Point", "coordinates": [ -122.3244, 47.6211 ] } },
{ "type": "Feature", "properties": { "city_id": 1840021129, "city": "Tacoma", "city_ascii": "Tacoma", "country": "United States", "iso2": "US", "iso3": "USA", "admin_name": "Washington", "population": 217827.0, "openalex_ai_works_recent": 14, "openalex_ai_institution_count": 1, "overlay_match_count": 1, "openalex_match_km": 1.2746996683651155, "dist_km_nearest_region": 196.36762879538989, "access_score": 90.648226394762361, "nearest_provider": "azure", "nearest_region": "westus2", "nearest_location_name": "Washington, West US 2, US", "spatial_lag_log_ai_works": 4.3889680728685398, "gi_star_z": 0.71063384048944889, "gi_star_p": 0.47731116711082244, "hotspot_class": "not_significant", "hotspot_rank": 81.0, "k_nn": 8 }, "geometry": { "type": "Point", "coordinates": [ -122.4531, 47.2431 ] } },
{ "type": "Feature", "properties": { "city_id": 1840021154, "city": "Yakima", "city_ascii": "Yakima", "country": "United States", "iso2": "US", "iso3": "USA", "admin_name": "Washington", "population": 133191.0, "openalex_ai_works_recent": 12, "openalex_ai_institution_count": 1, "overlay_match_count": 1, "openalex_match_km": 44.946360811007672, "dist_km_nearest_region": 88.787320661541372, "access_score": 95.65773168007253, "nearest_provider": "azure", "nearest_region": "westus2", "nearest_location_name": "Washington, West US 2, US", "spatial_lag_log_ai_works": 4.4068556783236241, "gi_star_z": 0.71063384048944889, "gi_star_p": 0.47731116711082244, "hotspot_class": "not_significant", "hotspot_rank": 81.0, "k_nn": 8 }, "geometry": { "type": "Point", "coordinates": [ -120.5496, 46.5923 ] } },
{ "type": "Feature", "properties": { "city_id": 1840021551, "city": "San Mateo", "city_ascii": "San Mateo", "country": "United States", "iso2": "US", "iso3": "USA", "admin_name": "California", "population": 104430.0, "openalex_ai_works_recent": 214, "openalex_ai_institution_count": 1, "overlay_match_count": 1, "openalex_match_km": 1.3519206213724706, "dist_km_nearest_region": 26.955253043221916, "access_score": 98.661279003073503, "nearest_provider": "aws", "nearest_region": "us-west-1", "nearest_location_name": "US West (N. California)", "spatial_lag_log_ai_works": 3.9698348588354659, "gi_star_z": 0.56165861264552186, "gi_star_p": 0.57434863773904443, "hotspot_class": "not_significant", "hotspot_rank": 94.0, "k_nn": 8 }, "geometry": { "type": "Point", "coordinates": [ -122.3122, 37.5521 ] } },
{ "type": "Feature", "properties": { "city_id": 1840021570, "city": "San Jose", "city_ascii": "San Jose", "country": "United States", "iso2": "US", "iso3": "USA", "admin_name": "California", "population": 1798103.0, "openalex_ai_works_recent": 168, "openalex_ai_institution_count": 1, "overlay_match_count": 1, "openalex_match_km": 5.1471948812221688, "dist_km_nearest_region": 73.157246988365031, "access_score": 96.408229139800511, "nearest_provider": "aws", "nearest_region": "us-west-1", "nearest_location_name": "US West (N. California)", "spatial_lag_log_ai_works": 3.6549909221524448, "gi_star_z": -0.21485007007498758, "gi_star_p": 0.8298842140486411, "hotspot_class": "not_significant", "hotspot_rank": null, "k_nn": 8 }, "geometry": { "type": "Point", "coordinates": [ -121.8486, 37.3019 ] } },
{ "type": "Feature", "properties": { "city_id": 1840021573, "city": "Sunnyvale", "city_ascii": "Sunnyvale", "country": "United States", "iso2": "US", "iso3": "USA", "admin_name": "California", "population": 152703.0, "openalex_ai_works_recent": 6, "openalex_ai_institution_count": 1, "overlay_match_count": 1, "openalex_match_km": 3.7346395407367812, "dist_km_nearest_region": 56.041249432154224, "access_score": 97.236831177408021, "nearest_provider": "aws", "nearest_region": "us-west-1", "nearest_location_name": "US West (N. California)", "spatial_lag_log_ai_works": 3.9905887082295659, "gi_star_z": -0.059703083970030595, "gi_star_p": 0.95239211546598723, "hotspot_class": "not_significant", "hotspot_rank": null, "k_nn": 8 }, "geometry": { "type": "Point", "coordinates": [ -122.0256, 37.3836 ] } },
{ "type": "Feature", "properties": { "city_id": 1840021844, "city": "Thousand Oaks", "city_ascii": "Thousand Oaks", "country": "United States", "iso2": "US", "iso3": "USA", "admin_name": "California", "population": 215029.0, "openalex_ai_works_recent": 48, "openalex_ai_institution_count": 1, "overlay_match_count": 1, "openalex_match_km": 11.494940837955115, "dist_km_nearest_region": 60.223347419440259, "access_score": 97.03371663466919, "nearest_provider": "gcp", "nearest_region": "us-west2", "nearest_location_name": "Los Angeles, California, North America", "spatial_lag_log_ai_works": 3.8419477746406656, "gi_star_z": 0.00108733743846175, "gi_star_p": 0.99913243041642341, "hotspot_class": "not_significant", "hotspot_rank": 158.0, "k_nn": 8 }, "geometry": { "type": "Point", "coordinates": [ -118.8755, 34.1914 ] } },
{ "type": "Feature", "properties": { "city_id": 1840021942, "city": "Tempe", "city_ascii": "Tempe", "country": "United States", "iso2": "US", "iso3": "USA", "admin_name": "Arizona", "population": 195805.0, "openalex_ai_works_recent": 4, "openalex_ai_institution_count": 1, "overlay_match_count": 1, "openalex_match_km": 5.4001615445810263, "dist_km_nearest_region": 14.805133688564077, "access_score": 99.262476467095468, "nearest_provider": "azure", "nearest_region": "westus3", "nearest_location_name": "Phoenix, West US 3, US", "spatial_lag_log_ai_works": 4.1957618094371645, "gi_star_z": 0.12449188911268454, "gi_star_p": 0.90092582197393478, "hotspot_class": "not_significant", "hotspot_rank": 145.0, "k_nn": 8 }, "geometry": { "type": "Point", "coordinates": [ -111.9318, 33.3881 ] } },
{ "type": "Feature", "properties": { "city_id": 1840022076, "city": "Tyler", "city_ascii": "Tyler", "country": "United States", "iso2": "US", "iso3": "USA", "admin_name": "Texas", "population": 143796.0, "openalex_ai_works_recent": 9, "openalex_ai_institution_count": 1, "overlay_match_count": 1, "openalex_match_km": 3.6856448187420332, "dist_km_nearest_region": 148.70677347403742, "access_score": 92.834357156208441, "nearest_provider": "gcp", "nearest_region": "us-south1", "nearest_location_name": "Dallas, Texas, North America", "spatial_lag_log_ai_works": 3.4079824331194408, "gi_star_z": -1.2968071275775848, "gi_star_p": 0.19469755766246644, "hotspot_class": "not_significant", "hotspot_rank": null, "k_nn": 8 }, "geometry": { "type": "Point", "coordinates": [ -95.3062, 32.3184 ] } },
{ "type": "Feature", "properties": { "city_id": 1840023252, "city": "El Paso", "city_ascii": "El Paso", "country": "United States", "iso2": "US", "iso3": "USA", "admin_name": "Texas", "population": 843386.0, "openalex_ai_works_recent": 104, "openalex_ai_institution_count": 1, "overlay_match_count": 1, "openalex_match_km": 11.241444305093044, "dist_km_nearest_region": 557.41739251290664, "access_score": 75.67603182232962, "nearest_provider": "azure", "nearest_region": "westus3", "nearest_location_name": "Phoenix, West US 3, US", "spatial_lag_log_ai_works": 3.2549242420396323, "gi_star_z": -1.0983465288428937, "gi_star_p": 0.27205320170460434, "hotspot_class": "not_significant", "hotspot_rank": null, "k_nn": 8 }, "geometry": { "type": "Point", "coordinates": [ -106.4309, 31.8479 ] } },
{ "type": "Feature", "properties": { "city_id": 1840034249, "city": "Dayton", "city_ascii": "Dayton", "country": "United States", "iso2": "US", "iso3": "USA", "admin_name": "Ohio", "population": 718353.0, "openalex_ai_works_recent": 31, "openalex_ai_institution_count": 1, "overlay_match_count": 1, "openalex_match_km": 2.4111604049510658, "dist_km_nearest_region": 104.32510683487995, "access_score": 94.917456273297987, "nearest_provider": "gcp", "nearest_region": "us-east5", "nearest_location_name": "Colombus, Ohio, North America", "spatial_lag_log_ai_works": 3.4036472194333522, "gi_star_z": -1.0559803641566925, "gi_star_p": 0.29097718595676014, "hotspot_class": "not_significant", "hotspot_rank": null, "k_nn": 8 }, "geometry": { "type": "Point", "coordinates": [ -84.1998, 39.7797 ] } },
{ "type": "Feature", "properties": { "city_id": 1840034747, "city": "Greenwich", "city_ascii": "Greenwich", "country": "United States", "iso2": "US", "iso3": "USA", "admin_name": "Connecticut", "population": 62587.0, "openalex_ai_works_recent": 189, "openalex_ai_institution_count": 1, "overlay_match_count": 1, "openalex_match_km": 8.4273097764206355, "dist_km_nearest_region": 397.43090672653926, "access_score": 81.978312668001479, "nearest_provider": "gcp", "nearest_region": "us-east4", "nearest_location_name": "Ashburn, Virginia, North America", "spatial_lag_log_ai_works": 3.4265129098562244, "gi_star_z": -0.67436774224749507, "gi_star_p": 0.5000775457259875, "hotspot_class": "not_significant", "hotspot_rank": null, "k_nn": 8 }, "geometry": { "type": "Point", "coordinates": [ -73.6368, 41.0665 ] } },
{ "type": "Feature", "properties": { "city_id": 1840036155, "city": "Nashville", "city_ascii": "Nashville", "country": "United States", "iso2": "US", "iso3": "USA", "admin_name": "Tennessee", "population": 1081903.0, "openalex_ai_works_recent": 16, "openalex_ai_institution_count": 1, "overlay_match_count": 1, "openalex_match_km": 0.62395823800290706, "dist_km_nearest_region": 535.96303547336959, "access_score": 76.492191846053103, "nearest_provider": "gcp", "nearest_region": "us-east5", "nearest_location_name": "Colombus, Ohio, North America", "spatial_lag_log_ai_works": 3.1519425934234788, "gi_star_z": -1.734113606569804, "gi_star_p": 0.082897927743209573, "hotspot_class": "not_significant", "hotspot_rank": null, "k_nn": 8 }, "geometry": { "type": "Point", "coordinates": [ -86.7843, 36.1715 ] } },
{ "type": "Feature", "properties": { "city_id": 1860331871, "city": "Tashkent", "city_ascii": "Tashkent", "country": "Uzbekistan", "iso2": "UZ", "iso3": "UZB", "admin_name": "Toshkent", "population": 2424100.0, "openalex_ai_works_recent": 49, "openalex_ai_institution_count": 1, "overlay_match_count": 1, "openalex_match_km": 5.7627093584131108, "dist_km_nearest_region": 1580.4568760277937, "access_score": 45.374113171950405, "nearest_provider": "gcp", "nearest_region": "asia-south2", "nearest_location_name": "Delhi, India APAC", "spatial_lag_log_ai_works": 4.6738188863309844, "gi_star_z": 1.4826461283627483, "gi_star_p": 0.13816845458403615, "hotspot_class": "not_significant", "hotspot_rank": 26.0, "k_nn": 8 }, "geometry": { "type": "Point", "coordinates": [ 69.2667, 41.3 ] } },
{ "type": "Feature", "properties": { "city_id": 1860546433, "city": "Urganch", "city_ascii": "Urganch", "country": "Uzbekistan", "iso2": "UZ", "iso3": "UZB", "admin_name": "Xorazm", "population": 135100.0, "openalex_ai_works_recent": 47, "openalex_ai_institution_count": 1, "overlay_match_count": 1, "openalex_match_km": 2.8973189401856989, "dist_km_nearest_region": 1873.7981149494337, "access_score": 39.184102987582136, "nearest_provider": "azure", "nearest_region": "uaenorth", "nearest_location_name": "Dubai, UAE North, Middle East", "spatial_lag_log_ai_works": 4.0879843330184169, "gi_star_z": 0.49185204659915716, "gi_star_p": 0.62282394007433328, "hotspot_class": "not_significant", "hotspot_rank": 112.0, "k_nn": 8 }, "geometry": { "type": "Point", "coordinates": [ 60.6249, 41.5345 ] } }
]
}
